            0.400855 0 0 0  4.05364e-05 -4.20276e-05  1.87899e-05 0 0 0 -0.186      0  0.086  0.000329783 -0.000338736  0.000249749 0 0 0 0 0 0    0.31272 -0.0353457   -9.80395 
            0.500274 -0.00828722   0.0071339   0.0233378  0.00108822 -0.00329316  0.00273624 0 0 0 -0.186      0  0.086   0.00100444 -0.000834269  0.000797239  1.10569e-08  6.70313e-11 -7.94072e-09 -1.70945e-08  5.89243e-08 -4.87119e-08    0.31272 -0.0353458   -9.80395 
            0.599812 -0.0649657  0.0568834  0.0557205  -0.028205 0.00860019 0.00963168 0 0 0 -0.186      0  0.086 -0.145477 0.0602654 0.0352544  9.81624e-05 -9.00994e-05 -5.71475e-05  3.72368e-05 -1.49612e-05 -8.65168e-06   0.312684 -0.0353314   -9.80395 
            0.700708 -0.090413 0.0789082  0.127619 -0.0495817  0.0179755  0.0108245 0 0 0 -0.186      0  0.086 -0.170061 0.0744108 0.0264506  0.000143722 -0.000130754 -0.000185313  0.000511231 -5.36584e-06  0.000519357   0.312213 -0.0353394   -9.80397 
            0.800258 -0.109243 0.0943772  0.162735 -0.0576063  0.0216735   0.010407 0 0 0 -0.186      0  0.086 -0.140095 0.0645245 0.0161568  0.000167539 -0.000147724 -0.000241208 -0.00171221 5.57664e-06  0.00356368   0.314253 -0.0353397    -9.8039 
            0.899778 -0.117723  0.100435  0.142073 -0.0483729  0.0159802  0.0117049 0 0 0 -0.186      0  0.086 -0.0719939  0.0338788  0.0137829  0.000170599 -0.000141401 -0.000190321 -0.0127649 0.00195564 0.00579355   0.324804 -0.0371905   -9.80355 
             1.00064 -0.0950717  0.0755181   0.163517 -0.0462828  0.0154369  0.0123041 0 0 0 -0.186      0  0.086 -0.042461 0.0252521  0.010212   0.00012543  -9.0396e-05 -0.000221374 -0.0200789  0.0027831 0.00827694   0.331752 -0.0379646   -9.80331 
             1.10013 -0.127283  0.106942  0.148501 -0.0433642  0.0170413  0.0115502 0 0 0 -0.186      0  0.086 -0.0163801  0.0261942 0.00310491  0.000178536 -0.000141905 -0.000190958 -0.0278974 0.00175399  0.0127664   0.339111 -0.0369468   -9.80307 
              1.1997 -0.112309 0.0894462  0.129574 -0.0411526  0.0190562  0.0109909 0 0 0 -0.186      0  0.086   0.00102837    0.0265454 -0.000964934  0.000151113 -0.000110365 -0.000156193  -0.032321 0.00173012  0.0147754   0.343292 -0.0369088   -9.80292 
             1.30057 -0.0926694  0.0714738    0.16691 -0.0387672  0.0200865  0.0102562 0 0 0 -0.186      0  0.086   0.0141753   0.0225646 -0.00434532  0.000116445  -7.8632e-05 -0.000217976 -0.0345256 0.00366039  0.0161222   0.345368 -0.0387569   -9.80284 
             1.39975 -0.0902236  0.0718142    0.17703 -0.0385212  0.0170914  0.0101939 0 0 0 -0.186      0  0.086   0.0164074  0.00630847 -0.00453875  0.000106892 -7.43659e-05 -0.000231451 -0.031993 0.0104928 0.0153672    0.34298 -0.0453337    -9.8029 
             1.50096 -0.100889 0.0816942  0.176264 -0.0360093  0.0103714 0.00992729 0 0 0 -0.186      0  0.086   0.0241484  -0.0166475 -0.00529312  0.000118425 -8.58145e-05 -0.000226456 -0.0319629  0.0190632  0.0150418    0.34299 -0.0535723   -9.80286 
             1.60046 -0.110029 0.0916591  0.175773 -0.0278954 0.00372341 0.00883349 0 0 0 -0.186      0  0.086   0.0375606  -0.0217835 -0.00389538   0.00013114 -0.000102197 -0.000223804 -0.0374767  0.0242761  0.0163321   0.348256 -0.0585564   -9.80264 
             1.70004 -0.139833  0.122237  0.156825  -0.0246165 0.000749142  0.00938198 0 0 0 -0.186      0  0.086   0.112535 -0.0187471 0.00497341  0.000133084  -0.00010584 -0.000203218 -0.0355521  0.0260798  0.0142482   0.346491 -0.0603038   -9.80269 
             1.80089  -0.324386 -0.0169633  -0.108989 -0.00312433  0.00546831  0.00558246 0 0 0 -0.186      0  0.086   0.402631  0.0711224 -0.0629704  0.000225009 -0.000122434   1.4122e-05 -0.033392 0.0222676 0.0188686   0.344236 -0.0566293   -9.80279 
              1.9002  0.049648 0.0484723  0.555373   0.031453  0.0373891 0.00965247 0 0 0 -0.186      0  0.086 0.508949 0.168361  0.02494 -0.000269373 -0.000341262 -0.000484122 -0.0202185 0.00674567 0.00458991   0.332097 -0.0418119   -9.80329 
             1.99995 -0.479231  0.281418  0.122282 0.0664811 0.0612751 0.0257475 0 0 0 -0.186      0  0.086 0.400081   0.1417 0.116734 -0.000279489  -0.00141202 -0.000352769   -0.0117782 -0.000977518   -0.0099949   0.324503 -0.0344376   -9.80357 
             2.09944 -0.0897615   0.428908   0.515588  0.103938 0.0654268  0.042288 0 0 0 -0.186      0  0.086  0.345797 0.0896598  0.080374 -0.000731546  -0.00118327 -0.000982073 -0.0102809 0.00473252 -0.0232098    0.32351 -0.0399003   -9.80358 
              2.2003 0.136818 0.147088 0.281902  0.111788 0.0952225 0.0317623 0 0 0 -0.186      0  0.086 0.142374  0.20122 0.114677 -0.000664383 -0.000360027 -0.000482031  0.00146602 -0.00585416 7.37815e-05   0.311381 -0.0298764   -9.80401 
              2.2999 -0.325682  0.342681  0.201318  0.114682  0.113861 0.0363266 0 0 0 -0.186      0  0.086 -0.0532815   0.120664  0.0377616 -4.91611e-05 -0.000273442 -0.000407684  0.00246328 -0.00674652  0.00499556   0.310228 -0.0290331   -9.80405 
             2.39938 -0.379672  0.090021  0.202387  0.119294  0.093231 0.0176777 0 0 0 -0.186      0  0.086  -0.102722 -0.0108388 -0.0542437 -9.59171e-05   0.00016249 -0.000224296 -0.00464047   0.0119824     0.02963   0.316218 -0.0469344   -9.80379 
             2.50023 -0.347786  0.215681   1.08277 0.0912005 0.0947441 0.0329644 0 0 0 -0.186      0  0.086  -0.163472 -0.0407571  0.0293255 -0.000579847  -0.00013258 -0.000726698  0.0048329  0.0096135 0.00742098   0.308017 -0.0447692   -9.80406 
              2.5998 -0.287809  0.422134   1.58988 0.0682072 0.0994288 0.0282138 0 0 0 -0.186      0  0.086  -0.170738 -0.0254184 0.00971503  -0.00044806  -0.00029231 -0.000758897 0.00792784 0.00484536  0.0155946   0.304673 -0.0402777   -9.80418 
             2.70068 -0.201262  0.427478   1.82859 0.0737099 0.0951592 0.0136033 0 0 0 -0.186      0  0.086  -0.104101 -0.0223178  -0.053567 -0.000113573  7.85448e-06 -0.000631705 -0.0041092 0.00518391  0.0315768   0.315567 -0.0402925   -9.80384 
             2.80023 -0.237658  0.277639   1.88258 0.0764179 0.0811268 0.0223518 0 0 0 -0.186      0  0.086  -0.058773 -0.0422746 -0.0180689  0.000215058  0.000199828 -0.000533521 -0.00925779   0.0111318   0.0171539     0.3213 -0.0456859   -9.80363 
             2.89972 -0.243594   0.18386   1.86698 0.0784252 0.0729247 0.0328125 0 0 0 -0.186      0  0.086 -0.0238084 -0.0446702  0.0214466  0.000329672  0.000261659 -0.000471138 -0.0122684  0.0130619 0.00495204   0.324753 -0.0472784   -9.80351 
             3.00059 -0.259091  0.186082   1.89979 0.0805345 0.0618291 0.0406009 0 0 0 -0.186      0  0.086 -0.000118352   -0.0546122    0.0388906  0.000424503  0.000171971 -0.000522743  -0.0134565   0.0164079 -0.00060542   0.326423 -0.0503803   -9.80344 
             3.10012 -0.26701 0.189102    1.903 0.0811435 0.0550789 0.0437395 0 0 0 -0.186      0  0.086  0.0140571 -0.0574722  0.0393889  0.000485671  0.000124451 -0.000532188  -0.0133355    0.017062 0.000129164  0.326359 -0.051023  -9.80344 
             3.19967 -0.217642  0.145631   1.89237 0.0815783 0.0486451 0.0444179 0 0 0 -0.186      0  0.086  0.0231447 -0.0576079  0.0300204  0.000488994  0.000127501 -0.000557927 -0.0126545  0.0174165 0.00293396   0.325666 -0.0514463   -9.80346 
             3.30051 -0.173731    0.1211   1.87182 0.0810845 0.0429672 0.0445044 0 0 0 -0.186      0  0.086  0.0214998 -0.0545848  0.0219805 0.000523073 8.93558e-05 -0.00052971 -0.0113431  0.0174881 0.00563414   0.324351 -0.0516795    -9.8035 
             3.40006 -0.181962  0.149244   1.92649 0.0787804 0.0390026 0.0430705 0 0 0 -0.186      0  0.086  0.0198045 -0.0501626  0.0131216  0.000589229  5.35043e-05 -0.000601337 -0.00939423   0.0170133  0.00890776   0.322349 -0.0514746   -9.80357 
             3.49958 -0.216308  0.180146   1.88223 0.0793172  0.036734 0.0416172 0 0 0 -0.186      0  0.086   0.0232018  -0.0394076 -0.00161758 0.000669106 3.22923e-05 -0.00054116 -0.00887088   0.0160095   0.0109778    0.32166 -0.0505872   -9.80359 
              3.6004  -0.2124 0.143111  1.89246 0.0781546 0.0376524 0.0405351 0 0 0 -0.186      0  0.086   0.0191321  -0.0194854 -0.00160722   0.00069016  7.92907e-05 -0.000552401 -0.00781448   0.0142227   0.0116244   0.320413 -0.0490319   -9.80364 
             3.69994 -0.217532  0.148679   1.89622 0.0733742 0.0401355   0.03935 0 0 0 -0.186      0  0.086   0.0082916 0.000162732 -0.00531406 0.000725005 3.43294e-05 -0.00055335 -0.00551215   0.0128182   0.0121998   0.318043 -0.0479973   -9.80373 
             3.80083 -0.200565  0.128328   1.88599 0.0719612 0.0455866  0.037511 0 0 0 -0.186      0  0.086 0.00596443  0.0193123 -0.0112396  0.000685301  4.50548e-05 -0.000555271 -0.00502398   0.0109746   0.0130922  0.317323 -0.046318  -9.80376 
             3.90033 -0.212125  0.142996   1.88088 0.0722628 0.0460644 0.0382606 0 0 0 -0.186      0  0.086  0.00574497   0.0180051 -0.00550835  0.000670299  2.06795e-05 -0.000560376 -0.00477229     0.01151   0.0117324   0.317192 -0.0468548   -9.80376 
             3.99991 -0.186257   0.13391   1.87554  0.069692 0.0481879 0.0382064 0 0 0 -0.186      0  0.086 -0.000976709    0.0239053  -0.00371215  0.000632782  1.93845e-05 -0.000540306 -0.00369774   0.0115036   0.0113504    0.31619 -0.0469824   -9.80379 
             4.10072 -0.166375  0.109291   1.86777 0.0649667 0.0527884 0.0382955 0 0 0 -0.186      0  0.086   -0.011219   0.0351129 -0.00247299  0.000607734  3.88542e-05 -0.000532218 -0.00228721   0.0109438   0.0109231   0.314805 -0.0466287   -9.80384 
             4.20026 -0.173118  0.120744   1.86673 0.0649733 0.0527041 0.0377943 0 0 0 -0.186      0  0.086  0.0637293  0.0629927 -0.0148643  0.000613154   2.4239e-05 -0.000525916 -0.0015003  0.0119627  0.0111273   0.314186 -0.0476868   -9.80385 
             4.30117 -0.257668 0.0725272    1.7481  0.079234 0.0508161 0.0383241 0 0 0 -0.186      0  0.086   0.0802372   0.0320945 -0.00693483  0.000636797 -5.83044e-06  -0.00055536 -0.00375924   0.0140214   0.0114324   0.316555 -0.0493507   -9.80377 
             4.40069 -0.823305   0.10474   0.31719  0.0904043  0.0602821 -0.0154945 0 0 0 -0.186      0  0.086  0.127318 0.0590596 -0.179491 0.000703425 -0.00034226 2.90948e-05 -0.00486789   0.0127433   0.0472827    0.31658 -0.0480363   -9.80377 
             4.50156 0.0941924 0.0930029 -0.800209   0.102075  0.0636876 -0.0034775 0 0 0 -0.186      0  0.086   0.225497  0.0711082 -0.0220032 -6.49658e-05 -0.000341409 -6.38768e-05 -0.00269849   0.0138827    0.026937   0.315116 -0.0491797   -9.80381 
             4.60108 0.174225 0.323558 -2.88507  0.112627 0.0545268 0.0216604 0 0 0 -0.186      0  0.086  0.173319 0.0588832 0.0468884  0.000358874 -0.000231597  0.000247309 0.00174889  0.0196064  0.0097257    0.31145 -0.0545559    -9.8039 
             4.70059 0.139635 0.132774 -5.32579  0.122131 0.0446379 0.0450154 0 0 0 -0.186      0  0.086  0.159739 0.0306793 0.0853548  0.00078642 0.000234793 0.000353089  0.00417937   0.0251958 -0.00252621    0.30896 -0.0595665   -9.80395 
             4.80143  0.350831 -0.317307  -8.80823  0.137408 0.0272612 0.0412395 0 0 0 -0.186      0  0.086   0.28702 -0.046975 0.0395277  0.00119598 0.000602392 0.000844124 0.00521237  0.0322695 0.00572776   0.305669 -0.0651201   -9.80402 
             4.90101  0.317499 -0.297877  -12.4622    0.172809 -0.00937962   0.0495372 0 0 0 -0.186      0  0.086  0.335512 -0.145967  0.109343  0.00155817 0.000480379 0.000913557 0.00337337  0.0425322 0.00563575   0.302049 -0.0734625   -9.80407 
             5.00052  0.0381726 -0.0720421   -16.6487  0.210394 -0.036084 0.0463486 0 0 0 -0.186      0  0.086   0.234159  -0.106191 -0.0044599  0.00176764 0.000517889  0.00121372 -0.00128242   0.0465187   0.0122395   0.302496 -0.0783814   -9.80402 
             5.10009   1.12772 -0.253402  -21.2298  0.216961 -0.078391 0.0240599 0 0 0 -0.186      0  0.086  0.177115 -0.143353 -0.110061  0.00183562 0.000954161  0.00100074 -0.00560528   0.0609288   0.0234923   0.290455 -0.0849305   -9.80433 
              5.1996   1.34299 -0.397489  -26.6586  0.235999 -0.122747 0.0362147 0 0 0 -0.186      0  0.086  0.310576 -0.236614  0.002182 0.00270287 0.00100795  0.0014289 -0.0134517  0.0720783   0.012407  0.279994 -0.091994  -9.80457 
             5.29913   1.58083 -0.172121  -31.9658  0.257169 -0.164558 0.0396268 0 0 0 -0.186      0  0.086  0.262584 -0.279029 0.0724611  0.00362987 0.000861543  0.00134196 -0.0198704  0.0821098  0.0114124   0.268702 -0.0945066   -9.80486 
             5.39868  1.15529 0.108199 -35.9329  0.275705 -0.190632 0.0663604 0 0 0 -0.186      0  0.086  0.177943 -0.312704 0.0989605  0.00465703 0.000725635 0.000864129  -0.0177602   0.0821518 0.000634015   0.268738 -0.0931209   -9.80488 
             5.49819 -0.0144221  -0.020791   -37.7207  0.277552 -0.147113  0.056447 0 0 0 -0.186      0  0.086   0.159198  -0.210053 -0.0146893  0.00458346  0.00122149 -0.00114967  0.0255073  0.0731905 0.00977544   0.300217 -0.0667259   -9.80418 
             5.59775  0.0627447 -0.0599408   -40.1552    0.3043 -0.159489 0.0483111 0 0 0 -0.186      0  0.086  0.244676 -0.353088 0.0155796   0.00375946   0.00114868 -0.000819696 0.0366727 0.0669063 0.0122207   0.312409 -0.0639852   -9.80381 
             5.69723  0.0847715 -0.0254197   -41.5007  0.324526 -0.186848 0.0568651 0 0 0 -0.186      0  0.086  0.138127 -0.193919 0.0966673    0.0033847  0.000659536 -0.000749051 0.0385594 0.0659445 0.0103818   0.314392 -0.0636403   -9.80375 
             5.79814 0.00229685 -0.0149761   -42.3208  0.337976 -0.215035 0.0613114 0 0 0 -0.186      0  0.086   0.114574  -0.176094 -0.0125013   0.00302581  0.000855183 -0.000435833 0.0333716 0.0626181 0.0126933   0.312451 -0.0692062   -9.80378 
             5.89897   1.29993 0.0447991  -41.6084  0.368318 -0.251169 0.0673573 0 0 0 -0.186      0  0.086     0.25508   -0.274632 -0.00190675  0.00268385 0.000883383 -0.00080878  0.0228089  0.0559623 0.00904118   0.307792 -0.0803236   -9.80384 
             5.99983 -0.633883 -0.244903  -42.3432  0.416403 -0.258594 0.0352093 0 0 0 -0.186      0  0.086    0.336093   -0.204157 -0.00551103   0.00296594  0.000833071 -0.000491362 0.0409199 0.0433358 0.0256221   0.329397 -0.0817424   -9.80313 
             6.10072   0.175261 -0.0945387   -41.9325  0.454851 -0.286438 0.0308085 0 0 0 -0.186      0  0.086  0.237965  -0.12223 -0.033247   0.00261225  0.000547485 -0.000676422  0.033684 0.0368957 0.0273361   0.326649 -0.0907851   -9.80314 
             6.20153 -0.138687  0.143001  -41.9036  0.509478 -0.308227 0.0591641 0 0 0 -0.186      0  0.086   0.313597  -0.133617 -0.0345805   0.00263511  0.000771296 -0.000718356 0.0316415 0.0175418 0.0105625  0.334671 -0.108407  -9.80269 
              6.3011 -0.301157 0.0917269  -42.0009  0.565065 -0.333032 0.0666755 0 0 0 -0.186      0  0.086  0.456272  -0.24479 0.0544432  0.00256836 0.000919487  -0.0006679  0.0295964 0.00510437 0.00605788  0.339102 -0.120041   -9.8024 
             6.40197  0.210139 -0.158934  -41.8549  0.611317 -0.361525 0.0537818 0 0 0 -0.186      0  0.086  0.325251 -0.117529 0.0173851    0.0024545   0.00100768 -0.000761708   0.023945 0.00176473  0.0158118  0.335912 -0.125546  -9.80244 
             6.50115 -0.0693353 0.00593511   -42.0299  0.643938 -0.390988 0.0539508 0 0 0 -0.186      0  0.086   0.239851  -0.151124 -0.0698787   0.00245653   0.00126762 -0.000615364   0.0133711 -0.00352613    0.017926  0.329507 -0.135305  -9.80253 
               6.601   1.4828 0.176252 -41.6568  0.674166  -0.43719 0.0693081 0 0 0 -0.186      0  0.086   0.314189  -0.277182 -0.0108445   0.00258103   0.00111162 -0.000825865 -0.00487051 -0.00453365  0.00859709   0.31445 -0.145569  -9.80288 
             6.70056 -0.078539  0.159744  -41.9567  0.725823 -0.466934 0.0867388 0 0 0 -0.186      0  0.086    0.426912   -0.266208 -0.00767776    0.0032984   0.00116894 -0.000836521 -0.00337945  -0.0123034 0.000588662  0.319514 -0.151555  -9.80262 
             6.79975 -0.130214  0.070213  -41.5868  0.765339 -0.505954 0.0733655 0 0 0 -0.186      0  0.086    0.311194   -0.202119 0.000894182  0.00317378  0.00113369 -0.00104858 -0.0142413 -0.0137372 0.00857475  0.311117 -0.158126  -9.80279 
             6.90094 -0.469597  -0.16944   -41.925  0.816953 -0.533449 0.0419213 0 0 0 -0.186      0  0.086  0.328407 -0.200946 -0.146202   0.00329195    0.0013825 -0.000708569 -0.0185024  -0.024362  0.0211581  0.313007 -0.169001  -9.80255 
             7.00046 0.0733824 -0.373133  -41.9282   0.854964  -0.561068 0.00569995 0 0 0 -0.186      0  0.086  0.460555  -0.29881 -0.238745   0.00315292   0.00132672 -0.000719638 -0.0218022 -0.0235972  0.0292223  0.309904 -0.169856  -9.80263 
             7.10002 -0.147431 -0.270223   -41.876   0.904545  -0.593991 0.00230667 0 0 0 -0.186      0  0.086   0.361096  -0.236527 -0.0898001   0.00309144   0.00112937 -0.000767201 -0.0224457 -0.0262264  0.0228631   0.31066 -0.172547  -9.80256 
             7.19953 -0.113903  0.398361  -41.6969  0.937934 -0.620783 0.0643666 0 0 0 -0.186      0  0.086  0.272725 -0.184692  0.122283  0.00270523 0.000626645  -0.0010673  -0.0244269  -0.0273485 -0.00596268  0.309438 -0.175057  -9.80255 
             7.30038 -0.159757  0.205166  -41.8871  0.979179 -0.651558 0.0809081 0 0 0 -0.186      0  0.086  0.320673 -0.185463 0.0844723   0.00279086  0.000509996 -0.000852647  -0.0301653  -0.0332184 -0.00854155  0.307592 -0.182991  -9.80247 
             7.39995 0.0187386   0.19283  -41.7656   1.02861  -0.68819 0.0795477 0 0 0 -0.186      0  0.086  0.499623 -0.292579 0.0550458   0.00288118  0.000680396 -0.000926933  -0.0361569  -0.0375737 -0.00542051  0.304794 -0.189667  -9.80243 
             7.50081  0.136512 0.0952348  -41.7445   1.09425 -0.729045 0.0658575 0 0 0 -0.186      0  0.086   0.41506 -0.240655 0.0105524   0.00260937  0.000512387 -0.000926653 -0.0413364 -0.0459796 0.00346404  0.304807 -0.199206  -9.80224 
             7.60031 -0.208971   0.19817  -42.0774   1.13733 -0.763835 0.0718526 0 0 0 -0.186      0  0.086   0.380901  -0.246429 -0.0127855   0.00283335  0.000912333 -0.000741493 -0.0468761 -0.0474118 0.00108842  0.300864 -0.203305  -9.80228 
             7.69988 0.0266676 0.0215105  -42.1406   1.17767 -0.805036 0.0571564 0 0 0 -0.186      0  0.086   0.473152  -0.344725 -0.0927207   0.00284155  0.000780939 -0.000731083 -0.0539835 -0.0465333 0.00577371  0.294546 -0.206063  -9.80241 
             7.80076 0.0175987 0.0974788  -41.9927   1.22726 -0.851264 0.0585287 0 0 0 -0.186      0  0.086  0.513758 -0.426714  -0.12359   0.00289814  0.000683191 -0.000725751 -0.0574138 -0.0446989 0.00284353  0.290667 -0.206341  -9.80252 
             7.90023 -0.329585  0.105034  -42.1005   1.27183  -0.88842 0.0680187 0 0 0 -0.186      0  0.086   0.340251  -0.307518 0.00807939   0.00286462  0.000731929 -0.000641853 -0.0569932 -0.0456909 -0.0017686   0.29141 -0.207088  -9.80248 
             7.99977  -0.506608 -0.0953167   -41.9471    1.2837 -0.918159 0.0440745 0 0 0 -0.186      0  0.086  0.235167 -0.282082  -0.11942   0.00301301  0.000889935 -0.000792126 -0.0592721 -0.0382213 0.00646911 0.285891 -0.20171 -9.80276 
             8.10064 0.0182981  0.121546  -41.7768   1.29584 -0.947274 0.0515191 0 0 0 -0.186      0  0.086   0.259894   -0.33172 -0.0924128   0.00258905  0.000889888 -0.000770363  -0.0588333  -0.0333928 -0.00155029   0.28367 -0.197628  -9.80291 
             8.20022 -0.139169 0.0780092  -41.8052   1.33503 -0.997103 0.0541632 0 0 0 -0.186      0  0.086  0.311283 -0.396979 0.0794713   0.00285612  0.000803336 -0.000732226  -0.0625636  -0.0375457 -0.00426423  0.282594 -0.203092  -9.80282 
             8.30106  0.124213 0.0565084  -41.9553   1.36711  -1.04595 0.0528501 0 0 0 -0.186      0  0.086  0.251934 -0.323892 0.0376757  0.00326408 0.000764686 -0.00074841   -0.068094  -0.0390748 -0.00159085  0.278771 -0.207122  -9.80285 
              8.4006 0.058661 0.276468 -41.7402   1.40047  -1.06834 0.0716879 0 0 0 -0.186      0  0.086  0.299038 -0.289034 0.0073895  0.00294528  0.00093768 -0.00091422  -0.0635702  -0.0426032 -0.00769515  0.284222 -0.207935  -9.80268 
             8.50014 -0.244834  0.208968  -41.7199  1.43633 -1.09664 0.076598 0 0 0 -0.186      0  0.086  0.388705 -0.383733 0.0617834  0.00306384 0.000989927 -0.00103333  -0.0606797  -0.0437159 -0.00921048   0.28717 -0.207435   -9.8026 
             8.60099 -0.372574   0.21802  -41.6713   1.46115  -1.12195 0.0846733 0 0 0 -0.186      0  0.086  0.277704 -0.240197 0.0937615  0.00310177  0.00087318 -0.00104047  -0.0586931   -0.040222 -0.00953564  0.287045 -0.203496  -9.80269 
             8.70049 0.0545296  0.114396   -41.916   1.48326  -1.13761 0.0756839 0 0 0 -0.186      0  0.086    0.245094   -0.154125 5.17537e-05   0.00323199  0.000915936 -0.000850319  -0.0578346  -0.0389217 -0.00413541  0.287237 -0.201825  -9.80272 
             8.80005 0.0623754  0.142983  -41.8087   1.50696  -1.16468 0.0717377 0 0 0 -0.186      0  0.086   0.321261   -0.20566 -0.0599398   0.00313689   0.00102259 -0.000915989  -0.0623806  -0.0378045 -0.00379459  0.282881 -0.203211  -9.80281 
             8.89959 -0.125459  0.114252  -41.8225   1.54403  -1.20161 0.0574795 0 0 0 -0.186      0  0.086   0.393238  -0.269052 -0.0135149   0.00308323  0.000908483 -0.000889231  -0.0675121  -0.0372062 -0.00103674  0.278364 -0.205268   -9.8029 
              9.0004 0.0743884  0.115448  -41.8756   1.57496  -1.22189 0.0580733 0 0 0 -0.186      0  0.086    0.28802  -0.135157 0.00999282   0.00290551  0.000804103 -0.000864919   -0.0681786   -0.0357155 -0.000362249  0.277061 -0.204346  -9.80296 
             9.09983 -0.801843  0.146704  -41.8134   1.59119   -1.2475 0.0557008 0 0 0 -0.186      0  0.086   0.244707  -0.148432 -0.0601446     0.003712  0.000864455 -0.000871121   -0.074549  -0.0316054 -0.00043403  0.269651 -0.204178  -9.80317 
             9.19952 -0.262197 0.0548069  -41.6837   1.61534  -1.26918 0.0425432 0 0 0 -0.186      0  0.086  0.358072 -0.257628 -0.094597  0.00313305 0.000702084 -0.00102728 -0.0763418 -0.0295622 0.00140027 0.267148 -0.20334 -9.80325 
             9.30034 -0.475225  0.155431  -41.6826   1.67559  -1.31529 0.0431727 0 0 0 -0.186      0  0.086   0.348259  -0.232589 0.00302788  0.00312061 0.000504723 -0.00107437 -0.0816164 -0.0368203 -0.0011686  0.266447 -0.212175  -9.80308 
             9.39963 -0.419411  0.319626  -41.5697   1.69776  -1.34816 0.0728021 0 0 0 -0.186      0  0.086  0.227921  -0.18746 0.0577072  0.00278611 0.000572408 -0.00108787  -0.0863403  -0.0343128 -0.00982605  0.261167 -0.212738  -9.80321 
             9.50076 -0.296504  0.194962  -41.8736   1.73358  -1.38304 0.0751842 0 0 0 -0.186      0  0.086   0.287647  -0.230321 -0.0222404   0.00292377  0.000554506 -0.000941046  -0.0912663   -0.037613 -0.00931058  0.258781 -0.218014  -9.80316 
             9.60026 -0.0448093   0.230304   -41.5778   1.77721  -1.42627 0.0700932 0 0 0 -0.186      0  0.086    0.46631  -0.372474 -0.0408564  0.00284217 0.000531122 -0.00107162  -0.0961909   -0.039643 -0.00843228  0.255755 -0.222224  -9.80315 
             9.69983 -0.162549  0.134696  -41.7531   1.82584  -1.47325 0.0636992 0 0 0 -0.186      0  0.086   0.391326  -0.253983 0.00405464   0.00286144  0.000331616 -0.000959706   -0.101438  -0.0407889 -0.00562561  0.252042 -0.225819  -9.80316 
             9.80069 -0.846469  0.323627   -41.648   1.86204  -1.50614 0.0794109 0 0 0 -0.186      0  0.086    0.361636   -0.224761 -0.00459273    0.003174 0.000643022 -0.00100977  -0.104896 -0.0401811 -0.0110182   0.24877 -0.227239  -9.80321 
             9.90023 -0.56039 0.172553 -41.7621   1.90381  -1.53513 0.0714577 0 0 0 -0.186      0  0.086    0.44404  -0.300244 -0.0700833   0.00290915  0.000591168 -0.000927253   -0.106422  -0.0408878 -0.00961445  0.247905 -0.228578   -9.8032 
             10.0011 -0.518232  0.138764  -41.7507  1.95319 -1.57043 0.062253 0 0 0 -0.186      0  0.086    0.46171  -0.321563 -0.0176656   0.00286879  0.000444249 -0.000953383   -0.106845  -0.0409487 -0.00858106  0.247608 -0.228819   -9.8032 
             10.1006 -0.391749   0.21852  -41.6789   1.98665  -1.59829 0.0696084 0 0 0 -0.186      0  0.086  0.317294 -0.232028 0.0385692    0.0027545  0.000300954 -0.000912173  -0.107426 -0.0392454 -0.0106187 0.246214 -0.22776 -9.80326 
             10.2002 0.120616 0.210052 -41.8162   2.02247  -1.62643 0.0663034 0 0 0 -0.186      0  0.086   0.316924  -0.232699 -0.0431128   0.00222222  0.000438405 -0.000948076   -0.108914  -0.0406418 -0.00988727  0.245719 -0.229667  -9.80323 
              10.301 -0.0126014   0.206819   -41.7523  2.05372 -1.66177 0.062054 0 0 0 -0.186      0  0.086   0.420554  -0.339267 -0.0644791   0.00234807  0.000342452 -0.000891173  -0.111856 -0.0391445 -0.0104796  0.24251 -0.22996  -9.8033 
             10.4005 0.00459752   0.136916   -41.6072   2.09314  -1.70194 0.0491304 0 0 0 -0.186      0  0.086   0.413462  -0.307258 -0.0406939  0.00246449 0.000263655 -0.00107892   -0.113867  -0.0372583 -0.00910049  0.239913 -0.229401  -9.80338 
             10.5001 0.379748 0.280632 -41.8008    2.1346   -1.7402 0.0614369 0 0 0 -0.186      0  0.086   0.341011  -0.255603 -0.0390557  0.00253832 0.000218924  -0.0010342  -0.117043 -0.0383863  -0.013845   0.23773 -0.232078  -9.80337 
             10.5996 -0.0864711   0.221036   -41.8688   2.15714  -1.76914 0.0727256 0 0 0 -0.186      0  0.086   0.330046  -0.291355 -0.0308377   0.00255068  0.000476488 -0.000874131  -0.118509 -0.0357479 -0.0187021   0.23497 -0.230755  -9.80347 
             10.7004 -0.0235242  0.0526827   -41.8339   2.19771  -1.82177 0.0580916 0 0 0 -0.186      0  0.086   0.444783  -0.432058 -0.0131111   0.00273243  0.000525964 -0.000889373  -0.123681 -0.0359468 -0.0159783  0.230941 -0.233526   -9.8035 
                10.8 -0.487018   0.42724  -41.8677   2.23362  -1.86412 0.0935404 0 0 0 -0.186      0  0.086  0.331734 -0.338963 0.0706584   0.00284825   0.00057957 -0.000921955    -0.1247 -0.0348211 -0.0256607  0.229083 -0.233332  -9.80355 
             10.9009 -0.230877  0.176447  -41.8778   2.25824   -1.8919 0.0829049 0 0 0 -0.186      0  0.086    0.243804   -0.246884 -0.00671251   0.00265525  0.000645102 -0.000888793  -0.124693 -0.0335696 -0.0214806  0.228625 -0.232202  -9.80359 
             11.0004 -0.339359 0.0798317  -41.7641   2.27831  -1.91082 0.0642845 0 0 0 -0.186      0  0.086   0.264688  -0.240684 -0.0934236   0.00266586  0.000638111 -0.000915323   -0.12392 -0.0323961 -0.0174356  0.228819 -0.230745  -9.80362 
             11.0999 -0.355272  0.213203  -41.8866  2.32142 -1.94065 0.061889 0 0 0 -0.186      0  0.086   0.450869  -0.318785 -0.0108882   0.00270638   0.00053525 -0.000809725   -0.12399 -0.0346139 -0.0192376  0.229833 -0.232651  -9.80355 
             11.2008 -0.407405   0.23313  -41.8194   2.36996  -1.97629 0.0731561 0 0 0 -0.186      0  0.086  0.361208 -0.225288 0.0181068   0.00278716  0.000498053 -0.000892071  -0.125748 -0.0360694 -0.0216606  0.229055 -0.234806  -9.80351 
             11.3003 -0.968256  0.472071  -41.6238  2.41799 -2.01677  0.10357 0 0 0 -0.186      0  0.086  0.346892 -0.220507 0.0178561  0.00298681 0.000740332  -0.0010364  -0.130586 -0.0385717 -0.0290428  0.226151 -0.239517  -9.80347 
             11.3999 -0.919843  0.324112  -41.7498   2.45946  -2.05676 0.0918654 0 0 0 -0.186      0  0.086   0.472045  -0.336322 -0.0472169   0.00312618  0.000774068 -0.000897699   -0.13485 -0.0385714 -0.0254788  0.222746 -0.241627  -9.80349 
             11.5007 -1.05527 0.246648 -41.7865   2.51886   -2.1048 0.0770275 0 0 0 -0.186      0  0.086   0.507634  -0.330142 -0.0179953   0.00324869  0.000752676 -0.000859833  -0.137366 -0.0402891 -0.0225301  0.221625 -0.244254  -9.80345 
             11.6002 0.00940901   0.344407    -41.484  2.56687 -2.14227 0.078373 0 0 0 -0.186      0  0.086  0.392825 -0.254128  0.001832    0.0026455   0.00094785 -0.000888612  -0.139567 -0.0409488 -0.0227389  0.220164 -0.245942  -9.80344 
             11.6997 -0.589675  0.362243  -41.7631   2.59934    -2.176 0.0891614 0 0 0 -0.186      0  0.086    0.354991   -0.259641 -0.00615571   0.00284149  0.000979074 -0.000900412  -0.141944 -0.0395843 -0.0260149  0.217499 -0.246167   -9.8035 
             11.8006 -0.57764 0.260504  -41.805   2.62422  -2.21104 0.0855116 0 0 0 -0.186      0  0.086   0.431811  -0.357924 -0.0487108   0.00275515  0.000990081 -0.000835206   -0.14402  -0.036391 -0.0258991  0.214152 -0.244637  -9.80361 
             11.9001 -0.0879578   0.146939   -41.8078   2.65697  -2.24496 0.0727798 0 0 0 -0.186      0  0.086  0.401964 -0.353833 0.0458512 0.00255385  0.0010586 -0.0007378   -0.14362 -0.0335601 -0.0235677  0.213034 -0.242046   -9.8037 
             11.9997 -0.213925  0.226559  -41.9995  2.69349 -2.27144 0.072222 0 0 0 -0.186      0  0.086  0.319222 -0.224915 0.0172582   0.00261418  0.000996278 -0.000852289  -0.142892 -0.0341264 -0.0228882  0.213931 -0.242111  -9.80368 
             12.1006 -0.00243956    0.180667    -41.7769   2.72298  -2.30679 0.0721742 0 0 0 -0.186      0  0.086   0.311202  -0.235677 -0.0313787   0.00239685   0.00114372 -0.000847526  -0.146527 -0.0334403 -0.0232019  0.210613 -0.243436  -9.80372 
             12.2001 -0.467864   0.31967  -41.8684  2.75213 -2.33866 0.078552 0 0 0 -0.186      0  0.086  0.359251 -0.320622 0.0262986    0.0026567   0.00102302 -0.000822762  -0.147522 -0.0320587 -0.0255445  0.209026 -0.242877  -9.80376 
              12.301 -0.436101   0.35608  -41.6682   2.78563  -2.36894 0.0992369 0 0 0 -0.186      0  0.086  0.270545 -0.191906  0.128524    0.0028565  0.000883299 -0.000902446  -0.148623 -0.0323526 -0.0285905  0.208185 -0.243755  -9.80376 
             12.4005 0.0224645  0.117695   -41.944   2.79622  -2.36523 0.0970203 0 0 0 -0.186      0  0.086  0.209307  -0.10322 0.0729296   0.00246525   0.00070418 -0.000698999  -0.144471  -0.029831 -0.0256965  0.210349 -0.239491  -9.80382 
                12.5 0.382695 0.149385 -41.9062    2.8197  -2.37628 0.0927313 0 0 0 -0.186      0  0.086   0.318886  -0.155126 -0.0188943    0.0020268  0.000467983 -0.000751037   -0.14421 -0.0297031 -0.0238045   0.21056 -0.239215  -9.80382 
             12.6009  0.35016 0.134518 -41.6996   2.86218  -2.40951 0.0779659 0 0 0 -0.186      0  0.086 0.44963  -0.274 0.10603   0.00191628  1.72482e-05 -0.000875661  -0.146909 -0.0302528 -0.0201109    0.2088 -0.241002  -9.80382 
             12.7006 0.497397 0.110836 -41.8174    2.9077  -2.44613 0.0881451 0 0 0 -0.186      0  0.086  0.366712 -0.225086   0.01339    0.0020381 -5.08968e-06   -0.0008248  -0.149481  -0.031011 -0.0204113  0.207098 -0.242954   -9.8038 
                12.8 0.147257  0.28505 -41.6328  2.93775 -2.48426 0.114656 0 0 0 -0.186      0  0.086  0.315165 -0.218756  0.080716   0.00221817 -6.65947e-05 -0.000883381  -0.154028 -0.0298139  -0.026136  0.202476 -0.244385  -9.80386 
             12.8995  0.432405 -0.207315  -41.9233  2.98644 -2.51993 0.082844 0 0 0 -0.186      0  0.086   0.438797  -0.331226 -0.0595122   0.00201632  3.52458e-05 -0.000629265  -0.155941 -0.0321685 -0.0179267  0.202693 -0.247218  -9.80379 
             13.0003 0.212341 0.103738 -41.9912   3.04944  -2.57534 0.0721098 0 0 0 -0.186      0  0.086  0.504297 -0.431339 -0.015858   0.00207678 -0.000207491 -0.000638229  -0.159127 -0.0342281 -0.0165137 0.201295 -0.25053 -9.80373 
             13.0998 -0.216421  0.305898  -41.8442   3.09746  -2.60111 0.0933695 0 0 0 -0.186      0  0.086  0.373208 -0.314603  0.121202   0.00179863 -8.55346e-06 -0.000687774  -0.156705 -0.0355311 -0.0208791  0.203615 -0.250365  -9.80369 
             13.1994   0.264026 -0.0473846   -41.7971  3.13053 -2.63024  0.09226 0 0 0 -0.186      0  0.086  0.354769 -0.297181 0.0348917    0.0016681  0.000146526 -0.000792667   -0.15677  -0.034881 -0.0191161  0.203343 -0.249852  -9.80371 
             13.3002 -0.122281  0.200289  -41.5014  3.16487 -2.67805 0.119407 0 0 0 -0.186      0  0.086  0.459321 -0.420268 0.0741913   0.00202405 -0.000253281 -0.000952579  -0.159969 -0.0336557 -0.0244927  0.199801 -0.250574  -9.80376 
             13.3998 0.112733 -0.15487 -41.5576  3.21315 -2.72997 0.133217 0 0 0 -0.186      0  0.086  0.426408 -0.433618   0.18583   0.00182729 -0.000313369 -0.000923704   -0.16133 -0.0338497 -0.0243921  0.198814 -0.251436  -9.80376 
             13.5007   0.657361 0.00128994   -41.7219   3.2546 -2.76805  0.10923 0 0 0 -0.186      0  0.086   0.358713  -0.331098 -0.0132409   0.00157467 -0.000272814 -0.000844726 -0.161366 -0.034149 -0.016785 0.199383 -0.25165 -9.80374 
             13.6002   0.77962 0.0701224  -41.7368  3.29534 -2.79912 0.107569 0 0 0 -0.186      0  0.086   0.366533  -0.353515 -0.0231456   0.00140103 -9.44416e-05  -0.00076109  -0.160681 -0.0353307 -0.0168241  0.200543 -0.252238  -9.80371 
             13.7008 0.356458 0.184292 -41.9337  3.33165 -2.83719 0.113214 0 0 0 -0.186      0  0.086   0.478179  -0.477047 -0.0334673   0.00172857 -0.000265781 -0.000615615  -0.160397 -0.0345399 -0.0188409  0.200207 -0.251468  -9.80373 
             13.8006 0.620365 0.144047 -41.6929  3.38014   -2.882 0.108135 0 0 0 -0.186      0  0.086  0.417887 -0.432612 0.0488945   0.00167882 -6.91694e-05 -0.000768548  -0.159762 -0.0346978 -0.0178179   0.20088 -0.251253  -9.80372 
             13.9001 0.271879 0.254371 -41.9095   3.4121 -2.92025 0.121484 0 0 0 -0.186      0  0.086  0.352664 -0.387039 0.0569838   0.00157069 -5.03436e-05 -0.000600199  -0.159582 -0.0335602   -0.01955  0.200276 -0.250263  -9.80376 
              14.001 0.589896 0.107636 -41.9945  3.44666 -2.94814 0.121531 0 0 0 -0.186      0  0.086   0.385387  -0.399832 -0.0114818   0.00110423 -5.82214e-05 -0.000559527  -0.157164 -0.0337733 -0.0187277  0.202378 -0.249162  -9.80375 
             14.1005  0.676695 0.0720575  -41.7942  3.47703 -2.97191 0.103328 0 0 0 -0.186      0  0.086   0.517587  -0.402766 -0.0456068   0.00143404  7.66707e-05 -0.000645369  -0.154227 -0.0314043 -0.0158535  0.203735 -0.245704  -9.80381 
             14.2001   0.588615 0.00965062   -42.0035  3.51572 -2.99495  0.10277 0 0 0 -0.186      0  0.086    0.379485   -0.317428 -0.00667447   0.00129967  3.23854e-05 -0.000593055  -0.151328 -0.0304655 -0.0156639  0.205564 -0.243446  -9.80382 
             14.3009 0.415131  0.15025 -41.9605  3.54817 -3.02045 0.112641 0 0 0 -0.186      0  0.086   0.329466  -0.267576 -0.0214363   0.00125591  0.000222878 -0.000648997   -0.15067 -0.0301266 -0.0182496  0.205657 -0.242863  -9.80384 
             14.4004 0.206528 0.102521  -41.848  3.57374 -3.03999 0.119095 0 0 0 -0.186      0  0.086   0.356564  -0.334245 -0.0922576   0.00120176  0.000288847 -0.000611166  -0.149425 -0.0289519 -0.0208924  0.205776 -0.241305  -9.80387 
                14.5   0.0786228 -0.00720699    -42.0032  3.63415 -3.09106 0.121271 0 0 0 -0.186      0  0.086  0.484811 -0.457111 0.0124698   0.00136706  5.17124e-05 -0.000587656  -0.151141 -0.0317788 -0.0223556  0.205736 -0.244466  -9.80379 
             14.5995  0.518892 -0.217361  -41.8866  3.67432 -3.12491 0.113031 0 0 0 -0.186      0  0.086  0.303863 -0.305132 0.0448432   0.00104112  -2.8723e-05 -0.000579511  -0.150444 -0.0316356 -0.0193328  0.206487 -0.243978  -9.80379 
             14.7003    1.65016 -0.0202642   -41.9894  3.69291 -3.12773 0.125142 0 0 0 -0.186      0  0.086    0.239099   -0.304922 -0.00253976  0.000486931  3.93632e-05 -0.000606481  -0.145326 -0.0311326 -0.0212664  0.210116 -0.240923  -9.80379 
             14.7999    1.48131 -0.0100054    -41.568  3.70562 -3.14584 0.138444 0 0 0 -0.186      0  0.086  0.321134 -0.348948 0.0493585   0.00111301 -1.30309e-05 -0.000784752  -0.143802 -0.0284403 -0.0241685  0.209684 -0.237983  -9.80387 
             14.8994 -0.666211 -0.387145  -41.9603  3.74925 -3.18082 0.124277 0 0 0 -0.186      0  0.086   0.369413  -0.382824 -0.0340517   0.00193655 -0.000120001 -0.000775129  -0.143015 -0.0295704 -0.0207314  0.211218 -0.238488  -9.80383 
             15.0006   2.19252 -0.580437   -41.793  3.80805 -3.22339 0.106249 0 0 0 -0.186      0  0.086   0.345696  -0.302657 -0.0407618  0.000360377 -0.000430665  -0.00068583    -0.1438 -0.0333913 -0.0168497  0.212938 -0.241966   -9.8037 
             15.0998  1.59201 -0.42765 -42.2036    3.8605  -3.25263 0.0961503 0 0 0 -0.186      0  0.086  0.371657 -0.311008 -0.076462  0.000466691 -0.000344732 -0.000460829  -0.143035 -0.0367334 -0.0160506  0.215351 -0.244216  -9.80359 
             15.2007   1.9853 -0.57595 -42.0609    3.9223  -3.30713 0.0926661 0 0 0 -0.186      0  0.086  0.496875 -0.494184 -0.116094  0.000169067 -0.000338893 -0.000562693  -0.145105 -0.0402371 -0.0175673  0.215397 -0.248041   -9.8035 
             15.3002   2.28518 -0.756287  -41.8434   3.96019  -3.33582 0.0757173 0 0 0 -0.186      0  0.086   0.441978  -0.460933 -0.0487991 -0.000207214 -0.000482765 -0.000625484   -0.14112 -0.0384056 -0.0163705 0.217709 -0.24454 -9.80353 
             15.4011   2.19615 -0.835408  -41.7798   4.03071  -3.40675 0.0562204 0 0 0 -0.186      0  0.086   0.399572  -0.471525 -0.0719513 -9.86338e-05 -0.000808698 -0.000597613  -0.144636 -0.0425846 -0.0131736  0.217571 -0.249775  -9.80341 
             15.5005   2.28169 -0.858409  -42.0832   4.05977  -3.42978 0.0734629 0 0 0 -0.186      0  0.086  0.388106 -0.472726 -0.090943  -0.00024888 -0.000956608 -0.000488395  -0.140893 -0.0422282 -0.0177395  0.219557 -0.247348  -9.80342 
             15.6002  2.76852 -1.11206 -42.0758   4.11035  -3.48129 0.0626585 0 0 0 -0.186      0  0.086   0.560505  -0.588994 -0.0999255 -1.11249e-05 -0.000969702 -0.000366531  -0.140814 -0.0429025 -0.0174155  0.220026 -0.247856   -9.8034 
             15.6998  2.31533 -1.10058  -42.206   4.16065   -3.5169 0.0306992 0 0 0 -0.186      0  0.086   0.512201  -0.533796 -0.0148501 -0.000170021  -0.00129773 -0.000344786  -0.136424 -0.0413996  -0.012484  0.223645 -0.244695   -9.8034 
             15.8006   2.14378 -0.996811  -42.3059   4.18051   -3.5596 0.0301896 0 0 0 -0.186      0  0.086    0.38505  -0.481608 -0.0670904   0.00013092  -0.00126543 -0.000366157  -0.135906 -0.0370552 -0.0139973  0.221507 -0.240883  -9.80354 
             15.9001   1.82912 -0.873809  -42.0473   4.20071  -3.59846 0.0333413 0 0 0 -0.186      0  0.086   0.373588  -0.558903 -0.0973576  5.18548e-05  -0.00117545 -0.000465883  -0.134696 -0.0346759 -0.0166614  0.220679 -0.238172  -9.80362 
             15.9996  1.76409 -1.03673 -42.2018   4.24062  -3.64361 0.0296588 0 0 0 -0.186      0  0.086   0.464834  -0.668131 -0.0119783  0.000215631  -0.00139093 -0.000385893   -0.13195 -0.0346825 -0.0177592  0.222599 -0.236684  -9.80362 
             16.1004   2.05524 -0.949492  -42.1924   4.27649  -3.66642 0.0368271 0 0 0 -0.186      0  0.086   0.333768  -0.507604 0.00847229 -9.70817e-05  -0.00138116 -0.000357197  -0.125139 -0.0348408 -0.0188829  0.227773 -0.233235  -9.80358 
                16.2   2.05187 -0.877668  -42.0632   4.32192   -3.7017 0.0327013 0 0 0 -0.186      0  0.086   0.337441  -0.445575 -0.0177226 -0.000108537  -0.00131034 -0.000475806  -0.122305 -0.0374476 -0.0178262  0.231497 -0.233915  -9.80348 
             16.3009   1.51578 -0.900459  -42.1158   4.34144  -3.74478 0.0216651 0 0 0 -0.186      0  0.086   0.393131  -0.531965 -0.0918587  0.000332197  -0.00141986 -0.000418228  -0.121831 -0.0343475 -0.0170229  0.230446 -0.231285  -9.80356 
             16.4004  1.67464  -0.9128 -42.1041   4.38707  -3.79129 0.0280526 0 0 0 -0.186      0  0.086   0.526636  -0.620139 -0.0162952  0.000318582  -0.00154928 -0.000379902  -0.119959   -0.03468 -0.0194815 0.231631 -0.23043 -9.80356 
             16.4999 2.14131 -1.0512 -42.271   4.42716  -3.80689 0.0455912 0 0 0 -0.186      0  0.086  0.419619 -0.443485 0.0525535 -3.46018e-05  -0.00152751 -0.000345741  -0.113523 -0.0341897  -0.021443   0.23604 -0.226605  -9.80354 
             16.5994   1.44211 -0.503954  -42.2985   4.47958  -3.84472 0.0612595 0 0 0 -0.186      0  0.086  0.428783 -0.439111 0.0633401  0.000263705  -0.00163209 -0.000300405  -0.112464 -0.0363879 -0.0230519  0.237705 -0.227679  -9.80348 
             16.7003  2.16046 -1.04139 -42.3418   4.51985  -3.87609 0.0415497 0 0 0 -0.186      0  0.086   0.543861  -0.554852 -0.0273346  0.000206221  -0.00154236 -0.000278423  -0.109793 -0.0347134 -0.0191499  0.239577 -0.225212  -9.80349 
             16.7999  2.04701 -1.04244 -42.3493   4.57836  -3.91803 0.0385777 0 0 0 -0.186      0  0.086  0.534831 -0.552023  0.080156 -9.75868e-05  -0.00168934 -0.000306397  -0.106979 -0.0349785 -0.0179698  0.242085 -0.224037  -9.80345 
             16.8993   1.46325 -0.753011  -42.3347    4.5911  -3.94917 0.0529358 0 0 0 -0.186      0  0.086  0.352329 -0.448883  0.033932 0.000695736 -0.00154236 -0.00024988  -0.105027 -0.0298801 -0.0198121  0.240717 -0.218947   -9.8036 
             17.0003   2.04468 -0.954157   -42.234    4.6118  -3.97806 0.0479311 0 0 0 -0.186      0  0.086   0.295171  -0.433535 -0.0371423  0.000150281   -0.0014866 -0.000313021  -0.102692 -0.0281343  -0.019178  0.241741 -0.216421  -9.80363 
             17.0998  1.99059 -1.00995 -42.2708   4.63453  -3.99015 0.0359508 0 0 0 -0.186      0  0.086   0.394459  -0.467692 -0.0883862  8.48351e-05  -0.00166011 -0.000274372 -0.0974979 -0.0268799 -0.0182217  0.245269 -0.212838  -9.80362 
             17.2006  2.26081 -1.10951 -42.3144   4.67911  -4.03599 0.0374107 0 0 0 -0.186      0  0.086   0.467438  -0.562302 -0.0610775 -9.97649e-05  -0.00164601  -0.00022517 -0.0962819 -0.0267587 -0.0194363  0.245969 -0.212054  -9.80362 
             17.3002   2.1919 -1.07917 -42.2759   4.71004  -4.07828 0.0314198 0 0 0 -0.186      0  0.086   0.354194  -0.452537 -0.0161467  0.000205118  -0.00168267 -0.000360636 -0.0951574 -0.0249672  -0.018789  0.246024 -0.210122  -9.80366 
              17.401   1.72457 -0.872302  -42.2801   4.73801  -4.11026 0.0292009 0 0 0 -0.186      0  0.086   0.342775  -0.418582 -0.0261605  0.000407302  -0.00154752 -0.000280248 -0.0934732 -0.0241188 -0.0190673  0.246844 -0.208581  -9.80367 
             17.5006    2.0785 -0.768332  -42.0968   4.78048  -4.14652 0.0396834 0 0 0 -0.186      0  0.086   0.462801  -0.550316 -0.0281955  0.000370396  -0.00144317 -0.000439696 -0.0917921 -0.0254939 -0.0215222   0.24844 -0.208628  -9.80363 
             17.6001   1.24462 -0.696642  -42.1442   4.82326  -4.18655 0.0500588 0 0 0 -0.186      0  0.086  0.500601 -0.551376  0.118706  0.000892027  -0.00152636 -0.000376038 -0.0888997 -0.0246577 -0.0224718   0.25007 -0.206431  -9.80364 
              17.701   2.18413 -0.609696  -41.9416   4.86932  -4.21671 0.0767808 0 0 0 -0.186      0  0.086 0.381761 -0.42896 0.141873  0.000407404  -0.00138454 -0.000389176 -0.0856459  -0.025746 -0.0245969  0.252777 -0.205459  -9.80359 
             17.8005   1.90919 -0.260363  -42.0976  4.89178 -4.23855 0.119209 0 0 0 -0.186      0  0.086 0.312845 -0.41495 0.153288  0.000495527   -0.0011865 -0.000367046 -0.0828683 -0.0249278 -0.0293826  0.253752 -0.203173  -9.80361 
                17.9   1.10694 -0.516129  -42.0102  4.92297  -4.2693 0.120186 0 0 0 -0.186      0  0.086  0.414111 -0.478207  0.102738   0.00094206  -0.00106769 -0.000440247 -0.0808993 -0.0243923 -0.0276256 0.255211 -0.20178  -9.8036 
             18.0009   1.68981 -0.557476  -41.9816   4.9787 -4.31655 0.112353 0 0 0 -0.186      0  0.086  0.408752 -0.411018  0.103897  0.000491103  -0.00100143 -0.000433591 -0.0803664 -0.0259688  -0.023932 0.256954 -0.20276 -9.80354 
             18.1004  2.10542 0.279262  -42.184  5.02382 -4.34373 0.142153 0 0 0 -0.186      0  0.086  0.379276 -0.336279  0.114786  0.000334005 -0.000886625 -0.000345488  -0.078648 -0.0276452  -0.027104  0.258692 -0.203053  -9.80349 
                18.2   1.45311 -0.331701  -42.0602   5.0274 -4.35851 0.151962 0 0 0 -0.186      0  0.086  0.342415 -0.348234 0.0655652   0.00081396 -0.000637684 -0.000380027 -0.0767542 -0.0228366 -0.0274007  0.257511 -0.198445  -9.80361 
             18.3008   1.01355 -0.179871  -42.1437  5.03934 -4.38865  0.16071 0 0 0 -0.186      0  0.086  0.403699 -0.455809 0.0697475   0.00114112 -0.000695792 -0.000350342   -0.07583 -0.0189146 -0.0279502  0.256036 -0.195022  -9.80372 
             18.4003   0.683102 -0.0103143   -42.1925  5.06704  -4.4277 0.172664 0 0 0 -0.186      0  0.086  0.274873 -0.364425  0.134497   0.00107786 -0.000636608 -0.000392391 -0.0754011 -0.0178931 -0.0279556   0.25581 -0.194029  -9.80374 
             18.4999  0.837546 0.0828836  -41.9757  5.08416 -4.46298 0.202075 0 0 0 -0.186      0  0.086   0.21144 -0.299993  0.181053   0.00141665 -0.000536722  -0.00044387 -0.0757894 -0.0170121 -0.0299196  0.254826 -0.193594  -9.80378 
             18.5994   1.33199 -0.136033  -41.8388  5.11579 -4.48757 0.194691 0 0 0 -0.186      0  0.086  0.295988 -0.354464 0.0813587  0.000829143 -0.000718762 -0.000520745 -0.0745823 -0.0183091  -0.026232  0.256751 -0.193875  -9.80372 
             18.7002   1.40544 -0.333434  -42.1271  5.17107 -4.51997 0.148073 0 0 0 -0.186      0  0.086    0.499836   -0.429653 -0.00167658  0.000509557 -0.000896862  -0.00032806 -0.0732007 -0.0205838 -0.0183772  0.259578 -0.194724  -9.80363 
             18.7998   1.48357 -0.430676  -42.1176  5.22401 -4.55309 0.119049 0 0 0 -0.186      0  0.086  0.428329 -0.314954 -0.158189  0.000661584 -0.000923658 -0.000343865  -0.072601 -0.0213557   -0.01453  0.260705 -0.194931   -9.8036 
             18.9007   0.801776 -0.0042983   -42.1933  5.26733 -4.58951 0.141824 0 0 0 -0.186      0  0.086  0.397028 -0.288864 -0.100648  0.000976247 -0.000897771 -0.000378405 -0.0734095 -0.0219598   -0.02014 0.260014 -0.19584  -9.8036 
             19.0002   1.10613 -0.238991   -42.209  5.29589 -4.61861 0.125269 0 0 0 -0.186      0  0.086  0.473725 -0.345909 -0.132983  0.000858925 -0.000949148 -0.000334471 -0.0733361 -0.0198343 -0.0193386  0.258986 -0.194232  -9.80366 
             19.0997    1.11069 -0.0860089   -42.3588  5.33949 -4.65851  0.12085 0 0 0 -0.186      0  0.086  0.555798 -0.445521 -0.111996  0.000782581 -0.000909576 -0.000319838 -0.0732248 -0.0187202 -0.0208561  0.258348 -0.193352  -9.80369 
             19.2006  1.07533 -0.67003 -42.1792   5.3884 -4.69466 0.106121 0 0 0 -0.186      0  0.086  0.427429 -0.334808 0.0245032  0.000939596 -0.000943982 -0.000371698 -0.0726552 -0.0186263 -0.0185728  0.258896 -0.192976  -9.80368 
             19.3001   1.93818 -0.301584  -42.0276   5.4405 -4.72628 0.114637 0 0 0 -0.186      0  0.086   0.411632  -0.332963 -0.0125188  0.000546331  -0.00107095 -0.000383705 -0.0720067 -0.0208456 -0.0195673  0.260473 -0.194274  -9.80362 
             19.3997  1.11256 -0.49422 -41.9872  5.45749 -4.74735 0.102667 0 0 0 -0.186      0  0.086   0.440028  -0.387764 -0.0670617   0.00108799  -0.00104173 -0.000373383 -0.0702779 -0.0169759 -0.0185448  0.259758 -0.190504  -9.80371 
             19.5005   1.23785 -0.897923  -42.1113   5.50676  -4.78686 0.0762332 0 0 0 -0.186      0  0.086   0.573639   -0.52842 -0.0525711   0.00100547  -0.00115593 -0.000299211 -0.0693107 -0.0163753  -0.015694  0.260386 -0.189578  -9.80371 
             19.6001   2.18269 -0.732212  -42.1485   5.56082  -4.82931 0.0882608 0 0 0 -0.186      0  0.086  0.405556 -0.460731 -0.186966  0.000583882  -0.00127423 -0.000322416 -0.0684053 -0.0171003 -0.0179238  0.261232 -0.189576  -9.80369 
             19.6996   1.12848 -0.212979  -42.2896  5.58634 -4.85775 0.117998 0 0 0 -0.186      0  0.086    0.329148   -0.356189 -0.00538635  0.000813816  -0.00124677 -0.000253263 -0.0668768  -0.015947 -0.0238293  0.261151 -0.187734  -9.80373 
             19.8004   1.63015 -0.391786  -41.3796  5.61219 -4.87668  0.11664 0 0 0 -0.186      0  0.086   0.41449 -0.351247  -0.03063   0.00051672  -0.00109286 -0.000447632 -0.0646193 -0.0148228 -0.0239175  0.262169 -0.185699  -9.80374 
                19.9   1.77562 -0.704766  -41.4404   5.6734 -4.91803  0.10551 0 0 0 -0.186      0  0.086  0.506745 -0.439658 -0.133268  0.000597958  -0.00077331 -0.000358722  -0.064379 -0.0168973 -0.0232198 0.263536 -0.18708 -9.80367 
             20.0008   1.25744 -0.410015  -41.8399  5.71265 -4.94736 0.117278 0 0 0 -0.186      0  0.086  0.361201 -0.337002 0.0740352  0.000437668  -0.00103964 -8.05065e-05 -0.0629635 -0.0166199 -0.0251183  0.264171 -0.186052  -9.80368 
             20.1003   1.00346 -0.340173   -41.448   5.7484 -4.98001 0.126622 0 0 0 -0.186      0  0.086  0.374918 -0.325847 0.0365399  0.000641012 -0.000928229  -0.00029715 -0.0630433 -0.0166583 -0.0257945  0.264064 -0.186109  -9.80368 
             20.1999   1.17026 -0.273826  -41.5932  5.77951 -4.98454 0.134423 0 0 0 -0.186      0  0.086  0.521528 -0.309203 0.0381497  0.000851442 -0.000832014 -0.000288379 -0.0595262 -0.0154686  -0.026774  0.265714 -0.183267  -9.80369 
             20.3008   1.80834 -0.612589  -41.5386  5.82704 -4.99613 0.134883 0 0 0 -0.186      0  0.086  0.412819 -0.295738  0.166604  0.000496216 -0.000952086 -0.000278434 -0.0564371 -0.0156318 -0.0251642  0.268054 -0.181619  -9.80365 
                20.4   1.50757 -0.279548  -41.4721  5.88322 -5.02089 0.165904 0 0 0 -0.186      0  0.086  0.375272 -0.340773  0.147419   0.00059566 -0.000829555 -0.000335141 -0.0555085 -0.0185834 -0.0273638  0.270174 -0.183048  -9.80357 
             20.4998   1.01327 -0.202033  -41.7119  5.90455 -5.05078 0.175868 0 0 0 -0.186      0  0.086  0.346209 -0.436156  0.111923  0.000994616 -0.000987013 -0.000244229 -0.0546117 -0.0164853 -0.0269096  0.269603 -0.181122  -9.80362 
             20.6007  0.955257 -0.171493  -41.6063  5.94751 -5.10776 0.181593 0 0 0 -0.186      0  0.086 0.450713 -0.66496 0.126019  0.000896803  -0.00106121 -0.000300331 -0.0549438 -0.0168876 -0.0262188  0.269687 -0.181593  -9.80361 
             20.7002   1.66002 -0.303244  -41.6541  5.98611 -5.16946 0.178903 0 0 0 -0.186      0  0.086   0.35856 -0.588193  0.154179  0.000512515 -0.000831334 -0.000285812 -0.0543836   -0.01663 -0.0243525  0.270091 -0.181112  -9.80361 
             20.7998  1.60557 -0.29703 -41.3732  6.01237  -5.2188 0.169659 0 0 0 -0.186      0  0.086  0.281524 -0.525727 0.0522025  0.000316482 -0.000575015  -0.00026816 -0.0536146 -0.0157847 -0.0213905  0.270386 -0.180108  -9.80362 
             20.9008  2.00178 0.141614 -41.7564  6.03972 -5.24953 0.212727 0 0 0 -0.186      0  0.086   0.34768 -0.537347 0.0631245  0.000347824  -0.00050975 -0.000192799 -0.0505126 -0.0164929  -0.027028  0.272299 -0.178806  -9.80359 
             21.0002    1.51034 -0.0983951   -41.3974  6.08492 -5.29917 0.207012 0 0 0 -0.186      0  0.086  0.413901 -0.546491 0.0820651  0.000798314 -0.000264861 -0.000322456 -0.0496098 -0.0172142 -0.0250478  0.273527 -0.178738  -9.80356 
             21.0997  1.58667 0.266898 -41.6274  6.12196  -5.3411 0.235225 0 0 0 -0.186      0  0.086  0.351664 -0.418354  0.177491  0.000941875 -0.000242387 -0.000245692 -0.0486887 -0.0176322 -0.0271877  0.274119 -0.178541  -9.80354 
             21.2006 0.650423  0.55383 -41.4198  6.15095 -5.36591 0.240056 0 0 0 -0.186      0  0.086   0.33916 -0.353679 0.0933311   0.00148032 -0.000263053  -0.00029561 -0.0468699 -0.0169391 -0.0257551  0.275083 -0.176975  -9.80354 
             21.3001 0.787552 0.754827 -41.5679  6.19606 -5.39417 0.248446 0 0 0 -0.186      0  0.086  0.487508 -0.442589 0.0609352    0.0012576  4.50259e-06 -0.000258596 -0.0454732 -0.0180561 -0.0257757   0.27664 -0.176905   -9.8035 
             21.4007 -0.0275487    1.05934   -41.4541  6.23813 -5.43492 0.269629 0 0 0 -0.186      0  0.086 0.402732 -0.37118 0.181252   0.00169804  9.34858e-06 -0.000331476 -0.0447416 -0.0173305 -0.0272766  0.276565 -0.176118  -9.80352 
             21.5004 0.114366  1.44687 -41.4005  6.27742 -5.47884 0.293573 0 0 0 -0.186      0  0.086  0.304244 -0.336361   0.16848   0.00156041  0.000224307 -0.000293191 -0.0458552 -0.0178459 -0.0280687    0.2761 -0.177174  -9.80351 
                21.6 -0.234234   1.11533  -41.4799  6.29954 -5.51265 0.317609 0 0 0 -0.186      0  0.086   0.30692 -0.358891  0.106555   0.00193723  0.000383123 -0.000289919 -0.0458681 -0.0168302 -0.0293435  0.275473 -0.176675  -9.80354 
             21.6993 0.246404 0.857785 -41.3351  6.33386 -5.55247  0.30552 0 0 0 -0.186      0  0.086  0.365474 -0.430628 0.0529968  0.00171365 0.000344445 -0.00032537 -0.0463144 -0.0165973 -0.0260516  0.275014 -0.176352  -9.80356 
             21.8004 0.221409 0.870919 -41.2404  6.37112 -5.58447 0.309844 0 0 0 -0.186      0  0.086  0.298837 -0.279627 0.0648656  0.00190984 0.000281663 -0.00043679 -0.0461527 -0.0168913 -0.0251338  0.275257 -0.176317  -9.80355 
                21.9 0.237628 0.802741 -41.7646  6.40178 -5.60529 0.298643 0 0 0 -0.186      0  0.086   0.30923 -0.227378 0.0129862   0.00165846   0.00038915 -0.000136093 -0.0460026 -0.0171464 -0.0229236  0.275382 -0.176081  -9.80355 
             21.9994 0.564196 0.625296 -41.3298  6.42584 -5.62535 0.281734 0 0 0 -0.186      0  0.086   0.384917  -0.270322 -0.0358466   0.00189248  0.000455166 -0.000370174 -0.0459351 -0.0160026 -0.0207901   0.2746 -0.17502 -9.80359 
             22.1003 0.255924 0.537324 -41.5057  6.46515  -5.6562 0.248101 0 0 0 -0.186      0  0.086   0.381135  -0.250514 -0.0154433   0.00171724  0.000429738 -0.000288414 -0.0465785 -0.0157975 -0.0168319  0.273794 -0.174734  -9.80362 
             22.1995 -0.0624758   0.978076   -41.2806  6.49979 -5.68813 0.267573 0 0 0 -0.186      0  0.086   0.28468 -0.220272 0.0339195   0.00161736  0.000370652 -0.000408879 -0.0474946 -0.0157487   -0.01932  0.273373 -0.175553  -9.80362 
             22.3007 -0.303472  0.927402  -41.0466  6.51696 -5.71813 0.269261 0 0 0 -0.186      0  0.086     0.27257    -0.19401 -0.00812317   0.00168056  0.000285411 -0.000352882 -0.0484445 -0.0142511 -0.0195355  0.271905 -0.175193  -9.80367 
             22.4003 -0.0533355   0.893627   -39.6979  6.56546 -5.74592 0.265679 0 0 0 -0.186      0  0.086  0.422637 -0.280755 -0.045831   0.00144524  0.000286665 -0.000545754 -0.0492736 -0.0161337  -0.019254  0.272499 -0.176819  -9.80362 
             22.5011 -0.414093   1.04809   -40.463  6.61253  -5.7709 0.271119 0 0 0 -0.186      0  0.086  0.392282 -0.236073 0.0825311  0.00155347 0.000173852 -0.00018639 -0.0486581 -0.0165659  -0.020009  0.273196 -0.176774   -9.8036 
             22.6006 0.402117  1.09292 -40.3744  6.64556 -5.79876 0.273265 0 0 0 -0.186      0  0.086   0.292053  -0.158372 -0.0205809   0.00126601  0.000339916 -0.000267815 -0.0496901 -0.0162754 -0.0197986  0.272412 -0.177252  -9.80361 
                22.7 -0.71943  1.59362 -40.1528  6.66902 -5.81858 0.280602 0 0 0 -0.186      0  0.086   0.270971  -0.153153 0.00687924    0.0018174  0.000414087 -0.000320477 -0.0501197 -0.0154597 -0.0211278  0.271778 -0.177262  -9.80363 
              22.801 -0.497985   1.40625  -40.0954  6.68432 -5.84688 0.302135 0 0 0 -0.186      0  0.086  0.338385 -0.303292 0.0204213    0.0021036   0.00032478 -0.000347277 -0.0506376 -0.0131977 -0.0241219  0.270308 -0.176847  -9.80368 
             22.9007 -0.0605008   0.615685   -40.0463  6.71901 -5.88308 0.294247 0 0 0 -0.186      0  0.086   0.276382  -0.177296 0.00164151   0.00178481  0.000655789 -0.000295452 -0.0517662 -0.0131773 -0.0226343  0.269584 -0.177392  -9.80369 
             23.0001 -0.108444   1.63533  -40.2976  6.75161 -5.91311 0.295613 0 0 0 -0.186      0  0.086   0.206939   -0.17043 0.00134527   0.00176464  0.000458615 -0.000251667  -0.053531  -0.013634 -0.0224011  0.269024 -0.178762  -9.80368 
             23.0996 -0.663992   1.37715   -40.294  6.78944 -5.94764 0.319549 0 0 0 -0.186      0  0.086   0.377917  -0.226171 0.00445792   0.00199919  0.000591444 -0.000286467 -0.0552106   -0.01402 -0.0257084  0.268902 -0.180549  -9.80365 
             23.2002 -0.325508   1.07458  -40.6985  6.86022 -5.98495 0.301257 0 0 0 -0.186      0  0.086   0.515834  -0.261934 -0.0342789  0.00145684 0.000683926 4.67533e-05 -0.0570362 -0.0168256 -0.0234777  0.269664 -0.182757  -9.80359 
                23.3 0.331907  1.43042 -40.6329  6.89692 -6.02462 0.307382 0 0 0 -0.186      0  0.086   0.331042   -0.20596 0.00382503   0.00154637  0.000625584 -0.000123361 -0.0590662 -0.0150812 -0.0236756   0.26756 -0.183305  -9.80364 
             23.3996 -0.679742   1.50258  -40.2186  6.92782 -6.04954 0.308601 0 0 0 -0.186      0  0.086   0.401322  -0.218676 -0.0349295    0.0012666  0.000906384 -0.000103363 -0.0597264 -0.0140093 -0.0239111  0.266553 -0.183246  -9.80367 
             23.4991 -0.217709   1.28207  -40.4291  6.97813 -6.08795 0.343424 0 0 0 -0.186      0  0.086   0.52026 -0.296309 0.0429299   0.00171155  0.000918615 -0.000109405 -0.0607179 -0.0137755 -0.0280625    0.2664 -0.184485  -9.80365 
             23.5999 -0.536028   1.33866  -40.5019   7.0361 -6.13766 0.326524 0 0 0 -0.186      0  0.086  0.561178 -0.287893  0.129841   0.00173513  0.000816302 -0.000145014 -0.0629061 -0.0135413 -0.0250459  0.264838 -0.185256  -9.80367 
             23.6995 -0.00125747     1.27346    -40.0935  7.07158 -6.16905 0.333248 0 0 0 -0.186      0  0.086  0.378198 -0.193733 0.0703162   0.00160089  0.000952763 -0.000300072 -0.0635319 -0.0122473 -0.0243086  0.263598 -0.184878  -9.80371 
             23.8003 -0.641711   1.44887  -40.3099  7.10323 -6.19534 0.336365 0 0 0 -0.186      0  0.086  0.324373 -0.237557 0.0449716   0.00177134  0.000893447 -0.000269804 -0.0641168 -0.0119019 -0.0237663 0.263021 -0.18499 -9.80373 
             23.9012 -0.92575  1.10465 -40.2216  7.12943 -6.22368 0.304654 0 0 0 -0.186      0  0.086  0.395836 -0.351388 0.0382472   0.00172851  0.000820446 -0.000240084 -0.0646892 -0.0108999  -0.019791   0.26162 -0.184204  -9.80378 
             24.0008 0.477539   1.5237 -40.2679  7.17104 -6.27021 0.335057 0 0 0 -0.186      0  0.086 0.304982 -0.30227 0.134374   0.00124738  0.000797287 -0.000247543 -0.0656259 -0.0106948  -0.022753 0.261411 -0.18519 -9.80377 
             24.1003 -1.30471  1.71113 -40.3849  7.20225  -6.3034 0.352656 0 0 0 -0.186      0  0.086  0.269208 -0.203235 0.0759707  0.00222235 0.000793952 -0.00023909 -0.0665664 -0.0106662  -0.023525  0.261044 -0.185911  -9.80376 
             24.2011 -0.568287   1.47619  -40.1335  7.23554 -6.32557 0.357714 0 0 0 -0.186      0  0.086  0.292175 -0.209216 0.0406334   0.00158058   0.00104149 -0.000302043 -0.0669789 -0.0113704  -0.023243  0.261276 -0.186469  -9.80375 
             24.3007 -0.0553414     1.5174   -40.1648  7.26586 -6.34824  0.36076 0 0 0 -0.186      0  0.086    0.308418   -0.312954 -0.00671078   0.00156895   0.00106014 -0.000302502 -0.0665564 -0.0111338 -0.0229143  0.26127 -0.18603 -9.80375 
             24.4002 -1.85786  2.52255 -40.2375  7.29606 -6.39624  0.37598 0 0 0 -0.186      0  0.086  0.198671 -0.284442  0.181899   0.00253785  0.000634868 -0.000257581 -0.0689237 -0.0104202 -0.0241678  0.259881 -0.187455  -9.80376 
             24.5011   -3.007  2.28942 -40.0982  7.31486 -6.42116 0.353915 0 0 0 -0.186      0  0.086  0.255463 -0.244893 0.0558668    0.0029017  0.000575868 -0.000303317  -0.0696832 -0.00998415  -0.0207571  0.258727 -0.187173   -9.8038 
             24.6006 -1.37553  2.38644 -40.1634  7.35448 -6.45516 0.350879 0 0 0 -0.186      0  0.086   0.378663  -0.260966 -0.0158231   0.00206076  0.000889688 -0.000343181 -0.0707934 -0.0106701 -0.0203352  0.258601 -0.188133  -9.80379 
             24.7002 -1.56552  1.95777 -40.1327  7.39604 -6.48928 0.369734 0 0 0 -0.186      0  0.086  0.306036 -0.168177  0.084157   0.00241057  0.000919283 -0.000355078 -0.0719288 -0.0107072 -0.0218746   0.25848 -0.189193  -9.80377 
             24.7997 -2.64361   2.9829 -40.1643  7.43337 -6.50554 0.382354 0 0 0 -0.186      0  0.086  0.352938 -0.141868 0.0398884  0.00281524 0.000463538 -0.00038108 -0.0721335 -0.0109402 -0.0225911  0.258734 -0.189571  -9.80375 
             24.9005  -2.2279  2.69205 -40.1665  7.48071 -6.52712 0.379834 0 0 0 -0.186      0  0.086   0.513071  -0.205771 0.00930704   0.00274929  0.000701038 -0.000394905 -0.0729936 -0.0113573 -0.0219186  0.258432 -0.190176  -9.80375 
             25.0001 -2.35728  2.78953 -40.1355   7.5327 -6.56632  0.36871 0 0 0 -0.186      0  0.086  0.544619 -0.176288 0.0457359    0.0029023  0.000604516 -0.000375154  -0.074903 -0.0108072 -0.0205604  0.256783 -0.190894  -9.80378 
             25.0996 -2.64319  2.91951 -40.2251  7.58121 -6.60783 0.366885 0 0 0 -0.186      0  0.086      0.46125    -0.123975 -0.000573489   0.00290361  0.000604113 -0.000303051  -0.077868 -0.0102928  -0.019576  0.254797 -0.192393   -9.8038 
             25.2004 -1.95266  2.66731 -40.2272  7.60763 -6.63397 0.389602 0 0 0 -0.186      0  0.086  0.411691 -0.146973   0.02418    0.0026117  0.000699744 -0.000375463   -0.078105 -0.00754775  -0.0218529  0.253802 -0.191955  -9.80384 
                25.3 -2.26582  2.52398 -40.1572  7.65833 -6.67004 0.371028 0 0 0 -0.186      0  0.086   0.557597  -0.295924 -0.0112102   0.00261083  0.000602572 -0.000331043  -0.0803112 -0.00780567  -0.0197954  0.252159 -0.192988  -9.80386 
             25.4008  -1.7668  2.75556 -40.2337  7.70367 -6.70078 0.392762 0 0 0 -0.186      0  0.086  0.501327 -0.125833  0.132749   0.00249942    0.0004918 -0.000312038  -0.0801531 -0.00598148  -0.0219627  0.251947 -0.192669  -9.80387 
             25.5003 -3.23106  3.52818 -40.4588  7.73361 -6.72334 0.410707 0 0 0 -0.186      0  0.086   0.384444 -0.0779411  0.0811888  0.00319179 0.000345727  -0.0002468  -0.0810174 -0.00382797  -0.0225402 0.250403 -0.19247 -9.80391 
             25.5999 -2.42553  2.44974 -39.8724  7.77433 -6.75144 0.390311 0 0 0 -0.186      0  0.086    0.522913   -0.155315 -0.00117902   0.00254237  0.000713592 -0.000429613 -0.0834628 -0.0037266 -0.0196671  0.248103 -0.193269  -9.80396 
             25.7008 -1.02569  2.40939 -40.1519  7.83135 -6.78616 0.379782 0 0 0 -0.186      0  0.086     0.555571    -0.181915 -0.000778503   0.00186729  0.000995063 -0.000327883   -0.085409 -0.00381794  -0.0184759 0.246825 -0.19426 -9.80397 
             25.8003 -1.67466  2.65055 -40.3475  7.86888 -6.82452 0.407715 0 0 0 -0.186      0  0.086   0.392363 -0.0817835   0.109342   0.00250543  0.000822938 -0.000203304 -0.0871053 -0.0011105 -0.0208847   0.2453 -0.19485   -9.804 
             25.8998  -1.6957  2.28612 -40.2887  7.89436 -6.84123 0.405219 0 0 0 -0.186      0  0.086    0.324293    -0.03209 -0.00623971   0.00232741   0.00107827 -0.000301914   -0.0880898 -3.95399e-05   -0.0197533  0.243748 -0.194751  -9.80404 
             25.9993 -2.02471  2.66427 -40.1152  7.91584 -6.85633  0.39875 0 0 0 -0.186      0  0.086   0.394913  -0.118409 -0.0323433   0.00248584  0.000821289 -0.000365115 -0.0887834 0.00149919 -0.0190078  0.242178 -0.194363  -9.80408 
             26.1002 -1.47843  1.70202 -40.2697  7.96211 -6.89322  0.36794 0 0 0 -0.186      0  0.086  0.404027 -0.131117 0.0258788   0.00192986   0.00108036 -0.000272161 -0.0917869 0.00089869 -0.0157254  0.240122 -0.195753  -9.80411 
             26.1998 -0.244243   2.02991  -40.2409  7.99912 -6.92314 0.339002 0 0 0 -0.186      0  0.086  0.231277 -0.129479 -0.131765    0.0015636   0.00103958 -0.000324381  -0.0944789 0.000441597  -0.0126599  0.238234 -0.196976  -9.80413 
             26.3006 -2.72467  2.33027  -39.741  8.02144 -6.96034 0.340237 0 0 0 -0.186      0  0.086  0.356128 -0.256981 -0.131415   0.00238464  0.000996495 -0.000409108 -0.0959304 0.00239907 -0.0143345  0.236865 -0.197442  -9.80415 
             26.4001 -2.89616  3.18547  -40.334  8.05489 -7.00721 0.350444 0 0 0 -0.186      0  0.086   0.425502  -0.349053 -0.0583084   0.00259991  0.000596139 -0.000212107 -0.0969223 0.00402396 -0.0167983  0.236127 -0.197909  -9.80416 
             26.4997  -1.9344   2.4401 -40.1901  8.10403 -7.04488 0.350399 0 0 0 -0.186      0  0.086  0.355461 -0.203091 0.0266584   0.00215188  0.000986474 -0.000303871 -0.0980096 0.00325938 -0.0168056 0.236175 -0.19892 -9.80414 
             26.6005 -1.89543  2.62667 -40.2658  8.12438 -7.06303 0.361605 0 0 0 -0.186      0  0.086   0.325351 -0.0742833  0.0319908   0.00286741  0.000959985 -0.000246732 -0.0981169 0.00490823 -0.0178082  0.235386 -0.198529  -9.80417 
             26.7001 -2.85372  2.72463  -40.326  8.15486 -7.09148 0.333905 0 0 0 -0.186      0  0.086   0.43906 -0.102652  -0.10802    0.0028467  0.000760031 -0.000246856  -0.100162 0.00510316 -0.0150196 0.233501 -0.19919  -9.8042 
             26.8009 -1.97789  2.75627 -39.9885  8.21379 -7.12972 0.339632 0 0 0 -0.186      0  0.086  0.485755 -0.203147 -0.125161    0.0025145   0.00102087 -0.000329054  -0.102228 0.00532111 -0.0165832  0.233047 -0.200753  -9.80418 
             26.9004 -2.97943  2.64466 -40.5907  8.26056  -7.1679 0.326436 0 0 0 -0.186      0  0.086  0.419383 -0.121175 -0.112349   0.00280175  0.000791544 -0.000158596  -0.104674 0.00599235 -0.0157436  0.231305 -0.201863  -9.80419 
                  27 -4.06736  3.78913 -40.0196  8.27583 -7.18855 0.329858 0 0 0 -0.186      0  0.086     0.4008 -0.0895686  -0.145638   0.00337665  0.000233889 -0.000438813  -0.104968 0.00938014 -0.0168029  0.229429 -0.200907  -9.80426 
             27.1008 -3.47789  3.32095 -40.3245  8.34639 -7.24721 0.284282 0 0 0 -0.186      0  0.086  0.670807 -0.254629  -0.16403   0.00331786  0.000464932 -0.000250032  -0.109932 0.00792646 -0.0135609  0.226976 -0.203907  -9.80425 
             27.2004 -4.13608   3.5704 -40.3487  8.40199 -7.28683 0.277992 0 0 0 -0.186      0  0.086   0.568305  -0.146773 -0.0537935   0.00339773  0.000415071 -0.000273193  -0.110936 0.00960191  -0.014686  0.226008 -0.204151  -9.80427 
             27.2999 -2.34838  2.13794   -40.07  8.45371  -7.3064 0.275017 0 0 0 -0.186      0  0.086   0.430934 -0.0896908  -0.117839  0.00204501  0.00125863 -0.00030669  -0.111731 0.00964771 -0.0151938  0.225896 -0.204765  -9.80426 
             27.4008 -3.09592  2.51719 -40.5705  8.48592  -7.3353 0.275223 0 0 0 -0.186      0  0.086   0.449855 -0.0984249  -0.118492   0.00264673  0.000747813 -0.000103018  -0.112992  0.0120534 -0.0166339  0.224603 -0.204985  -9.80429 
             27.5003 -1.75618   1.5916 -40.1958  8.53005 -7.35622 0.257964 0 0 0 -0.186      0  0.086   0.546539   -0.19537 -0.0779762   0.00184029   0.00115873 -0.000238745  -0.113832  0.0126107 -0.0160881  0.223637 -0.205168   -9.8043 
             27.5998 -2.07827  1.88382 -40.2951  8.56616 -7.39491 0.266561 0 0 0 -0.186      0  0.086   0.401902  -0.112714 -0.0442236   0.00201677  0.000882039 -0.000190569    -0.1151  0.0153843 -0.0177854  0.222169 -0.205222  -9.80434 
             27.7007 -2.72937  2.44732 -40.2562  8.58796 -7.41965  0.26787 0 0 0 -0.186      0  0.086   0.321643 -0.0733509 -0.0418241   0.00229034  0.000682536 -0.000257189  -0.116154  0.0174647 -0.0183561  0.220654 -0.205142  -9.80437 
             27.8002 -2.18259  2.12323 -40.2619  8.60348 -7.44437 0.270733 0 0 0 -0.186      0  0.086   0.327125  -0.179568 -0.0591493   0.00222481  0.000588989 -0.000223891  -0.116878  0.0196652 -0.0190425  0.219226 -0.204808  -9.80441 
             27.8998 -2.32351  2.21429  -40.225  8.62605 -7.48464 0.252261 0 0 0 -0.186      0  0.086  0.319287  -0.25727 -0.121657   0.00225241  0.000621306 -0.000255706  -0.118508  0.0209599 -0.0174821 0.217155 -0.20506 -9.80445 
             28.0006 -2.91629  3.03056 -40.1697  8.65655 -7.51957 0.247861 0 0 0 -0.186      0  0.086   0.198421  -0.192674 -0.0120293   0.00273644  0.000267823 -0.000296472  -0.120061  0.0214215 -0.0180029  0.216395 -0.205919  -9.80445 
             28.1002 -4.30222  3.15585 -40.6426  8.67509 -7.55781 0.242584 0 0 0 -0.186      0  0.086  0.327872 -0.174227 -0.133632   0.00328242  0.000194041 -0.000152859  -0.121731  0.0228023 -0.0185769  0.215037 -0.206503  -9.80447 
             28.1997 -3.30583  2.83982 -40.3198  8.70634 -7.59779 0.229862 0 0 0 -0.186      0  0.086  0.409754  -0.29911 -0.110854   0.0030645 0.000514623 -8.1772e-05  -0.123287   0.023993 -0.0187032  0.213713 -0.207032  -9.80449 
             28.3005 -3.08655  2.74768 -40.3976  8.74907 -7.62906 0.251917 0 0 0 -0.186      0  0.086  0.357967 -0.131903 0.0245729   0.00282314  0.000479769 -0.000194332  -0.123705  0.0245807 -0.0209526  0.214044 -0.207463  -9.80447 
             28.4001 -3.34514  3.21427 -40.2443  8.78024 -7.64223 0.277554 0 0 0 -0.186      0  0.086    0.34515 -0.0789911  0.0666551   0.00309884  0.000632874 -0.000235278  -0.123457  0.0257566 -0.0232716   0.21437 -0.207277  -9.80447 
              28.501 -3.78279  2.90676 -40.4153  8.82063 -7.66806 0.275932 0 0 0 -0.186      0  0.086  0.461226 -0.157399 0.0643201  0.00317186 0.000567204 -0.00023545  -0.125151  0.0258808 -0.0227352  0.213382 -0.208177  -9.80447 
             28.6003  -2.5765   2.4544 -40.2359  8.86519 -7.69327 0.267616 0 0 0 -0.186      0  0.086   0.452803 -0.0973968  0.0844748   0.00240019  0.000879209 -0.000358423  -0.126336  0.0256692 -0.0211278  0.212304 -0.208669  -9.80448 
                28.7 -3.30542  3.24409  -40.098  8.89296 -7.70871 0.292179 0 0 0 -0.186      0  0.086   0.415619 -0.0128576   0.114207   0.0027363 0.000738777 -0.00034163  -0.126644  0.0279589 -0.0227323  0.211533 -0.208291  -9.80451 
             28.8009 -4.06421  1.59628 -40.2599  8.92301 -7.72673 0.240964 0 0 0 -0.186      0  0.086   0.445723   -0.01981 -0.0954071   0.00264521   0.00100472 -0.000257669  -0.129344  0.0276955 -0.0170851  0.207962 -0.208916  -9.80457 
             28.9004 -2.23268  1.68712 -40.2948  8.96322 -7.75552 0.180496 0 0 0 -0.186      0  0.086  0.573408 -0.104976 -0.174804    0.0015746  0.000779294 -0.000303572   -0.13219  0.0277007 -0.0122302  0.204553 -0.209733  -9.80462 
             29.0012 -2.39513   2.2114 -40.3023  9.00811  -7.7957 0.178671 0 0 0 -0.186      0  0.086   0.482495 -0.0439933  -0.150241   0.00195009  0.000440882 -0.000279666  -0.134274   0.030084 -0.0139716  0.203059 -0.210422  -9.80464 
             29.1007 -3.23617  2.90357 -40.1942  9.04846 -7.82269 0.204111 0 0 0 -0.186      0  0.086   0.444782 -0.0592273 -0.0770798   0.00233973  0.000244722 -0.000308249  -0.135434  0.0325277 -0.0181291  0.202818 -0.210837  -9.80464 
             29.2003 -2.84977  2.22065 -40.2849  9.08395 -7.85748 0.221229 0 0 0 -0.186      0  0.086   0.494359  -0.139624 -0.0542012   0.00212835  0.000327285 -0.000300438  -0.137064  0.0349918 -0.0206005  0.201605 -0.211259  -9.80465 
             29.2999 -2.68211  2.27725 -40.0908  9.12075  -7.8882 0.222197 0 0 0 -0.186      0  0.086   0.568832  -0.189403 -0.0662606  0.00202999 0.000238786 -0.00039569  -0.137644  0.0371118 -0.0208759  0.200171 -0.210858  -9.80469 
             29.3994 -2.72887   2.1623 -39.9816  9.17081 -7.91864 0.217771 0 0 0 -0.186      0  0.086   0.45326 -0.105027 0.0116129   0.00185259  0.000246655 -0.000452731   -0.13919  0.0375355 -0.0203948  0.199148 -0.211597   -9.8047 
             29.5003 -2.12784   1.7507 -40.2268  9.21687 -7.94869 0.176136 0 0 0 -0.186      0  0.086  0.450893 -0.113415 -0.117622   0.00144679  0.000454065 -0.000356368  -0.141706  0.0369899 -0.0165967  0.197203 -0.212907  -9.80471 
             29.5998 -2.20587  1.45749 -40.0635  9.25998 -7.97271 0.155472 0 0 0 -0.186      0  0.086  0.552054 -0.161173 -0.173415  0.00146442 0.000543655 -0.00039529  -0.142713  0.0377173 -0.0160046   0.19618 -0.213204  -9.80472 
             29.7006 -2.12315  1.53123 -40.2057  9.31075 -8.01355 0.138541 0 0 0 -0.186      0  0.086  0.528652 -0.243062 -0.091018   0.00147832  0.000364235 -0.000329764  -0.144223  0.0387526 -0.0156621  0.194881 -0.213737  -9.80473 
             29.8002 -2.12517  1.40225 -40.2295  9.34264 -8.04901 0.126721 0 0 0 -0.186      0  0.086  0.394548 -0.180609  -0.10893   0.00160691  0.000339351 -0.000376806  -0.145209  0.0403681 -0.0157337  0.193552 -0.213782  -9.80476 
             29.9011 -2.54019   1.9435 -40.3367  9.36709 -8.07658 0.136444 0 0 0 -0.186      0  0.086  0.342094  -0.16784 -0.138843   0.00175837  0.000375492 -0.000294081  -0.145723  0.0422131 -0.0178751  0.192822 -0.213607  -9.80478 
             30.0006 -2.82615  2.24004 -40.2743  9.39304 -8.11328 0.162681 0 0 0 -0.186      0  0.086   0.434167  -0.271151 -0.0134764   0.00207434  0.000247143 -0.000351149  -0.146451  0.0444265 -0.0214823 0.192141 -0.21352 -9.80479 
             30.1001 -2.41188  2.13343 -40.1619  9.42242 -8.15349 0.181597 0 0 0 -0.186      0  0.086  0.341767 -0.283732  0.112561  0.00201204 0.000396739 -0.00037759  -0.147093  0.0459997 -0.0232481  0.191407 -0.213477  -9.80481 
              30.201 -2.83673  1.70881 -39.9253  9.45071 -8.19212 0.189142 0 0 0 -0.186      0  0.086  0.268036 -0.202346  0.121061   0.00207094  0.000598615 -0.000394371  -0.148463  0.0465479 -0.0230546 0.190518  -0.2141 -9.80481 
             30.3005 -2.45596  1.52785 -40.0831  9.46921 -8.21149 0.193122 0 0 0 -0.186      0  0.086  0.299966    -0.183 0.0359837   0.00190363  0.000567866 -0.000336877  -0.148319  0.0471396 -0.0225105  0.190052 -0.213751  -9.80483 
             30.4001 -2.15697  1.78468 -39.9986  9.49967 -8.24458 0.202811 0 0 0 -0.186      0  0.086  0.444342 -0.326446 0.0469362   0.00189318  0.000274162 -0.000332019   -0.14887  0.0480008 -0.0232095  0.189539 -0.213843  -9.80484 
             30.4996 -2.23147  1.11134 -40.0128  9.55666 -8.29045 0.203446 0 0 0 -0.186      0  0.086  0.448072 -0.294109 0.0707177   0.00178631  0.000294612 -0.000339177  -0.150323  0.0474745 -0.0229257  0.189282 -0.214896  -9.80482 
             30.6004   -2.148  1.54729 -40.2161  9.59675 -8.31999 0.178448 0 0 0 -0.186      0  0.086   0.401208   -0.15414 -0.0130332   0.00169901  0.000149826 -0.000357771  -0.151124  0.0471186 -0.0197433  0.188305 -0.215366  -9.80483 
                30.7 -2.37898  1.70133 -39.9767  9.63646 -8.35688 0.179564 0 0 0 -0.186      0  0.086   0.458311  -0.212191 -0.0485419   0.00168589  0.000189312 -0.000386312  -0.152891  0.0480302 -0.0204309  0.187348 -0.216166  -9.80483 
             30.7995 -2.07354  1.70659 -40.2881  9.67004 -8.39203 0.171477 0 0 0 -0.186      0  0.086  0.537656 -0.265217 0.0330601   0.00164207  0.000167602 -0.000333556  -0.153287  0.0495674 -0.0199944  0.186157 -0.215884  -9.80486 
             30.9002 -2.52846  1.62586 -39.9293  9.70856 -8.42845  0.18306 0 0 0 -0.186      0  0.086  0.434717 -0.159869 0.0960825   0.00179079  0.000111729 -0.000371976  -0.154228  0.0510285 -0.0204766  0.185074 -0.215983  -9.80488 
             30.9999   -1.899   1.4115 -40.0597  9.75316 -8.44308 0.167521 0 0 0 -0.186      0  0.086   0.455836   -0.11153 0.00355084   0.00141033   0.00023354 -0.000358609  -0.154635  0.0503199 -0.0178045  0.184699 -0.216386  -9.80487 
             31.1009 -1.93261   1.2657 -39.8139  9.79828 -8.47245 0.168702 0 0 0 -0.186      0  0.086   0.58514 -0.189348 0.0207726   0.00145636  0.000253982 -0.000444171  -0.155864  0.0514074 -0.0178031  0.183633 -0.216778  -9.80488 
             31.2003 -1.98394  1.15224 -40.1049   9.8431 -8.50981 0.162687 0 0 0 -0.186      0  0.086   0.513021   -0.16988 0.00312517    0.0013362   0.00018728 -0.000311969   -0.15702  0.0529489 -0.0173187  0.182209 -0.216967  -9.80491 
             31.3012 -1.48972 0.962945 -40.0858  9.89143 -8.53297 0.131791 0 0 0 -0.186      0  0.086   0.449262  -0.102495 -0.0961925   0.00139368  0.000295971 -0.000385259  -0.158182  0.0527019 -0.0143286   0.18134 -0.217669  -9.80491 
             31.4007 -2.13892 0.761339 -40.0642  9.92609 -8.56662 0.145521 0 0 0 -0.186      0  0.086   0.482496  -0.226347 -0.0525818   0.00136947   0.00020527 -0.000379939  -0.159342  0.0544652 -0.0168728  0.180396 -0.217853  -9.80492 
             31.5002 -1.07823 0.786489 -40.1511  9.96214 -8.60148 0.142353 0 0 0 -0.186      0  0.086   0.524125  -0.298163 -0.0520571   0.00116337 -0.000111234 -0.000350991  -0.159461  0.0560674 -0.0170416  0.179414 -0.217411  -9.80495 
             31.5998 -1.75349 0.585641 -39.9904  10.0133 -8.63748 0.160134 0 0 0 -0.186      0  0.086  0.417799 -0.182279 0.0156847   0.00125868 -0.000120679 -0.000387229  -0.160655  0.0563443 -0.0191906  0.179178 -0.217981  -9.80494 
             31.7006 -1.34624  0.30948 -40.1441  10.0359 -8.66401 0.135596 0 0 0 -0.186      0  0.086   0.367335  -0.180574 -0.0577076  0.000974976 -3.59501e-05 -0.000351672  -0.160754  0.0576368 -0.0162218  0.177989 -0.217759  -9.80497 
             31.8001 -1.64495 0.123772 -39.7775  10.0713 -8.68651 0.118839 0 0 0 -0.186      0  0.086   0.471627  -0.252354 -0.0775539  0.000984007 -0.000170552 -0.000451672  -0.160717  0.0580914 -0.0149956  0.177589 -0.217665  -9.80498 
             31.8997 -0.873916  0.332526  -39.9453  10.1123 -8.72769 0.105732 0 0 0 -0.186      0  0.086   0.419303  -0.291442 -0.0278184  0.000739142 -0.000294855 -0.000362765  -0.161613  0.0591271 -0.0142796  0.176614 -0.217928  -9.80499 
             32.0005 -1.33187 0.362029 -40.1383   10.1527  -8.75793 0.0987032 0 0 0 -0.186      0  0.086    0.347306    -0.21038 -0.00711843   0.00104592 -0.000113937 -0.000396988  -0.162108  0.0589639 -0.0138769  0.176532 -0.218314  -9.80498 
             32.1001 -2.12964   1.3665  -39.772  10.1818 -8.79369 0.134601 0 0 0 -0.186      0  0.086  0.371652 -0.304285 0.0721704    0.0013276  -0.00035266 -0.000504692  -0.163218  0.0599884 -0.0183057  0.175772 -0.218249    -9.805 
             32.1996 -0.955944  0.494025  -39.9295   10.225   -8.835 0.108299 0 0 0 -0.186      0  0.086  0.417533 -0.414186 0.0412346   0.00106845 -1.15819e-05 -0.000437549  -0.163534  0.0595585 -0.0149505  0.175792 -0.218859  -9.80498 
             32.3004 -1.54917 0.852248 -39.9878  10.2685  -8.8815 0.140055 0 0 0 -0.186      0  0.086  0.367186 -0.318934 0.0943098   0.00135337 -9.26646e-05 -0.000404075  -0.164591  0.0597753 -0.0183317 0.175516 -0.21919 -9.80498 
                32.4  -1.5609 0.992771 -39.7453  10.3063 -8.90595 0.167018 0 0 0 -0.186      0  0.086  0.374836 -0.255621 0.0905521   0.00133938 -2.42607e-05 -0.000479558  -0.164415  0.0595934 -0.0201748  0.175779 -0.219028  -9.80498 
             32.4995 -1.29041 0.802901 -39.7683  10.3392  -8.9213 0.174371 0 0 0 -0.186      0  0.086  0.501685 -0.262063 0.0831731   0.00139461  1.90807e-05 -0.000440144  -0.163259  0.0602509 -0.0201494  0.175702 -0.218142    -9.805 
             32.6004 -1.78197 0.982852 -39.8941  10.3944 -8.95122 0.190039 0 0 0 -0.186      0  0.086  0.525938 -0.197169  0.146811   0.00149686  -6.0859e-05 -0.000391244  -0.163701  0.0602509 -0.0211838  0.175663 -0.218363    -9.805 
             32.6999 -1.00206 0.813971 -39.9914    10.44 -8.97078 0.149373 0 0 0 -0.186      0  0.086  0.436269 -0.101448 0.0341327   0.00162656  7.91109e-05 -0.000384471  -0.163908  0.0599919 -0.0153657  0.175267 -0.218771  -9.80499 
             32.8008 -2.34171   1.5651 -39.9879  10.4835 -9.00133 0.129076 0 0 0 -0.186      0  0.086   0.433749  -0.170165 -0.0519689   0.00191221  0.000182137 -0.000399518  -0.165489  0.0603219 -0.0131876   0.17447 -0.219675  -9.80499 
             32.9003 -2.38698  1.64534  -40.022  10.5145 -9.04147 0.121459 0 0 0 -0.186      0  0.086  0.447078 -0.352287 -0.072479   0.00176271  0.000359713 -0.000385381  -0.166304  0.0618414 -0.0131603  0.173339 -0.219738  -9.80501 
             32.9999 -1.46708  1.09181 -39.9167  10.5427 -9.07878 0.145904 0 0 0 -0.186      0  0.086  0.354922 -0.298959  0.103178   0.00139306  0.000680252 -0.000424279   -0.16608  0.0633813 -0.0163536   0.17293 -0.219193  -9.80503 
             33.0994 -2.04492  1.19141 -39.7787  10.5649 -9.11445 0.183539 0 0 0 -0.186      0  0.086 0.293118 -0.20394 0.142977  0.00161341 0.000627165  -0.0004472  -0.166531   0.064931 -0.0194251  0.172399 -0.219068  -9.80504 
             33.2002 -1.92715 0.727003 -39.9786   10.587 -9.15376 0.188418 0 0 0 -0.186      0  0.086  0.379222 -0.276597 0.0356365   0.00161896   0.00068282 -0.000355543   -0.16759   0.066269 -0.0188702 0.171218 -0.21931 -9.80505 
             33.2998 -1.48752  0.47337 -39.8389  10.6271 -9.18748 0.194435 0 0 0 -0.186      0  0.086  0.445247  -0.30744 0.0603119   0.00141464   0.00059249 -0.000444936  -0.167705  0.0666668 -0.0189053  0.170958 -0.219269  -9.80506 
             33.3993 -1.06086 0.752103 -39.9866  10.6691 -9.22572 0.185313 0 0 0 -0.186      0  0.086 0.381545 -0.21098 0.130379   0.00145841  0.000309585 -0.000430188  -0.168902  0.0667061 -0.0167639  0.170287 -0.220007  -9.80505 
             33.5002 -1.50278 0.277503 -39.8329   10.714 -9.26469 0.193817 0 0 0 -0.186      0  0.086  0.430781 -0.216221  0.105272   0.00146462  0.000605711 -0.000507574   -0.17078  0.0667294 -0.0167929  0.169773 -0.221102  -9.80504 
             33.5997 -1.30905 0.633604 -39.8656  10.7561 -9.29488 0.154887 0 0 0 -0.186      0  0.086  0.530414  -0.30666 -0.043645   0.00148258  0.000355824 -0.000509973  -0.170897   0.066768 -0.0119715 0.169195 -0.22141 -9.80504 
             33.7006 -1.66418 0.692315 -39.9069  10.8034 -9.32202 0.152622 0 0 0 -0.186      0  0.086     0.43367   -0.213824 -0.00936957   0.00155429  0.000261979 -0.000448573   -0.17063  0.0674128 -0.0122491 0.168914 -0.22106 -9.80505 
             33.8001 -1.47389 0.836475 -40.1411  10.8564 -9.35264 0.190965 0 0 0 -0.186      0  0.086  0.424929 -0.193647   0.11007   0.00122757  0.000395481 -0.000364631  -0.172292   0.067142 -0.0164103 0.169001 -0.22178 -9.80504 
             33.8996 -1.52163 0.370179   -39.76  10.8816 -9.37064 0.211351 0 0 0 -0.186      0  0.086  0.477955 -0.156257 0.0925771  0.00131814 0.000232834 -0.00046558  -0.17168  0.068969 -0.017588  0.168203 -0.220823  -9.80507 
             34.0006 -1.34147 0.543004 -39.8699  10.9275 -9.39514 0.180739 0 0 0 -0.186      0  0.086  0.577711 -0.263674 0.0120717   0.00131209  2.73368e-05 -0.000394437  -0.171355  0.0694382 -0.0127736  0.167564 -0.220996  -9.80508 
                34.1 -0.759697  0.841755  -39.8119  10.9694 -9.42422 0.184208 0 0 0 -0.186      0  0.086  0.440323 -0.188029  0.070999   0.00129898   -4.993e-05 -0.000414636  -0.171277  0.0704433 -0.0127029  0.166992 -0.220692   -9.8051 
             34.2009 -1.45399  1.75044 -39.7537   10.999 -9.43775 0.176505 0 0 0 -0.186      0  0.086   0.340652  -0.120884 -0.0220648   0.00214715 -0.000285268 -0.000366167  -0.170683  0.0712128 -0.0113439   0.16661 -0.220276  -9.80511 
             34.3004 -2.10266 0.494947 -40.0002   11.052 -9.47081 0.172585 0 0 0 -0.186      0  0.086   0.373532  -0.235464 -0.0347009   0.00187388   0.00032974 -0.000294357  -0.172935  0.0700944 -0.0112487  0.166706 -0.221881  -9.80507 
             34.4013 -1.81446 0.682932 -40.0751  11.1073 -9.51601 0.128168 0 0 0 -0.186      0  0.086  0.506278 -0.375414 -0.116017   0.00148975  0.000230396 -0.000297669    -0.17441   0.0690997 -0.00664977  0.166616 -0.223185  -9.80505 
             34.5008 -1.93383 0.766482 -40.0432  11.1419 -9.56403 0.106235 0 0 0 -0.186      0  0.086  0.403487 -0.349524 -0.132822   0.00160293 -0.000112393 -0.000314577   -0.174944    0.070354 -0.00591779  0.165686 -0.223204  -9.80506 
             34.6003 -1.02577 0.345348 -39.7243  11.1691 -9.59882 0.115234 0 0 0 -0.186      0  0.086  0.369643 -0.311312 -0.110237  0.000982569  7.51443e-05 -0.000421692   -0.174791    0.071579 -0.00829145  0.165272 -0.222659  -9.80508 
             34.7012 -0.896752  0.427219  -39.7025  11.2024 -9.61982 0.126781 0 0 0 -0.186      0  0.086   0.539606  -0.324867 -0.0496816   0.00133265 -0.000143788 -0.000386252  -0.173579  0.0726201 -0.0109001  0.165266 -0.221503  -9.80511 
             34.8008  -1.31947 -0.395307  -39.8578  11.2486 -9.64517 0.141488 0 0 0 -0.186      0  0.086  0.471428 -0.247721  0.133607   0.00157209  8.00805e-06 -0.000326437   -0.17292  0.0731096 -0.0125749  0.165273 -0.220864  -9.80512 
             34.9002  -1.04752 0.0944402  -39.8835  11.2855 -9.66826  0.14035 0 0 0 -0.186      0  0.086   0.376903  -0.191039 0.00760423   0.00152244  -0.00027385 -0.000388009  -0.172691  0.0735355 -0.0114902  0.165049 -0.220741  -9.80513 
             34.9998 -1.35572  0.14949 -39.7844  11.3219 -9.69815 0.134987 0 0 0 -0.186      0  0.086  0.382431 -0.261169 -0.015161   0.00142741 -0.000213078 -0.000432933  -0.173271     0.0737 -0.0107467  0.164815 -0.221128  -9.80512 
             35.0993 -1.80282 0.780201  -38.338    11.34 -9.72661   0.1385 0 0 0 -0.186      0  0.086  0.344019 -0.386916 0.0473677   0.00147548 -0.000525631 -0.000646636  -0.172149  0.0753777 -0.0112381  0.164109 -0.220018  -9.80516 
             35.1988 -1.25767 0.391341 -35.9388  11.3828 -9.76734 0.138256 0 0 0 -0.186      0  0.086  0.287332 -0.357449 0.0667847    0.0010505 -0.000192262 -0.000845569  -0.172948  0.0745914 -0.0106907  0.164427 -0.220697  -9.80514 
             35.2984 -2.04917 0.425859 -32.7923  11.4228 -9.78592 0.116245 0 0 0 -0.186      0  0.086   0.338093  -0.291051 -0.0717953   0.00101286  0.000116874 -0.000947563   -0.172208   0.0729819 -0.00811164  0.165318 -0.220733  -9.80512 
             35.3979  -2.00843 -0.188564  -27.9062   11.4907   -9.8064 0.0947895 0 0 0 -0.186      0  0.086  0.489502 -0.341452 -0.279785 0.000422108 0.000334519 -0.00122493  -0.173315  0.0708851 -0.0070978   0.16665 -0.220713   -9.8051 
             35.4988 -1.28218 -0.32129 -22.4756   11.5589   -9.8247 0.0854676 0 0 0 -0.186      0  0.086   0.69252 -0.405572 -0.227378 -0.00037843 0.000103389 -0.00137515   -0.173464   0.0692544 -0.00841255 0.166638 -0.21962 -9.80513 
             35.5997 -0.700992  0.749483   -16.804   11.5855   -9.8379 0.0910098 0 0 0 -0.186      0  0.086   0.472948  -0.236038 -0.0605383 -0.000541785 -0.000695069  -0.00141782  -0.170031  0.0659343 -0.0103065  0.162947 -0.221344  -9.80515 
             35.7005 -2.25968  1.07611 -11.4647   11.6548  -9.82623 0.0735199 0 0 0 -0.186      0  0.086   0.490756 -0.0877552 -0.0216872 -0.000377473 -0.000795138  -0.00140772   -0.174258    0.063462 -0.00928618  0.160918 -0.217691  -9.80526 
             35.7997 -1.42008 0.990103 -5.88215   11.7297  -9.80464 0.0564767 0 0 0 -0.186      0  0.086  0.640384 -0.033191 -0.054161   -0.0011192 -0.000937974  -0.00152909   -0.180795   0.0613247 -0.00849009  0.157319 -0.212484  -9.80544 
             35.9009 -1.39305  1.49198 0.186153   11.7986  -9.77515 0.0248269 0 0 0 -0.186      0  0.086  0.736869 0.0937892  -0.14857 -0.00117281  -0.0011185 -0.00165597   -0.185519    0.053554 -0.00614717  0.149194 -0.212268  -9.80557 
             36.0018 -1.73673  1.31291  5.56194   11.8721  -9.76023 0.0645988 0 0 0 -0.186      0  0.086  0.682399 0.0445955 0.0268238 -0.00155434 -0.00129852 -0.00158809  -0.188705   0.053097 -0.0114811  0.146811 -0.209907  -9.80565 
             36.1013 -0.378459   1.54741    11.756   11.8705  -9.72861 0.0563287 0 0 0 -0.186      0  0.086   0.520102   0.200368 -0.0623032 -0.00226838 -0.00138541 -0.00179641  -0.184936  0.0225637 -0.0107861  0.126135 -0.231308  -9.80546 
             36.2009 -0.49548  1.45307  17.5757  11.9123 -9.67962 0.043667 0 0 0 -0.186      0  0.086  0.627851  0.414769 -0.172788 -0.00200272 -0.00162423 -0.00164909  -0.190715  0.0104366 -0.0110618  0.113751 -0.234824  -9.80553 
             36.3017 -0.485076   1.23446    23.172   11.9616  -9.61001 0.0402526 0 0 0 -0.186      0  0.086  0.629651   0.46732 0.0282651 -0.00190252 -0.00189498 -0.00159243   -0.198986 -0.00535263    -0.01287 0.0971829 -0.239385   -9.8056 
             36.4013 -0.639689   1.29035   28.8918   11.9993  -9.54837 0.0296409 0 0 0 -0.186      0  0.086    0.474864    0.406086 -0.00470448 -0.00187192 -0.00226109 -0.00168153  -0.207896 -0.0212149 -0.0124605 0.0802582 -0.243965  -9.80564 
             36.5008 0.253883  1.39975  34.8573   12.0253  -9.49459 0.0210421 0 0 0 -0.186      0  0.086   0.432356   0.399166 -0.0574093 -0.00291739 -0.00235731 -0.00169964  -0.215297 -0.0378409  -0.012565 0.0639041 -0.250433  -9.80559 
             36.6017 0.332818  1.35607  40.2415   12.0361   -9.4463 0.0617552 0 0 0 -0.186      0  0.086  0.52901 0.463734 0.110081 -0.00258583 -0.00292996 -0.00161508  -0.216313 -0.0639856  -0.017864 0.0456331 -0.268182  -9.80523 
             36.7011 -1.09996  1.27379  45.9934   12.0739  -9.40296 0.0839537 0 0 0 -0.186      0  0.086  0.41848 0.497088  0.20416 -0.00213611 -0.00320855  -0.0016505  -0.212176 -0.0733134 -0.0190081 0.0424198 -0.277574  -9.80498 
              36.802 -0.555146   1.20763    50.496    12.077  -9.33633 0.0599337 0 0 0 -0.186      0  0.086 0.268795 0.424584 0.133208 -0.00298945 -0.00350627  -0.0014128  -0.228017    -0.1011 -0.0149404 0.0130862 -0.287386  -9.80478 
             36.9016 0.656969  1.36123  54.9449    12.085  -9.30612 0.0849682 0 0 0 -0.186      0  0.086  0.110286  0.465847 0.0772004 -0.00295123 -0.00315342  -0.0013221  -0.221595  -0.108884 -0.0163563  0.012736 -0.297191  -9.80449 
             37.0024 0.365288  1.13491   57.651   12.0696  -9.25888 0.0535381 0 0 0 -0.186      0  0.086 -0.0265894   0.648784 0.00116016 -0.00211662 -0.00315411 -0.00101783   -0.21782  -0.122773 -0.0123439 0.00677593  -0.309777    -9.8041 
              37.102 1.72346 1.10197 59.3258   12.0441  -9.18469 0.0369031 0 0 0 -0.186      0  0.086 -0.0231463   0.575283  0.0352298  -0.00195055  -0.00313712 -0.000724044  -0.229278  -0.140941 -0.0112849 -0.0130565  -0.316142    -9.8039 
             37.2015 -0.407885   2.32578   60.2151  12.0329  -9.1269 0.175572 0 0 0 -0.186      0  0.086 0.050089 0.503272    0.419 -0.000543404  -0.00323482 -0.000390893  -0.231727   -0.15032 -0.0254699 -0.0207401  -0.321727    -9.8037 
              37.301 -0.160815   1.65726   59.5795  12.0465 -9.11074 0.190682 0 0 0 -0.186      0  0.086 0.297021 0.362357 0.325826  -0.00106835  -0.00287918 -0.000257953  -0.212168  -0.151604 -0.0218897 -0.00685936   -0.334623    -9.80329 
             37.4005 0.542462  1.47798  59.6996  12.1045 -9.12713 0.144193 0 0 0 -0.186      0  0.086  0.451329  0.279676 -0.027211  -0.00139687  -0.00255758 -0.000308426  -0.175898  -0.141877 -0.0123248 0.0264163 -0.349301  -9.80274 
             37.5001 0.429095  1.36085   59.859   12.1754  -9.11419 0.0983666 0 0 0 -0.186      0  0.086    0.381784    0.222959 -0.00879212  -0.00120214  -0.00246004 -0.000380622   -0.164358   -0.124731 -0.00626277 0.0455834 -0.343336  -9.80288 
             37.5993 -0.112245   1.46823    59.889   12.231 -9.08818  0.06506 0 0 0 -0.186      0  0.086   0.355038   0.240425 -0.0684805 -0.000840197  -0.00250753  -0.00035917   -0.163467   -0.111622 -0.00240769 0.0542398 -0.333976  -9.80316 
             37.6992 -0.230228   1.30828   59.5863   12.2228  -9.06935 0.0163971 0 0 0 -0.186      0  0.086  0.134625  0.334423 -0.254376 -0.000896291  -0.00215706 -0.000367241  -0.163918  -0.134607 0.00140669 0.0399821 -0.350953  -9.80264 
                37.8 1.40043  1.9737 60.0236    12.2386   -9.02552 -0.0279081 0 0 0 -0.186      0  0.086 0.0645476  0.260169 -0.242522  -0.00107362  -0.00208545 -0.000428194  -0.171426  -0.131123 0.00340639 0.0364376 -0.343767  -9.80291 
             37.8995 -0.294414   1.98898   59.7847     12.2533    -8.99311 -0.00424792 0 0 0 -0.186      0  0.086 0.0624431  0.197988 -0.148315 -0.000335325  -0.00187608  -0.00037824    -0.17577   -0.125604 -0.00217405 0.0364714 -0.337012  -9.80314 
             38.0004 0.553048  1.47651  58.5693     12.2323    -8.92425 -0.00453094 0 0 0 -0.186      0  0.086 0.0920733  0.297889  -0.17762  -0.00098999  -0.00175893 -0.000378525   -0.207333   -0.140794 -0.00566944 0.00344891   -0.32923   -9.80347 
             38.0999 0.935366   1.3105  58.6763     12.2705    -8.90302 -0.00016941 0 0 0 -0.186      0  0.086   0.316634   0.339217 -0.0851185 -0.000932776  -0.00209756 -0.000414572      -0.198   -0.129988 -0.00752755 0.0170294 -0.326831  -9.80354 
             38.1994 0.0605508   1.43018   58.6867    12.3216   -8.87053 0.00929586 0 0 0 -0.186      0  0.086    0.302837    0.216407 0.000520943 -0.000709072  -0.00226576 -0.000404302    -0.19652    -0.11871 -0.00931272 0.0250011 -0.319309  -9.80377 
              38.299 0.267036  1.67179  58.8316   12.3785  -8.84375 0.0811447 0 0 0 -0.186      0  0.086  0.29853 0.189144 0.132601 -0.000244506  -0.00240644 -0.000357695  -0.196516  -0.104201 -0.0164759 0.0338213 -0.308536  -9.80409 
             38.3999 0.343655  1.32482  58.8864   12.4079   -8.8027 0.0765704 0 0 0 -0.186      0  0.086  0.312773  0.292882 0.0326139 -0.000774598  -0.00254322 -0.000349903  -0.206394  -0.104522 -0.0151968 0.0262467 -0.302711  -9.80429 
             38.4994 0.697779  1.21979   58.766   12.4438  -8.72491 0.0707977 0 0 0 -0.186      0  0.086    0.367483    0.513212 -0.00842012 -0.000901018  -0.00250436 -0.000289688  -0.225075  -0.102043 -0.0150549 0.0138179 -0.289409  -9.80472 
             38.6002 0.891986  1.09386  58.5771   12.4766  -8.65956 0.0642999 0 0 0 -0.186      0  0.086  0.327896  0.378946 0.0935184 -0.000967037  -0.00270918  -0.00027619  -0.235764  -0.102252 -0.0140773 0.00573349  -0.282989   -9.80492 
             38.6998 0.845138  1.18768  58.7622   12.4933  -8.61505 0.0592162 0 0 0 -0.186      0  0.086   0.300199   0.363374 0.00347492  -0.00108459  -0.00265747 -0.000363139  -0.241215  -0.108539 -0.0132787 -0.0021761  -0.284299   -9.80488 
             38.8006 0.434684  1.39324  58.8256  12.5304 -8.56035 0.068325 0 0 0 -0.186      0  0.086   0.433777   0.502744 -0.0238151 -0.000726141  -0.00267345 -0.000298296 -0.246942 -0.107063 -0.014712 -0.00554282   -0.279698    -9.80501 
             38.9002 0.629135  1.24643   58.784   12.5829   -8.5185 0.0524339 0 0 0 -0.186      0  0.086  0.458249  0.385744 0.0570223 -0.000784344  -0.00285083 -0.000314028  -0.242462  -0.104487 -0.0127444 -0.000612743    -0.280524     -9.80499 
             39.0011 0.417642  1.63844  58.7226   12.6201  -8.48838 0.0705808 0 0 0 -0.186      0  0.086  0.377912  0.294285 0.0569497  -0.00089969  -0.00276335 -0.000307959  -0.240796  -0.106044 -0.0140824 -0.000344796    -0.282714     -9.80492 
             39.1006 0.759361   1.6765  58.8528   12.6483  -8.46194 0.0755443 0 0 0 -0.186      0  0.086   0.309362   0.336488 0.00066844 -0.000686418  -0.00258545 -0.000317414  -0.239781  -0.108326 -0.0142706 -0.000994211    -0.285029     -9.80486 
             39.2001 0.326606  1.18915  58.6423   12.6681  -8.42733 0.0532281 0 0 0 -0.186      0  0.086   0.330115   0.466682 -0.0404049 -0.000536031  -0.00250616 -0.000249579  -0.239013  -0.113189 -0.0121897 -0.00338772   -0.289086    -9.80474 
             39.2996 0.569476  1.33563  58.6525  12.6843 -8.38334 0.051537 0 0 0 -0.186      0  0.086  0.245363  0.366848 0.0630458 -0.000671577  -0.00247877 -0.000242229   -0.24107  -0.119347 -0.0116161 -0.00868377   -0.292375    -9.80464 
             39.4005 -0.483244   1.65776   57.7477  12.7029 -8.34326 0.057274 0 0 0 -0.186      0  0.086  0.221513  0.296638 0.0203697 -2.97659e-05  -0.00252468 -0.000236562  -0.244169  -0.120668 -0.0118374 -0.0117932  -0.291452   -9.80466 
                39.5 0.230916  1.40271   57.053   12.7106  -8.32409 0.0393607 0 0 0 -0.186      0  0.086   0.253899   0.336103 -0.0599096 -0.000232484  -0.00248315 -0.000315363  -0.241235   -0.12696 -0.0099099 -0.0134614  -0.297883   -9.80447 
             39.5996 0.228452  1.31814  57.0827  12.7432 -8.29291 0.024977 0 0 0 -0.186      0  0.086   0.351917    0.32409 -0.0545273 -0.000280991  -0.00247698 -0.000305508    -0.23928   -0.126405 -0.00907127 -0.0116656  -0.298669   -9.80445 
             39.7004 0.139815  1.34429  57.3258   12.7756  -8.26711 0.0206551 0 0 0 -0.186      0  0.086  0.22345 0.161218 0.043872 -0.000156118  -0.00239695 -0.000323715     -0.2388   -0.123973 -0.00883674 -0.00981358   -0.297174    -9.80449 
                39.8 -0.0848527    1.23998    57.2126     12.7961    -8.23445 -0.00923858 0 0 0 -0.186      0  0.086   0.21079  0.254751 -0.136562 -0.000394569  -0.00243852 -0.000343831   -0.244299   -0.124133 -0.00662046 -0.0139285  -0.293879   -9.80459 
             39.8995 -0.291519   1.38705   57.4322    12.8421   -8.20606 -0.0180809 0 0 0 -0.186      0  0.086  0.316765  0.365177 -0.144564  9.70685e-05   -0.0024645 -0.000306947   -0.242083   -0.116098 -0.00712101 -0.00735473   -0.289364    -9.80473 
             40.0003 -0.436977   1.06081   57.0929     12.867   -8.15314 -0.0435284 0 0 0 -0.186      0  0.086   0.246546   0.391162 -0.0460244 -0.000235155  -0.00255907 -0.000305714   -0.247329   -0.118191 -0.00609839 -0.012479 -0.287644  -9.80477 
             40.0999 -0.313863   1.46269   57.0839     12.8954    -8.11042 -0.00282781 0 0 0 -0.186      0  0.086   0.202019   0.327804 0.00688534  -1.6424e-05  -0.00249238 -0.000293472  -0.249864  -0.115779 -0.0108153 -0.0129267  -0.284365   -9.80487 
             40.2008 0.245868  1.19893  57.1686     12.923   -8.06623 0.00608336 0 0 0 -0.186      0  0.086    0.262736    0.371121 -0.00645218 -0.000611711  -0.00243825 -0.000368935  -0.253302  -0.114015 -0.0118732 -0.0143708  -0.280962   -9.80496 
             40.3003 0.0573007   1.34345   57.0563    12.955  -8.01987 0.0131329 0 0 0 -0.186      0  0.086 0.373408 0.536072 0.129613 -0.000355745  -0.00262587 -0.000292857  -0.254245  -0.113914 -0.0126972 -0.0150133  -0.280314   -9.80498 
             40.4011 -0.581272   1.53508   57.0956   13.0023  -7.97066 0.0274074 0 0 0 -0.186      0  0.086 0.305637 0.421411 0.152143 -0.000203099  -0.00262087 -0.000323498  -0.253303  -0.110459 -0.0129763 -0.0121962  -0.278384   -9.80504 
             40.5007 0.00807985    1.32311    56.9823   13.0396  -7.93098 0.0327527 0 0 0 -0.186      0  0.086  0.280513  0.295623 0.0844487 -0.000763105  -0.00239698 -0.000327809  -0.254547  -0.107787 -0.0122529 -0.0114354  -0.275663   -9.80512 
             40.6002 0.462779  1.27794   57.178   13.0589  -7.91678 0.0264444 0 0 0 -0.186      0  0.086  0.240842  0.249564 0.0329224  -0.00066469  -0.00250809 -0.000358078  -0.250734  -0.109858 -0.0108976 -0.00991374   -0.279514    -9.80501 
             40.6999 0.331288  1.31395  57.1582   13.0779  -7.88535 0.0187915 0 0 0 -0.186      0  0.086  0.286658  0.405221 0.0216308 -0.000427844  -0.00255335 -0.000288473  -0.251055  -0.111654 -0.0101636 -0.011243 -0.280611  -9.80498 
             40.8006 0.183002  1.46349  57.1548   13.1051  -7.84782 0.0313863 0 0 0 -0.186      0  0.086  0.175977  0.350034 0.0329401  -0.00034249  -0.00256005 -0.000298451  -0.250552  -0.110932 -0.0110937 -0.010448 -0.280409  -9.80499 
             40.9001 -0.388341   1.94067    57.066   13.1307  -7.81223 0.0357835 0 0 0 -0.186      0  0.086   0.200322   0.295966 -0.0193432 -0.000301572  -0.00252342 -0.000308256  -0.251476  -0.108731 -0.0113197 -0.00976245   -0.278244    -9.80505 
             40.9997 0.33504 1.42106  56.994   13.1469  -7.77828 0.0151558 0 0 0 -0.186      0  0.086  0.282547  0.386397 -0.102963 -0.000646783  -0.00225233 -0.000259132  -0.252595  -0.110457 -0.0100356 -0.0116201   -0.27879   -9.80503 
             41.1005 0.492346  1.31957  57.0782     13.1813    -7.74101 -0.00428798 0 0 0 -0.186      0  0.086   0.256671   0.385017 -0.0854988 -0.000608351  -0.00228096 -0.000286915   -0.251398   -0.109277 -0.00950695 -0.0100157  -0.278674   -9.80504 
                41.2 0.887324   1.0279  57.3452    13.2023    -7.6953 -0.0285977 0 0 0 -0.186      0  0.086   0.13291  0.312412 -0.100259 -0.000837072   -0.0023363 -0.000353332   -0.254734   -0.108843 -0.00805835 -0.012138 -0.276288   -9.8051 
             41.3009 -0.145443   1.38236   56.4167     13.221   -7.66745 -0.0221598 0 0 0 -0.186      0  0.086  0.0939025   0.276687 -0.0860704 -0.000179467  -0.00228301 -0.000150868    -0.25374   -0.106624 -0.00958327 -0.0100699  -0.275312   -9.80513 
             41.4004 0.376912      1.4  54.9089    13.2295   -7.64631 -0.0200069 0 0 0 -0.186      0  0.086  0.142634  0.383818 -0.110518  -0.00024249  -0.00225769 -0.000168426  -0.251538  -0.107616 -0.0105231 -0.00910735   -0.277397    -9.80507 
                41.5 0.56546 1.21769 54.8298   13.2721  -7.59923 -0.024978 0 0 0 -0.186      0  0.086  0.213422  0.492698 -0.102313 -0.000282658  -0.00224401 -0.000298987  -0.250523  -0.100945 -0.0111551 -0.00425175   -0.273244    -9.80519 
             41.5995 0.688234  1.12112  54.6569   13.2939  -7.55533 -0.025156 0 0 0 -0.186      0  0.086    0.137083     0.35669 -0.00588709 -0.000107936  -0.00240951 -0.000305687  -0.250893 -0.0997037 -0.0115747 -0.00375087   -0.272131    -9.80522 
             41.6991 0.547247  1.14858  55.0141    13.3208   -7.51691 -0.0260463 0 0 0 -0.186      0  0.086  0.208602  0.346617 -0.084578 -0.000458101  -0.00221631 -0.000368969  -0.251702 -0.0966148 -0.0119838 -0.00240928    -0.26943     -9.8053 
             41.7999 0.577611  1.29375  54.9953   13.3529  -7.47051 -0.016166 0 0 0 -0.186      0  0.086   0.362464   0.413967 -0.0611204 -0.000577395  -0.00216939 -0.000344918  -0.253698 -0.0957454 -0.0138984 -0.0033108  -0.267578   -9.80535 
             41.8994 0.536957  1.19454  54.9775     13.3875    -7.43181 -0.00215364 0 0 0 -0.186      0  0.086  0.307005  0.276959 0.0744719 -0.000610315  -0.00222538 -0.000355626  -0.254098 -0.0960924 -0.0151436 -0.00382789   -0.267583    -9.80535 
             42.0003 -0.113616   1.48525   54.8245   13.4328  -7.40039 0.0247088 0 0 0 -0.186      0  0.086 0.276758 0.210238 0.061985 -0.000320654  -0.00243194 -0.000270064  -0.254798 -0.0916897 -0.0170962 -0.00159118    -0.26405    -9.80545 
             42.1012 0.20359 1.43215 53.8655   13.4586   -7.3798 0.0466999 0 0 0 -0.186      0  0.086 0.255699 0.193146 0.108594 -0.000191861  -0.00241459 -0.000113407  -0.254951 -0.0919033 -0.0184383 -0.00185041   -0.264116    -9.80544 
             42.2007 0.786389  1.45308  52.0036   13.4895  -7.35037 0.0527539 0 0 0 -0.186      0  0.086   0.34409  0.356502 0.0743173 -0.000183629  -0.00230347   7.4168e-05  -0.255467  -0.091111 -0.0181851 -0.00171374   -0.263232    -9.80547 
             42.3016 0.680299  1.67857  48.9852   13.5345  -7.32455 0.0569796 0 0 0 -0.186      0  0.086 0.353403 0.313905 0.233454 0.000128901 -0.00231217 0.000301994  -0.252797 -0.0892355 -0.0172044 0.00135573  -0.263594   -9.80546 
             42.4011 1.33161 1.78872 45.7561   13.5767  -7.25235 0.0376921 0 0 0 -0.186      0  0.086  0.258362  0.400998 0.0914053 0.000449949 -0.00211056 0.000249774  -0.260777 -0.0856343 -0.0146419 -0.00190325   -0.255993    -9.80566 
              42.502 1.49567  1.8851 40.0634  13.6293 -7.21521 0.029048 0 0 0 -0.186      0  0.086  0.360848  0.346586 -0.065603 0.000576428 -0.00183227 0.000642496  -0.259598 -0.0797052 -0.0136659 0.00272076  -0.252692   -9.80574 
             42.6002 1.10193 1.90116 34.4212   13.6798  -7.18631 0.0274793 0 0 0 -0.186      0  0.086  0.542446  0.433567 -0.112187  0.00129939 -0.00179176 0.000768732  -0.257141 -0.0778704 -0.0142158 0.00558806  -0.253088   -9.80573 
             42.6997 0.0499728   1.79665   30.2698   13.7411  -7.19704 0.0287299 0 0 0 -0.186      0  0.086   0.469652   0.223123 -0.0302424  0.00173985 -0.00175902 0.000614542  -0.248355 -0.0751946 -0.0145388 0.0132291 -0.257314  -9.80562 
             42.7979 0.227123  1.91825  27.3418   13.7927  -7.21799 0.0388223 0 0 0 -0.186      0  0.086  0.454496 0.0314872 0.0205547  0.00131008 -0.00176749  0.00040906  -0.242438 -0.0730946 -0.0149856  0.018507 -0.260158  -9.80553 
             42.8974 -0.185043   1.64107   25.1885  13.8263 -7.22119 0.037236 0 0 0 -0.186      0  0.086   0.482484  0.0155739 0.00117915  0.00107173  -0.0018373 0.000243468   -0.24163 -0.0751108 -0.0146466 0.0175822 -0.261918  -9.80549 
              42.997 -0.131987   1.56974   24.3501   13.8757  -7.22584 0.0306218 0 0 0 -0.186      0  0.086    0.608879 -0.00916456    0.167341 0.000734764 -0.00193859 5.14879e-05  -0.240801 -0.0757256 -0.0140143  0.017626 -0.262868  -9.80546 
             43.0978 -0.382507   1.58101   24.0561   13.9234  -7.21515 0.0335231 0 0 0 -0.186      0  0.086  0.483948 -0.110711 0.0807365 0.000580765 -0.00207669 -9.6685e-05  -0.242851 -0.0783765 -0.0133617  0.014499 -0.262636  -9.80547 
             43.1987 -1.07419  1.59695  24.2575    13.974   -7.2283 0.0781402 0 0 0 -0.186      0  0.086  0.441083 -0.149744  0.101955  0.000229457   -0.0020073 -0.000241386   -0.24291 -0.0779646 -0.0164101 0.0147576 -0.262403  -9.80548 
             43.2995 1.04827 1.88087 24.2043   14.0149  -7.21066 0.0424696 0 0 0 -0.186      0  0.086   0.475795  -0.106834 -0.0608629 -0.000460269   -0.0021839 -0.000185981  -0.246787 -0.0804635 -0.0130147  0.010954 -0.260495  -9.80553 
             43.4004 -0.291983   1.60647   24.0798  14.0558 -7.19828 0.050059 0 0 0 -0.186      0  0.086    0.53765 0.00212604  0.0446167  0.000590338  -0.00217436 -0.000116531  -0.248371 -0.0833368 -0.0140557 0.00795281  -0.260521   -9.80554 
              43.501 -0.227149   1.38488   24.2045   14.1048  -7.16419 0.0629477 0 0 0 -0.186      0  0.086  0.403054 0.0539498  0.153167  0.000527776  -0.00225752 -0.000180032  -0.252042 -0.0852627 -0.0144742 0.00476027   -0.25847   -9.80559 
             43.6021 0.0260914   1.65643   23.8841   14.1387  -7.14001 0.0731258 0 0 0 -0.186      0  0.086 0.357303 0.112677  0.11412  0.000318005  -0.00255593 -0.000131022  -0.253871  -0.086881 -0.0143386 0.0026735 -0.257739  -9.80561 
             43.7017 0.0386121   1.73361   24.1231   14.1898  -7.10509 0.0690357 0 0 0 -0.186      0  0.086  0.457749  0.257191 0.0332769  0.000287418  -0.00256552 -0.000213308 -0.256416 -0.086331 -0.013439 0.00200791  -0.255488   -9.80567 
             43.8012 0.116483  1.51525  23.9797   14.2461  -7.07254 0.0766434 0 0 0 -0.186      0  0.086  0.562149  0.314178 0.0990559  0.00020311 -0.00261826 -0.00015122  -0.256865 -0.0860412 -0.0135454 0.00204169  -0.255006   -9.80568 
             43.9007 0.600594  1.89909  24.0763   14.2915  -7.04103 0.0758783 0 0 0 -0.186      0  0.086 0.444576 0.229844 0.159405  0.000103492  -0.00298898 -0.000176505  -0.257177 -0.0870177 -0.0121435 0.00114806  -0.255186   -9.80568 
             44.0004 -0.459363   1.29976   24.1615  14.3149 -7.02956 0.101635 0 0 0 -0.186      0  0.086 0.396269 0.194454 0.137595  0.000498871  -0.00262768 -0.000170458  -0.255531  -0.088576 -0.0129385 0.000618438   -0.257178    -9.80563 
             44.1012 1.12253 1.79067 24.2197   14.3528  -7.00493 0.0592561 0 0 0 -0.186      0  0.086   0.483815   0.277283 -0.0859555 -0.000155324  -0.00289096 -0.000198882   -0.255327  -0.0893837 -0.00868461 0.000103024   -0.257667    -9.80562 
             44.2006 -0.468562   1.62876   23.9958   14.3892  -6.94908 0.0965475 0 0 0 -0.186      0  0.086 0.350096 0.282175 0.192553  0.000230321  -0.00258728 -0.000123598   -0.25802 -0.0920413 -0.0111423 -0.00317419   -0.256743    -9.80564 
             44.3002 0.286689  1.71951  23.8603  14.4299 -6.90623  0.12812 0 0 0 -0.186      0  0.086 0.313445 0.261581 0.215974  -0.00017011  -0.00271222 -0.000106359  -0.260109 -0.0921063 -0.0120665 -0.00413671   -0.255135    -9.80568 
              44.401 0.965789  2.15869  23.9599  14.4675 -6.87386  0.10604 0 0 0 -0.186      0  0.086  0.420646  0.377298 0.0656351 -0.000380584  -0.00269906 -0.000122122    -0.26046  -0.0918097 -0.00902625 -0.00403354   -0.254707    -9.80569 
             44.5005 0.98448 2.02942 24.0191  14.5183 -6.83558 0.105682 0 0 0 -0.186      0  0.086 0.430038 0.355274 0.281073 -0.000335399  -0.00263777 -0.000157632  -0.260723  -0.091021 -0.0077388 -0.0035221  -0.254146   -9.80571 
             44.6001 0.900698  2.26098  24.2017  14.5602 -6.81096 0.100122 0 0 0 -0.186      0  0.086 0.382188 0.237317 0.159497 -1.27879e-05  -0.00279158 -0.000255438    -0.26034  -0.0902514 -0.00566582 -0.00275006   -0.254099    -9.80571 
              44.701 1.53346 2.13993 24.1418   14.5932  -6.77567 0.0805993 0 0 0 -0.186      0  0.086  0.492571  0.209114 0.0198215 -0.000618299  -0.00266578 -0.000197174   -0.26162 -0.0921439 -0.0032598 -0.00479182     -0.2539    -9.80571 
             44.8005 -0.0396008    1.50328    24.0044   14.6566  -6.75373 0.0849948 0 0 0 -0.186      0  0.086  0.628291  0.221482 0.0213251  9.96798e-05  -0.00235514 -0.000151633   -0.261856  -0.0914651 -0.00341977 -0.00436122   -0.253423    -9.80572 
                44.9 0.518385  1.81466  24.1861   14.6981  -6.73664 0.0944444 0 0 0 -0.186      0  0.086 0.461345 0.129139 0.150449 -4.53683e-05   -0.0025681 -0.000192326   -0.261456  -0.0932699 -0.00331805 -0.00560106   -0.254513     -9.8057 
             45.0009 0.426832  1.67774  23.9473   14.7292  -6.73256 0.0836123 0 0 0 -0.186      0  0.086  0.422296 0.0861019 0.0423813  0.000182911  -0.00244854 -9.34506e-05   -0.260399  -0.0943244 -0.00166248 -0.00598469   -0.255786    -9.80566 
             45.1004 -0.0292898    1.58116      24.06   14.7769   -6.7192 0.0942121 0 0 0 -0.186      0  0.086  0.558459  0.152922 0.0292639 0.000368551 -0.00248886 -0.00014716    -0.26063  -0.0943577 -0.00238529 -0.00610365   -0.255624    -9.80567 
                45.2 1.03339 2.11684 24.0345   14.8233  -6.69509 0.0942802 0 0 0 -0.186      0  0.086 0.485673 0.149837 0.145604 -0.000109516  -0.00293495 -0.000121242   -0.261353  -0.0961218 -0.00221757 -0.00778873   -0.255808    -9.80566 
             45.3008 1.20723  1.8586 23.6473   14.8663  -6.67728 0.0228994 0 0 0 -0.186      0  0.086   0.406372   0.110126 -0.0684575  0.000500873  -0.00288802 -0.000106414   -0.26218 -0.0961986 0.00406076 -0.00823613   -0.255144    -9.80568 
             45.4003 0.334141  1.77107  23.9822   14.8997  -6.65491 0.0567532 0 0 0 -0.186      0  0.086   0.439257  0.0946158 -0.0165791  0.000476841  -0.00279669 -0.000137353   -0.263219  -0.0981787 0.000591492 -0.0101928  -0.255201   -9.80567 
             45.4999 0.0705846    1.7347   24.0009   14.9454  -6.64947 0.0793815 0 0 0 -0.186      0  0.086  0.601107 0.0555552 0.0582787  0.000489278  -0.00283682 -0.000120267   -0.262661  -0.0990343 -0.00153928 -0.0106109  -0.256019   -9.80565 
             45.6007 1.18232 2.32944  24.057  15.0164 -6.65108 0.117621 0 0 0 -0.186      0  0.086  0.55093 0.020739  0.15092  0.000166592  -0.00341704 -0.000145184    -0.26249  -0.0973737 -0.00365648 -0.00923446   -0.255482    -9.80567 
             45.7003 -0.372076   1.47252   23.9604  15.0692 -6.64027  0.16558 0 0 0 -0.186      0  0.086  0.516342 0.0875331  0.214195   0.00125801  -0.00291402 -0.000130502   -0.263057  -0.0977187 -0.00626312 -0.00972782   -0.255212    -9.80567 
             45.7998 0.0451473   1.74315   23.9864   15.101 -6.62797 0.155971 0 0 0 -0.186      0  0.086   0.60372  0.192217 0.0923386  0.000656125  -0.00332316 -0.000121388    -0.26235   -0.100699 -0.00406913 -0.0117597  -0.256975   -9.80563 
             45.9007 -0.548435      1.66   23.9836  15.1538 -6.59883  0.16734 0 0 0 -0.186      0  0.086 0.599792 0.298388 0.217797   0.00110069  -0.00346598 -0.000104371  -0.262364  -0.102538 -0.0039512 -0.0131949  -0.257723    -9.8056 
             46.0002 -0.0318384     1.7704      23.91   15.227 -6.52704 0.153902 0 0 0 -0.186      0  0.086  0.537049  0.347554 0.0818801  0.000973555  -0.00351653 -0.000120042   -0.267484   -0.102877 -0.00177041 -0.0155442  -0.253857    -9.8057 
             46.0997 0.0380453    1.7776   24.0516  15.2422 -6.51423 0.141506 0 0 0 -0.186      0  0.086   0.485048   0.302467 -0.0179264  0.000702194  -0.00348838 -0.000165762    -0.264137    -0.106039 -0.000262352  -0.01662 -0.257745   -9.8056 
             46.2006 -0.943344   1.48796   24.0555  15.2785 -6.50283 0.161041 0 0 0 -0.186      0  0.086  0.586041  0.313674 0.0232855   0.00128584  -0.00342359 -0.000125223   -0.261357   -0.106766 -0.00189258 -0.0160736  -0.260212   -9.80553 
             46.3001 -1.00384  1.22844  24.0555  15.3277 -6.48013 0.162122 0 0 0 -0.186      0  0.086 0.556479 0.363652 0.186377   0.00141571  -0.00344681 -0.000102431   -0.259617   -0.107588 -0.00112036 -0.0159937  -0.261893   -9.80549 
              46.401 -1.48453  1.03322  24.0839  15.3768 -6.45403 0.176468 0 0 0 -0.186      0  0.086 0.466728 0.287253 0.139261   0.00139436  -0.00332912 -3.11417e-05    -0.258875    -0.107426 -0.000970651 -0.015566 -0.262402  -9.80548 
             46.5005 -0.77506  1.38666  23.9925  15.4125 -6.44326 0.172292 0 0 0 -0.186      0  0.086  0.472389  0.285375 0.0271247   0.00128737  -0.00325271 -7.26122e-05   -0.256533   -0.107681 0.000363402 -0.0147866  -0.264311   -9.80543 
             46.6001 -0.940266   1.28788   24.1224  15.4716 -6.42177 0.160934 0 0 0 -0.186      0  0.086  0.608161  0.359396 0.0231774   0.00136861  -0.00311972 -0.000109234  -0.255521  -0.106421 0.00155162 -0.0133701  -0.264581   -9.80542 
             46.6996 -0.729139   1.27735    23.942  15.5162 -6.39154   0.1557 0 0 0 -0.186      0  0.086  0.470711  0.288384 0.0328834    0.0013818  -0.00303966 -5.28282e-05  -0.254714  -0.107352 0.00251994 -0.013734 -0.265573  -9.80539 
             46.8004 -0.987843   1.46613   24.0822  15.5492 -6.38088 0.141108 0 0 0 -0.186      0  0.086   0.405199   0.211635 -0.0327597   0.00123123  -0.00294766 -0.000133595 -0.252551 -0.107767 0.0039949 -0.013142 -0.267401  -9.80535 
                46.9 -0.425663   1.52189   24.0368  15.5864 -6.37075 0.107223 0 0 0 -0.186      0  0.086  0.522104  0.173864 -0.138083   0.00101883  -0.00291657 -8.54519e-05  -0.251192  -0.108218 0.00647841 -0.0128599  -0.268617   -9.80531 
             46.9995 -0.044853   1.66204   24.0242     15.64   -6.3499 0.0994952 0 0 0 -0.186      0  0.086   0.630114   0.182825 -0.0764259  0.000758766  -0.00300675 -9.54269e-05  -0.251057  -0.109197 0.00622592 -0.0135707   -0.26911    -9.8053 
             47.1003 -0.0373648    1.76676    24.0694  15.6904 -6.33722 0.113986 0 0 0 -0.186      0  0.086  0.477027  0.153504 0.0151971  0.000610448   -0.0029475 -9.64017e-05  -0.250235  -0.109348 0.00474453 -0.013414  -0.26981  -9.80528 
             47.1999 -0.0103166    1.50891    24.0762  15.7327 -6.32907 0.112733 0 0 0 -0.186      0  0.086  0.429321  0.162043 -0.020337  0.000768727  -0.00282644 -0.000105767 -0.249313 -0.109102  0.004805 -0.0128629  -0.270423   -9.80526 
             47.3008 -0.663149    1.4376   24.1679  15.7859 -6.31359  0.10952 0 0 0 -0.186      0  0.086    0.57766   0.275306 -0.0623607   0.00115694  -0.00284318 -0.000100117  -0.248805  -0.108236 0.00450891 -0.012006 -0.270476  -9.80526 
             47.4003 -0.799279   1.33398   24.0825  15.8348 -6.28935 0.126415 0 0 0 -0.186      0  0.086   0.45803  0.232913 0.0536106   0.00123763  -0.00279156 -7.46986e-05  -0.248299  -0.108565 0.00336368 -0.0120829     -0.271   -9.80525 
             47.4998 -0.333552   1.58259   24.1104  15.8572 -6.28271  0.13152 0 0 0 -0.186      0  0.086  0.373649  0.159533 0.0304968  0.000688367  -0.00275959 -9.93037e-05  -0.246094  -0.110056 0.00359785 -0.0123717  -0.273271   -9.80518 
             47.6004 -0.279686   1.48088   24.1299  15.8978 -6.26446 0.114799 0 0 0 -0.186      0  0.086   0.480079   0.171324 -0.0659787  0.000764181  -0.00260165 -0.000141967  -0.246263   -0.11015 0.00500556 -0.0124837  -0.273166   -9.80519 
             47.7002 -0.539681   1.44087    24.072  15.9533 -6.24822 0.110671 0 0 0 -0.186      0  0.086   0.590521   0.210359 -0.0706201  0.000925907  -0.00246484 -9.26433e-05  -0.245756  -0.109904 0.00518233 -0.012098 -0.273459  -9.80518 
             47.7998 0.0133593      1.84   24.0125  16.0069 -6.22547 0.133576 0 0 0 -0.186      0  0.086 0.460556  0.12269 0.065133  0.000559687  -0.00239153 -8.57733e-05  -0.246324  -0.109869 0.00347058 -0.0123182  -0.273023   -9.80519 
             47.8993 -0.159809    1.3459   23.9821   16.0469  -6.21567 0.0951267 0 0 0 -0.186      0  0.086  0.429025  0.185542 0.0248437   0.00097608  -0.00217879 -9.33265e-05  -0.245431  -0.109667 0.00737949 -0.0117566  -0.273604   -9.80518 
             48.0002 0.215754  1.89878   24.278   16.0887  -6.18068 0.0809703 0 0 0 -0.186      0  0.086  0.522122  0.208734 -0.114642  0.000554419  -0.00253877 -0.000144766  -0.246716  -0.111453 0.00816127 -0.0135929  -0.273293   -9.80518 
             48.0997 0.0468767   1.47035   23.9001   16.1625  -6.16815 0.0854282 0 0 0 -0.186      0  0.086   0.492943   0.109402 -0.0166176 0.000631853 -0.00236973 -3.1189e-05  -0.247311  -0.108145 0.00761896 -0.0112983  -0.271595   -9.80523 
             48.2006 -0.0471124    1.27197    23.9543   16.1897  -6.15962 0.0995205 0 0 0 -0.186      0  0.086  0.403373  0.102823 0.0373107  0.000463004  -0.00227208 -0.000151153  -0.24624 -0.110029 0.0063876 -0.01235 -0.27313 -9.80519 
                48.3 -0.680576  0.626576   24.1242   16.2428  -6.14135 0.0186558 0 0 0 -0.186      0  0.086  0.523236  0.150438 -0.230866   0.00146336  -0.00212435 -0.000127626 -0.247257 -0.109225 0.0127297 -0.012045    -0.272  -9.80522 
             48.4009 -0.259662   1.29199   24.2416   16.2938  -6.10492 0.0220554 0 0 0 -0.186      0  0.086    0.441542    0.196609 -0.00466834  0.000846294  -0.00229254 -0.000169475 -0.249284 -0.110635   0.01102 -0.0138877  -0.270995   -9.80525 
             48.5004 -0.0531687    1.73567    24.1816  16.3412 -6.08222   0.0623 0 0 0 -0.186      0  0.086  0.395863  0.181342 0.0580018  0.000524199  -0.00246018 -0.000100777  -0.250057  -0.110204 0.00764105 -0.0139008  -0.270285   -9.80527 
                48.6 -0.149382   1.45875   24.1316   16.377 -6.06583 0.084269 0 0 0 -0.186      0  0.086   0.43979   0.24959 0.0218522  0.000759121  -0.00231632 -0.000130378  -0.249358  -0.110535 0.00601496 -0.0139273  -0.270959   -9.80525 
             48.7009 -0.598242   1.19729   24.1846   16.4304  -6.03401 0.0841817 0 0 0 -0.186      0  0.086 0.467491 0.291788 0.110861  0.000950906  -0.00232267 -0.000111107  -0.249914  -0.109913 0.00628673 -0.0136531  -0.270304   -9.80527 
             48.8004 -0.491338   0.98532   23.8751   16.4746  -6.02055 0.0770207 0 0 0 -0.186      0  0.086  0.363641  0.213221 0.0766131   0.00119633  -0.00249444 -4.89928e-05  -0.248669  -0.108652 0.00791823 -0.0122119  -0.270763   -9.80525 
             48.8999 -0.866648  0.950353   24.1205   16.5052  -6.00303 0.0622517 0 0 0 -0.186      0  0.086   0.365183   0.236324 -0.0244326    0.0011963  -0.00233554 -0.000163167  -0.247909  -0.109006 0.00958477 -0.0121668  -0.271447   -9.80524 
             49.0008 -0.869244   1.18107   24.0745   16.5394  -5.97152 0.0629448 0 0 0 -0.186      0  0.086   0.486843   0.346348 -0.0116984   0.00112758  -0.00238784 -0.000116937 -0.247967 -0.110264 0.0090561 -0.0131539  -0.271865   -9.80522 
             49.1003 -1.30484 0.903003  24.0386  16.5902 -5.93091 0.057703 0 0 0 -0.186      0  0.086   0.428295   0.341132 0.00747228  0.00134257 -0.00239704  -8.625e-05   -0.24864  -0.110508 0.00936894 -0.0135699  -0.271442   -9.80523 
             49.1999 -1.56885 0.832845  24.0599   16.6364  -5.90595 0.0508686 0 0 0 -0.186      0  0.086   0.367709   0.239572 -0.0604215   0.00136542  -0.00259191 -3.65075e-05 -0.248471 -0.109553 0.0099388 -0.0127683   -0.27122   -9.80524 
             49.3007 -1.25087  1.19158  24.1131   16.6801   -5.8774 0.0790429 0 0 0 -0.186      0  0.086   0.396324   0.259458 -0.0305788  0.00113909 -0.00244472 -9.3524e-05  -0.249509  -0.108945 0.00690209 -0.0127994  -0.270254   -9.80527 
             49.4008 -1.39587 0.719582  24.1386   16.7313  -5.85106 0.0659941 0 0 0 -0.186      0  0.086  0.493094  0.271591 0.0101724   0.00137859  -0.00220707 -6.93233e-05  -0.249468  -0.108254 0.00764038 -0.012232 -0.270031  -9.80527 
             49.4998 -1.25105 0.790296  25.4076   16.7764   -5.8323 0.0692192 0 0 0 -0.186      0  0.086  0.373853  0.189967 0.0335044   0.00126795  -0.00237437 -0.000242141  -0.249153  -0.107743 0.00755056 -0.0117409  -0.270088   -9.80527 
             49.5993  -1.9788 0.884848    27.76  16.8014 -5.80114 0.058694 0 0 0 -0.186      0  0.086   0.336475   0.193669 -0.0308073   0.00117795  -0.00200047 -0.000476357  -0.250101  -0.109702 0.00820303 -0.0135148  -0.270071   -9.80527 
             49.6989 -2.06745 0.954459   30.895   16.8192  -5.77457 0.0434784 0 0 0 -0.186      0  0.086  0.391488  0.227243 -0.078165  0.000813718  -0.00167628 -0.000613754  -0.250077  -0.112361 0.00900633 -0.0154464  -0.271074   -9.80524 
             49.7984 -2.74378  1.40809  35.2719   16.8499  -5.74696 0.0563574 0 0 0 -0.186      0  0.086  0.286263  0.171537 0.0351571  0.000591927  -0.00160165 -0.000783396  -0.250534  -0.113164 0.00771598 -0.0162938  -0.271062   -9.80524 
             49.8979 -4.06894  2.76225   39.614   16.8611  -5.71761 0.0742048 0 0 0 -0.186      0  0.086  0.210892  0.246414 -0.003177  0.000435082  -0.00177634 -0.000963031  -0.251379   -0.11574 0.00604568 -0.0186287  -0.271583   -9.80522 
             49.9988 -2.05178  2.07697  46.7331   16.8824  -5.67423 0.0776416 0 0 0 -0.186      0  0.086  0.196721  0.432833 -0.103862 -0.000347675  -0.00159927  -0.00132371  -0.252965  -0.115961 0.00522628 -0.0195987  -0.270568   -9.80525 
             50.0996 -2.9369  1.6435 52.3977   16.9047  -5.57829 0.0626714 0 0 0 -0.186      0  0.086  0.156899  0.637038 -0.173319 0.000131719 -0.00162346 -0.00116664  -0.258585  -0.117003 0.00518728 -0.0232948  -0.267359   -9.80533 
             50.2005 -1.95644  1.78815   57.917   16.9075   -5.4917 0.0532405 0 0 0 -0.186      0  0.086  0.0186686   0.583321 -0.0548552 -2.31882e-05  -0.00178971  -0.00117825 -0.262766 -0.118783 0.0046938 -0.026935 -0.265773  -9.80536 
             50.3013 -3.95451  1.75363  63.9737   16.9197  -5.42197 0.0460373 0 0 0 -0.186      0  0.086 -0.0424504   0.590262 -0.0395468 0.000542625 -0.00176589 -0.00122221  -0.264586  -0.116499 0.00470791 -0.0267152  -0.263198   -9.80543 
             50.4022 -3.55933  2.49101  69.5182   16.8953  -5.35548 0.0461805 0 0 0 -0.186      0  0.086 -0.0901451   0.732183 -0.0415564 0.000325396 -0.00202615  -0.0011716  -0.265195  -0.119974 0.00421839 -0.0291284  -0.265266   -9.80537 
             50.5018 -3.02974  2.48525  74.2063  16.8863 -5.30028 0.049981 0 0 0 -0.186      0  0.086 -0.146972   0.59877  0.043792 -0.000187907  -0.00203892  -0.00100738 -0.262151 -0.119346 0.0038994 -0.0266471   -0.26638   -9.80535 
             50.6026 -3.91617  3.14731  77.4519  16.8689  -5.2709 0.070664 0 0 0 -0.186      0  0.086 -0.258606  0.507971 0.0625014  0.000106583  -0.00231011 -0.000794598  -0.256361  -0.119549 0.00284264 -0.0225312  -0.269329   -9.80528 
             50.7021 -1.75131  2.66889  80.7404   16.8559  -5.24362 0.0736727 0 0 0 -0.186      0  0.086  -0.348872   0.524342 -0.0111457  -0.00027705  -0.00212038 -0.000735107   -0.25027  -0.117293 0.00320105 -0.0168121  -0.270377   -9.80526 
             50.8017 -0.747249   2.19005   82.2189   16.8241  -5.19423 0.0647604 0 0 0 -0.186      0  0.086 -0.368699  0.573281 -0.167321 -0.000351642  -0.00188769 -0.000528009  -0.248243  -0.116429 0.00377955 -0.0148113  -0.270584   -9.80526 
             50.9012 0.152521  1.68956  82.7011   16.8175  -5.16449 0.0539863 0 0 0 -0.186      0  0.086  -0.299831   0.372713 -0.0853716 -0.000384758   -0.0018819 -0.000281033  -0.241516  -0.111865 0.00435556 -0.00753298   -0.269799    -9.80529 
             51.0007 -0.455206   2.32624   83.1794   16.8222  -5.13235 0.0429648 0 0 0 -0.186      0  0.086 -0.148898  0.310659 -0.103262  3.82821e-05  -0.00209863 -0.000265939  -0.237455  -0.105463 0.00474262 -0.00164716   -0.266367    -9.80538 
             51.1003 -0.813193   2.22508   82.6908   16.8268  -5.10257 0.0389953 0 0 0 -0.186      0  0.086 -0.00462864    0.387626   -0.134969 -3.57565e-05  -0.00199247 -0.000232817  -0.235047  -0.102722 0.00408491 0.00135713  -0.265146   -9.80542 
             51.1998 -0.654653     1.845   82.8042   16.8549  -5.06118 0.0277306 0 0 0 -0.186      0  0.086  0.0698352   0.352722 -0.0322796 -0.00022737 -0.00195018 -0.00028424  -0.232432 -0.0973866 0.00417587 0.00558756  -0.261927    -9.8055 
             51.2993 0.0060386    1.9568   82.8957   16.8818  -5.01925 0.0356879 0 0 0 -0.186      0  0.086 0.0634614  0.299236 -0.023151 -0.000392462  -0.00199292 -0.000262639  -0.232041 -0.0917299 0.00321063 0.00811246  -0.257575   -9.80561 
             51.3989 0.39902 1.91424 82.7629   16.8965  -4.97381 0.0423094 0 0 0 -0.186      0  0.086  0.0263715   0.395845 -0.0438576 -0.000333971  -0.00196448 -0.000240055  -0.233325 -0.0882442 0.00212966 0.00842861  -0.254292    -9.8057 
             51.4997 0.0580833   1.52176   82.8462   16.9095  -4.92169 0.0435019 0 0 0 -0.186      0  0.086 0.0479927  0.468603 0.0373997 -0.000190224  -0.00191433 -0.000277103  -0.233343 -0.0851637 0.00165668 0.00962586  -0.251837   -9.80576 
             51.5993 0.990426  1.45963  82.7395    16.914  -4.87881 0.0645373 0 0 0 -0.186      0  0.086 -0.00858342    0.343801   0.0598686 -0.000300068  -0.00202725 -0.000244153   -0.233425   -0.084731 0.000388337 0.00970395  -0.251461   -9.80577 
             51.7003 0.00612543    2.08158    82.9484    16.924  -4.83064 0.0587863 0 0 0 -0.186      0  0.086 0.0741209  0.400802 0.0344884 -2.69758e-05  -0.00210606 -0.000281513  -0.235033  -0.082023 0.00113508 0.00951276  -0.248673   -9.80584 
             51.7996 -0.00810341     1.45337     82.3434   16.9357   -4.7825 0.0556901 0 0 0 -0.186      0  0.086    0.210423    0.533902 -0.00162515 -0.000276923  -0.00184849 -0.000202902  -0.235585 -0.0819248 0.00155254 0.00911901  -0.248375   -9.80585 
             51.8992 -0.577091   1.33236   82.6907   16.9621  -4.73723 0.0600515 0 0 0 -0.186      0  0.086   0.13309  0.388632 0.0933661 -0.000338997  -0.00201277 -0.000321639  -0.234087 -0.0800547 0.00173058 0.0110675 -0.247501  -9.80587 
                  52 0.139791    2.313  82.6936  16.9792 -4.70302  0.10119 0 0 0 -0.186      0  0.086 0.0302289  0.337085  0.103208 -0.000430013  -0.00246502 -0.000289772    -0.232981   -0.0786533 -0.000956977 0.0124609 -0.246844  -9.80589 
             52.0996 0.552252  1.65108  82.7796   16.9808  -4.65869 0.0972663 0 0 0 -0.186      0  0.086  -0.079089   0.413229 -0.0776365  -0.00049459  -0.00222111 -0.000286708    -0.233957   -0.0777726 -0.000231079 0.0120544 -0.245757  -9.80591 
             52.2003 1.21418 1.66831  82.969   16.9586  -4.62059 0.0945529 0 0 0 -0.186      0  0.086 -0.142201  0.368266  0.147406 -0.000577959  -0.00216631 -0.000296238   -0.233992   -0.079205 0.000908382 0.0114745 -0.246867  -9.80589 
                52.3 -1.54997  3.03323  82.0623  16.9401 -4.60042 0.139187 0 0 0 -0.186      0  0.086 -0.170015  0.324495  0.125272  0.000474788  -0.00250062 -0.000225316   -0.231601  -0.0811139 -0.00192709 0.0125417 -0.249327  -9.80582 
             52.3995 0.0114186   2.17841   82.6628  16.9345 -4.56526 0.114772 0 0 0 -0.186      0  0.086  -0.0819968    0.405478 -0.00165404 -0.000491471  -0.00221781 -0.000213123   -0.231265  -0.0798059 0.000950847 0.0133998 -0.248443  -9.80584 
             52.5004 0.0571587    2.0093   82.6202   16.9269  -4.51211 0.0926898 0 0 0 -0.186      0  0.086 -0.0508773   0.623508  -0.084661 -0.000503757  -0.00223312 -0.000139502  -0.232057 -0.0796897 0.00247432 0.0128599 -0.248037  -9.80586 
             52.5999 -0.152727   1.95404   82.4816   16.9278  -4.45016 0.0628859 0 0 0 -0.186      0  0.086 -0.0319436   0.520843 -0.0287163  -0.00020297  -0.00248463 -0.000160646    -0.2319 -0.0791158 0.00430786 0.013264 -0.24766 -9.80586 
             52.7008 -0.751408   2.35844   82.4889   16.9429  -4.39124 0.0714913 0 0 0 -0.186      0  0.086 0.0164245  0.467183 0.0372916 -0.000203792   -0.0024925  -0.00011893  -0.231953  -0.075316 0.00347515 0.0147342 -0.244674  -9.80594 
             52.8003 -0.708431   1.96167   82.4922   16.9437  -4.35838 0.0552425 0 0 0 -0.186      0  0.086 -0.0157974   0.475112  -0.122979 -0.000287811  -0.00242429  -0.00012338   -0.22956 -0.0760121 0.00459256 0.0163624 -0.246186   -9.8059 
             52.9012 -0.424266   1.93645   82.7198    16.932  -4.31911 0.0185571 0 0 0 -0.186      0  0.086 -0.0733768    0.45326  -0.257366 -0.000293306  -0.00249697 -0.000216655  -0.228008  -0.077874 0.00656174 0.0168804 -0.248265  -9.80584 
             53.0007 1.67159 2.07587 81.6995    16.917  -4.27737 0.0201912 0 0 0 -0.186      0  0.086 0.0186571  0.336142 -0.155249 -0.000387268   -0.0024481 -7.68133e-05  -0.229202  -0.079462 0.00515884 0.0152665  -0.24901  -9.80583 
             53.1002 -1.13298   1.8715  82.4827   16.9505  -4.24412 0.0462838 0 0 0 -0.186      0  0.086   0.106463    0.33607 -0.0858952  0.000696479  -0.00248518 -0.000250774  -0.226207 -0.0738651 0.00208769 0.0197992 -0.245876   -9.8059 
             53.1998 -0.751041   2.18949    82.531   16.9658  -4.19225 0.0350638 0 0 0 -0.186      0  0.086 0.289796  0.53348 -0.12576  0.000133749  -0.00249459 -0.000199606  -0.228643   -0.07394 0.00217312 0.0178703 -0.244947  -9.80592 
             53.3006 0.127606  1.32323  82.4211   16.9933  -4.12775 0.0251985 0 0 0 -0.186      0  0.086  0.297441  0.567897 0.0452927 -0.000313891   -0.0022897 -0.000184705  -0.230056 -0.0743224 0.00222404  0.016616 -0.244669  -9.80593 
             53.4002 -1.91914  2.02091  81.9794   17.0223   -4.0758 0.0348792 0 0 0 -0.186      0  0.086    0.251317    0.475961 -0.00829036 -8.47695e-05  -0.00263889 -0.000125281  -0.229933 -0.0739897 0.00151711 0.0168289  -0.24446  -9.80594 
             53.4997 0.285628  2.11552  81.9924    17.044  -4.03903 0.0229805 0 0 0 -0.186      0  0.086   0.187601   0.607749 -0.0611428 -0.000598902   -0.0026005 -0.000127591  -0.227655 -0.0747296 0.00223168 0.0183149 -0.245955   -9.8059 
             53.6006 0.107888 0.963032  82.4661   17.0571   -3.9661 0.0227886 0 0 0 -0.186      0  0.086   0.120661   0.718171 -0.0713912 -0.000251627   -0.0024704 -0.000215935  -0.228667 -0.0750578 0.00194728 0.0173904 -0.245795   -9.8059 
             53.7001 2.06123 1.56714 82.0869  17.0577 -3.90252 -0.01169 0 0 0 -0.186      0  0.086  0.0574032   0.566888 -0.0960095 -0.000485411  -0.00243069 -7.75402e-05  -0.229341 -0.0771382 0.00433828 0.0160812 -0.247115  -9.80587 
             53.8009 -0.423789   2.01511   82.3184   17.0882  -3.86051 0.0126387 0 0 0 -0.186      0  0.086   0.151554   0.486903 -0.0584265  0.000213431  -0.00257723 -0.000167664  -0.226269 -0.0741732  0.0014235 0.0196019 -0.246094  -9.80589 
             53.9004 1.81397 0.72692  82.446   17.1069  -3.80724 0.0355544 0 0 0 -0.186      0  0.086    0.222506    0.584497 -0.00348983 -0.000297919     -0.00199 -0.000149129     -0.22626   -0.0737753 -0.000943864 0.0197301 -0.245788   -9.8059 
                  54 -0.717877   2.13579   82.2533    17.133   -3.7588 0.0395142 0 0 0 -0.186      0  0.086 0.201795 0.547409 0.108612  6.31415e-05  -0.00239697 -7.50285e-05   -0.224157  -0.0745293 -0.00107206 0.0210381 -0.247217  -9.80586 
             54.1009 0.571823  1.50779   82.032   17.1407   -3.7063 0.0634773 0 0 0 -0.186      0  0.086 0.103114 0.454234  0.13885 -0.000364013  -0.00188245 -4.80587e-05   -0.225502  -0.0759489 -0.00206504  0.019412 -0.247747  -9.80585 
             54.2004 0.456634  1.82108  82.2908   17.1494  -3.67234 0.0762814 0 0 0 -0.186      0  0.086 0.0301607  0.450557 0.0903901  -0.00023768  -0.00172107 -0.000150241   -0.223786  -0.0762927 -0.00199532  0.020588 -0.248705  -9.80582 
             54.2999 -0.322871   2.42005   82.1866   17.1515  -3.62169 0.0649446 0 0 0 -0.186      0  0.086 -0.0306995   0.539809  0.0948406  1.80656e-05  -0.00177213 -8.21166e-05    -0.223395   -0.0760073 -0.000357097  0.021032 -0.248654  -9.80583 
             54.4008 -0.973677   3.00187   82.2254   17.1495  -3.58278 0.0741175 0 0 0 -0.186      0  0.086  -0.0420059    0.367803 0.000803552  9.16037e-05  -0.00174112 -0.000139501    -0.221957   -0.0764131 -0.000296563 0.0219662 -0.249546   -9.8058 
             54.5003 -1.27818  3.24472  82.0258    17.146  -3.54146 0.0752985 0 0 0 -0.186      0  0.086  -0.141721    0.39988 -0.0820015  3.64492e-05  -0.00160212 -0.000130728    -0.222685   -0.0752385 -0.000418161 0.0218869 -0.248363  -9.80583 
             54.6012 -0.818241    2.5604   80.4146   17.1282  -3.48151 0.0495409 0 0 0 -0.186      0  0.086 -0.0984696   0.634225  -0.136184 -0.000288667  -0.00133292  -1.8869e-05   -0.22564 -0.0761625 0.00088182 0.0192986 -0.247867  -9.80585 
             54.7007 1.92423 1.90138 78.1389   17.1393  -3.41785 0.0500974 0 0 0 -0.186      0  0.086 0.0265692  0.528089 0.0810029 -0.000614998  -0.00125959  0.000130031  -0.224686 -0.0732525 0.00014915 0.0211934 -0.246068  -9.80589 
             54.8016 1.60739 2.05388 74.7957  17.1658 -3.37005 0.076523 0 0 0 -0.186      0  0.086 0.098771  0.35648 0.142197 -0.000109926  -0.00120112  0.000346256  -0.223521  -0.069078 -0.0013813 0.0237683 -0.243428  -9.80595 
             54.9011  2.24847 0.941903  69.4684   17.1999  -3.34581 0.0987618 0 0 0 -0.186      0  0.086 0.213841 0.294409 0.136554 -0.00010703 -0.00102122 0.000664172   -0.221182  -0.0663955 -0.00229511 0.0266415 -0.242448  -9.80597 
             55.0007  3.02797 0.608426  64.2284   17.2567  -3.32879 0.0989488 0 0 0 -0.186      0  0.086  0.445474   0.28361 0.0965258 -0.000162175  -0.00128867  0.000749309  -0.218181  -0.062877 -0.0012557 0.0304185 -0.241267  -9.80599 
             55.1002  3.51913 0.620993  58.0476   17.3342  -3.31313 0.0723068 0 0 0 -0.186      0  0.086 0.637544 0.251069 0.110162 -9.34646e-05  -0.00170363  0.000984477  -0.215025 -0.0598714 0.00186444 0.0340763 -0.240691  -9.80599 
             55.1997 3.56028 1.08579 52.4725   17.4059  -3.30047 0.0600698 0 0 0 -0.186      0  0.086  0.582637   0.13351 0.0458721   4.405e-05 -0.00238762 0.000946951  -0.213416  -0.058257 0.00359829 0.0359587 -0.240442  -9.80599 
             55.2992 2.86894 1.21128 46.7028   17.4817  -3.28367 0.0409366 0 0 0 -0.186      0  0.086   0.645425   0.125725 -0.0438796 0.000334902 -0.00241009 0.000892367  -0.213553 -0.0558551 0.00512277 0.0371437 -0.238866  -9.80602 
             55.3988 2.42377 1.67884 40.9825  17.5412 -3.28234 0.025598 0 0 0 -0.186      0  0.086  0.784791  0.137741 -0.130671 0.000458359 -0.00260679 0.000932145  -0.212128 -0.0569876 0.00579907 0.0372533 -0.240329  -9.80598 
             55.4983 2.08356 1.77799 35.2544   17.6134   -3.2822 0.0130277 0 0 0 -0.186      0  0.086   0.871617   0.144484 -0.0812197 0.000712544 -0.00289369 0.000972142  -0.210174 -0.0584912 0.00600578 0.0372453 -0.242291  -9.80594 
             55.5992 1.45843 1.87158 29.7598    17.6792    -3.2913 0.00377977 0 0 0 -0.186      0  0.086   0.731065  0.0452896 -0.0438885 0.000815905 -0.00303942  0.00094999  -0.207808 -0.0596406 0.00619357 0.0373816  -0.24432  -9.80589 
             55.6987 1.36036 2.25054 23.6284    17.7174   -3.29739 -0.0137998 0 0 0 -0.186      0  0.086   0.62627 0.0352784 -0.121081 0.000765686 -0.00309833  0.00106809  -0.205855 -0.0621639 0.00717399 0.0360639 -0.246297  -9.80584 
             55.7996 1.71594 2.69993 18.0162     17.766   -3.30025 -0.0173739 0 0 0 -0.186      0  0.086  0.678515  0.109876 -0.120574 0.000755381 -0.00291165  0.00104954  -0.204363 -0.0631963 0.00642948 0.0355673 -0.247516  -9.80581 
             55.8991 0.920733  2.28544  12.1634    17.8027   -3.29833 -0.0242832 0 0 0 -0.186      0  0.086   0.584036    0.10204 -0.0665759 0.000910141 -0.00280703  0.00107101   -0.20246 -0.0647425 0.00661939 0.0344274  -0.24871  -9.80579 
                  56 1.63499 3.37999 7.75229    17.8492   -3.28767 -0.0332492 0 0 0 -0.186      0  0.086 0.634842 0.073434 -0.13752 0.000492535 -0.00286047  0.00086579  -0.201674 -0.0655678 0.00671722 0.0337531 -0.248984  -9.80578 
             56.0995 0.449455  2.37647  1.00563    17.8957   -3.30363 -0.0539108 0 0 0 -0.186      0  0.086   0.810169 -0.0150374  -0.206587  0.00113572 -0.00280135   0.0010894  -0.199337 -0.0651636 0.00716043 0.0330736 -0.250164  -9.80575 
              56.199 -0.21148   2.0189 -4.24115    17.9496   -3.33006 -0.0649441 0 0 0 -0.186      0  0.086  0.858234 -0.143809 -0.186233  0.00150816 -0.00305255  0.00102533  -0.196473 -0.0645799 0.00678795 0.0318724 -0.251246  -9.80573 
             56.2986 -1.03342 0.916497 -7.60131    18.0157   -3.35454 -0.0396548 0 0 0 -0.186      0  0.086   0.677235   -0.20091 0.00203404  0.00111823  -0.0027331 0.000800243  -0.195582 -0.0642722 0.00427149 0.0315139 -0.251645  -9.80572 
             56.3981 -1.12029 0.638736 -10.7876   18.0635  -3.37164 -0.030354 0 0 0 -0.186      0  0.086  0.603153  -0.23834 0.0069516  0.00109708 -0.00270577 0.000711323  -0.194299 -0.0645742 0.00360286 0.0309008 -0.251289  -9.80573 
              56.499  -1.63523 -0.101918  -12.4005    18.1128   -3.39177 -0.0210181 0 0 0 -0.186      0  0.086   0.716603  -0.226535 -0.0106175  0.00117831 -0.00251299 0.000545398  -0.193042  -0.064512 0.00279692 0.0303087 -0.250922  -9.80574 
             56.5985 -1.94109 -0.65064 -13.0452    18.1722   -3.38517 -0.0106524 0 0 0 -0.186      0  0.086  0.648613 -0.173526  0.044823 0.000953122 -0.00240824 0.000301895  -0.191126 -0.0661295 0.00201276 0.0302792 -0.249417  -9.80578 
             56.6993 -1.52724 0.664964  -12.966    18.2213   -3.37375 -0.0176248 0 0 0 -0.186      0  0.086   0.556031 -0.0812379 -0.0106571 0.000662155 -0.00272944 0.000112078   -0.18929 -0.0673814 0.00263476 0.0303317 -0.248025  -9.80582 
             56.8002 -1.87447 0.319825 -13.1156      18.2734     -3.35879 -0.000807239 0 0 0 -0.186      0  0.086   0.661549 -0.0771815 -0.0274559 0.000409291 -0.00224372 0.000126238  -0.187892 -0.0686596 0.00106119 0.0306386 -0.246868  -9.80585 
             56.8998 -1.63917  0.46505 -13.0611    18.3204   -3.35734 -0.0169238 0 0 0 -0.186      0  0.086    0.60776 -0.0570914 -0.0283559 0.000414021 -0.00228059 4.67624e-05  -0.185958 -0.0684483 0.00218065 0.0300199 -0.245817  -9.80587 
             57.0006 -1.30919 0.707503 -13.0116    18.3671   -3.35737 -0.0199387 0 0 0 -0.186      0  0.086    0.474749 -0.00698424  -0.0370568  0.00053449 -0.00190847 0.000162361  -0.185266 -0.0683998  0.0021941 0.0298162 -0.245421  -9.80588 
             57.1014 -1.11542  1.22144 -13.1282    18.4021   -3.35296 -0.0120525 0 0 0 -0.186      0  0.086   0.481624 -0.0144604 -0.0687145 0.000352948 -0.00203634 0.000142131  -0.184115 -0.0683026 0.00108858 0.029463 -0.24473  -9.8059 
              57.201 -1.37857 0.952597 -12.8981    18.4456   -3.36247 -0.0193008 0 0 0 -0.186      0  0.086   0.592113 -0.0516427 -0.0362548 0.000362475 -0.00194613 0.000141256    -0.1836 -0.0675123 0.00121223  0.028866 -0.244621  -9.80591 
             57.3005 -0.901075   1.18441  -13.2078    18.4976   -3.37299 -0.0424741 0 0 0 -0.186      0  0.086   0.442743 -0.0798284  -0.126781 0.000376852 -0.00211453  0.00030904  -0.183628 -0.0672545  0.0028085 0.0287249 -0.244746   -9.8059 
             57.4001 -1.57872 0.428957 -11.8526    18.5164   -3.39497 -0.0318626 0 0 0 -0.186      0  0.086   0.294433  -0.122902 -0.0600841 0.000316856 -0.00190406 7.01629e-05  -0.182968 -0.0655257 0.00140143 0.0275486 -0.244768  -9.80591 
             57.4996 -1.41681 0.405334 -9.56631    18.5413   -3.40503 -0.0128697 0 0 0 -0.186      0  0.086    0.339169   -0.219201 -0.00682568  2.39786e-05  -0.00203081 -6.16653e-05    -0.182405   -0.0655126 -0.000353789 0.0273785 -0.244417  -9.80592 
             57.5991 -2.15175 0.453381 -6.17981    18.5785    -3.4046 0.00723044 0 0 0 -0.186      0  0.086   0.427969 -0.0779233   0.175857   -0.0002888  -0.00194229 -0.000285711  -0.181539  -0.066481 -0.0016003 0.0276455 -0.243645  -9.80593 
             57.6987 -3.84495 0.770331 -2.12519    18.6316    -3.3798 0.00985759 0 0 0 -0.186      0  0.086    0.398967 -0.00480286    0.141556 -6.48964e-05  -0.00210864 -0.000569104    -0.181249   -0.0690574 -0.000490517 0.0288826 -0.242708  -9.80595 
             57.7982 -3.21938  1.01508  3.69134   18.6796  -3.36532 0.0212637 0 0 0 -0.186      0  0.086  0.531335  0.187484 0.0286895 -0.000389124  -0.00203906 -0.000880359    -0.181285   -0.0696844 -0.000708033 0.0291817 -0.242483  -9.80596 
             57.8989 -3.28122 0.998347  10.1106   18.7625  -3.28502 0.0232406 0 0 0 -0.186      0  0.086   0.717747   0.474814 -0.0622016 -0.000393167  -0.00192602  -0.00100114    -0.181603   -0.0733118 -0.000980703 0.0306148 -0.240986  -9.80599 
             57.9999 -3.23753 0.924806  15.3574   18.8229  -3.20811 0.0198748 0 0 0 -0.186      0  0.086     0.556387     0.458382 -0.000239387 -0.000549485  -0.00200394 -0.000814097    -0.180966   -0.0753901 -0.000579181 0.0306275  -0.23987  -9.80602 
              58.101 -4.91418   2.9606  21.1409   18.8563  -3.14838 0.0190805 0 0 0 -0.186      0  0.086    0.441959    0.545192 -0.00364384 -0.000376865  -0.00256929 -0.000973539    -0.179682   -0.0762996 -0.000292715 0.0298433 -0.239508  -9.80603 
             58.2016 -3.08063  2.11339  27.3393   18.8792  -3.07584 0.0213315 0 0 0 -0.186      0  0.086   0.497253   0.637821 -0.0375988 -0.000825292  -0.00210634  -0.00102078    -0.178305   -0.0779986 -0.000664166 0.0286696 -0.239125  -9.80604 
             58.3025 -2.80951  1.88677  32.8296   18.9152  -3.00757 0.0384808 0 0 0 -0.186      0  0.086 0.401581 0.649454 0.148991 -0.000994599   -0.0019815 -0.000936091   -0.177421  -0.0785935 -0.00169539 0.0280226 -0.239277  -9.80604 
              58.402 -2.97997  1.97698  38.1162    18.945  -2.95635 0.0454704 0 0 0 -0.186      0  0.086  0.314725  0.587943 0.0981503 -0.000786882  -0.00215506 -0.000903427    -0.176649   -0.0784349 -0.000997619 0.0279781 -0.239828  -9.80603 
             58.5016 -3.13556  1.95448   44.421   18.9516  -2.91126 0.0506079 0 0 0 -0.186      0  0.086  0.215862  0.639975 0.0170297 -0.000833805  -0.00199053  -0.00105881    -0.174778   -0.0790436 -0.000806639 0.0275208 -0.241104    -9.806 
             58.6024 -3.59927  1.96166   49.854   18.9756  -2.84181 0.0410158 0 0 0 -0.186      0  0.086  0.231661  0.712268 -0.108589 -0.000777148  -0.00212885 -0.000962293    -0.174838   -0.0789557 -0.000230936 0.0276143 -0.241085    -9.806 
              58.702 -1.96071  1.35238  53.8948   18.9805  -2.79099 0.0188582 0 0 0 -0.186      0  0.086   0.090364   0.586869 -0.0581176 -0.000891354  -0.00191565 -0.000758552  -0.173224 -0.0795462 0.00142961 0.027784 -0.24241 -9.80596 
             58.8015 -3.24721  1.76661  57.1635   18.9829  -2.74196 0.0164404 0 0 0 -0.186      0  0.086 0.0296814  0.550901 -0.128445 -0.000238846  -0.00197826 -0.000580529  -0.172264 -0.0793292 0.00109133 0.0282539  -0.24292  -9.80595 
             58.9023 -1.01154  1.76961  59.3481    18.9947   -2.70109 0.00794496 0 0 0 -0.186      0  0.086 0.0588542  0.614336 -0.125475 -0.000797208  -0.00209682 -0.000389437  -0.170453 -0.0780858 0.00105284 0.0298196 -0.243432  -9.80593 
             59.0019 -0.819017   1.79055   60.4699   18.9971  -2.64683 0.0107689 0 0 0 -0.186      0  0.086 0.0446532  0.640163 -0.108572 -0.000653057  -0.00196871 -0.000217663   -0.169239  -0.0785977 3.65883e-05 0.0300557 -0.244372  -9.80591 
             59.1014 -0.503333   1.45031   60.7559     19.014   -2.60402 0.00366702 0 0 0 -0.186      0  0.086 -0.00179294    0.467735  -0.0268456 -0.000658403   -0.0019403 -5.89398e-05   -0.167732  -0.0767322 0.000193515 0.0319189  -0.24418  -9.80591 
             59.2009 -0.530691   1.10262   60.6464    19.0161   -2.57477 -0.0302124 0 0 0 -0.186      0  0.086 -0.0178531   0.408176    -0.1237 -0.000582998  -0.00178939 -3.37326e-05  -0.166098 -0.0764628 0.00239305 0.0331106 -0.244911  -9.80589 
             59.3005 -0.278435   1.56633   60.5803    19.0351   -2.55331 -0.0288091 0 0 0 -0.186      0  0.086  0.0520747   0.471788 -0.0776494 -0.000898026  -0.00208092  1.37043e-05  -0.163134 -0.0743608 0.00127284 0.0358958 -0.245235  -9.80587 
             59.3998 -0.100852   1.49769   60.5415     19.0593    -2.51705 -0.00986527 0 0 0 -0.186      0  0.086  0.063248  0.364894 0.0622358 -0.000792495  -0.00212263 -6.74682e-06    -0.162205   -0.0719927 -0.000353126 0.0376263 -0.244328  -9.80588 
             59.4995 -0.820379   1.52218   60.7126   19.0804   -2.4922 0.0117693 0 0 0 -0.186      0  0.086 0.0989939  0.296233 0.0223118 -0.000534666  -0.00212149 -6.29217e-05   -0.160934  -0.0700357 -0.00174803 0.0393615 -0.243838  -9.80589 
             59.5991 -0.29156  1.48895  60.5412    19.1063   -2.46263 0.00811687 0 0 0 -0.186      0  0.086   0.19083  0.380301 -0.023465 -0.000627312  -0.00222066  7.48212e-06   -0.160294  -0.0684269 -0.00117184 0.0405856 -0.243225   -9.8059 
             59.6983 -0.825903   1.55142   60.6866   19.1479  -2.41454 0.0245587 0 0 0 -0.186      0  0.086 0.232251  0.40195 0.107826 -0.000504956  -0.00216822 -6.10917e-05   -0.160773  -0.0659383 -0.00246572 0.0415766 -0.241529  -9.80594 
             59.7994 -0.739351   1.51893   60.7804   19.1761  -2.37554 0.0187372 0 0 0 -0.186      0  0.086  0.184228  0.312942 0.0611061 -0.000592963  -0.00222708 -5.86494e-05   -0.161164  -0.0651335 -0.00123496 0.0417859 -0.240856  -9.80595 
             59.9003 -0.0232805    1.55051    60.6869   19.2005  -2.34305 0.0152029 0 0 0 -0.186      0  0.086   0.219083   0.322458 -0.0407985 -0.000963215  -0.00210994 -3.86872e-05    -0.161464   -0.0646918 -0.000731784 0.0418503 -0.240445  -9.80596 
             59.9998 -0.108591    1.5374   60.7021      19.226     -2.3046 -0.00393649 0 0 0 -0.186      0  0.086   0.252506   0.385915 -0.0347789 -0.000740775  -0.00216635  4.25817e-06   -0.161676  -0.0645486 0.000490443 0.0418226 -0.240251  -9.80597 
             60.1007 0.197155   1.4272  60.7208     19.2477    -2.26651 -0.00854324 0 0 0 -0.186      0  0.086    0.15243     0.2881 -0.0731575 -0.000621156  -0.00212216 -2.45403e-07     -0.1621   -0.064129 0.000471344 0.0417969 -0.239789  -9.80598 
             60.2002 -0.887741   1.52332   60.9066    19.2787   -2.23507 0.00457561 0 0 0 -0.186      0  0.086     0.1887   0.264091 -0.0512227 -0.000236047  -0.00205297  8.99556e-06   -0.162414  -0.0620685 -0.00112321  0.042673 -0.238448  -9.80601 
             60.2998 -0.388601   1.53372   60.6004    19.2998    -2.2057 0.00178133 0 0 0 -0.186      0  0.086   0.288548    0.32408 -0.0720563 -0.00054606 -0.00220518 4.26355e-05   -0.162556  -0.0622295 -0.00126912 0.0425056 -0.238465  -9.80601 
             60.4007 -0.217771   1.48742   60.7964     19.3387    -2.16337 -0.00238192 0 0 0 -0.186      0  0.086   0.340179   0.396659 -0.0187704 -0.000714606  -0.00219379 -2.64412e-05   -0.163163  -0.0617356 -0.00146396 0.0424138 -0.237868  -9.80602 
             60.5002 -0.358381   1.18981   60.7915   19.3638  -2.13651 -0.037951 0 0 0 -0.186      0  0.086   0.229468   0.276946 -0.0232781 -0.000834816  -0.00236309 -1.94857e-05  -0.162659 -0.0623698 0.00162435 0.0424175 -0.238496  -9.80601 
              60.601 0.346188  1.42562  60.5485    19.3815   -2.10693 -0.0383779 0 0 0 -0.186      0  0.086   0.196367   0.325076 -0.0830319 -0.000925404  -0.00232393  2.52612e-05   -0.16276 -0.0628184 0.00124605 0.0421202 -0.238696    -9.806 
             60.7005 0.112232  1.38539  60.7237     19.415   -2.06072 -0.0349481 0 0 0 -0.186      0  0.086   0.271943   0.495118 -0.0254318 -0.00080417 -0.00239865 -1.8406e-05   -0.163319  -0.0614732 0.000194371 0.0424903 -0.237648  -9.80603 
             60.8001 -0.168092   1.44299   60.5399    19.4557   -2.00658 -0.0339145 0 0 0 -0.186      0  0.086   0.311009   0.416253 0.00530671 -0.000588999  -0.00246095  6.13704e-05    -0.163646   -0.0600039 -0.000192777 0.0430676 -0.236654  -9.80605 
             60.8996 -1.09378  1.36864  60.3043    19.4814    -1.9654 -0.0398785 0 0 0 -0.186      0  0.086  0.228962  0.362198 -0.126354 -0.000463473  -0.00251911  4.51034e-05   -0.163845  -0.0599602 5.21177e-05 0.0429813 -0.236527  -9.80605 
              60.999 -0.912975   1.72557   60.6223    19.5148   -1.93396 -0.0300021 0 0 0 -0.186      0  0.086   0.253977   0.382146 -0.0921223 -0.000423833   -0.0024934  2.47185e-05   -0.163211   -0.058733 -0.00164782 0.0439563 -0.236175  -9.80606 
                61.1 -0.355183   1.49744   60.6713    19.5406   -1.89085 -0.0479232 0 0 0 -0.186      0  0.086   0.344315   0.537103 -0.0519818  -0.00056276  -0.00239809 -1.62776e-05   -0.163053  -0.0592971 -0.00103962 0.0437592 -0.236569  -9.80605 
             61.1995 -0.383405   1.42124   60.6061    19.5642   -1.84791 -0.0506904 0 0 0 -0.186      0  0.086   0.241115   0.408238 -0.0594443 -0.00057772 -0.00233469 2.26047e-05    -0.162527   -0.0601384 -0.000993599  0.043614 -0.237307  -9.80603 
             61.3004 -0.562074   1.59354   60.3971    19.5784   -1.79402 -0.0306717 0 0 0 -0.186      0  0.086   0.167579   0.418643 -0.0226475 -0.00053924  -0.0022981 5.58934e-05  -0.164006 -0.0608251  -0.002847 0.0423999 -0.236915  -9.80605 
             61.3999 -0.591481   1.27241   60.6078    19.5998   -1.75638 -0.0412403 0 0 0 -0.186      0  0.086   0.182009   0.510775 -0.0843243 -0.000513041  -0.00227815   2.6122e-05   -0.163187  -0.0604495 -0.00239182 0.0430575 -0.237135  -9.80604 
             61.4995 -0.578393    1.4631   60.5251    19.6136   -1.70671 -0.0422745 0 0 0 -0.186      0  0.086 0.188417 0.551003 0.108479 -0.000507784  -0.00236285  5.75723e-05   -0.162553  -0.0610282 -0.00277384  0.043098 -0.237779  -9.80602 
             61.6003 0.314051   1.5271  60.7566    19.6448   -1.66342 -0.0185917 0 0 0 -0.186      0  0.086 0.159355 0.423944 0.134365 -0.000661964  -0.00224389  3.68004e-05   -0.161991   -0.059425 -0.00378945 0.0442198 -0.237195  -9.80603 
             61.6999 -1.0723 1.52786 60.6107     19.6563    -1.62572 -0.00334443 0 0 0 -0.186      0  0.086  0.160127  0.376807 0.0813292 -0.000281573  -0.00206158  6.67891e-05   -0.161852  -0.0598459 -0.00409323 0.0440718 -0.237496  -9.80603 
             61.8008 -0.736338   1.63089   60.5113     19.6684    -1.58492 -0.00140196 0 0 0 -0.186      0  0.086 0.228126 0.488669 0.048022 -0.000510535   -0.0020784  5.96694e-05   -0.161869  -0.0605985 -0.00383392 0.0436762 -0.237895  -9.80602 
             61.9003 -0.739473   1.43291   60.7277     19.6947     -1.5379 -0.00387118 0 0 0 -0.186      0  0.086  0.253911  0.478661 0.0660568 -0.000320984  -0.00214006 -7.18748e-06   -0.161334  -0.0604987 -0.00302341 0.0440363  -0.23812  -9.80601 
             61.9998 -1.45797  1.48754  60.6656    19.7094   -1.48939 -0.0136458 0 0 0 -0.186      0  0.086    0.1622  0.360229 0.0667462 -0.000277708  -0.00216916 -5.64193e-06   -0.162081   -0.061231 -0.00138019 0.0432862 -0.238133  -9.80601 
             62.1007 -1.00984  1.72237  60.5806     19.7253    -1.44969 -0.00588895 0 0 0 -0.186      0  0.086   0.142785   0.368161 0.00137484 -0.000409799   -0.0021172 -1.19433e-05    -0.16254  -0.0611235 -0.00161966 0.0430875 -0.237838  -9.80602 
             62.2002 -0.735264   1.40669   60.7825    19.7428   -1.40625 -0.0111896 0 0 0 -0.186      0  0.086  0.177239  0.490262 0.0157672 -0.00030102 -0.00207958 -5.5455e-05   -0.162584  -0.0608047 -0.00129468 0.0432376 -0.237645  -9.80603 
             62.2997 -0.393317   1.41265   60.6502   19.7611  -1.36564 -0.028372 0 0 0 -0.186      0  0.086    0.128496    0.375244 -0.00974626 -0.000510673  -0.00237271  2.89456e-06   -0.162277  -0.0606352 0.000292716 0.0435353 -0.237716  -9.80602 
             62.4006 -1.31879  1.85562  60.5211    19.7857    -1.3366 -0.0195631 0 0 0 -0.186      0  0.086   0.176068   0.326269 -0.0400774 -0.000270683  -0.00237856  6.50105e-05    -0.161622   -0.0593623 -0.000551072 0.0445199 -0.237375  -9.80603 
             62.5001 -0.489373   1.75837   60.4544    19.8118    -1.3129 -0.0569593 0 0 0 -0.186      0  0.086  0.298189  0.388468 -0.139691 -0.000558568  -0.00272044  9.71229e-05  -0.160441 -0.0591135 0.00203987 0.0453499 -0.237851  -9.80601 
             62.5997 -0.825756   1.60381   60.5359    19.8621   -1.27027 -0.0720507 0 0 0 -0.186      0  0.086  0.375304  0.503089 -0.089089 -0.000426411  -0.00268706   5.2701e-05  -0.160035 -0.0575918 0.00219903 0.0463555 -0.237256  -9.80602 
             62.7005 -0.611244   1.53419   60.4571    19.9016   -1.22802 -0.0724023 0 0 0 -0.186      0  0.086  0.294211  0.354615 -0.041322 -0.00062006 -0.00265027 5.64831e-05  -0.160016 -0.0570751 0.00183085 0.0466231 -0.236993  -9.80603 
             62.8001 -0.466275    1.4887   60.4602    19.9292   -1.19355 -0.0758044 0 0 0 -0.186      0  0.086  0.261901  0.351468 -0.101212 -0.000695993  -0.00251355  1.96906e-05  -0.160174 -0.0571721 0.00158543 0.0464841 -0.236963  -9.80603 
             62.8996 -0.539089   1.38215   60.6232    19.9489   -1.15493 -0.0861719 0 0 0 -0.186      0  0.086  0.266347  0.496876 -0.140889 -0.000476156  -0.00251192  8.52079e-05  -0.159957  -0.057814 0.00148251 0.0462649 -0.237409  -9.80602 
             63.0001 -0.617938   1.43083   60.4635    19.9623   -1.11183 -0.0916122 0 0 0 -0.186      0  0.086  0.129042  0.471228 0.0275612 -0.000392101  -0.00263332  0.000100068  -0.159191 -0.0589992 0.00122723 0.0460506 -0.238418  -9.80599 
                63.1 0.242691  1.63429  60.5183    19.9767   -1.05228 -0.0728904 0 0 0 -0.186      0  0.086 0.0815502  0.419655 0.0110126 -0.000631881  -0.00236772  5.98586e-05    -0.160977   -0.0586916 -0.000594192 0.0452396 -0.237339  -9.80602 
             63.2009 0.83034 1.31978  60.691    19.9909   -1.01067 -0.0695511 0 0 0 -0.186      0  0.086   0.168727    0.42919 -0.0398545  -0.0010614 -0.00219811 4.83081e-05   -0.161014   -0.058415 -0.00112883 0.0453534 -0.237177  -9.80603 
             63.3003 -0.699948    1.6224    60.551    20.0094  -0.975665 -0.0629754 0 0 0 -0.186      0  0.086   0.252877   0.532499 0.00198451  -0.0002347 -0.00242835 7.36895e-05   -0.159649  -0.0583955 -0.00192287 0.0460606 -0.237863  -9.80601 
             63.3999 -0.683228   1.64501   60.6074    20.0377  -0.926437 -0.0429815 0 0 0 -0.186      0  0.086 0.191629 0.438953 0.136716 -0.000273654  -0.00237256  5.48061e-05   -0.159615  -0.0578439 -0.00294741 0.0463486 -0.237595  -9.80601 
              63.501 -0.791966   1.69264   60.5604     20.063  -0.884928 -0.0242339 0 0 0 -0.186      0  0.086 0.192104 0.368563 0.150018 -0.000356094  -0.00236425  0.000111699   -0.159707  -0.0571271 -0.00322818 0.0466652  -0.23718  -9.80602 
             63.6003 -0.596585   1.69112   60.7128      20.0885    -0.841986 -0.000689876 0 0 0 -0.186      0  0.086 0.249187 0.485918 0.109321 -0.000336237  -0.00223626  3.26665e-05   -0.159869   -0.056509 -0.00423692 0.0468864  -0.23678  -9.80603 
             63.6999 -0.00117086     1.74351     60.6379     20.1249   -0.782265 -0.00490806 0 0 0 -0.186      0  0.086 0.300565 0.587987 0.104043 -0.00065774 -0.00225318 6.37191e-05   -0.160175  -0.0557614 -0.00318989 0.0471246 -0.236247  -9.80604 
             63.7993 0.451111  1.77896  60.5672   20.1499 -0.727979 0.0126322 0 0 0 -0.186      0  0.086 0.268593 0.431337 0.115421 -0.000767612  -0.00232123  4.29059e-05   -0.160468  -0.0562271 -0.00346197 0.0467334 -0.236333  -9.80604 
             63.9002 -1.2703 1.95588 60.6413     20.18 -0.687903 0.0442699 0 0 0 -0.186      0  0.086 0.244905 0.391959  0.10841  -6.8879e-05  -0.00225543 -1.44888e-05   -0.160252  -0.0555643 -0.00508254 0.0471609   -0.2361  -9.80604 
             63.9998 -0.540673   1.79736   60.5849   20.2111 -0.644388 0.0301795 0 0 0 -0.186      0  0.086   0.33412  0.463307 -0.019785 -0.000228765  -0.00224939  1.50413e-05   -0.160501  -0.0551505 -0.00336954 0.0472672 -0.235775  -9.80605 
             64.0993 -0.684321   1.78299   60.5674   20.2471 -0.587825 0.0271463 0 0 0 -0.186      0  0.086  0.351773  0.569347 0.0114095 -0.000269071  -0.00228238  1.42963e-05   -0.160866  -0.0551937 -0.00293023 0.0470671 -0.235615  -9.80606 
             64.2002 -0.527349   1.57902   60.6807   20.2789 -0.540062   0.03097 0 0 0 -0.186      0  0.086 0.269735 0.460923 0.140881 -0.000338264  -0.00215373 -7.41059e-05   -0.160386  -0.0550063 -0.00250646 0.0474109 -0.235767  -9.80605 
             64.2997 0.0208163     1.364   60.6094     20.2964     -0.5068 0.000444198 0 0 0 -0.186      0  0.086   0.189417   0.409134 -0.0137061 -0.000463704  -0.00219869 -1.55667e-05   -0.159597   -0.055516 0.000431909 0.0475993 -0.236442  -9.80603 
             64.4006 0.449127  1.57442  60.5964    20.3186  -0.471556 -0.0216009 0 0 0 -0.186      0  0.086  0.209206  0.518683 -0.101317 -0.000800868  -0.00218776  4.70792e-06   -0.15875 -0.0552591 0.00164983 0.0481755 -0.236751  -9.80602 
             64.5002 0.104852  1.68032  60.3266    20.3375  -0.427754 -0.0398322 0 0 0 -0.186      0  0.086 0.201255 0.452541 0.052972 -0.00084821 -0.00237283 9.75838e-05  -0.158172 -0.0557751 0.00270591 0.0482188 -0.237304  -9.80601 
              64.601 3.28972  1.7309 60.7586    20.3507  -0.385127 -0.0118775 0 0 0 -0.186      0  0.086  0.190921  0.361929 0.0502175  -0.00147173  -0.00202141 -7.56461e-05   -0.158506  -0.0564261 0.000807784 0.0476971 -0.237448  -9.80601 
             64.7004 0.744471  2.09603  60.5347    20.3837  -0.366555 0.00164914 0 0 0 -0.186      0  0.086 0.352941 0.314595 0.018525 -0.000997559  -0.00205385  3.34987e-05   -0.157108  -0.0556316 0.000108781 0.0487884  -0.23776    -9.806 
             64.7999 -0.696198   2.42384   60.4479   20.4348 -0.335688 0.0103928 0 0 0 -0.186      0  0.086   0.446418   0.416277 0.00372455 -0.000455071  -0.00198528  2.42346e-05    -0.156627   -0.0547996 -0.000463917 0.0494482 -0.237592    -9.806 
             64.9009 -0.254844   2.69603   60.5924   20.4783 -0.298279 0.0361783 0 0 0 -0.186      0  0.086 0.359565 0.312861  0.12299 -0.000550278  -0.00185208  -2.2103e-05   -0.156775  -0.0546625 -0.00189405 0.0494488  -0.23744    -9.806 
             65.0004 0.352611  2.60697  60.5089   20.4992 -0.261534 0.0596724 0 0 0 -0.186      0  0.086  0.283139  0.336484 0.0492525 -0.00059673 -0.00164751 2.26886e-05   -0.157337  -0.0558281 -0.00294544 0.0485863 -0.237714    -9.806 
             65.0999 -0.0762379    2.20139    60.6002   20.5311 -0.207346 0.0626697 0 0 0 -0.186      0  0.086  0.322585  0.539848 0.0371155 -0.000353443  -0.00148371  3.98497e-05    -0.15838  -0.0556503 -0.00284285  0.048166 -0.237105  -9.80602 
             65.2008 -0.165864   2.39161   60.6408   20.5611  -0.15062 0.0510642 0 0 0 -0.186      0  0.086 0.206623 0.462972 0.047008 -0.000249697  -0.00171714  2.35401e-05   -0.158729  -0.0555933 -0.00158638 0.0480264 -0.236925  -9.80602 
             65.3001 -0.375361   2.66688   60.4577   20.5733 -0.107948 0.0473371 0 0 0 -0.186      0  0.086     0.127242     0.385369 -0.000966542 -0.000225488  -0.00157667  4.64355e-05   -0.158877  -0.0560493 -0.00116669 0.0477257 -0.237077  -9.80602 
             65.3999 -0.2202 2.52637 60.4691    20.5869 -0.0797304  0.0412829 0 0 0 -0.186      0  0.086   0.147858   0.382026 -0.0138738 -0.000458926  -0.00158691  2.69334e-05    -0.15803  -0.0559672 -0.00088227 0.0481782 -0.237468  -9.80601 
             65.5007 0.0198262   2.41059   60.5337    20.6075 -0.0442996  0.0183229 0 0 0 -0.186      0  0.086  0.240431  0.510298 -0.102093 -0.000556497  -0.00167266 -1.37719e-05   -0.157347   -0.055735 0.000327552 0.0486325 -0.237723    -9.806 
             65.6002 -0.0464944    2.20635    60.5644     20.6301  -0.0098183 -0.00678408 0 0 0 -0.186      0  0.086   0.156033   0.357776 -0.0626577 -0.000561518  -0.00170361 -3.42183e-05  -0.156415 -0.0557231 0.00161301 0.0490966 -0.238209  -9.80598 
             65.6998 -0.293047   2.33194   60.9148    20.6607  0.0286809 -0.0149401 0 0 0 -0.186      0  0.086  0.156458  0.259024 -0.122461 -0.000629712  -0.00177252 -6.78221e-05  -0.157236 -0.0544239 0.00177904 0.0493573 -0.237187  -9.80601 
             65.8004 0.103335  2.53065  60.5669    20.6695  0.0617682 -0.0333533 0 0 0 -0.186      0  0.086  0.204882  0.323465 -0.179812 -0.000478202  -0.00179362  3.24175e-05   -0.15772 -0.0554595 0.00225322 0.0486132 -0.237444  -9.80601 
             65.9002 0.660159  2.38656  60.9015    20.6943   0.108843 -0.0393935 0 0 0 -0.186      0  0.086   0.24191  0.465959 -0.113351 -0.000610537  -0.00167516 -5.36845e-05  -0.158221 -0.0551604 0.00144773 0.0485168 -0.237039  -9.80602 
             65.9997 -1.47082  2.22176  60.3564    20.7124   0.155761 -0.0512072 0 0 0 -0.186      0  0.086   0.122783    0.37959 -0.0936232 5.89586e-05 -0.00181086 6.10171e-05   -0.15861 -0.0553989 0.00182835 0.0482169 -0.236965  -9.80602 
             66.1006 -0.955447     2.631   60.7049    20.7246   0.195626 -0.0382469 0 0 0 -0.186      0  0.086  0.0967388   0.350053 -0.0980421 -0.000137867  -0.00182652 -5.21806e-05   -0.158882  -0.0552832 0.000265101 0.0481316 -0.236748  -9.80602 
             66.2001 -0.593314   2.13308   60.5353    20.7354   0.246097 -0.0555109 0 0 0 -0.186      0  0.086  0.144836  0.480737 -0.120991 -0.000358496  -0.00177494 -5.79967e-06   -0.159824  -0.0553724 0.000621355  0.047648 -0.236329  -9.80604 
             66.2997 0.169152  1.88003  60.5078    20.7624   0.309431 -0.0549604 0 0 0 -0.186      0  0.086   0.226311   0.513967 -0.0596143 -0.000700128  -0.00169606 -5.01476e-06    -0.160619   -0.0546219 -0.000242206 0.0476367 -0.235572  -9.80606 
             66.4005 -0.317502   1.77388   60.3723    20.7722    0.36949 -0.0407853 0 0 0 -0.186      0  0.086  0.140755  0.392413 -0.001995 -0.000668375  -0.00175829  2.51277e-05   -0.161886  -0.0555167 -0.00164292 0.0465793 -0.235337  -9.80607 
                66.5 0.55012 1.65837  60.403     20.791   0.394418 -0.0327804 0 0 0 -0.186      0  0.086   0.155313    0.34091 -0.0319695  -0.00106936  -0.00172163 -2.27512e-06   -0.160982  -0.0551146 -0.00235856 0.0471876 -0.235589  -9.80606 
             66.5993 0.0641246    1.7625   60.6111    20.8178   0.426962 -0.0484883 0 0 0 -0.186      0  0.086  0.226318  0.463283 -0.036773 -0.000719137  -0.00193026 -3.82613e-06   -0.160526  -0.0542942 -0.00148277 0.0478187  -0.23545  -9.80606 
             66.7004 0.211679   1.5153  60.5353    20.8364   0.475093 -0.0377039 0 0 0 -0.186      0  0.086  0.20709  0.43479 0.116636 -0.000697987  -0.00196279  1.80131e-05   -0.160454   -0.054771 -0.00180469 0.0476112 -0.235699  -9.80605 
             66.7999 -0.251785    1.6264   60.9252    20.8588   0.516674 -0.0214616 0 0 0 -0.186      0  0.086  0.170583  0.383796 0.0868181 -0.000644097  -0.00178959 -5.59117e-05   -0.160625  -0.0544291 -0.00246137 0.0476959 -0.235455  -9.80606 
             66.9008 -0.207122   1.60133   60.5741    20.8787   0.549071 -0.0398684 0 0 0 -0.186      0  0.086   0.184313   0.380502 -0.0253247 -0.000350975  -0.00196888  3.63335e-05   -0.160303  -0.0542529 -0.00103601 0.0479427 -0.235543  -9.80605 
             67.0003 -0.156606   1.85794   60.5797    20.9006   0.597543 -0.0295781 0 0 0 -0.186      0  0.086  0.197894  0.468349 0.0784559 -0.000271754  -0.00202524 -1.04955e-05   -0.160687   -0.054113 -0.00198663 0.0478289 -0.235286  -9.80606 
             67.0999 -0.410884   1.19656   60.6612    20.9285   0.642788 -0.0266486 0 0 0 -0.186      0  0.086  0.186905  0.396994 0.0949835 -0.000486629  -0.00205228  4.40809e-05   -0.160937  -0.0533469 -0.00155558 0.0480961 -0.234819  -9.80607 
             67.2008 0.221413  1.32052  60.7044    20.9337    0.67311 -0.0365068 0 0 0 -0.186      0  0.086   0.160709   0.459989 0.00878865 -0.000600809  -0.00195089  2.99349e-06    -0.160134   -0.0543789 -0.000446462 0.0479617 -0.235681  -9.80605 
             67.3003 -0.185603   1.64023   60.5278     20.944   0.713848 -0.0247486 0 0 0 -0.186      0  0.086   0.167579    0.52656 0.00524412 -0.000517263  -0.00211735  8.71227e-05     -0.1593  -0.0548903 -0.00108806 0.0480813 -0.236317  -9.80604 
             67.3998 0.0663184     1.508    60.441    20.9555   0.764651 -0.0067834 0 0 0 -0.186      0  0.086  0.152898    0.4545 0.0748973 -0.000459586  -0.00202177  8.27038e-05   -0.159447  -0.0552603 -0.00192715 0.0478263 -0.236409  -9.80603 
             67.4993 0.0543876   1.56648   60.5976    20.9817   0.804081 -0.0017509 0 0 0 -0.186      0  0.086  0.243887  0.419904 0.0322002 -0.000538872  -0.00183635  3.55497e-05   -0.159153  -0.0545305 -0.00194185 0.0483157 -0.236228  -9.80604 
             67.6002 -0.368144   1.56934    60.588    21.0072   0.845441 -0.0153739 0 0 0 -0.186      0  0.086   0.384869   0.514158 -0.0262927  -0.00041734  -0.00181524 -1.92846e-06   -0.158839   -0.054957 -0.00093366 0.0482555 -0.236572  -9.80603 
             67.6997 0.0345189   1.73015   60.6758     21.047   0.892302 -0.0175777 0 0 0 -0.186      0  0.086 0.383682 0.405811 0.131372 -0.000484204  -0.00179024 -2.02649e-05    -0.158629   -0.0550272 -0.000431692 0.0483191 -0.236706  -9.80602 
             67.7993 -0.477705   2.12648   60.5526    21.0796   0.923939 0.00693598 0 0 0 -0.186      0  0.086 0.335222 0.310204 0.113644 -7.24157e-05  -0.00166224  3.35677e-05   -0.158308  -0.0549637 -0.00150818 0.0484817 -0.236832  -9.80602 
             67.8998 -0.627512   1.80664   60.7193    21.1142   0.961844 -0.0411029 0 0 0 -0.186      0  0.086   0.287115   0.383788 -0.0728503 -7.13473e-05  -0.00169208  2.43256e-05  -0.158617  -0.054734 0.00220785 0.0484943 -0.236598  -9.80603 
             67.9996 -0.177607   1.96742   60.9107    21.1447     1.0035 -0.0281405 0 0 0 -0.186      0  0.086   0.354444   0.487356 -0.0462285 -0.000130813  -0.00171703 -6.60474e-06     -0.1584  -0.0548788 0.000721754  0.048503 -0.236758  -9.80602 
             68.1005 -0.632337   1.51645   60.6847    21.1663    1.05221 -0.0077143 0 0 0 -0.186      0  0.086  0.233474  0.410179 0.0771925 0.000246042 -0.00166379 6.94023e-05    -0.158517   -0.0555356 -0.000465017 0.0481181 -0.236978  -9.80602 
             68.2001 -0.937529   1.51896   60.7818    21.1895    1.08376 -0.0223196 0 0 0 -0.186      0  0.086 0.207267  0.38056 0.010941 6.79055e-05 -0.00162447  5.9676e-05  -0.157975 -0.0552806 0.00117385 0.0484991 -0.237141  -9.80601 
             68.2996 -1.35261  1.37133  60.7331    21.2108    1.12911 -0.0174367 0 0 0 -0.186      0  0.086   0.287339   0.483625 -0.0526416  0.00032872 -0.00157677 1.00638e-05   -0.158244  -0.0554052 0.000721236 0.0483151 -0.237062  -9.80602 
             68.4004 -0.974306   1.32093   60.7514    21.2393    1.18033 -0.0260434 0 0 0 -0.186      0  0.086  0.275926   0.47738 0.0689564 0.000108621 -0.00163316 1.65915e-05  -0.158187 -0.0556447 0.00131437 0.0482335 -0.237196  -9.80601 
                68.5 -0.150635   1.59622   60.6209    21.2685    1.22966 -0.0136711 0 0 0 -0.186      0  0.086  0.191733   0.40882 0.0762242 -0.000125751  -0.00167451  6.01554e-05   -0.158621  -0.0552164 0.000868292 0.0482444 -0.236801  -9.80602 
             68.6008 0.474159  1.48384  60.5934   21.2908   1.26253 -0.012176 0 0 0 -0.186      0  0.086   0.188286   0.394505 0.00513407 -0.000516234  -0.00156844  9.63405e-05  -0.158136 -0.0548953 0.00104375 0.0486121 -0.236898  -9.80602 
             68.7004 0.107585  1.28182  60.6264    21.3108     1.2946 -0.0146917 0 0 0 -0.186      0  0.086   0.200013   0.501549 -0.0520954 -0.000328341  -0.00156232  0.000105119  -0.157265 -0.0546749 0.00105651 0.0490927 -0.237222  -9.80601 
             68.7999 0.0499401  0.970042   60.3858    21.3256    1.33585 -0.0160051 0 0 0 -0.186      0  0.086 0.124668 0.420696 0.094679 -0.000439592  -0.00158698  0.000169048  -0.156875 -0.0550146 0.00142171 0.0491016 -0.237553    -9.806 
             68.9008 0.940099  1.43963  60.8503     21.3633     1.37243 -0.00855366 0 0 0 -0.186      0  0.086  0.182777  0.366363 0.0081341 -0.000867494  -0.00167098  5.71402e-05  -0.156677 -0.0531664 0.00123779 0.0500726  -0.23687  -9.80601 
             69.0003 -0.376224   1.27011   60.5009     21.3787     1.39495 -0.00175075 0 0 0 -0.186      0  0.086  0.218389  0.390151 0.0237912 -0.000359974  -0.00157828  7.60074e-05   -0.15566 -0.0533895 0.00082088 0.0503915 -0.237451    -9.806 
             69.1012 -0.142362   1.26609   60.6509    21.4088    1.43417 -0.0198712 0 0 0 -0.186      0  0.086   0.300253   0.556472 0.00715993 -0.000409444  -0.00176289 -3.09342e-05  -0.155102 -0.0532301 0.00196522 0.0507132 -0.237649  -9.80599 
             69.2007 -0.386401   1.70558    60.417    21.4297    1.48941 -0.0230214 0 0 0 -0.186      0  0.086   0.227938   0.426599 0.00436402 -0.000507548  -0.00182659  7.50353e-05  -0.155333 -0.0537729  0.0023293 0.0503587 -0.237762  -9.80599 
             69.3002 -1.27979  1.51241   60.413    21.4633    1.53909 -0.0151773 0 0 0 -0.186      0  0.086    0.16729   0.338624 -0.0296505 -0.000285397  -0.00163376  6.43012e-05  -0.156224 -0.0527787 0.00174889 0.0504587 -0.236928  -9.80601 
             69.3998 -0.460856   1.42159   60.7461    21.4795     1.5779 -0.0201512 0 0 0 -0.186      0  0.086   0.139454   0.325805 -0.0529454 -0.00048298 -0.00155803 3.13878e-05  -0.156686 -0.0527627 0.00179229 0.0502749 -0.236701  -9.80601 
             69.4993 0.0385727   1.31042    60.646    21.4834    1.61287 -0.0111762 0 0 0 -0.186      0  0.086   0.15785  0.464917 0.0127392 -0.000584066  -0.00143163  9.75824e-05   -0.156608  -0.0537023 0.000998295 0.0498489 -0.237126  -9.80601 
             69.6002  1.1631 1.65727 60.9347   21.5069   1.65318 0.0160088 0 0 0 -0.186      0  0.086 0.155733 0.372239 0.157613 -0.000543241  -0.00150646 -2.38736e-05   -0.156417  -0.0533879 8.00094e-05 0.0500658 -0.237089  -9.80601 
             69.6997 -0.824333   2.69052    60.675   21.5304   1.70558 0.0233621 0 0 0 -0.186      0  0.086 0.196114 0.362514  0.11861 2.95435e-06 -0.00162513 0.000159261   -0.157574  -0.0529956 0.000355926 0.0497805 -0.236381  -9.80603 
             69.8006 -0.572709   2.55248   60.3642   21.5539   1.73566 0.0300391 0 0 0 -0.186      0  0.086  0.286641  0.379364 0.0609491 -0.000306556  -0.00154761  0.000175454   -0.157191  -0.0529723 0.000631748 0.0499515 -0.236553  -9.80602 
             69.9001 -0.241661   2.20991   60.6078   21.5998   1.77553 0.0122903 0 0 0 -0.186      0  0.086   0.441069   0.453415 -0.0207067 -0.000360773  -0.00135976  7.88886e-05  -0.157122  -0.052233 0.00215121 0.0503437 -0.236291  -9.80602 
             69.9996 -0.106984   2.38088   60.4856    21.6324    1.80564 0.00718527 0 0 0 -0.186      0  0.086  0.366663  0.311049 0.0756518 -0.000393575  -0.00120115   8.0143e-05   -0.15649 -0.0527654 0.00288657 0.0503552 -0.236809  -9.80601 
             70.1005 -0.729617   2.93629   60.3374   21.6634   1.82723 0.0284874 0 0 0 -0.186      0  0.086  0.290863  0.264041 0.0738028 -0.000188127  -0.00128255  0.000110545   -0.15603 -0.0528962 0.00201386 0.0504716 -0.237069    -9.806 
                70.2 0.477988  2.89436  60.8162    21.6823    1.86614 0.00401737 0 0 0 -0.186      0  0.086   0.222711       0.41 -0.0103259 -0.000821106  -0.00117199  8.85087e-05  -0.156584 -0.0535861 0.00379069 0.0499405  -0.23711  -9.80601 
             70.3009 -1.28633  2.85966  60.6283    21.7084    1.92151 -0.0243748 0 0 0 -0.186      0  0.086   0.31712  0.475801 -0.122672 -0.000160015  -0.00132119  0.000158147  -0.157174 -0.0535576 0.00555793 0.0497365 -0.236854  -9.80601 
             70.4004 -1.11832  2.91516  60.3645  21.7296  1.97737 -0.02236 0 0 0 -0.186      0  0.086   0.180985   0.414188 -0.0571092  0.00026581 -0.00131919 0.000281125  -0.157906 -0.0539944 0.00490099 0.0492314  -0.23667  -9.80602 
             70.4999 -0.667103   2.64607   60.7321    21.7655    2.01777 -0.0617751 0 0 0 -0.186      0  0.086  0.232549  0.379488 -0.168052 8.68202e-05 -0.00126547 0.000226301  -0.158166 -0.0528336  0.0069176 0.0496972 -0.236142  -9.80603 
             70.6008 0.315633  2.92835  60.6393    21.7909    2.05258 -0.0799649 0 0 0 -0.186      0  0.086  0.364127  0.436967 -0.190649 -0.000501953  -0.00122962  9.14106e-05  -0.157881  -0.053081 0.00688621  0.049693 -0.236371  -9.80603 
                70.7 -0.347362   2.98856   60.7766    21.8397    2.08496 -0.0795403 0 0 0 -0.186      0  0.086   0.412725   0.442231 -0.0583579 -0.000259982  -0.00125494  4.81303e-05   -0.15685 -0.0523447 0.00570762 0.0504296 -0.236529  -9.80602 
             70.7999 -0.0125131    3.08186    60.2743   21.8812   2.12537 -0.063308 0 0 0 -0.186      0  0.086   0.344782   0.350723 0.00184964 -0.000246866  -0.00119634   0.00020577   -0.15684 -0.0520029 0.00417649 0.0505736 -0.236353  -9.80602 
             70.9007 -1.38001  3.37613   60.231    21.9093    2.15487 -0.0266498 0 0 0 -0.186      0  0.086 0.286792 0.402057 0.062665  0.00062645 -0.00111495 0.000273809   -0.15601 -0.0519709 0.00131789 0.0508794 -0.236637  -9.80601 
             71.0002 -1.29966  3.31064  60.3908    21.9281    2.20555 -0.0255341 0 0 0 -0.186      0  0.086   0.291742   0.557949 -0.0163562 0.000263381 -0.00113045 0.000200038  -0.156348 -0.0527859 0.00129375 0.0503664 -0.236794  -9.80601 
             71.0998 -0.46925   3.0838  60.4794   21.9533   2.27305 -0.026802 0 0 0 -0.186      0  0.086 0.213008 0.523899 0.146748 -0.00023685 -0.00113669 0.000186693  -0.157269 -0.0532591 0.00166405 0.0497939 -0.236562  -9.80602 
             71.2004 -0.18723   3.2011  60.5373    21.9743    2.31927 -0.0251254 0 0 0 -0.186      0  0.086  0.115676  0.439803 0.0546864 -7.4824e-05 -0.00103933   0.0001418  -0.157187 -0.0528505 0.00223438 0.0500246 -0.236463  -9.80602 
             71.3002 -0.725255   3.99694   60.4388    21.9894    2.35374 -0.0018505 0 0 0 -0.186      0  0.086  0.152168  0.441143 0.0333683 -0.000185818  -0.00119709  0.000101281   -0.156512  -0.0524845 0.000938398  0.050434 -0.236591  -9.80602 
             71.3997 -0.268851   3.75181   60.5842  22.0085  2.38991 0.010263 0 0 0 -0.186      0  0.086  0.250747  0.538532 0.0529711 -0.000325358  -0.00116695 -1.12272e-05   -0.155556  -0.0523066 0.000411216 0.0508735 -0.236945  -9.80601 
             71.5006 -0.663483   3.90328   60.4115     22.0425     2.43156 -0.00195966 0 0 0 -0.186      0  0.086  0.221421  0.369695 0.0591657 -0.000174273  -0.00114356  3.55415e-05  -0.155235 -0.0515505 0.00172867 0.0513664 -0.236857  -9.80601 
             71.6001 -0.981287     4.422   60.2255     22.07   2.46595 0.0109167 0 0 0 -0.186      0  0.086  0.203699  0.306748 0.0594905 2.88703e-05 -0.00120829  5.3536e-05  -0.155284 -0.0510525 0.00117849  0.051571 -0.236626  -9.80601 
             71.6996 -1.56999  4.01295  60.7423    22.1009    2.48482 -0.0059302 0 0 0 -0.186      0  0.086   0.241718   0.341906 -0.0516773 0.000400021 -0.00130806  2.0961e-05   -0.15452 -0.0500828 0.00255595 0.0523275 -0.236673    -9.806 
             71.8005 -0.475012   3.39235   60.6533    22.1276    2.53615 -0.0304681 0 0 0 -0.186      0  0.086  0.352724  0.534487 -0.122036 -6.74402e-05  -0.00116836  9.20473e-05  -0.155238 -0.0502771 0.00364911  0.051984 -0.236466  -9.80601 
             71.9001 1.09667 3.10145 60.6994    22.1607    2.60683 -0.0603253 0 0 0 -0.186      0  0.086  0.414979  0.575655 -0.232659 -0.00101983 -0.00138193 4.73139e-05  -0.156109 -0.0510771 0.00474908 0.0513065 -0.236417  -9.80602 
             71.9996 0.927435  2.92384  60.7019    22.2044    2.66143 -0.0994717 0 0 0 -0.186      0  0.086  0.278305   0.43148 -0.221436 -0.000796187  -0.00146993  0.000106882  -0.156526 -0.0503102 0.00599523 0.0515225 -0.235999  -9.80603 
             72.1004 -0.230147   3.26258   60.7374   22.2298   2.70359 -0.127043 0 0 0 -0.186      0  0.086  0.203533  0.380072 -0.328685 -0.00038768 -0.00145733 5.12397e-05  -0.156614  -0.050079 0.00619998 0.0515981 -0.235882  -9.80603 
                72.2 -0.739129   3.68171   60.6657  22.2574  2.74088 -0.11125 0 0 0 -0.186      0  0.086  0.244444  0.503314 -0.263414 0.000139798 -0.00148405 6.62764e-05  -0.156042 -0.0495235 0.00311355 0.0520418 -0.235812  -9.80603 
             72.3008 -0.616372   3.22874   60.5987   22.2765   2.79889 -0.111361 0 0 0 -0.186      0  0.086  0.153547  0.416226 -0.134255 -8.8576e-05 -0.00137733 7.94071e-05  -0.156543 -0.0498671 0.00195963 0.0516921 -0.235667  -9.80603 
             72.4003 -1.35609  3.46941  60.2454   22.2886   2.83799 -0.107114 0 0 0 -0.186      0  0.086   0.12934  0.349743 -0.143283 0.000174388 -0.00121687 5.88478e-05   -0.156607  -0.0502101 0.000872676 0.0515051 -0.235722  -9.80603 
             72.4995 -1.04293  3.38518  60.4355   22.3075   2.87096 -0.117957 0 0 0 -0.186      0  0.086  0.185542  0.370612 -0.155219 -0.000113493  -0.00149748  0.000115455   -0.156467  -0.0498544 0.000676346 0.0517171 -0.235648  -9.80603 
             72.6007 -0.561735   2.78756   60.4869   22.3336   2.91198 -0.144745 0 0 0 -0.186      0  0.086 0.326286 0.524278 -0.11181 -0.000316496  -0.00126864  0.000117905  -0.156298 -0.0495874 0.00133057  0.051907 -0.235652  -9.80603 
             72.7002 -0.552703   3.20606   60.6316   22.3754   2.95267 -0.146063 0 0 0 -0.186      0  0.086   0.289051   0.442698 -0.0417466 -1.29847e-05  -0.00131108  8.95409e-05  -0.155477  -0.048669 0.00055982 0.0526127 -0.235662  -9.80603 
             72.7998 0.40099 3.31912  60.734  22.3933  2.99019 -0.14743 0 0 0 -0.186      0  0.086   0.17429  0.317082 -0.109166 0.000182653 -0.00126737  6.1828e-05   -0.155378  -0.0490014 0.000338826 0.0524946 -0.235818  -9.80602 
             72.9007 -0.764741    3.8886    60.653   22.4262   3.02129 -0.110464 0 0 0 -0.186      0  0.086  0.225086  0.274503 -0.036753 0.000394294 -0.00141219 5.82996e-05   -0.155232  -0.0478962 -0.00253838 0.053012 -0.23539 -9.80603 
                  73 -2.70016  3.41769  60.5553   22.4682   3.05457 -0.115026 0 0 0 -0.186      0  0.086   0.298106   0.367221 -0.0573117 0.000957385 -0.00123685 7.85598e-05   -0.155448  -0.0467679 -0.00253458 0.0534454 -0.234892  -9.80604 
             73.0997 -1.92972  3.00768  60.4425   22.4902   3.10116 -0.107186 0 0 0 -0.186      0  0.086   0.16703  0.320489 -0.011962 0.000661868 -0.00119541 0.000145197   -0.156213  -0.0472174 -0.00308784 0.0529607 -0.234691  -9.80605 
             73.2006 -1.30527  2.83666  60.5907     22.51   3.11708 -0.114812 0 0 0 -0.186      0  0.086   0.101497   0.302463 -0.0174614   0.00038332  -0.00117048 -2.35809e-05   -0.155307  -0.0465891 -0.00261098 0.0535752 -0.234889  -9.80604 
             73.3001 -0.137509   3.11719   60.6795   22.5205   3.16665 -0.141154 0 0 0 -0.186      0  0.086 0.0760528  0.476362 -0.142475 -0.000257636  -0.00135163  1.13961e-05   -0.156243  -0.0466913 -0.00142655 0.0532239 -0.234552  -9.80605 
              73.401 -0.324937   3.18588   60.6167   22.5462   3.23225 -0.157357 0 0 0 -0.186      0  0.086  0.190345  0.641082 -0.194042 1.50097e-06 -0.00119817 3.29835e-05  -0.156711 -0.0456818 -0.0013749 0.0535133 -0.233991  -9.80606 
             73.5003 -0.402139   3.01012   60.5058   22.5743   3.27455 -0.167357 0 0 0 -0.186      0  0.086     0.1529   0.454291 -0.0262595 0.000398259 -0.00114911 8.79128e-05   -0.155772  -0.0445396 -0.00121274 0.0543599 -0.234014  -9.80606 
             73.6001 -1.21155   3.8077  60.2524   22.5859   3.31507 -0.153737 0 0 0 -0.186      0  0.086   0.122177   0.401858 -0.0317656 0.000721952 -0.00124188  7.0503e-05   -0.155563  -0.0446055 -0.00229603 0.0543818 -0.234092  -9.80606 
             73.6996 -2.9734 4.03896 60.5269   22.6113   3.35016 -0.158567 0 0 0 -0.186      0  0.086  0.251916  0.432375 -0.078141  0.00120549 -0.00119313 0.000105099   -0.155256  -0.0438586 -0.00238136 0.0548219 -0.233967  -9.80606 
             73.8004 -2.91801     3.72  60.3678   22.6399   3.39163 -0.179035 0 0 0 -0.186      0  0.086   0.239497   0.384862 -0.0212581  0.00123567 -0.00110902 0.000111839   -0.155203   -0.043609 -0.00154896 0.0549682 -0.233935  -9.80606 
                73.9 -3.26869  3.82734  60.5144   22.6639   3.40833 -0.189104 0 0 0 -0.186      0  0.086   0.140333   0.322121 -0.0537121  0.00121897 -0.00110612  6.7728e-05   -0.154094  -0.0428933 -0.00108932 0.0556806 -0.234196  -9.80605 
             73.9995 -2.96915  3.85359  60.4599   22.6795   3.42299 -0.189597 0 0 0 -0.186      0  0.086  0.0929203   0.362268 -0.0982549  0.00138793 -0.00120423 0.000108608   -0.152837  -0.0422977 -0.00147374  0.056364 -0.234529  -9.80603 
             74.1004 -2.30662  3.78404  60.3607   22.7055   3.47247 -0.191818 0 0 0 -0.186      0  0.086   0.142944   0.564802 -0.0924107  0.00120399 -0.00120482 0.000187414   -0.153105  -0.0412603 -0.00203613 0.0567144 -0.234036  -9.80604 
             74.1999 -2.04669  3.44556  60.3466   22.7188      3.53 -0.198095 0 0 0 -0.186      0  0.086  0.0480337   0.497151 -0.0355572 0.000882585 -0.00111179 0.000201194   -0.153336  -0.0412465 -0.00211112 0.0566395 -0.233927  -9.80605 
             74.3008 -1.4189 3.44359 60.3381  22.7203  3.57484 -0.18586 0 0 0 -0.186      0  0.086 -0.00466551    0.412226  -0.0150251  0.00032491 -0.00101602 0.000123964   -0.153212  -0.0413947 -0.00294947 0.0565796 -0.233993  -9.80605 
             74.4003 -1.75616  3.78551  60.2987   22.7423   3.61516 -0.165329 0 0 0 -0.186      0  0.086   0.103907   0.469651 -0.0312526 0.000180919 -0.00110996 0.000139286   -0.152971  -0.0400282 -0.00435729 0.0572031 -0.233579  -9.80605 
             74.4998 -1.19936  3.62481  60.3304  22.7691  3.66781 -0.16649 0 0 0 -0.186      0  0.086  0.144497  0.518167 0.0386304 0.000325846 -0.00115565 0.000132441   -0.153005  -0.0389872 -0.00432138 0.0576534  -0.23322  -9.80606 
             74.6007 -2.67651  2.88807  60.4159   22.7942   3.71111 -0.175299 0 0 0 -0.186      0  0.086 0.0817539  0.394123 0.0280975 0.000834193 -0.00110882 0.000103397   -0.152868  -0.0377227 -0.00369104 0.0582833 -0.232889  -9.80606 
             74.7002 -1.73676  2.63781  60.3634   22.8192   3.76412 -0.191138 0 0 0 -0.186      0  0.086  0.0964588    0.41466 -0.0539705 0.000313366 -0.00112621 6.30373e-05   -0.153904  -0.0366433 -0.00281811 0.0584488  -0.23212  -9.80608 
             74.7998 -0.878881   3.03193   60.4776   22.8313   3.79915 -0.182411 0 0 0 -0.186      0  0.086   0.121097   0.533568 -0.0777088 2.39352e-05 -0.00132562 4.76773e-05   -0.153159  -0.0363609 -0.00382596 0.0587819 -0.232312  -9.80607 
             74.9006 -0.652593   2.52289   60.3754   22.8486   3.86178 -0.168247 0 0 0 -0.186      0  0.086  0.221284  0.607981 0.0434151 -0.00013406 -0.00121183 6.76264e-05  -0.153212 -0.0364113 -0.0049947 0.0587013 -0.232264  -9.80607 
             75.0002 -0.047063   2.55872   60.4414  22.8671  3.90952 -0.15594 0 0 0 -0.186      0  0.086  0.128854  0.447384 0.0723265 -0.00021864 -0.00125005 3.73232e-05   -0.152863  -0.0362198 -0.00529989 0.0588894 -0.232342  -9.80607 
             75.0997  1.0906 2.31055 60.8019   22.8746   3.95873 -0.168547 0 0 0 -0.186      0  0.086   0.138608   0.425144 -0.0186269  -0.00101791  -0.00105026 -7.70289e-05   -0.153415  -0.0367241 -0.00417647 0.0585205 -0.232301  -9.80607 
             75.2005 -0.50904  2.78043   60.456   22.9011    4.0179 -0.153004 0 0 0 -0.186      0  0.086   0.253384   0.537192 0.00318514 -0.000436387  -0.00133866 -7.17482e-06   -0.153978  -0.0362909 -0.00539127 0.0585005 -0.231887  -9.80608 
             75.3001 0.754625  2.33135   60.466   22.9389   4.06933 -0.133357 0 0 0 -0.186      0  0.086  0.294082   0.36741 0.0771659 -0.000971364  -0.00122341  2.86069e-05   -0.154223  -0.0356236 -0.00630746 0.0586971 -0.231546  -9.80609 
             75.3996 0.121445  2.59381  60.4949   22.9701   4.09603 -0.114749 0 0 0 -0.186      0  0.086   0.30703  0.263528 0.0319025 -0.000818532   -0.0011685 -2.09631e-05  -0.153891 -0.0354639 -0.0071613 0.0588647 -0.231618  -9.80609 
             75.5005 1.28611 2.19854  60.643  23.0055  4.13361 -0.13192 0 0 0 -0.186      0  0.086    0.36909   0.320478 -0.0342817  -0.00108803  -0.00110054 -1.72932e-06  -0.154551 -0.0354781  -0.005929 0.0586534 -0.231364   -9.8061 
                75.6 1.28828 2.02029 60.6534    23.038   4.19145 -0.144318 0 0 0 -0.186      0  0.086    0.48038   0.509573 -0.0370164 -0.00112229 -0.00113132 7.83365e-06   -0.155658  -0.0363805 -0.00546608 0.0579087 -0.231187   -9.8061 
             75.7009 0.548718   2.1573  60.3996   23.0701   4.23986 -0.173866 0 0 0 -0.186      0  0.086   0.35953   0.41911 0.0108914 -0.000585317  -0.00122644  0.000109851   -0.155613  -0.0372322 -0.00347449 0.0575493 -0.231505   -9.8061 
             75.8004 0.570504  2.28428  60.6356  23.0913  4.28073 -0.16033 0 0 0 -0.186      0  0.086   0.291475   0.354693 -0.0194414 -0.000436986  -0.00103041  1.50586e-05   -0.155704  -0.0381039 -0.00418837 0.0571508 -0.231733   -9.8061 
             75.8999 -0.979033   2.86294   60.5368   23.1181   4.31533 -0.142558 0 0 0 -0.186      0  0.086   0.303087   0.399449 -0.0109491 0.000115796  -0.0012568  3.5131e-05   -0.155477  -0.0382459 -0.00540324 0.0571757 -0.231862  -9.80609 
             76.0008 0.0232044   2.66488   60.5951  23.1522  4.36108 -0.14242 0 0 0 -0.186      0  0.086 0.362083 0.503537  0.13923 -0.000403517  -0.00108988  2.43374e-05    -0.15548  -0.0383844 -0.00538812 0.0571152 -0.231904  -9.80609 
             76.1003 -0.090539   2.56917   60.6966   23.1839   4.41462 -0.130833 0 0 0 -0.186      0  0.086  0.293864  0.390709 0.0633888 -0.000356186  -0.00106793 -2.75335e-05   -0.156016  -0.0385865 -0.00544669 0.0568609 -0.231741   -9.8061 
             76.1999 -0.437063   2.48055   60.3761   23.2066   4.46589 -0.136913 0 0 0 -0.186      0  0.086  0.261967  0.370261 0.0106983 -0.000288179  -0.00109555  4.16062e-05   -0.156939   -0.039126 -0.00468912 0.0563354 -0.231529  -9.80611 
             76.3007 1.22941 1.67661 60.6798   23.2216   4.49316 -0.166581 0 0 0 -0.186      0  0.086   0.285411   0.432143 -0.0968306  -0.00125788 -0.000862159 -2.71623e-05   -0.156311  -0.0398773 -0.00284821 0.0561999  -0.23205  -9.80609 
             76.4002   1.177 2.05762 60.4946   23.2457    4.5248 -0.173183 0 0 0 -0.186      0  0.086   0.42016  0.472176 -0.130465 -0.00112335 -0.00109155 4.87616e-05  -0.155222 -0.0403181 -0.0028993 0.0563515 -0.232642  -9.80608 
             76.4998 0.719031  2.19452  60.5394   23.2848   4.56792 -0.166546 0 0 0 -0.186      0  0.086   0.259115   0.393803 -0.0410488 -0.000399557  -0.00129496  6.17992e-05    -0.15503  -0.0398407 -0.00407592 0.0566209 -0.232561  -9.80608 
             76.6006 0.401666  2.39921  60.6808   23.3082   4.59534 -0.162581 0 0 0 -0.186      0  0.086 0.276901 0.289283  -0.1022 -1.0962e-05 -0.00116295 0.000109152  -0.154568 -0.0398593 -0.0047981 0.0567616 -0.232752  -9.80607 
             76.7002 0.0209734   2.44567    60.581   23.3183   4.62686 -0.174505 0 0 0 -0.186      0  0.086  0.397178  0.289452 -0.145539 -0.000629996  -0.00113426  8.57442e-05    -0.15476  -0.0416578 -0.00478831 0.0559401 -0.233219  -9.80607 
             76.7997 0.447134   2.1934  60.6425   23.3506   4.64237 -0.188103 0 0 0 -0.186      0  0.086   0.381463   0.213901 0.00423896 -0.000796692  -0.00121753  7.38458e-05   -0.154008  -0.0419254 -0.00446288 0.0560538 -0.233616  -9.80606 
             76.9006 0.287816  2.19096  60.5898    23.382   4.65684 -0.196478 0 0 0 -0.186      0  0.086   0.256799   0.249509 -0.0635771 -0.000498033   -0.0011652   7.5709e-05   -0.153517  -0.0415821 -0.00428773 0.0563468 -0.233717  -9.80605 
             77.0001 0.790339  2.06734  60.4878  23.4098  4.67847 -0.20263 0 0 0 -0.186      0  0.086  0.237565  0.346018 -0.116251 -0.000731121   -0.0011287  0.000104757   -0.153146  -0.0412832 -0.00443071 0.0565862 -0.233779  -9.80605 
             77.0997 0.693702  1.95906  60.4225   23.4386   4.73706 -0.213864 0 0 0 -0.186      0  0.086      0.338   0.592696 -0.0516119 -0.000548093  -0.00118204  0.000166613   -0.153911  -0.0412957 -0.00451905 0.0563508 -0.233466  -9.80606 
             77.2005 0.728231  1.80556  60.5268   23.4579   4.79683 -0.241165 0 0 0 -0.186      0  0.086   0.235164   0.511572 -0.0178771 -0.000642446  -0.00118479  0.000126746   -0.153985  -0.0421081 -0.00327439 0.0559783 -0.233686  -9.80606 
             77.3001 0.169112  2.03065  60.5046   23.4777   4.85173 -0.243084 0 0 0 -0.186      0  0.086   0.164264    0.44221 -0.0885254 -0.000384646  -0.00118169  8.20035e-05   -0.154413  -0.0422189 -0.00339421 0.0558051 -0.233542  -9.80606 
             77.3996 -0.467121   2.26549   60.5496   23.4964   4.89793 -0.248456 0 0 0 -0.186      0  0.086  0.197712    0.4887 -0.117028 -0.000451259  -0.00107572  0.000116703   -0.154546  -0.0421308 -0.00361552 0.0558038 -0.233461  -9.80606 
             77.5004 1.26379 1.24025 60.6557    23.515    4.9701 -0.277135 0 0 0 -0.186      0  0.086  0.265429  0.580389 -0.134753 -0.00113915 -0.00093915 3.20881e-05   -0.155537  -0.0427111 -0.00256867 0.0552638 -0.233229  -9.80607 
             77.5999 3.28508 1.38964 60.6011   23.5222   5.03042 -0.261717 0 0 0 -0.186      0  0.086   0.249948   0.399239 -0.0337053  -0.00173218 -0.000881514  5.95044e-05   -0.156062   -0.044343 -0.00386916 0.0544373 -0.233485  -9.80607 
             77.7008 0.306493  1.82723  60.5341   23.5486   5.06239 -0.258708 0 0 0 -0.186      0  0.086   0.305036   0.374452 -0.0816892 -0.000607278  -0.00108216  9.92577e-05   -0.155647  -0.0442955 -0.00446318 0.0545826 -0.233638  -9.80607 
             77.8003 0.548953  1.69664  60.6848   23.5863   5.10013 -0.231483 0 0 0 -0.186      0  0.086   0.473487    0.46384 -0.0485563 -0.000855107  -0.00108489  6.97091e-05   -0.155451  -0.0443256 -0.00655376 0.0546471 -0.233725  -9.80606 
             77.9012 1.84294 1.08774 60.6306   23.6218   5.15802 -0.214836 0 0 0 -0.186      0  0.086  0.481831  0.442493 0.0766224   -0.0014148 -0.000978341  8.09883e-05  -0.155812 -0.0456771 -0.0075609 0.0539933 -0.233968  -9.80606 
             78.0008 1.56235 1.60891 60.2356   23.6595   5.20104 -0.216632 0 0 0 -0.186      0  0.086   0.420131    0.33655 0.00851976 -0.00126027 -0.00118103 0.000155179   -0.156034  -0.0462696 -0.00720168 0.0536798 -0.234048  -9.80606 
             78.1003 1.68872 1.50632 60.4825    23.698   5.24713 -0.209661 0 0 0 -0.186      0  0.086   0.447927   0.409911 -0.0592272 -0.00110382  -0.0011142 0.000108065   -0.156626  -0.0465847 -0.00780483 0.0533886 -0.233901  -9.80607 
             78.1998  2.2733 1.22988 60.4869   23.7279   5.31277 -0.212485 0 0 0 -0.186      0  0.086    0.476022    0.464579 0.000525956 -0.00144647 -0.00110517 7.98043e-05   -0.157728  -0.0483013 -0.00786589 0.0523673 -0.233944  -9.80607 
             78.3007 2.20017 1.25953 60.6122    23.752   5.34698 -0.207887 0 0 0 -0.186      0  0.086  0.402151  0.323484 0.0662961 -0.00157734 -0.00110155 0.000133206   -0.157275  -0.0497105 -0.00788257 0.0519186 -0.234524  -9.80606 
                78.4 1.15813 1.67531 60.5721   23.7766   5.38564 -0.208523 0 0 0 -0.186      0  0.086   0.383859   0.357374 -0.0206302 -0.000873778  -0.00114671  0.000111263   -0.157554  -0.0507742 -0.00764156  0.051398 -0.234707  -9.80606 
             78.4998 1.55263 1.60727  60.549   23.8057   5.41914 -0.201819 0 0 0 -0.186      0  0.086    0.42107    0.48072 -0.0105015 -0.000982668  -0.00107642  0.000139252   -0.157041  -0.0514261 -0.00825896 0.0512934 -0.235101  -9.80605 
             78.6006 2.43163 1.23842 60.5481   23.8109   5.46706 -0.192437 0 0 0 -0.186      0  0.086 0.272954 0.427327 0.154914  -0.00156448 -0.000985763  9.71363e-05   -0.156948  -0.0540744 -0.00813336 0.0502374 -0.235875  -9.80603 
             78.7001 1.96766 1.56896 60.4005   23.8214   5.51921 -0.133325 0 0 0 -0.186      0  0.086 0.273452 0.361696 0.177637  -0.00117183 -0.000848993  -0.00010389  -0.157637 -0.0555918 -0.0109412 0.0495124 -0.236051  -9.80603 
              78.801 2.74758  1.3215 59.2701   23.8416   5.56236 -0.135929 0 0 0 -0.186      0  0.086  0.367652  0.443237 0.0719964  -0.00144033 -0.000872946 -0.000146395   -0.157906  -0.0564448 -0.00981967 0.0490562 -0.236165  -9.80603 
             78.9002 3.38324 1.07654 58.7533   23.878  5.59262 -0.16317 0 0 0 -0.186      0  0.086 0.407806 0.396078 0.151105  -0.00182744 -0.000813386  9.07793e-05   -0.156973   -0.056337 -0.00746506 0.0492744 -0.236476  -9.80603 
             79.0001 2.26922 1.49912 58.8665   23.9166   5.63612 -0.168307 0 0 0 -0.186      0  0.086  0.379567   0.26756 0.0914948  -0.00156787 -0.000857693  0.000126847   -0.15764 -0.0563895 -0.0063783 0.0490341 -0.236208  -9.80603 
             79.0996 2.31673 1.53729 58.7012   23.9476   5.66185 -0.177325 0 0 0 -0.186      0  0.086  0.397457   0.28093 0.0269896  -0.00138196 -0.000832336  0.000143918   -0.157574  -0.0567815 -0.00545699 0.0488562 -0.236319  -9.80603 
             79.1991 1.97278 1.48092 58.8297   23.9749   5.70197 -0.181875 0 0 0 -0.186      0  0.086   0.433536   0.454791 0.00103116  -0.00118147 -0.000897176   0.00011251    -0.15778  -0.0579009 -0.00509054 0.0483361 -0.236509  -9.80603 
                79.3 2.29002 1.23337 58.8923    24.002   5.73854 -0.195114 0 0 0 -0.186      0  0.086 0.352235 0.375616 0.113039  -0.00139873 -0.000815734  4.87114e-05   -0.157321  -0.0588551 -0.00388095 0.0480148 -0.236901  -9.80602 
             79.3995 2.68087 1.61569 58.6979   24.0034   5.76865 -0.168291 0 0 0 -0.186      0  0.086   0.27445  0.278765 0.0955522  -0.00156696 -0.000707419   8.7082e-05   -0.156915  -0.0611738 -0.00499232 0.0472242 -0.237635  -9.80601 
             79.5004 1.73291 1.31348 58.6607   24.0115   5.81619 -0.192809 0 0 0 -0.186      0  0.086   0.336144   0.431395 -0.0419194  -0.00116305 -0.000746512   8.0985e-05   -0.157584  -0.0628553 -0.00319542 0.0463124 -0.237733  -9.80601 
             79.5999  1.76143 0.939345  58.5181    24.029   5.86535 -0.187836 0 0 0 -0.186      0  0.086  0.280911   0.35475 0.0282279 -0.00121295 -0.00083954 0.000145063   -0.157784  -0.0643668 -0.00350316 0.0456699 -0.238009  -9.80601 
             79.7008  3.25323 0.768868   59.086   24.034  5.91375 -0.18129 0 0 0 -0.186      0  0.086  0.23644 0.262462 0.048316   -0.0019228 -0.000824805  -3.6766e-06  -0.158632 -0.0663961 -0.0034736 0.044658 -0.23814 -9.80601 
             79.8003  3.26131 0.651589   58.607  24.0463  5.95634 -0.13667 0 0 0 -0.186      0  0.086  0.267902  0.265469 0.0668181  -0.00204277 -0.000863012  0.000152821   -0.159482  -0.0678256 -0.00606352 0.0439887 -0.238182  -9.80601 
              79.901  4.40291 0.309012  58.0749  24.0357  6.01477 -0.14558 0 0 0 -0.186      0  0.086  0.256971  0.413679 0.0457427  -0.00255962 -0.000904777  8.01898e-05  -0.160543 -0.0708777 -0.0050134 0.0424828 -0.238436  -9.80601 
              80.002  3.76882 0.583176  56.4112   24.0489   6.07788 -0.137728 0 0 0 -0.186      0  0.086  0.214135  0.422374 0.0764687  -0.00172621 -0.000981238 -2.35053e-05   -0.161579  -0.0722072 -0.00476624 0.0417075 -0.238323  -9.80602 
             80.1016 1.99447 1.46585 53.9106   24.0839   6.10951 -0.125165 0 0 0 -0.186      0  0.086  0.272126  0.387568 0.0469314 -0.000400336 -0.000874405  0.000119937   -0.161187  -0.0710622 -0.00529343 0.0422776 -0.238246  -9.80602 
             80.2024 2.76768 1.13704 49.6055   24.1059   6.14543 -0.114791 0 0 0 -0.186      0  0.086  0.297498  0.471006 -0.103475 -0.000486747 -0.000918621  0.000212287   -0.160799  -0.0717104 -0.00569583 0.0421177 -0.238539  -9.80601 
             80.3006 2.75836 1.38119 43.6394   24.1609   6.17351 -0.114325 0 0 0 -0.186      0  0.086 0.421035 0.492626 0.302775 -0.000108255 -0.000831305  0.000779649   -0.160424  -0.0700704 -0.00590039 0.0428514 -0.238428  -9.80601 
             80.4002 3.60429 1.49057 40.3465   24.2331   6.18763 -0.109353 0 0 0 -0.186      0  0.086  0.570349  0.225185 0.0988928 -0.000927998  -0.00076621  0.000453067   -0.159828   -0.067916 -0.00483564 0.0437311 -0.238377  -9.80601 
             80.4997 2.76732 1.87903 36.2274  24.2837   6.1889 -0.14395 0 0 0 -0.186      0  0.086   0.637669   0.118741 -0.0171399  -0.00108033 -0.000796145  0.000612214  -0.158819 -0.0678213 -0.0022314 0.0437074 -0.238623    -9.806 
             80.5992 3.29636 2.11524 34.7614   24.3483   6.18357 -0.147891 0 0 0 -0.186      0  0.086   0.825194   0.141043 -0.0483992 -0.00155308 -0.00102277 0.000496975   -0.157832  -0.0677155 -0.00217995 0.0437593 -0.238977  -9.80599 
             80.6988  2.8278  2.2161 33.8194   24.4145   6.19295 -0.155115 0 0 0 -0.186      0  0.086  0.885996  0.157342 0.0792156  -0.00127247 -0.000937638  0.000293601   -0.156634  -0.0687087 -0.00189787 0.0433395 -0.239206  -9.80599 
             80.7983 2.72535 2.23037 33.5607   24.4768   6.20247 -0.162335 0 0 0 -0.186      0  0.086  0.744901 0.0410548 0.0358904  -0.00106212 -0.000810614  0.000133281   -0.155852  -0.0694941 -0.00109264 0.0429768   -0.2392  -9.80599 
             80.8992 2.10419 2.14775 33.5848   24.5196   6.22421 -0.171283 0 0 0 -0.186      0  0.086    0.72702  0.0753322 -0.0409449  -0.00131202 -0.000664531  0.000150891   -0.154989  -0.0715702 -0.00020827 0.0422789 -0.238822    -9.806 
             80.9987 1.63969 2.14112 33.8352   24.5672   6.25248 -0.198828 0 0 0 -0.186      0  0.086  0.883552  0.136236 -0.136352  -0.00124333 -0.000499049  2.24439e-05  -0.154004 -0.0736203 0.00115973 0.041608 -0.23835 -9.80602 
             81.0996 1.85208 2.02506 33.7466   24.6211   6.27592 -0.216518 0 0 0 -0.186      0  0.086  0.734142 0.0756462 -0.085532  -0.00120309 -0.000559045  8.09957e-05  -0.152632 -0.0753184 0.00175769 0.0409792 -0.238019  -9.80603 
             81.2004 1.61389 2.04661 33.8465   24.6639   6.29808 -0.210081 0 0 0 -0.186      0  0.086   0.598537  0.0559832 -0.0906673 -0.000815735 -0.000312174  9.47577e-05  -0.151682 -0.0770016 0.00109197 0.0405241 -0.237681  -9.80604 
             81.3012 1.52335 2.08362  33.711   24.6918     6.306 -0.193378 0 0 0 -0.186      0  0.086  0.579665  0.101518 -0.114886 -0.000800021 -0.000360391  0.000166831   -0.149972  -0.0782778 -0.00035176 0.0399599 -0.237545  -9.80604 
             81.4008 2.11408 2.17267 33.8205    24.725   6.33975 -0.190728 0 0 0 -0.186      0  0.086   0.616846   0.245998 -0.0222319  -0.00103391 -0.000443721  0.000148904    -0.148832   -0.0800616 -0.000946286 0.0394615 -0.237175  -9.80605 
             81.5003 1.47391 2.08749 33.4005  24.7548  6.36664 -0.19095 0 0 0 -0.186      0  0.086   0.483902   0.166883 0.00576073 -0.000982585 -0.000417375  0.000277889    -0.147594    -0.081274 -0.000873988 0.0389736 -0.236944  -9.80606 
             81.6012 0.195605  2.17308  32.9862  24.7768  6.40493 -0.19579 0 0 0 -0.186      0  0.086    0.43735    0.18075 -0.0321471 -0.000379948 -4.70746e-05  0.000336112     -0.14697    -0.083095 -0.000582773 0.0385859 -0.236506  -9.80607 
             81.7007 2.25384 2.02223 33.5207      24.8   6.45453 -0.208397 0 0 0 -0.186      0  0.086  0.554179   0.30315 -0.110596  -0.00150218 -0.000298867  0.000117323    -0.146411   -0.0852621 -5.27984e-05 0.0381701 -0.235971  -9.80609 
             81.8003 1.85908 2.04168 33.4735   24.8561    6.5196 -0.208681 0 0 0 -0.186      0  0.086  0.560243  0.351501 0.0341043  -0.00116651 -0.000400541  0.000183344    -0.146888   -0.0868651 -0.000500171 0.0381516 -0.235535   -9.8061 
             81.8998  1.1107 2.04789 33.5191  24.9041  6.55262 -0.19707 0 0 0 -0.186      0  0.086    0.44309   0.194035 0.00937424  -0.00104204 -0.000353845  0.000204872    -0.146875   -0.0874408 -0.000944345 0.0380993 -0.235401   -9.8061 
             82.0007 1.67426 2.07274 33.7808   24.9424   6.58775 -0.199408 0 0 0 -0.186      0  0.086   0.528969   0.181231 -0.0871771 -0.000968254 -0.000114104  7.25828e-05    -0.146796   -0.0885427 -0.000954779 0.0379515 -0.235127  -9.80611 
             82.1002 1.24914 2.02743 33.4617   24.9776   6.60479 -0.196478 0 0 0 -0.186      0  0.086  0.603082  0.208478 0.0288739 -0.000716317 -0.000261154  0.000305681  -0.145553 -0.0889353 -0.0015912 0.0375691 -0.235148  -9.80611 
             82.1997 1.87304 2.00093 33.5436   25.0095    6.6223 -0.201316 0 0 0 -0.186      0  0.086   0.453179   0.118006 -0.0333397 -0.000995109 -0.000252287  0.000255391   -0.144402  -0.0896622 -0.00110144 0.0371404 -0.235049  -9.80611 
             82.3006 0.382877  2.07319  33.3327   25.0408   6.62572 -0.175174 0 0 0 -0.186      0  0.086  0.421377 0.0378409 0.0174873 -0.000228375 -0.000162243  0.000266226   -0.143629  -0.0897842 -0.00298615 0.0369638 -0.235143  -9.80611 
             82.4001 1.04711 2.08406 33.3286   25.0707     6.641 -0.185175 0 0 0 -0.186      0  0.086    0.58957  0.0294254 -0.0308121 -0.000725871  -0.00034379    0.0002575   -0.143065  -0.0910562 -0.00220935  0.036628 -0.234848  -9.80612 
              82.501 1.68473  2.0859 33.3719   25.1236   6.65749 -0.207852 0 0 0 -0.186      0  0.086   0.597783  0.0978247 -0.0547338  -0.00117471 -0.000417154   0.00025722    -0.142795   -0.0919327 -0.000910576 0.0364107 -0.234613  -9.80613 
             82.6005 0.0871035   1.87621   33.1389    25.169   6.67177 -0.223993 0 0 0 -0.186      0  0.086  0.434018   0.10694 0.0018981   -0.0013741 -0.000624201  0.000334128   -0.142564  -0.0925488 0.000515275 0.0362361 -0.234437  -9.80613 
             82.7001 1.19319 1.89776 33.4688   25.2127   6.68216 -0.227491 0 0 0 -0.186      0  0.086   0.391317    0.24922 -0.0841812   -0.0012549 -0.000326946  0.000251293   -0.142623  -0.0921951 0.000413607 0.0362974 -0.234524  -9.80613 
             82.8009 1.40212 1.80069 33.2833   25.2413   6.72804 -0.240698 0 0 0 -0.186      0  0.086   0.413683   0.521767 -0.0599969  -0.00101029 -0.000320463  0.000329399    -0.14228  -0.0930059 0.000630631 0.0361012 -0.234344  -9.80613 
             82.9004 1.27452 1.66753 33.2181   25.2733    6.8047 -0.251328 0 0 0 -0.186      0  0.086   0.360571   0.457617 -0.0139686  -0.00092329 -0.000370106  0.000373046  -0.142472 -0.0947696 0.00110084 0.0359307 -0.233876  -9.80615 
             82.9999 -0.976184   1.88384    33.437  25.3124  6.86599 -0.22974 0 0 0 -0.186      0  0.086   0.377558   0.421427 0.00367167 8.38123e-05 0.000113236 0.000282923    -0.143108   -0.0954664 -0.000319008 0.0360503 -0.233684  -9.80615 
             83.1008 -0.163139    1.8437   33.1788  25.3448  6.90467 -0.21831 0 0 0 -0.186      0  0.086  0.516384  0.451914 0.0105095 -0.000632054 -0.000101732  0.000354577    -0.142369   -0.0957008 -0.000931469 0.0358352 -0.233702  -9.80615 
             83.2003 0.227459  1.87809  33.1868   25.3924   6.94058 -0.229314 0 0 0 -0.186      0  0.086   0.557254   0.290057 0.00208296 -0.000669296 -0.000105298  0.000255459   -0.141693  -0.0957554 -4.0662e-05 0.0356321 -0.233725  -9.80615 
             83.2999 -0.672114   2.04748   33.7625   25.4538   6.96304 -0.240328 0 0 0 -0.186      0  0.086   0.453022     0.1939 -0.0824527 0.000328608 0.000525852 0.000187111   -0.142402  -0.0950655 0.000316178 0.0358978 -0.233831  -9.80615 
             83.3994 -0.991791   1.94293   33.3325   25.4871   7.00064 -0.246911 0 0 0 -0.186      0  0.086 0.459912 0.185416 -0.15079 0.000133849 0.000248548 0.000310371    -0.142306   -0.0965621 -2.14793e-06 0.0357014 -0.233475  -9.80616 
             83.5002 -0.838764   2.05773    33.464   25.5365   7.02136 -0.263483 0 0 0 -0.186      0  0.086   0.646196   0.224119 -0.0916431 0.000145007 0.000172824 0.000267025  -0.142103 -0.0967833  4.999e-05  0.035621 -0.233437  -9.80616 
             83.5998 -1.4104 2.00694 33.6336   25.6051   7.03385 -0.274449 0 0 0 -0.186      0  0.086   0.486993   0.208111 -0.0705866 0.000597307 0.000384666 0.000241443   -0.142236  -0.0958904 3.32529e-06 0.0357614 -0.233644  -9.80615 
             83.7007 -1.89526  1.87803  33.2707    25.654   7.04577 -0.286383 0 0 0 -0.186      0  0.086  0.390156  0.142129 -0.174759 0.000767721 0.000831423 0.000280457     -0.14243   -0.0954143 -7.39798e-05 0.0358689 -0.233742  -9.80615 
             83.8002 -0.837342   1.86979   33.5189   25.6946   7.05364 -0.288162 0 0 0 -0.186      0  0.086  0.430466  0.141882 -0.180905 0.000240738 0.000608437 0.000240373   -0.142295  -0.0950565 -0.00113679 0.0358752 -0.233831  -9.80615 
             83.8998 -1.52272  1.84929  33.5169   25.7518   7.05973 -0.304582 0 0 0 -0.186      0  0.086   0.56857  0.196683 -0.188109 0.000711865 0.000663383 0.000239256   -0.142466  -0.0941681 -0.00145119 0.0360235 -0.234025  -9.80614 
             84.0006 -1.91584  1.78912   33.456   25.8022   7.07983 -0.305542 0 0 0 -0.186      0  0.086   0.39763  0.159315 -0.089251  0.00050411 0.000654963 0.000258198   -0.142483  -0.0942434 -0.00228494 0.0360134 -0.233992  -9.80614 
             84.1001 -1.13945  1.97531   33.423   25.8225   7.08864 -0.274766 0 0 0 -0.186      0  0.086  0.255352  0.189476 -0.033465 0.000430114 0.000625221 0.000258436   -0.141676  -0.0940239 -0.00487942 0.0358032 -0.234059  -9.80614 
             84.1997 -1.34713  1.90048  33.2783   25.8412   7.12122 -0.274516 0 0 0 -0.186      0  0.086   0.219254   0.404065 -0.0814997 0.000715452 0.000631418 0.000302926   -0.141542  -0.0943967 -0.00542461 0.0357174 -0.233969  -9.80614 
             84.3002 -2.13422    2.029  33.1021   25.8618   7.15616 -0.275305 0 0 0 -0.186      0  0.086  0.219107  0.437133 -0.155761 0.000759254 0.000522955 0.000363937   -0.141071   -0.093899 -0.00599346  0.035647 -0.234112  -9.80614 
             84.4001 -1.43665  2.16333  33.4114   25.8992    7.1803 -0.266766 0 0 0 -0.186      0  0.086  0.170402  0.314792 0.0316665 0.000770816 0.000466853 0.000308332  -0.141636 -0.0922848 -0.0071022 0.0359663 -0.234419  -9.80613 
             84.4996 -2.04132  2.06967  33.2237   25.9218   7.21534 -0.275565 0 0 0 -0.186      0  0.086   0.209232   0.296246 -0.0911302  0.00102592  0.00063674 0.000290324   -0.142135  -0.0920728 -0.00650801 0.0361268 -0.234446  -9.80613 
             84.6004 -5.69734  2.35142  32.9154    25.96  7.26077 -0.25582 0 0 0 -0.186      0  0.086   0.346986   0.443984 -0.0102388  0.00181425 0.000758735 0.000329395   -0.142919  -0.0921125 -0.00843262 0.0362988 -0.234318  -9.80613 
                84.7 -2.54267  2.23809  33.7239   26.0268   7.29659 -0.253788 0 0 0 -0.186      0  0.086  0.327078  0.318867 0.0887301 0.000671618 0.000602618 0.000171047   -0.144577  -0.0906345 -0.00839582 0.0368907 -0.234537  -9.80613 
             84.7995 -1.53455  2.35689  33.2754   26.0487   7.33705 -0.239821 0 0 0 -0.186      0  0.086  0.245343  0.316637 0.0580643 -3.77951e-05   0.00033678  0.000194753   -0.144488  -0.0912954 -0.00891001 0.0367845 -0.234369  -9.80613 
             84.8991 -1.41163  2.17564  34.3914     26.07   7.32652 -0.236169 0 0 0 -0.186      0  0.086    0.246286    0.356584 -0.00961329 0.000341404 0.000492072 9.47904e-05   -0.143235   -0.088887 -0.00884175 0.0367405 -0.235031  -9.80612 
             84.9986 -1.29266  2.27909  36.4284   26.1135   7.35973 -0.262475 0 0 0 -0.186      0  0.086 0.431682 0.467366 -0.10906  3.38433e-05  0.000309499 -8.62916e-05   -0.143552  -0.0880901 -0.00725273 0.0369406 -0.235256  -9.80611 
             85.0981 -0.901254   2.30869   39.1147   26.1467   7.39906 -0.275068 0 0 0 -0.186      0  0.086    0.243936    0.304007 -0.00837616 -0.000547867  8.58942e-05 -0.000134641   -0.143486  -0.0882088 -0.00669426 0.0369192 -0.235259  -9.80611 
             85.1977 -1.42992  2.47056  43.3543   26.1542   7.43276 -0.282672 0 0 0 -0.186      0  0.086   0.198412   0.215735 -0.0622469 -0.000983226  4.92728e-05 -0.000423892   -0.143017  -0.0893608 -0.00626892  0.036652 -0.235085  -9.80611 
             85.2985 -0.298609    1.9541   48.6565   26.1605     7.483 -0.302252 0 0 0 -0.186      0  0.086 -0.0334224   0.223938  -0.164753  -0.00146594  1.31008e-05 -0.000439079   -0.143753  -0.0909873 -0.00560246  0.036553 -0.234703  -9.80612 
             85.4007 -0.698515   2.23022    51.904   26.1549    7.5189 -0.302342 0 0 0 -0.186      0  0.086  0.0563785   0.315168 -0.0500968  -0.00106284 -4.27003e-05 -0.000191614    -0.14381  -0.0915519 -0.00617256 0.0364364  -0.23459  -9.80613 
             85.5016 -1.05058  2.49158  55.6159   26.1507   7.57596 -0.304272 0 0 0 -0.186      0  0.086 -0.00818711    0.295926  -0.0649188  -0.00144753 -0.000213255 -0.000323273    -0.14453  -0.0930336 -0.00627086 0.0361572 -0.234272  -9.80614 
             85.6024 -0.720497   2.49453   57.6627   26.1328   7.63915 -0.295799 0 0 0 -0.186      0  0.086 -0.0986094   0.402682 -0.0634591  -0.00112488 -0.000303191 -0.000149244   -0.145278  -0.0948182 -0.00746246 0.0356657 -0.233974  -9.80614 
              85.702  0.3239 2.26354 58.4252   26.1195   7.69384 -0.302599 0 0 0 -0.186      0  0.086 -0.0350662   0.536542 -0.0143428   -0.0012473 -0.000183801  9.98989e-05   -0.145533  -0.0954393 -0.00754234 0.0354571 -0.233923  -9.80615 
             85.8028 0.681023  2.95443  58.6552   26.1175   7.73253 -0.283022 0 0 0 -0.186      0  0.086 -0.0311773   0.442609  0.0147845 -0.000971457 -0.000314413  0.000218115   -0.144866  -0.0950235 -0.00891041 0.0356385 -0.234055  -9.80614 
              85.901 -0.349682   2.92033   58.6107    26.134   7.76496 -0.269722 0 0 0 -0.186      0  0.086 0.0475953  0.297425  0.045112  -0.00048808 -0.000166593  0.000295645   -0.145017   -0.093595 -0.00979662 0.0361269 -0.233708  -9.80615 
             86.0006 0.618697  2.48166  58.4383   26.1602   7.78103 -0.275183 0 0 0 -0.186      0  0.086  0.278903  0.328652 -0.022523 -0.00102316 0.000145153 0.000320961   -0.144365  -0.0923258 -0.00921647 0.0366959  -0.23366  -9.80615 
             86.0999 0.787711   2.7035  58.4443   26.2158    7.8094 -0.286132 0 0 0 -0.186      0  0.086    0.53514   0.422065 -0.0697982 -0.00118414 0.000138309 0.000263201   -0.143948   -0.091192 -0.00882131 0.0371842 -0.233534  -9.80615 
             86.1996 0.586689  2.59405  58.6316   26.2857   7.84307 -0.303241 0 0 0 -0.186      0  0.086     0.4429   0.332267 -0.0210052  -0.0011658 0.000171161 0.000203478   -0.144031  -0.0895118 -0.00790523 0.0377565 -0.233107  -9.80616 
             86.2992 1.34351  2.9524 58.3246   26.3336   7.87019 -0.318174 0 0 0 -0.186      0  0.086  0.422495  0.358883 -0.104595 -0.00119473 0.000213397 0.000281455   -0.143779  -0.0889911 -0.00730131 0.0379981  -0.23307  -9.80616 
                86.4 0.563669  3.01244  58.4229   26.3694   7.90195 -0.327979 0 0 0 -0.186      0  0.086   0.420264   0.445167 -0.0485247 -0.000735222  0.000218478  0.000240703   -0.143004  -0.0892668 -0.00747404 0.0380947  -0.23339  -9.80615 
             86.4995 -0.0304139    3.18736     58.434   26.4013     7.966 -0.338442 0 0 0 -0.186      0  0.086  0.240089  0.372537 -0.053753 -0.000439174  0.000258098  0.000253455    -0.14436  -0.0896681 -0.00706308 0.0376137 -0.233048  -9.80616 
             86.6006 -1.36174  5.14848  58.3713   26.4211   8.01043 -0.300823 0 0 0 -0.186      0  0.086   0.198188   0.362528 -0.0074214 -0.000136023 -0.000339875  0.000215914   -0.14465 -0.0899113 -0.0100701 0.0374833 -0.232965  -9.80616 
             86.6999 -0.471879   4.57676   58.4885   26.4351   8.05226 -0.288043 0 0 0 -0.186      0  0.086   0.234435   0.447393 -0.0349896 -0.000458601 -0.000314216  0.000170207  -0.144693 -0.0904725  -0.010948 0.0372864 -0.233065  -9.80616 
             86.8008 0.615644  3.56568  58.5418    26.46  8.10814 -0.29832 0 0 0 -0.186      0  0.086  0.338358  0.578564 0.0461642 -0.00112922 0.000198872 0.000126164  -0.144953 -0.0909324 -0.0103974 0.0370618 -0.233099  -9.80616 
             86.9003  1.0517 2.75489 58.5276  26.4765  8.15279 -0.30447 0 0 0 -0.186      0  0.086  0.200109  0.411265 0.0736012 -0.00134902 0.000404999 0.000133025    -0.14465  -0.0916315 -0.00944901 0.0368907 -0.233385  -9.80615 
             86.9999 1.31012 2.41174 58.4572   26.4914   8.17852 -0.299132 0 0 0 -0.186      0  0.086   0.160228   0.347661 0.00748534 -0.00121745 0.000419172 0.000171781   -0.143941  -0.0916283 -0.00940309 0.0370597 -0.233619  -9.80615 
             87.1006 0.868051  2.31961  58.4029  26.5036  8.21168 -0.30353 0 0 0 -0.186      0  0.086    0.20302   0.472792 -0.0411009 -0.00112812 0.000168647 0.000228942  -0.143438 -0.0919303 -0.0091851  0.037073 -0.233859  -9.80614 
             87.2002 0.742084  1.99228  58.2841   26.5311   8.26436 -0.278208 0 0 0 -0.186      0  0.086 0.186743 0.444334 0.206711 -0.00114681 6.67156e-07 0.000239078  -0.143737 -0.0917335 -0.0105029 0.0370792  -0.23368  -9.80615 
             87.3011 2.32811 2.10829 58.8498 26.5614 8.30543  -0.281 0 0 0 -0.186      0  0.086 0.203423 0.315242 0.086154  -0.0016213 6.48142e-05 8.72471e-05   -0.144263  -0.0909896 -0.00978178 0.0372074 -0.233362  -9.80615 
             87.4007 1.69037 1.57438 58.5199  26.5825  8.34711 -0.27833 0 0 0 -0.186      0  0.086  0.250518  0.301452 0.0380009 -0.00130432  0.00018077 0.000165965   -0.144982  -0.0912483 -0.00966757 0.0369555 -0.233184  -9.80616 
             87.5002 1.24523 1.56458 58.4199   26.6092   8.39051 -0.270506 0 0 0 -0.186      0  0.086  0.392903   0.40923 0.0174505 -0.00141851 9.82575e-05 0.000154955  -0.145421 -0.0917425 -0.0100871 0.0366937 -0.233141  -9.80616 
              87.601 1.99338 1.43593 58.5057   26.6453   8.44689 -0.263687 0 0 0 -0.186      0  0.086  0.42699 0.303321 0.121875 -0.00173979 0.000113071 0.000156507   -0.146432  -0.0925798 -0.00997114 0.0361817  -0.23299  -9.80617 
             87.7006 2.22955  2.4751 58.5186   26.6839   8.47285 -0.239117 0 0 0 -0.186      0  0.086 0.448453 0.197546 0.147831 -0.00169015 -0.00014601  0.00017254  -0.146389 -0.0926814 -0.0108128 0.0361703 -0.233025  -9.80617 
             87.8001 1.97448 1.30757 58.3439   26.7241   8.50102 -0.243113 0 0 0 -0.186      0  0.086  0.466587  0.369849 0.0308231 -0.00175493 0.000241706  0.00014458   -0.146484  -0.0931728 -0.00997661 0.0359675 -0.233097  -9.80616 
             87.8994 2.96643 1.35157 58.9744   26.7838    8.5593 -0.247777 0 0 0 -0.186      0  0.086   0.608693   0.390582 -0.0498368 -0.00219031 0.000123793 9.32335e-06   -0.147657  -0.0931548 -0.00930173 0.0356997 -0.232708  -9.80617 
             88.0005 2.46489 1.44917 58.3132   26.8366   8.58565 -0.230932 0 0 0 -0.186      0  0.086  0.427277   0.25872 0.0845605  -0.00183218 -7.26264e-05  0.000138519   -0.147151  -0.0930539 -0.00992444 0.0358613 -0.232856  -9.80617 
             88.1001 1.91117  2.2709 58.8466   26.8744   8.61138 -0.264048 0 0 0 -0.186      0  0.086   0.516583    0.27537 -0.0759678  -0.00192521 -0.000193528  1.16042e-05   -0.147083  -0.0937501 -0.00753957 0.0355702 -0.232995  -9.80617 
             88.1995 0.391799  1.80463  58.5886   26.9123   8.63858 -0.282606 0 0 0 -0.186      0  0.086   0.581975   0.362878 -0.0291872  -0.00134867 -6.25469e-05   7.4819e-05   -0.146645  -0.0951198 -0.00692209 0.0351887  -0.23342  -9.80616 
             88.3004 2.43252 1.04496  58.812   26.9444   8.69028 -0.293162 0 0 0 -0.186      0  0.086   0.387407   0.303208 -0.0401745 -0.00187042 1.48441e-05 4.49536e-05   -0.147709  -0.0971417 -0.00610359  0.034261 -0.233501  -9.80616 
                88.4 2.31077 1.20418  58.487   26.9637    8.7383 -0.290543 0 0 0 -0.186      0  0.086   0.361567   0.404343 -0.0749051  -0.00191035 -4.40621e-05  7.62896e-05    -0.14852  -0.0991204 -0.00642067 0.0334396 -0.233668  -9.80616 
             88.5009   2.2548 0.519147  58.5396   26.9767   8.79622 -0.300585 0 0 0 -0.186      0  0.086   0.408748   0.528915 -0.0403694 -0.00238245 1.13376e-05 8.39788e-05   -0.148834   -0.101473 -0.00609754 0.0325865 -0.234063  -9.80615 
             88.6003  2.89755 0.989436  58.5961   27.0097   8.85353 -0.310389 0 0 0 -0.186      0  0.086  0.357647  0.430863 0.0240827  -0.00250556 -3.58818e-05  5.46964e-05   -0.149185   -0.102214 -0.00547481 0.0322502 -0.234099  -9.80615 
             88.6999 1.46933 1.92754 58.5052   27.0348   8.88563 -0.263602 0 0 0 -0.186      0  0.086  0.313981  0.324951 0.0421988  -0.00184244 -0.000249273  5.80459e-05   -0.148662   -0.102794 -0.00852932 0.0322548 -0.234439  -9.80614 
             88.7994 1.58754 1.24605 58.5909   27.0557    8.9091 -0.241215 0 0 0 -0.186      0  0.086  0.353558  0.341897 0.0519022  -0.00178439 -0.000165978  3.46017e-05   -0.147852   -0.103514 -0.00971183 0.0322238 -0.234868  -9.80613 
             88.9003 2.37929 0.85557 58.5278   27.0901   8.95623 -0.259245 0 0 0 -0.186      0  0.086 0.336184 0.318986 0.132777  -0.00216667 -4.37762e-05  5.99327e-05   -0.148489   -0.103986 -0.00757002 0.0318754 -0.234722  -9.80614 
             88.9998 2.03759 1.64612 58.6873  27.1231  8.99302 -0.25364 0 0 0 -0.186      0  0.086 0.329418 0.281161 0.102601  -0.00190416 -0.000231222   2.2516e-05   -0.148993   -0.104183 -0.00696684 0.0316888 -0.234592  -9.80614 
             89.0993 0.777708  1.16803  58.5079   27.1499   9.02382 -0.241148 0 0 0 -0.186      0  0.086  0.320451  0.349083 0.0736123  -0.00110338 -0.000223727  8.15941e-05   -0.149007   -0.104617 -0.00714982 0.0315493  -0.23468  -9.80614 
             89.2002  1.15805 0.656274  58.6333    27.176   9.06734 -0.246411 0 0 0 -0.186      0  0.086   0.39297  0.443574 0.0424173 -0.00146692 -0.00017618 7.11887e-05  -0.148966   -0.10537 -0.0062202  0.031291 -0.234829  -9.80614 
             89.2998  1.96885 0.682268    58.56    27.199   9.12468 -0.250846 0 0 0 -0.186      0  0.086 0.328831 0.348045 0.067257  -0.00196178 -0.000145609  6.95901e-05   -0.149951   -0.106775 -0.00501728 0.0306069 -0.234783  -9.80614 
             89.4006 1.19581  1.3144 58.5869   27.2078    9.1555 -0.247764 0 0 0 -0.186      0  0.086  0.291476  0.323084 0.0372059  -0.00181159 -0.000252672  6.98429e-05   -0.149385   -0.108451 -0.00474981 0.0301771 -0.235294  -9.80613 
             89.5001   1.6635 0.660467  58.6046   27.2229   9.20158 -0.268026 0 0 0 -0.186      0  0.086  0.351201  0.431229 -0.051125 -0.00176624 -5.9607e-05   4.883e-05   -0.149853   -0.109932 -0.00320281 0.0295772 -0.235415  -9.80613 
             89.5997  1.45695 0.543951  58.5813   27.2503   9.25589 -0.277935 0 0 0 -0.186      0  0.086  0.341312  0.392257 0.0321121   -0.0017013 -2.47706e-05  7.35083e-05   -0.150363   -0.110849 -0.00249471 0.0291665 -0.235427  -9.80613 
             89.7006  1.2277 1.04484 58.7617   27.2869   9.29601 -0.278813 0 0 0 -0.186      0  0.086   0.323258   0.324863 -0.0369976  -0.00168641 -7.94076e-05 -7.41842e-06   -0.150776   -0.110682 -0.00253208 0.0291366 -0.235266  -9.80613 
                89.8 1.48183 1.10582 58.6511   27.3119   9.32281 -0.278116 0 0 0 -0.186      0  0.086   0.333826   0.367354 -0.0873874  -0.00170869 -0.000141524  4.10964e-05   -0.150202   -0.111138 -0.00293932 0.0291116 -0.235543  -9.80613 
             89.9009 1.34968 1.17638 58.6888   27.3431   9.37076 -0.271168 0 0 0 -0.186      0  0.086   0.425126   0.481778 -0.0722843     -0.00161 -0.000193272  3.76856e-05   -0.150275   -0.111699 -0.00404028 0.0289293 -0.235655  -9.80613 
             90.0005  1.96983 0.857644  58.4444   27.3705   9.42521 -0.272622 0 0 0 -0.186      0  0.086   0.333171   0.366677 -0.0215406   -0.0018116 -5.33354e-05  0.000110751   -0.150857   -0.112695 -0.00386253 0.0284903  -0.23567  -9.80613 
                90.1 1.54178 1.34629 58.5647   27.3865   9.45972 -0.265964 0 0 0 -0.186      0  0.086   0.283443   0.334239 -0.0275928  -0.00174996 -0.000164716  8.45974e-05   -0.150589   -0.113799 -0.00447421 0.0281992 -0.235983  -9.80612 
             90.1995  1.32404 0.993415  58.6134   27.4068   9.50747 -0.285029 0 0 0 -0.186      0  0.086   0.333869   0.464871 -0.0936518  -0.00141642 -2.31573e-06  4.97793e-05  -0.151118  -0.114737 -0.0035288 0.0277827 -0.235987  -9.80612 
             90.3004 1.25722  0.9797 58.6057   27.4357   9.55657 -0.294248 0 0 0 -0.186      0  0.086   0.309165   0.445357 -0.0280654  -0.00145187 -2.76659e-05  3.72525e-05   -0.150889   -0.115363 -0.00342277  0.027628 -0.236177  -9.80612 
             90.3999 1.2874 1.6539 58.756   27.4601   9.59899 -0.285613 0 0 0 -0.186      0  0.086   0.267644   0.322556 -0.0145579  -0.00148355 -0.000136863  2.36083e-05   -0.151107   -0.115879 -0.00419223 0.0274305 -0.236224  -9.80612 
             90.5008 0.962116  1.24072  58.5169   27.4683   9.63001 -0.278785 0 0 0 -0.186      0  0.086   0.218713   0.302876 -0.0215205 -0.00141365 7.91678e-05 9.49318e-05   -0.150755   -0.117302 -0.00484875 0.0270577 -0.236616  -9.80611 
             90.6003 0.943703  1.39959  58.6412   27.4858   9.67294 -0.278676 0 0 0 -0.186      0  0.086  0.282592  0.461106 -0.058837 -0.00139259 -2.9285e-05 5.80073e-05   -0.151061   -0.118054 -0.00518675 0.0267636 -0.236672  -9.80611 
             90.6999 1.27504 1.39499 58.6108   27.5094   9.73423 -0.274254 0 0 0 -0.186      0  0.086  0.256131  0.427031 0.0778153 -0.00151257 -8.4397e-05   6.464e-05    -0.15192   -0.118839 -0.00541408 0.0263503 -0.236567  -9.80611 
             90.8007 1.36594 1.81528 58.6455  27.5316  9.77756 -0.27795 0 0 0 -0.186      0  0.086   0.222672   0.365841 0.00772384  -0.00150213 -7.81477e-05  1.29672e-05   -0.152183   -0.119075 -0.00478087 0.0262196 -0.236525  -9.80611 
             90.9002 1.31445 1.89474 58.6564   27.5486   9.80994 -0.257727 0 0 0 -0.186      0  0.086   0.268932   0.385916 0.00389519  -0.00159061 -0.000122907  2.99295e-05   -0.151741   -0.119506 -0.00617536 0.0261836 -0.236755  -9.80611 
             90.9998 1.27198 1.70149 58.6006    27.576   9.85456 -0.250857 0 0 0 -0.186      0  0.086 0.355068 0.547022 0.102913  -0.00153539 -0.000113708  5.82898e-05  -0.151547  -0.119787 -0.0063885 0.0261359 -0.236869   -9.8061 
             91.1006 1.41484 1.90579 58.6547 27.6016  9.9126 -0.2423 0 0 0 -0.186      0  0.086  0.267759  0.414558 0.0935856  -0.00152394 -0.000123171  3.68479e-05   -0.151981   -0.120516 -0.00618793 0.0258226 -0.236875  -9.80611 
             91.2001  2.0415 1.98185 58.7433   27.6208   9.95987 -0.251931 0 0 0 -0.186      0  0.086  0.235184  0.323294 0.0190154  -0.00171651 -0.000101381  9.58893e-05   -0.152678   -0.121133 -0.00492722 0.0254802 -0.236774  -9.80611 
             91.2997 1.13169 1.91387 58.5351   27.6394   9.99161 -0.271761 0 0 0 -0.186      0  0.086   0.262941   0.333748 -0.0782437  -0.00137219 -4.22021e-05  0.000110919   -0.152632   -0.121463 -0.00351696 0.0253649  -0.23684  -9.80611 
             91.4005 1.15287 1.94942  58.522   27.6619   10.0253 -0.284596 0 0 0 -0.186      0  0.086    0.37976   0.397686 -0.0986541  -0.00147682 -7.73123e-06  0.000130208   -0.152133   -0.122012 -0.00314314 0.0252841 -0.237089   -9.8061 
             91.5001 1.69034 1.96318   58.37   27.6962   10.0711 -0.282489 0 0 0 -0.186      0  0.086    0.326101    0.323118 -0.00707995  -0.00152868 -4.23891e-05  0.000172535   -0.152693   -0.122292 -0.00351467 0.0250978 -0.236977   -9.8061 
             91.5996 1.55262 2.18823 58.4887   27.7212   10.1019 -0.284279 0 0 0 -0.186      0  0.086   0.303516   0.288808 -0.0473214  -0.00156419 -3.95713e-05  0.000149763   -0.152623   -0.122685 -0.00344168 0.0249889 -0.237069   -9.8061 
             91.7004 1.09827 1.81707 58.5231   27.7494   10.1406 -0.286442 0 0 0 -0.186      0  0.086  0.376711  0.381425 -0.070778 -0.00130628 0.000107953 7.90348e-05   -0.152946   -0.123177 -0.00367103 0.0247818 -0.237064   -9.8061 
                91.8 1.08645  1.8188 58.5812   27.7913   10.1834 -0.291798 0 0 0 -0.186      0  0.086   0.474167   0.442404 0.00659997  -0.0013417 7.95671e-05 5.09874e-05   -0.152784   -0.123222 -0.00361244 0.0247971  -0.23712   -9.8061 
             91.8996 0.716453   2.0524  58.4998   27.8356   10.2213 -0.267514 0 0 0 -0.186      0  0.086  0.416054  0.282471 0.0791437  -0.0015564 1.72492e-05 9.77622e-05   -0.152745   -0.123181 -0.00505449 0.0248389 -0.237124   -9.8061 
             92.0003 1.22875 2.00955 58.4239   27.867  10.2458 -0.26397 0 0 0 -0.186      0  0.086  0.351755  0.209663 0.0265214  -0.00153161 -5.22903e-05  0.000101598  -0.152656  -0.123767 -0.0048796 0.0246746 -0.237254   -9.8061 
                92.1 1.35521 1.99031 58.7334   27.9001    10.282 -0.287759 0 0 0 -0.186      0  0.086   0.387162   0.323813 -0.0706328 -0.00145193 7.98066e-06 3.30098e-05   -0.153523   -0.124287 -0.00314454 0.0243404 -0.237096   -9.8061 
             92.2008 1.31725 1.76641 58.6206   27.9378   10.3209 -0.296481 0 0 0 -0.186      0  0.086 0.463739 0.381749 -0.16643 -0.00151216 1.83005e-05  5.9644e-05   -0.153433   -0.124902 -0.00287545 0.0241676 -0.237231   -9.8061 
             92.3003 1.65399 2.27133 58.4865     27.97   10.3643 -0.293252 0 0 0 -0.186      0  0.086   0.361401   0.285983 -0.0731439  -0.00164137 -6.86963e-05  0.000119228   -0.153922    -0.12597 -0.00379362 0.0237656 -0.237279   -9.8061 
             92.3999 1.41034  2.1853 58.6244   27.9955   10.3871 -0.314177 0 0 0 -0.186      0  0.086  0.277764  0.244696 -0.124517  -0.00147812 -0.000121014  5.81027e-05   -0.153606   -0.126396 -0.00289426 0.0236842 -0.237444   -9.8061 
              92.501 1.62525 2.31303 58.6818   28.0168    10.418 -0.336111 0 0 0 -0.186      0  0.086  0.342132  0.345238 -0.171329 -0.00133746  -0.0001646 3.46825e-05   -0.153683   -0.127212 -0.00236938 0.0234181 -0.237565  -9.80609 
             92.6002  1.3701 2.02044 58.5967   28.0448   10.4507 -0.336572 0 0 0 -0.186      0  0.086   0.321543   0.294504 -0.0799959  -0.00127588 -2.77577e-05   4.9954e-05   -0.153347   -0.127905 -0.00343201 0.0232863 -0.237783  -9.80609 
             92.6998 0.532041  1.75572  58.7284   28.0779   10.4865 -0.333997 0 0 0 -0.186      0  0.086   0.259205   0.236778 -0.0851938 -0.00104423 6.99612e-05 6.00077e-05   -0.154122   -0.127867 -0.00433196 0.0231724 -0.237553   -9.8061 
             92.8006 1.81819 1.74425 58.7772   28.0935   10.5217 -0.310094 0 0 0 -0.186      0  0.086   0.242421   0.309733 -0.0311875 -0.00141698 0.000146191 3.84357e-05   -0.154517   -0.129076 -0.00675774  0.022774 -0.237648  -9.80609 
             92.9002 1.39277 1.41105 58.8478   28.1088   10.5714 -0.288108 0 0 0 -0.186      0  0.086  0.286604  0.536648 0.0216883  -0.00129201 -2.57056e-05  2.96056e-05   -0.154923   -0.130257 -0.00871713 0.0223724 -0.237737  -9.80609 
             93.0009 1.46724 1.27298 58.6669   28.1323    10.636 -0.293508 0 0 0 -0.186      0  0.086  0.245194  0.503178 0.0450601   -0.0014726 -6.38923e-05  9.97159e-05   -0.155426   -0.130993 -0.00762208 0.0220527  -0.23772  -9.80609 
             93.1006 1.34368 1.84393 58.6533   28.1553   10.6982 -0.303855 0 0 0 -0.186      0  0.086   0.212436    0.46379 -0.0628362  -0.00137664 -2.66423e-05  4.99362e-05   -0.156487   -0.131292 -0.00684417 0.0217665 -0.237468   -9.8061 
             93.2001 1.16296 1.86219 58.5859   28.1777   10.7457 -0.296613 0 0 0 -0.186      0  0.086   0.286969   0.537538 -0.0820138 -0.00143082 7.82783e-05 7.66021e-05   -0.156458   -0.131417 -0.00817129 0.0217494 -0.237508   -9.8061 
             93.2994 1.21079  1.6531 58.4778   28.2067    10.795 -0.306671 0 0 0 -0.186      0  0.086   0.305299   0.453558 -0.0294013  -0.0013743 2.75557e-05 8.43023e-05   -0.156092   -0.131586 -0.00792809 0.0217618 -0.237638   -9.8061 
             93.4005 0.831108  2.17142  58.8268   28.2401   10.8402 -0.312933 0 0 0 -0.186      0  0.086   0.259347   0.337298 -0.0529817 -0.00121549 8.13173e-05 3.12814e-05   -0.156635    -0.13139 -0.00783758 0.0217231 -0.237452   -9.8061 
                93.5 1.37874  1.8825 58.7106   28.2568   10.8642 -0.311944 0 0 0 -0.186      0  0.086   0.289824   0.310239 -0.0798431 -0.00149189 0.000206434 4.87536e-05   -0.155898   -0.132172 -0.00837489 0.0216272 -0.237793  -9.80609 
             93.5996 1.38511 1.68206 58.7434   28.2774   10.8985 -0.316432 0 0 0 -0.186      0  0.086  0.345543  0.442506 -0.080444 -0.00149562 0.000157172 4.61668e-05   -0.155511   -0.133023 -0.00857983 0.0214476 -0.238046  -9.80609 
             93.7004 1.49649 1.62356  58.621    28.296   10.9359 -0.322248 0 0 0 -0.186      0  0.086    0.23483   0.339908 -0.0485392 -0.00145074 0.000121306 8.37056e-05   -0.154864   -0.134049 -0.00851707 0.0212596 -0.238398  -9.80608 
             93.7997 1.40176 2.48623 58.8054   28.3086   10.9596 -0.340125 0 0 0 -0.186      0  0.086   0.149601   0.301457 -0.0877058  -0.0012813 0.000120765 6.02453e-05    -0.15418   -0.134591 -0.00753854   0.02121 -0.238675  -9.80607 
             93.9009 0.681023  2.08715   58.486   28.3144   10.9856 -0.351757 0 0 0 -0.186      0  0.086 -0.0291081   0.124069 -0.0437059 -0.00120138 0.000265419 0.000173214   -0.154529   -0.135182 -0.00761647 0.0209796 -0.238677  -9.80607 
             94.0003 1.32038 2.49823 58.7877   28.2967   10.9912 -0.346619 0 0 0 -0.186      0  0.086 -0.229171  0.120844  0.175409 -0.00128823 0.000155904 5.26559e-05   -0.154222   -0.135755 -0.00816092 0.0208725 -0.238859  -9.80607 
             94.0999 0.762034  2.43902  58.4167   28.2713   11.0145 -0.338046 0 0 0 -0.186      0  0.086 -0.172331 0.0209989  0.035677 -0.00112527 0.000268914 0.000134441   -0.155299   -0.136701 -0.00815693 0.0204166 -0.238719  -9.80607 
             94.2008 -0.541463      2.64   58.3165  28.2516  11.0274 -0.31558 0 0 0 -0.186      0  0.086  -0.166396 0.00454129  0.0713312 -0.00100633 0.000181976 0.000115669   -0.156078   -0.137317 -0.00971561 0.0201247 -0.238603  -9.80608 
             94.3002 -0.175347   2.53783   58.5842   28.2445   11.0271 -0.307961 0 0 0 -0.186      0  0.086 -0.149861 -0.050565  0.079041 -0.00104766 0.000248336 8.33297e-05   -0.156496   -0.136613 -0.00971434 0.0202571 -0.238375  -9.80608 
             94.3998 1.16954 2.78783 58.6528   28.2271   11.0213 -0.297991 0 0 0 -0.186      0  0.086 -0.0907634 -0.0430651   0.121407 -0.00137707 0.000218865 7.40946e-05   -0.156444   -0.136963 -0.00952353 0.0201654 -0.238447  -9.80608 
             94.5007  1.4204 2.59161 58.8507   28.2211   11.0087 -0.290466 0 0 0 -0.186      0  0.086  0.0326106 -0.0074724   0.047966 -0.00122524 0.000322623 9.76583e-05   -0.155584   -0.136943 -0.00951266 0.0203122 -0.238677  -9.80607 
             94.6002 1.22576 3.03728  59.049   28.2284   11.0093 -0.295147 0 0 0 -0.186      0  0.086  0.0894621 0.00416917  0.0430472 -0.00109207 0.000160224   0.0001064  -0.155697  -0.136862 -0.0087256 0.0203157 -0.238645  -9.80608 
             94.6997 1.20082 3.00711 59.1629   28.2318   11.0102 -0.305413 0 0 0 -0.186      0  0.086   0.0946698  0.00544185 -0.00808076 -0.00108303 0.000263702 0.000127756   -0.155666    -0.13736 -0.00771875 0.0201742 -0.238749  -9.80607 
             94.8004 1.52468 2.74812 59.4207    28.238   11.0085 -0.309061 0 0 0 -0.186      0  0.086   0.0924404 -0.00563686  -0.0100397 -0.00116075 0.000302587 0.000107574   -0.155467   -0.137612 -0.00749578 0.0201343 -0.238848  -9.80607 
             94.9002 1.69437 2.68969 59.6184   28.2425   11.0118 -0.308648 0 0 0 -0.186      0  0.086   0.0818671 -0.00504114  0.00746399  -0.0011389 0.000271834 0.000111545   -0.155632   -0.138071 -0.00753169  0.019977 -0.238879  -9.80607 
              95.001 1.74896 2.76204 59.6796   28.2507   11.0168 -0.307525 0 0 0 -0.186      0  0.086   0.0880331 -0.00584256   0.0131001 -0.00109376  0.00025709   0.0001141   -0.156027   -0.138222 -0.00756718 0.0198665 -0.238798  -9.80607 
             95.1003 1.85821 2.58043 59.7362   28.2537   11.0186 -0.311666 0 0 0 -0.186      0  0.086  0.0724321 -0.0153789 0.00390722 -0.00108642 0.000352418 9.99537e-05    -0.15616   -0.138735 -0.00714713 0.0196914 -0.238857  -9.80607 
             95.2001 1.91735 2.64346 59.6846   28.2536   11.0216 -0.312914 0 0 0 -0.186      0  0.086   0.0544593  -0.0161321 0.000608525 -0.00106162  0.00032058 0.000141176   -0.156354   -0.139414 -0.00699633 0.0194634 -0.238924  -9.80607 
              95.301 1.86309 2.64882 59.6092   28.2519   11.0219 -0.312952 0 0 0 -0.186      0  0.086   0.0366356  -0.0225192 -0.00325939 -0.00105582 0.000314049 0.000146866   -0.156373   -0.140044 -0.00696329 0.0192828  -0.23903  -9.80607 
             95.4005 1.73614 2.69615 59.5634   28.2525   11.0249 -0.314746 0 0 0 -0.186      0  0.086  0.0340206 -0.0216287 -0.0013401 -0.00106117  0.00029382 0.000146805   -0.156716   -0.140451 -0.00682539 0.0191043 -0.239012  -9.80607 
                95.5 1.44277 2.68417  59.623   28.2555   11.0237 -0.317421 0 0 0 -0.186      0  0.086   0.0373277  -0.0291454 -0.00392411 -0.00102046 0.000299447 0.000113234 -0.156813  -0.14051 -0.006647 0.0190662 -0.238997  -9.80607 
             95.6009 1.37782 2.74664 59.5652  28.2585  11.0249 -0.31947 0 0 0 -0.186      0  0.086   0.0382924  -0.0264424 -0.00797617 -0.00105616 0.000263241 0.000126085   -0.157119   -0.140688 -0.00654544 0.0189599 -0.238948  -9.80607 
             95.7004  1.3557 2.79142 59.5459   28.2556   11.0249 -0.319451 0 0 0 -0.186      0  0.086  0.0333028 -0.0336608 -0.0090957 -0.00107452 0.000230704  0.00013421   -0.157187   -0.141348 -0.00658503 0.0187656 -0.239043  -9.80607 
             95.7999 1.13084 2.68418 59.5662   28.2582   11.0244 -0.322946 0 0 0 -0.186      0  0.086  0.0358294 -0.0358383 -0.0149304 -0.00101647 0.000285295 0.000131962   -0.157392   -0.141487 -0.00637562 0.0186866 -0.239015  -9.80607 
             95.9008 1.14181 2.67511 59.5425   28.2558   11.0241 -0.330593 0 0 0 -0.186      0  0.086  0.0211059  -0.034074 -0.0275993  -0.0010166 0.000295388 0.000130175   -0.157545   -0.142006 -0.00589931  0.018508 -0.239068  -9.80607 
             96.0003 0.993425  2.59378   59.527   28.2579   11.0244 -0.336065 0 0 0 -0.186      0  0.086  0.0284641 -0.0379915 -0.0338962 -0.000957283   0.00033603  0.000132846    -0.15784   -0.142115 -0.00570361 0.0184235 -0.239011  -9.80607 
             96.0997 0.933712  2.54179  59.5276   28.2573   11.0255 -0.339707 0 0 0 -0.186      0  0.086  0.0228112 -0.0382189 -0.0345201 -0.000928946  0.000365001  0.000136098  -0.158127  -0.142509 -0.0056781 0.0182653 -0.239002  -9.80607 
             96.2007 0.948257    2.529  59.5327   28.2579   11.0242 -0.341335 0 0 0 -0.186      0  0.086  0.0210354 -0.0406295 -0.0294875 -0.000930277  0.000368951     0.000134    -0.15828   -0.142731 -0.00580627 0.0181797 -0.238998  -9.80607 
             96.3003 0.882129  2.49562  59.5359   28.2586   11.0252 -0.343944 0 0 0 -0.186      0  0.086  0.0185024 -0.0370167 -0.0290388 -0.000888072  0.000383635  0.000128509   -0.158599   -0.142949 -0.00583432 0.0180663 -0.238951  -9.80607 
             96.3997  0.8484  2.4164 59.5885   28.2586   11.0259 -0.347111 0 0 0 -0.186      0  0.086  0.0183827 -0.0373388 -0.0279744 -0.000873404  0.000423316  0.000102397   -0.158878   -0.143212 -0.00581087 0.0179468 -0.238922  -9.80607 
             96.5006 0.818574  2.46102  59.5608   28.2592   11.0253 -0.347075 0 0 0 -0.186      0  0.086  0.0198701  -0.040487 -0.0217959 -0.000877965  0.000394603  0.000117633   -0.159067   -0.143424 -0.00601722 0.0178587 -0.238906  -9.80607 
             96.6002 0.789306  2.46016  59.5646   28.2612    11.026 -0.347064 0 0 0 -0.186      0  0.086  0.0208771 -0.0392168  -0.017019 -0.00086906 0.000396013 0.000117813   -0.159389   -0.143532 -0.00617995 0.0177761 -0.238838  -9.80608 
             96.6997 0.801331  2.47972  59.5704   28.2624   11.0242 -0.345898 0 0 0 -0.186      0  0.086   0.020203 -0.0433828 -0.0100171 -0.000903063  0.000380126  0.000111783   -0.159518    -0.14367 -0.00638042  0.017718 -0.238826  -9.80608 
             96.8006 0.725492  2.44594  59.5445   28.2601   11.0244 -0.345739 0 0 0 -0.186      0  0.086   0.0126171  -0.0420941 -0.00666026 -0.000862203  0.000397265  0.000125532   -0.159746   -0.144123 -0.00645818 0.0175579  -0.23884  -9.80608 
             96.9001 0.691944  2.42579  59.5264  28.2612  11.0243 -0.34585 0 0 0 -0.186      0  0.086   0.0144431  -0.0433522 -0.00521037 -0.000850385  0.000407564  0.000135243   -0.160038   -0.144251 -0.00650479  0.017475 -0.238785  -9.80608 
              97.001 0.724025  2.48393    59.57   28.2604   11.0244 -0.343763 0 0 0 -0.186      0  0.086   0.0112328  -0.0415916 0.000955569 -0.000865735  0.000373613  0.000111076   -0.160299   -0.144553 -0.00669368  0.017351 -0.238766  -9.80608 
             97.1005 0.739581  2.48209  59.5183   28.2601   11.0252 -0.340935 0 0 0 -0.186      0  0.086  0.0115468  -0.039601 0.00773013 -0.000873388   0.00037203  0.000139859   -0.160604   -0.144808 -0.00689383 0.0172329 -0.238727  -9.80608 
                97.2 0.697933  2.44336  59.5213 28.2602 11.0236 -0.3425 0 0 0 -0.186      0  0.086  0.0112986 -0.0441992 0.00284658 -0.000849768  0.000391735  0.000137483   -0.160781    -0.14496 -0.00672736 0.0171626 -0.238708  -9.80608 
             97.3009 0.723247  2.44581  59.5266   28.2586   11.0225 -0.344263 0 0 0 -0.186      0  0.086  0.00612645  -0.0460795 -0.00139119 -0.000862156  0.000387339  0.000134072   -0.160986   -0.145269 -0.00657746 0.0170464 -0.238707  -9.80608 
             97.4004 0.720524  2.44429  59.5113  28.2587  11.0238 -0.34324 0 0 0 -0.186      0  0.086  0.00811604  -0.0355006 -0.00668479 -0.000858621  0.000384932  0.000142148   -0.161403   -0.145456 -0.00667248 0.0169291  -0.23863  -9.80608 
             97.4999 0.385062  2.59878  59.4965   28.2616   11.0282 -0.344008 0 0 0 -0.186      0  0.086  0.127178  0.100179 0.0131012 -0.000754618  0.000274209  0.000129612   -0.161562     -0.1458 -0.00650459 0.0168117 -0.238646  -9.80608 
             97.6008 0.354779  2.56656  59.6174   28.2934   11.0598 -0.345149 0 0 0 -0.186      0  0.086   0.436565   0.290414 -0.0507146 -0.000971416  0.000214145  0.000111504   -0.162539   -0.145452 -0.00668872 0.0167464 -0.238344  -9.80609 
             97.7004 0.713705  2.01145    59.32   28.3242      11.1 -0.319933 0 0 0 -0.186      0  0.086  0.309617   0.26355 0.0804699  -0.0011484 0.000443194  0.00014713   -0.162979   -0.146343 -0.00885175 0.0164407 -0.238349  -9.80609 
             97.7999 2.00726 2.59502 59.9552   28.3527   11.1408 -0.290104 0 0 0 -0.186      0  0.086 0.245568  0.29033  0.15619 -0.00122988 0.000193609  5.3072e-05  -0.163988   -0.14659 -0.0102138 0.0162135 -0.238121   -9.8061 
             97.8994 1.51785 2.43883 59.6216   28.3672   11.1642 -0.288326 0 0 0 -0.186      0  0.086 0.176555 0.147259 0.100338  -0.0010746  0.00020317 0.000145144     -0.1638   -0.147158 -0.00973867 0.0160938  -0.23826  -9.80609 
             98.0002 1.41383 2.70981 59.4808   28.3831    11.171 -0.310036 0 0 0 -0.186      0  0.086   0.135152 -0.0174532  0.0801357  -0.0012285 0.000231596 0.000152947   -0.163897    -0.14732 -0.00693006 0.0160221 -0.238283  -9.80609 
             98.0998 1.12034 2.93694 59.4634   28.3842   11.1491 -0.320508 0 0 0 -0.186      0  0.086  0.0330401 -0.0904837 -0.0503806 -0.00112875 0.000277388 0.000100712   -0.162537   -0.147577 -0.00588285 0.0161617 -0.238667  -9.80608 
             98.2007 1.26095 3.43444  58.661   28.3832   11.1447 -0.337665 0 0 0 -0.186      0  0.086 -0.0167572 -0.0883913 -0.0886347 -0.00103604 0.000233985 0.000257162    -0.16288   -0.147804 -0.00506243 0.0160367 -0.238624  -9.80608 
             98.3002 0.361025  3.92576  57.7846   28.3774   11.1271 -0.363904 0 0 0 -0.186      0  0.086 -0.0554368  -0.120273  -0.123074 -0.000648359  0.000389117  0.000283618   -0.162371   -0.147705 -0.00367676 0.0161179  -0.23875  -9.80608 
             98.3997 -0.106928   4.29877   57.3227    28.374   11.1178 -0.369411 0 0 0 -0.186      0  0.086 -0.0597375   -0.11893 -0.0976761 -0.000555611   0.00050059  0.000221527   -0.162606   -0.147587 -0.00416602 0.0161221 -0.238668  -9.80608 
             98.5006 0.0219723   4.89696    57.075   28.3617   11.1059 -0.363185 0 0 0 -0.186      0  0.086 -0.0622378  -0.121478 -0.0586835 -0.000741437  0.000342406  0.000170196   -0.162356    -0.14818 -0.00536663 0.0160233 -0.238778  -9.80608 
             98.6001 -0.0199965    5.59669    56.9218   28.3566   11.1098 -0.333052 0 0 0 -0.186      0  0.086 0.0111514 0.0307471 0.0637564 -0.000850935   5.9392e-05  0.000162537   -0.162716   -0.148702 -0.00812916 0.0158807 -0.238668  -9.80608 
             98.6997 0.512147  5.66083  57.0215   28.3664   11.1282 -0.323188 0 0 0 -0.186      0  0.086 0.0478661  0.125762 0.0875204 -0.000742174  2.98097e-05  0.000137997   -0.163695   -0.148539 -0.00864922  0.015811 -0.238398  -9.80609 
             98.8005 0.125509  5.35187  57.0988 28.3831 11.1595 -0.3327 0 0 0 -0.186      0  0.086    0.204573    0.245809 -0.00342953 -0.000708369  0.000323662  0.000105372  -0.165048  -0.148592 -0.0077981 0.0156371 -0.238129   -9.8061 
             98.9001 0.985258  5.28133   56.973   28.3999   11.1829 -0.344895 0 0 0 -0.186      0  0.086   0.314644   0.372548 -0.0567756 -0.00108483 0.000291423 0.000125458  -0.164364  -0.149261 -0.0070666 0.0155343 -0.238397  -9.80609 
             98.9996 0.745075  4.83428  57.0581   28.4463   11.2351 -0.334843 0 0 0 -0.186      0  0.086     0.27266    0.292954 -0.00551288 -0.000814012  0.000225285  9.35589e-05   -0.165975   -0.148559 -0.00823094 0.0155582 -0.237885   -9.8061 
             99.1004 0.470689  4.54656  57.0361   28.4802   11.2678 -0.335985 0 0 0 -0.186      0  0.086   0.242289   0.279662 -0.0236561 -0.000472074  0.000404267  5.96062e-05   -0.166617   -0.148101 -0.00822369 0.0156057 -0.237694  -9.80611 
             99.1999 0.291555  3.79375  57.2203   28.4971   11.3005 -0.341776 0 0 0 -0.186      0  0.086   0.230494   0.387394 -0.0994576 -0.000610799  0.000422943  7.50631e-06   -0.166568   -0.148705 -0.00803459 0.0154585 -0.237774  -9.80611 
             99.3008 0.515905  3.47525  57.1236   28.5179   11.3673 -0.346858 0 0 0 -0.186      0  0.086   0.282947   0.599322 -0.0676329 -0.000668631  0.000332131  6.35576e-05   -0.167631   -0.149676 -0.00846501   0.01512 -0.237601  -9.80611 
             99.4003 0.971278  3.02336  57.1929  28.5383  11.4283 -0.34388 0 0 0 -0.186      0  0.086    0.235316    0.492539 -0.00319531 -0.000665997  0.000378443  8.67291e-05   -0.167726   -0.150664 -0.00897093  0.014876 -0.237653  -9.80611 
             99.4999  1.8054 3.61905 57.3938   28.5552    11.464 -0.332059 0 0 0 -0.186      0  0.086  0.163084  0.276288 0.0153834 -0.000938593  0.000257078  3.99936e-05   -0.167096   -0.150883 -0.00985267 0.0148988 -0.237786  -9.80611 
             99.6007 -0.41859  3.89741  57.0052   28.5514   11.4634 -0.345688 0 0 0 -0.186      0  0.086  0.00288254 0.000688943  -0.0315298 -0.000539155  0.000106666  2.75717e-05   -0.165671   -0.151438 -0.00855223 0.0148889 -0.238207   -9.8061 
             99.7001 0.549316  3.62644  57.4022    28.554   11.4537 -0.321738 0 0 0 -0.186      0  0.086 0.00977439 -0.0987891  0.0546636 -0.000924957   0.00037731 -3.94606e-05  -0.165399  -0.150989 -0.0102987 0.0150542 -0.238181   -9.8061 
             99.7998 0.736233  3.71053  56.8157   28.5503   11.4426 -0.324272 0 0 0 -0.186      0  0.086 -0.00354439   -0.120144  -0.0091126 -0.000728242   0.00034431  0.000115397   -0.165273   -0.151155 -0.00990824 0.0150215 -0.238236  -9.80609 
             99.8993 0.582879  3.24352   57.175  28.5504  11.4321 -0.32137 0 0 0 -0.186      0  0.086 -0.0205197  -0.117957  0.0245851 -0.000630999  0.000355198  5.48698e-05  -0.165402   -0.15105 -0.0102862 0.0150383 -0.238187   -9.8061 
                 100 0.668056  3.07152   56.995    28.548   11.4254 -0.322385 0 0 0 -0.186      0  0.086 -0.00627559    -0.11968   0.0463652 -0.000678524  0.000180748  0.000155727   -0.165777   -0.151273 -0.00991516 0.0149429 -0.238133   -9.8061 
               100.1 0.936319  2.71542  57.1389    28.535   11.4077 -0.317083 0 0 0 -0.186      0  0.086 -0.0691679 -0.0859677  0.0455852 -0.000857424  0.000209348  8.40611e-05   -0.165078   -0.151852 -0.00959279 0.0148706 -0.238354  -9.80609 
               100.2 1.61349 2.53427 57.7212   28.5262   11.4201 -0.310458 0 0 0 -0.186      0  0.086 -0.0387936 0.00283774  0.0151401  -0.00103072  0.000209182 -1.51552e-05  -0.166102  -0.152605 -0.0100768 0.0145919 -0.238185   -9.8061 
               100.3 1.22729 2.39341 57.3742   28.5208   11.4266 -0.306024 0 0 0 -0.186      0  0.086 -0.0301267  0.0145774  0.0247188 -0.000875208  0.000249293  9.68446e-05  -0.166411  -0.152966 -0.0103244 0.0144767 -0.238147   -9.8061 
               100.4 1.14077 2.53354 57.6599   28.5237   11.4431 -0.298037 0 0 0 -0.186      0  0.086 0.00314327  0.0489816  0.0394143 -0.000923657  0.000167445  4.61861e-05   -0.16748  -0.152998 -0.0107951 0.0143659 -0.237903   -9.8061 
             100.501 0.977002  2.41961   57.657   28.5294   11.4536 -0.297911 0 0 0 -0.186      0  0.086 0.0338342 0.0574036 0.0268019 -0.000908697  0.000199438  4.87475e-05  -0.168003  -0.152802 -0.0105302 0.0143565 -0.237768  -9.80611 
               100.6 0.661402  2.40429  57.6709   28.5361   11.4593 -0.308335 0 0 0 -0.186      0  0.086   0.13683 0.0725399 0.0228872 -0.000828329  0.000213585  6.07601e-05   -0.168087   -0.152655 -0.00958282 0.014373 -0.23774 -9.80611 
             100.701 0.993379  2.19891  57.8067   28.5511   11.4736 -0.305259 0 0 0 -0.186      0  0.086   0.273751   0.269901 -0.0313864 -0.000886939  0.000368289  2.88664e-05   -0.167827   -0.152845 -0.00973978 0.0143565 -0.237817  -9.80611 
               100.8 0.613935  2.82073  57.5222   28.5871   11.5057 -0.304513 0 0 0 -0.186      0  0.086    0.39228    0.41744 -0.0655564 -0.000778874  8.62647e-05  9.89769e-05  -0.167589  -0.152938 -0.0102049 0.0143628 -0.237879   -9.8061 
               100.9 1.21556 2.34733 57.6167 28.6287 11.5333 -0.3458 0 0 0 -0.186      0  0.086    0.32134   0.257749 -0.0775106 -0.000898321  0.000187422  9.24564e-05   -0.167539   -0.152117 -0.00707978 0.0145448 -0.237817  -9.80611 
             101.001 1.57288 2.74593 57.4563   28.6474   11.5535 -0.349099 0 0 0 -0.186      0  0.086    0.20846   0.176121 -0.0986685 -0.000922587  0.000171041  0.000125437   -0.166895   -0.152882 -0.00762454 0.0144352 -0.238037   -9.8061 
               101.1 2.46903 2.89623 57.6038   28.651  11.5678 -0.33209 0 0 0 -0.186      0  0.086 0.0937098 -0.107325 0.0422465 -0.000981308  0.000162475  9.53125e-05   -0.167137   -0.154152 -0.00948084 0.0141259 -0.238103   -9.8061 
               101.2 1.06343  2.7793 57.3472   28.6473   11.5467 -0.311598 0 0 0 -0.186      0  0.086 0.0302492 -0.204018  0.141728 -0.000629575  0.000286169  8.12876e-05  -0.166605  -0.155035 -0.0100004 0.0139801 -0.238307  -9.80609 
             101.301 1.77917 2.59577 57.5308   28.6596   11.5421 -0.301694 0 0 0 -0.186      0  0.086 0.0402391 -0.104272 0.0536698 -0.00107279 0.000282142 0.000114149  -0.167684  -0.154605 -0.0101622 0.0139727 -0.238026   -9.8061 
               101.4 1.24269  2.4243 55.9658   28.6602    11.545 -0.310989 0 0 0 -0.186      0  0.086  0.0394086 -0.0605865  0.0401048 -0.000796811  0.000248479  0.000292833   -0.168434   -0.155127 -0.00893835  0.013753 -0.237919   -9.8061 
             101.501 1.11056 2.63431 54.7714   28.6607   11.5412 -0.305223 0 0 0 -0.186      0  0.086  0.0490666 -0.0527332  0.0531294 -0.000832081  0.000208225  0.000272645   -0.168416   -0.155499 -0.00900849   0.01367 -0.237957   -9.8061 
             101.601 0.554217  2.99672  53.9947   28.6604   11.5224 -0.311611 0 0 0 -0.186      0  0.086  0.0523655 -0.0890902   0.020507 -0.000676135  0.000110176  0.000190873   -0.167436   -0.155517 -0.00803999 0.0137322 -0.238171   -9.8061 
               101.7 0.552818  3.33638   53.709   28.6682    11.515 -0.309439 0 0 0 -0.186      0  0.086 0.0738203 -0.092588  0.024034 -0.000749259  5.10197e-05  0.000132895   -0.167606   -0.155452 -0.00805773  0.013735 -0.238131   -9.8061 
               101.8 0.425266    3.307  53.7629   28.6731   11.5074 -0.313276 0 0 0 -0.186      0  0.086  0.0767759 -0.0873817 0.00333238 -0.000673195  0.000140777  5.23713e-05   -0.167636   -0.155677 -0.00755069 0.0136763 -0.238139   -9.8061 
             101.899 0.391928  3.24829   53.818   28.6779    11.503 -0.320792 0 0 0 -0.186      0  0.086  0.0786507 -0.0840054 -0.0153728 -0.000636029  0.000218304  2.81291e-05  -0.167838  -0.156028 -0.0068777 0.0135834  -0.23812   -9.8061 
             101.999 0.403023  3.23203  53.8177   28.6781   11.5002 -0.327335 0 0 0 -0.186      0  0.086  0.0658664 -0.0701491 -0.0276154 -0.000628507  0.000241963  3.65508e-05   -0.167889   -0.156741 -0.00644919  0.013426 -0.238137   -9.8061 
               102.1 0.344404  3.23604  53.9455   28.6767   11.5032 -0.331612 0 0 0 -0.186      0  0.086  0.0488776 -0.0489966 -0.0271193 -0.000596735  0.000246502  9.07639e-07   -0.168184   -0.157633 -0.00633144 0.0132299 -0.238105   -9.8061 
             102.201 0.402819  3.22185  53.9639   28.6696   11.5054 -0.332317 0 0 0 -0.186      0  0.086  0.0205995 -0.0347287 -0.0241916 -0.000619912  0.000268696  4.21859e-05   -0.168141   -0.158717 -0.00653377 0.0130085 -0.238133   -9.8061 
               102.3 0.424841  3.30867   53.996    28.666   11.5091 -0.333064 0 0 0 -0.186      0  0.086  0.0431696  0.0378863 -0.0260758 -0.000624717  0.000230564  5.65853e-05   -0.168275   -0.159395 -0.00672077 0.0128673  -0.23812   -9.8061 
             102.401 0.112114  3.34647  54.0849   28.6592   11.5159 -0.346567 0 0 0 -0.186      0  0.086 0.0790766 0.0940373 -0.115014 -0.000547504  0.000207642  2.28331e-05   -0.167705   -0.160394 -0.00601458 0.0126731 -0.238268   -9.8061 
               102.5 0.989387  3.85747  54.4672   28.6601   11.5451 -0.367682 0 0 0 -0.186      0  0.086 0.0941026  0.186524 -0.185177 -0.000928834  0.000275956 -2.78555e-05   -0.168447   -0.161279 -0.00491963 0.0124669 -0.238174   -9.8061 
               102.6 1.26354 3.36192 53.9115   28.6722   11.5791 -0.321225 0 0 0 -0.186      0  0.086   0.230576    0.30642 -0.0466366 -0.000921598  0.000425748  0.000151511  -0.168572   -0.16182 -0.0103606  0.012406 -0.238051   -9.8061 
               102.7 1.21041  2.9917 53.9731   28.7136   11.6266 -0.282621 0 0 0 -0.186      0  0.086  0.404457  0.477291 0.0606221 -0.00063922 0.000348723 3.40264e-05  -0.169254   -0.16133 -0.0140744 0.0125404 -0.237837  -9.80611 
               102.8 0.626905  3.28067  54.0182   28.7682   11.6771 -0.295982 0 0 0 -0.186      0  0.086  0.351407    0.2863 0.0723976 -0.000335779  0.000129121  8.15482e-05  -0.170637  -0.160331 -0.0118565 0.0126616 -0.237578  -9.80611 
               102.9 0.953537   3.9054  53.9445   28.7905   11.6948 -0.312059 0 0 0 -0.186      0  0.086   0.22648  0.115976 0.0123795 -0.000494427  0.000156297  2.66929e-05  -0.170304    -0.1607 -0.0098733 0.0125594 -0.237679  -9.80611 
             102.999 0.425041  3.26377  54.0553      28.8   11.6874 -0.325709 0 0 0 -0.186      0  0.086    0.166217  -0.0294926 -0.00323311 -0.000325972  0.000298252  2.81163e-05   -0.169263   -0.161007 -0.00863434 0.0125052 -0.237902  -9.80611 
               103.1 0.827902  2.98959  54.1121   28.8136    11.679 -0.363422 0 0 0 -0.186      0  0.086   0.122415 -0.0860605  -0.160172 -0.00035728 0.000224757 1.86887e-05   -0.169271    -0.16117 -0.00545889 0.0124191 -0.237961  -9.80611 
               103.2 1.34583 2.53664 53.9584   28.8145   11.6694 -0.369774 0 0 0 -0.186      0  0.086   0.119721  -0.133995 -0.0982054 -0.000636478  0.000314678  6.42878e-05   -0.168801   -0.162169 -0.00639195 0.0122458  -0.23806   -9.8061 
             103.301 2.57743 2.10023 54.1583   28.8123   11.6489 -0.373042 0 0 0 -0.186      0  0.086  0.0794891  -0.206327 -0.0979647 -0.000886441  7.15506e-05  -1.1861e-05    -0.16798    -0.16303 -0.00704159 0.0121064 -0.238227   -9.8061 
               103.4 1.51872 2.59648 54.3838   28.8246    11.636 -0.346677 0 0 0 -0.186      0  0.086  0.110829 -0.216935 0.0246635 -0.000621461   9.7792e-05  6.52381e-05  -0.168439  -0.163282 -0.0101872 0.0120968 -0.238132   -9.8061 
             103.501 0.74337 2.39685 54.0393   28.8378   11.6194 -0.343361 0 0 0 -0.186      0  0.086  0.120138 -0.211717  0.125199 -0.000379876  0.000206971  0.000107381    -0.16897   -0.163377 -0.00981888 0.0120548 -0.238035   -9.8061 
             103.601 0.307642  1.73422  53.5368   28.8401   11.5993 -0.331691 0 0 0 -0.186      0  0.086 0.0440084 -0.192161 0.0485226 -0.000451475  0.000253045  0.000149964  -0.168665  -0.163931 -0.0102499 0.0119621 -0.238111   -9.8061 
               103.7 1.93581 2.97157 54.0446   28.8392   11.5852 -0.324155 0 0 0 -0.186      0  0.086 -0.0322733  -0.145076  0.0408272 -0.000881357  1.03286e-05  4.03463e-05  -0.168743  -0.164275 -0.0106296  0.011897 -0.238108   -9.8061 
               103.8 1.62832 2.54081 53.9178   28.8361   11.5751 -0.317761 0 0 0 -0.186      0  0.086 -0.0921869  -0.126214  0.0706761 -0.000639105  0.000136968  9.09088e-05  -0.169101  -0.164241 -0.0106727 0.0118947 -0.238042   -9.8061 
             103.901 1.18822 2.53199  54.086   28.8247    11.567 -0.319753 0 0 0 -0.186      0  0.086 -0.0807892   -0.10882  0.0460327 -0.000585008  7.77266e-05  8.61706e-05   -0.169411   -0.164504 -0.00962327 0.0118198 -0.237987  -9.80611 
                 104 1.01083 1.81445 54.3176   28.8139   11.5663 -0.317245 0 0 0 -0.186      0  0.086  0.0227884 -0.0146881  0.0213494 -0.000732012  0.000211006  3.27257e-05   -0.169426   -0.165413 -0.00959122 0.0116413 -0.238008  -9.80611 
               104.1 0.751289  1.99045  54.1708   28.8185   11.5699 -0.318289 0 0 0 -0.186      0  0.086 0.0681102  0.019287 0.0227148 -0.000574429  6.97631e-05  9.97384e-05 -0.169657 -0.165539 -0.009274 0.0116062 -0.237968  -9.80611 
               104.2 1.23637 2.20214 54.2153   28.8293   11.5741 -0.318871 0 0 0 -0.186      0  0.086  0.0999585  0.0246256 0.00370246 -0.000722535  5.38443e-05  6.25764e-05   -0.169904   -0.165442 -0.00910499 0.0116163  -0.23792  -9.80611 
               104.3 1.43048 2.10342 54.3258   28.8417   11.5813 -0.329022 0 0 0 -0.186      0  0.086   0.109904  0.0380899 -0.0200395 -0.000665235  9.03189e-05  5.74387e-05  -0.170302   -0.16541 -0.0082219 0.0116038 -0.237843  -9.80611 
               104.4 1.52631 2.16144 54.2884   28.8517   11.5925 -0.331571 0 0 0 -0.186      0  0.086   0.102424  0.0567784 -0.0123871 -0.000668501  4.23534e-05  0.000106942   -0.170715   -0.165719 -0.00815098 0.0115312 -0.237776  -9.80611 
               104.5 1.11957 2.14816 54.3643   28.8548   11.5985 -0.329104 0 0 0 -0.186      0  0.086  0.0833838  0.0492701 0.00485158 -0.000578409  6.07831e-05  5.56935e-05   -0.170489   -0.166248 -0.00841772 0.0114376 -0.237835  -9.80611 
               104.6 0.924781   2.1622  54.2845   28.8547    11.598 -0.327905 0 0 0 -0.186      0  0.086  0.0652846  0.0263159 0.00586069 -0.000616353  5.34034e-05  7.24217e-05    -0.16988   -0.166675 -0.00846473 0.0113737 -0.237959  -9.80611 
             104.699 0.867233  2.25696  54.3312   28.8576   11.5933 -0.324747 0 0 0 -0.186      0  0.086   0.0625522 0.000876623   0.0112904 -0.000640575  8.26796e-06  4.73235e-05    -0.16932   -0.166713 -0.00866383 0.0113853 -0.238062   -9.8061 
               104.8 0.935291  2.26543  54.3264   28.8638   11.5877 -0.323044 0 0 0 -0.186      0  0.086  0.0678263 -0.0181976  0.0195654 -0.000657805 -6.29555e-06  4.40887e-05   -0.168985   -0.166566 -0.00866987 0.0114239 -0.238118   -9.8061 
               104.9 0.929597  2.16819  54.2852   28.8664   11.5856 -0.326192 0 0 0 -0.186      0  0.086  0.0614894 -0.0253628 0.00655632 -0.000600677  6.37395e-05  6.15711e-05   -0.168849   -0.166841 -0.00825681 0.0113727 -0.238149   -9.8061 
             105.001 0.655004  2.11099   54.286    28.866    11.582 -0.327198 0 0 0 -0.186      0  0.086    0.0441687   -0.0335498 -1.21825e-05 -0.000543025  9.37156e-05  6.17216e-05   -0.168568    -0.16727 -0.00811462 0.0112983 -0.238212   -9.8061 
               105.1 0.679628   2.0889  54.2855   28.8662   11.5795 -0.329641 0 0 0 -0.186      0  0.086     0.03819  -0.0408677 -0.00288005 -0.00054623 0.000117193 6.02762e-05   -0.168485   -0.167637 -0.00788808 0.0112299 -0.238237   -9.8061 
               105.2 0.671083  2.06836  54.2847    28.864   11.5782 -0.334451 0 0 0 -0.186      0  0.086  0.0254292 -0.0381966 -0.0150259 -0.000543428  0.000126012  6.21643e-05   -0.168447   -0.168166 -0.00752068 0.0111294 -0.238258   -9.8061 
             105.301 0.67273 2.16311 54.2794   28.8622   11.5792 -0.329101 0 0 0 -0.186      0  0.086  0.0161499 -0.0272631 0.00553587 -0.00056399 6.34046e-05 6.76949e-05    -0.16854   -0.168683 -0.00809414 0.0110288 -0.238258   -9.8061 
               105.4 0.652855  2.16487  54.2536   28.8647    11.583 -0.331039 0 0 0 -0.186      0  0.086   0.0285325  -0.0196812 -0.00125242 -0.000559027   7.1796e-05  8.04868e-05   -0.168985   -0.168898 -0.00789095 0.0109752 -0.238186   -9.8061 
               105.5 0.655532  2.08916  54.2528   28.8636   11.5808 -0.333339 0 0 0 -0.186      0  0.086   0.0215376  -0.0240781 -0.00527672 -0.000545321  0.000118149   6.9564e-05   -0.168835   -0.169197 -0.00769144 0.0109233  -0.23822   -9.8061 
             105.601 0.688732  2.08821    54.24   28.8656   11.5826 -0.333877 0 0 0 -0.186      0  0.086 0.00476474   0.033305  -0.030151 -0.00055037 0.000115559 7.85185e-05   -0.169054    -0.16939 -0.00771447 0.0108807 -0.238188   -9.8061 
               105.7 0.251859  2.32333  54.2867   28.8721   11.5894 -0.346906 0 0 0 -0.186      0  0.086   0.143193   0.139965 -0.0607189  -0.00036975 -1.00581e-05  4.33747e-05    -0.16914    -0.16948 -0.00669407  0.010863 -0.238174   -9.8061 
             105.801 -0.211318   1.87212   54.4024   28.9023   11.6225 -0.363386 0 0 0 -0.186      0  0.086  0.431479  0.350774 -0.142217 -0.000464765  6.26857e-05  5.36872e-05   -0.169931   -0.169578 -0.00614093 0.0108238 -0.238039  -9.80611 
             105.901 0.496398  1.49454  54.1112   28.9405   11.6591 -0.351535 0 0 0 -0.186      0  0.086  0.373471  0.288907 0.0101627 -0.000662325  0.000267927   0.00010944    -0.16981   -0.170094 -0.00804461 0.0107208 -0.238073   -9.8061 
                 106 1.17884  2.1093 54.1135   28.9808   11.6975 -0.329772 0 0 0 -0.186      0  0.086 0.349008 0.265973 0.065387  -0.00058859 -4.93387e-05   0.00014392   -0.170666   -0.170255 -0.00963859 0.010655 -0.23793 -9.80611 
               106.1 1.48839 2.48417 54.1106    29.004    11.716 -0.321772 0 0 0 -0.186      0  0.086  0.194802 0.0417883 0.0248033 -0.000596172 -4.22102e-05  9.32186e-05 -0.170426 -0.170833 -0.010218 0.0105504 -0.237989  -9.80611 
               106.2 0.356276  2.59455  53.9207   29.0345   11.7085 -0.355525 0 0 0 -0.186      0  0.086   0.22967 -0.188102 0.0413115 -0.000477725 -8.11807e-05  6.81831e-05   -0.171056   -0.170319 -0.00695751  0.010636 -0.237852  -9.80611 
               106.3 1.68971 2.52827 54.3316   29.0546   11.6748 -0.341426 0 0 0 -0.186      0  0.086    0.229536   -0.233835 -0.00221612 -0.00076311 3.94796e-05 1.89935e-05   -0.170065   -0.170216 -0.00837926 0.0106841 -0.238023  -9.80611 
               106.4 1.77113 1.32453 54.4837   29.0513   11.6459 -0.333783 0 0 0 -0.186      0  0.086     0.10111   -0.224114 -0.00226976 -0.000683801  0.000303881 -3.38953e-05   -0.168767   -0.171566 -0.00929359  0.010477 -0.238278   -9.8061 
               106.5 1.90226 1.23388 54.4143   29.0466   11.6339 -0.322159 0 0 0 -0.186      0  0.086    0.053758   -0.204335 0.000283351 -0.000643018  9.08213e-05  2.54984e-05  -0.168776  -0.173032 -0.0104642 0.0102203  -0.23832   -9.8061 
               106.6 1.14381 1.61657  54.279   29.0444   11.6075 -0.321025 0 0 0 -0.186      0  0.086 0.0085488 -0.168603 0.0811811 -0.000464307   2.5804e-05  3.18011e-05   -0.168175   -0.173274 -0.00996255 0.0101876 -0.238423   -9.8061 
             106.701 0.446533  2.42982  53.9207   29.0403   11.5933 -0.319329 0 0 0 -0.186      0  0.086 0.00260735 -0.0407518 -0.0100754 -0.000610229 -8.49226e-05   8.6266e-05   -0.167712    -0.17367 -0.00992774 0.0101281 -0.238511  -9.80609 
               106.8 1.06186 2.43428 54.2952   29.0381   11.5917 -0.311523 0 0 0 -0.186      0  0.086 -0.0111033  0.0175552  0.0354612 -0.000867682 -1.67572e-05 -1.84058e-05 -0.167569 -0.173805 -0.010574 0.0101118 -0.238548  -9.80609 
               106.9 0.760433  2.75409  54.1669   29.0337   11.5935 -0.315498 0 0 0 -0.186      0  0.086 -0.0161255  0.0294841  0.0108983 -0.000688076  1.29131e-05   4.6378e-05   -0.167418   -0.173995 -0.00994389 0.0100784 -0.238572  -9.80609 
             107.001 0.448909  3.07028  54.2394   29.0336   11.6045 -0.312002 0 0 0 -0.186      0  0.086 -0.000440769    0.0483273    0.0206872 -0.000681672 -8.91641e-05  2.34645e-05  -0.167915  -0.174214 -0.0101531 0.0100275 -0.238496   -9.8061 
               107.1 0.00466955    2.95624     54.214   29.0341   11.6086 -0.314861 0 0 0 -0.186      0  0.086  0.0142681  0.0355184 0.00872516 -0.000634065 -2.48049e-05  1.37018e-05   -0.167924   -0.174205 -0.00973157 0.0100271 -0.238495   -9.8061 
               107.2 -0.335351   2.87859   54.2445   29.0343    11.606 -0.320629 0 0 0 -0.186      0  0.086   0.0171396  0.00902501 -0.00731614 -0.000605707  3.12058e-05  1.14066e-07   -0.167554    -0.17411 -0.00913817 0.0100514 -0.238558  -9.80609 
             107.301 -0.582053    2.8869   54.2314    29.037   11.6085 -0.327196 0 0 0 -0.186      0  0.086  0.0187336  0.0592798 -0.0133023 -0.000595649  3.87816e-05 -5.25303e-06   -0.167649    -0.17413 -0.00869507 0.0100457 -0.238549  -9.80609 
               107.4 0.47837 3.16068 54.1886   29.0549   11.6285 -0.329063 0 0 0 -0.186      0  0.086   0.197797   0.256731 -0.0467701 -0.000643359  1.09672e-05  1.69657e-05  -0.168435  -0.173818 -0.0087002 0.0100814 -0.238413   -9.8061 
               107.5 1.65632 3.05206 54.3238   29.0772   11.6754 -0.340968 0 0 0 -0.186      0  0.086    0.28171   0.485913 -0.0483064 -0.000794599  0.000103786  9.87437e-06   -0.168952   -0.174214 -0.00810568 0.0100019  -0.23835   -9.8061 
             107.601 1.06216  2.6767 54.0036   29.0991   11.7323 -0.324415 0 0 0 -0.186      0  0.086  0.225692  0.399744 0.0598091 -0.000647725  0.000167804    9.626e-05    -0.16941   -0.174977 -0.00951731 0.00985421  -0.238267    -9.8061 
               107.7 0.702073  3.33442  54.0916   29.1092   11.7804 -0.279581 0 0 0 -0.186      0  0.086 0.198694 0.399746  0.17601 -0.00075716 0.000127204 2.70157e-05  -0.169337  -0.176175 -0.0125667 0.00966128  -0.238262    -9.8061 
               107.8 0.834737   3.9458  54.2828  29.1314  11.8218 -0.26219 0 0 0 -0.186      0  0.086 0.277717 0.491453 0.111909 -0.00059488  0.00012555 9.30212e-07  -0.169192  -0.176037 -0.0128431 0.00969151  -0.238279    -9.8061 
               107.9 0.48667 4.27454 54.2643   29.1642   11.8754 -0.296936 0 0 0 -0.186      0  0.086  0.352035  0.526546 0.0638642 -0.000375648   0.00017333   1.5085e-05  -0.169388  -0.175866 -0.0087941 0.00966015  -0.238305    -9.8061 
                 108 0.126957  4.81742   54.158   29.1954   11.9169 -0.309171 0 0 0 -0.186      0  0.086  0.300796  0.378812 0.0202694 -0.000328765  9.15517e-05   1.6555e-05   -0.169261   -0.175689 -0.00725123 0.00966793  -0.238353    -9.8061 
               108.1 0.810524  5.00425  54.2609   29.2164   11.9488 -0.325053 0 0 0 -0.186      0  0.086  0.278615  0.374145 -0.109916 -0.000501464  0.000219345 -4.06706e-05   -0.168727   -0.176083 -0.00618959 0.00959441  -0.238477    -9.8061 
               108.2 0.608821  4.84982  54.1902   29.2493   11.9904 -0.328822 0 0 0 -0.186      0  0.086  0.272862   0.39003 0.0676597 -0.000445061  0.000256437  2.03492e-05   -0.168722   -0.175994 -0.00696783 0.00962499  -0.238449    -9.8061 
               108.3 2.80648    5.62 54.5203  29.2705   12.027 -0.29052 0 0 0 -0.186      0  0.086   0.16105  0.279218 0.0578482 -0.000851003  0.000307527 -2.39452e-05  -0.168532  -0.176465 -0.0102411 0.00961834  -0.238358    -9.8061 
             108.399 1.43272 5.36727 54.4667   29.2709   12.0363 -0.353003 0 0 0 -0.186      0  0.086 0.0835072  0.136527 -0.173327  3.01819e-05  0.000337308 -4.13579e-05   -0.167979   -0.176658 -0.00443967 0.00944626   -0.23869   -9.80609 
               108.5 0.403667  5.77456  54.3258   29.2803   12.0386 -0.361609 0 0 0 -0.186      0  0.086 0.0747709 0.0435493  -0.15701 -0.000182445  0.000243226 -3.82919e-05   -0.167491   -0.176235 -0.00505737 0.00955197  -0.238732   -9.80609 
               108.6 0.637069  7.06763  54.2696   29.2817   12.0311 -0.361208 0 0 0 -0.186      0  0.086 0.0285462 0.0230278 0.0158934 -0.000383306  7.32293e-05 -2.85608e-05   -0.166471   -0.176235 -0.00577046 0.00960535  -0.238859   -9.80609 
             108.701 -0.119394   7.73605   53.8793   29.2988   12.0296 -0.370502 0 0 0 -0.186      0  0.086  0.0362951  -0.038181 -0.0993953 -0.000383046  0.000167314  5.22248e-05   -0.167152   -0.175167 -0.00548553 0.00975691  -0.238743   -9.80609 
               108.8 1.51058 8.85618 54.3549   29.2887    12.019 -0.376115 0 0 0 -0.186      0  0.086  -0.038837 -0.0553651  -0.076637 -0.000753545  4.22982e-05 -5.74761e-05   -0.166203   -0.175755 -0.00588358 0.00970013  -0.238876   -9.80609 
             108.901 1.79031 8.98592  54.164 29.2841 12.0162 -0.3678 0 0 0 -0.186      0  0.086 -0.0700528 -0.0608752 -0.0444302 -0.000747317  7.39415e-05  3.19467e-05   -0.166168   -0.175888 -0.00744228 0.00975292  -0.238763   -9.80609 
             109.001  1.6679 8.80504 54.4024   29.2781   12.0096 -0.364793 0 0 0 -0.186      0  0.086 -0.0841283 -0.0224845 -0.0742366 -0.000664678  0.000121388 -1.82853e-05   -0.166042   -0.175683 -0.00807996 0.00982759  -0.238723   -9.80609 
               109.1  1.8777 8.79555 54.6413   29.2704   12.0073 -0.364499 0 0 0 -0.186      0  0.086 -0.0528342 0.00167808 -0.0700147 -0.000660393  0.000158439 -2.52819e-05   -0.165698   -0.175731 -0.00881335 0.00987892  -0.238706   -9.80609 
               109.2 1.78804 8.60139 54.3712   29.2736   12.0112 -0.356083 0 0 0 -0.186      0  0.086 -5.03221e-05    0.0138819   -0.0344505 -0.000696996  8.02053e-05   2.7292e-05  -0.165808  -0.175457 -0.0102734 0.0100279 -0.238543  -9.80609 
             109.301 1.63589  8.1252 54.3942    29.287   12.0178 -0.356006 0 0 0 -0.186      0  0.086   0.0536564   0.0212126 -0.00760266 -0.00065224 0.000105436 -2.6538e-05  -0.166558  -0.174791 -0.0106398 0.0101415 -0.238383   -9.8061 
               109.4 1.61985 7.89064 54.3361   29.2978   12.0262 -0.357026 0 0 0 -0.186      0  0.086  0.0782105   0.027099 0.00144542 -0.000649234  5.75882e-05 -3.74986e-05  -0.167164  -0.174689 -0.0106321 0.0101383 -0.238291   -9.8061 
               109.5 1.53167 7.81663  54.336   29.3055   12.0285 -0.353077 0 0 0 -0.186      0  0.086 0.0837424 0.0160262 0.0114861 -0.000618565  6.07702e-05  -4.4881e-05  -0.16708 -0.174734 -0.010964 0.0101584 -0.238275   -9.8061 
               109.6  1.5704 7.72308 54.3787   29.3124    12.031 -0.353237 0 0 0 -0.186      0  0.086  0.0804386  0.0100743 0.00818889 -0.000602804  9.19601e-05 -5.41349e-05  -0.167126  -0.174886 -0.0108352 0.0101229 -0.238282   -9.8061 
               109.7 1.48917 7.75009 54.3317   29.3162   12.0292 -0.356757 0 0 0 -0.186      0  0.086   0.0766423 -0.00416735  -0.0003777 -0.000596112  7.32137e-05 -3.29068e-05  -0.166897  -0.175114 -0.0104165 0.0100638 -0.238356   -9.8061 
             109.801 1.22585 7.53674 54.3106   29.3207   12.0261 -0.354813 0 0 0 -0.186      0  0.086  0.0683905 -0.0190809 0.00497403 -0.000548969  0.000172212 -3.80636e-05  -0.166611   -0.17525 -0.0105546 0.0100591  -0.23839   -9.8061 
               109.9 1.06259 7.48185 54.3422   29.3248    12.031 -0.352479 0 0 0 -0.186      0  0.086   0.0611836 -0.00929673  0.00653962 -0.000541699   0.00020918 -5.03509e-05  -0.166886  -0.175695 -0.0107583 0.00999179  -0.238343    -9.8061 
                 110 1.11672 7.52718 54.3407   29.3243   12.0329 -0.349081 0 0 0 -0.186      0  0.086  0.0503017 -0.0100425  0.0170519 -0.000559617   0.00017623 -5.23016e-05  -0.166759  -0.176311 -0.0109457 0.00990693   -0.23836    -9.8061 
             110.101  1.1019 7.47767 54.3603 29.3252 12.0338 -0.3496 0 0 0 -0.186      0  0.086  0.0410903 -0.0137252 0.00864593 -0.000544695  0.000209342 -6.02439e-05  -0.166776  -0.176687 -0.0107524 0.00983483   -0.23838    -9.8061 
               110.2 1.07683  7.4513 54.3534    29.324   12.0358 -0.349331 0 0 0 -0.186      0  0.086  0.0332967 -0.0152177 0.00673353 -0.000529046  0.000228086 -5.58479e-05    -0.1668  -0.177198 -0.0106823 0.00974791  -0.238393    -9.8061 
               110.3 0.848618  7.43286  54.3028   29.3263   12.0372 -0.349526 0 0 0 -0.186      0  0.086  0.0324772 -0.0119518 0.00458179   -0.0005091  0.000236313 -5.15915e-05  -0.166961  -0.177412 -0.0106182 0.00970571  -0.238379    -9.8061 
             110.401 0.86285 7.33903 54.3285   29.3262   12.0405 -0.350074 0 0 0 -0.186      0  0.086   0.0184607 -0.00426135  0.00133277 -0.000515985  0.000282129 -6.60413e-05  -0.167137  -0.177803 -0.0105418 0.00963441  -0.238367    -9.8061 
               110.5 0.862465  7.36584  54.3079   29.3246   12.0408 -0.348343 0 0 0 -0.186      0  0.086  0.0156623 -0.0144348 0.00516323 -0.000522229  0.000272942 -5.82044e-05  -0.167036  -0.178122 -0.0106709 0.00959255  -0.238379    -9.8061 
               110.6 0.855024   7.3441  54.3212   29.3248   12.0405 -0.348071 0 0 0 -0.186      0  0.086  0.0191157 -0.0213553 0.00448202 -0.000527883   0.00028483 -6.34235e-05   -0.16707  -0.178311 -0.0106527 0.00956057  -0.238379    -9.8061 
             110.701 0.872537  7.36308  54.3011   29.3259   12.0399 -0.349307 0 0 0 -0.186      0  0.086    0.0153658   -0.0218243 -0.000319116 -0.000530674  0.000271526 -5.72515e-05  -0.167182  -0.178431 -0.0105179 0.00953208  -0.238376    -9.8061 
               110.8 0.890719  7.37753  54.3302   29.3253   12.0387 -0.349934 0 0 0 -0.186      0  0.086   0.0124335  -0.0269494 -0.00237009  -0.00053188  0.000262504 -7.21564e-05  -0.167178   -0.17863 -0.0104649 0.00949819  -0.238384    -9.8061 
               110.9 0.843671  7.35184  54.3312    29.326   12.0402 -0.348878 0 0 0 -0.186      0  0.086  0.0174227 -0.0260906  0.0008335  -0.00051343  0.000273967 -7.26206e-05  -0.167397  -0.178871 -0.0106054 0.00946099  -0.238347    -9.8061 
             111.001 0.882807  7.40156  54.3336  29.3245    12.04 -0.34957 0 0 0 -0.186      0  0.086   0.0116822  -0.0258044 -0.00174244 -0.000532179  0.000245802 -7.32385e-05  -0.167443  -0.179216 -0.0105425 0.00940259  -0.238353    -9.8061 
               111.1 0.914277  7.40774  54.3414   29.3254   12.0407 -0.348423 0 0 0 -0.186      0  0.086  0.0135199 -0.0235695 0.00183535 -0.000542083  0.000239766 -7.71233e-05  -0.167615   -0.17937 -0.0106767 0.00938006  -0.238321    -9.8061 
               111.2 0.895812     7.41  54.3156   29.3247   12.0384 -0.348571 0 0 0 -0.186      0  0.086   0.0142843  -0.0310508 0.000888108  -0.00053615  0.000235989 -6.31704e-05  -0.167555  -0.179551 -0.0106387 0.00935156  -0.238336    -9.8061 
             111.301 0.861808  7.36035  54.3387   29.3246   12.0374 -0.349152 0 0 0 -0.186      0  0.086   0.0135606  -0.0332923 -0.00135169 -0.000517811  0.000259682 -7.56781e-05  -0.167646  -0.179758 -0.0105916 0.00931472  -0.238331    -9.8061 
               111.4 0.871674  7.36771  54.3306   29.3244    12.036 -0.348821 0 0 0 -0.186      0  0.086    0.0113054   -0.0339712 -0.000290592 -0.000521031   0.00025502 -7.08951e-05  -0.167703  -0.179948 -0.0106381 0.00928599  -0.238323    -9.8061 
               111.5 0.883056  7.40682  54.3192   29.3237   12.0361 -0.348774 0 0 0 -0.186      0  0.086    0.0113291    -0.032077 -0.000549533 -0.000529913   0.00023239 -6.40926e-05 -0.167839 -0.180229  -0.01066 0.00924003  -0.238308    -9.8061 
               111.6 0.89398 7.37334 54.3306   29.3228   12.0357 -0.348547 0 0 0 -0.186      0  0.086   0.0106076  -0.0328062 5.46057e-05 -0.000537763  0.000250708 -7.05682e-05  -0.167938  -0.180512 -0.0106953 0.00919533  -0.238298    -9.8061 
               111.7 0.865095  7.34224  54.3203   29.3238   12.0359 -0.349239 0 0 0 -0.186      0  0.086   0.0125099  -0.0307419 -0.00235357 -0.000519864   0.00026652 -6.50298e-05  -0.168165  -0.180662 -0.0106619 0.00916493  -0.238271    -9.8061 
             111.799 0.868517  7.42365  54.3261   29.3247   12.0369 -0.350486 0 0 0 -0.186      0  0.086   0.0154961  -0.0261488 -0.00560337 -0.000519281  0.000219514 -6.73334e-05  -0.168416  -0.180856 -0.0106031 0.00912617  -0.238245    -9.8061 
               111.9 0.844021  7.38527  54.3326   29.3265   12.0409 -0.350828 0 0 0 -0.186      0  0.086    0.020301  -0.0170584 -0.00550865 -0.000505952  0.000238514 -7.09833e-05  -0.168826  -0.181107 -0.0106744 0.0090806 -0.238187   -9.8061 
                 112 0.814368  7.33845  54.3374   29.3267   12.0397 -0.352492 0 0 0 -0.186      0  0.086  0.0234657 -0.0370061 -0.0181101 -0.000488948   0.00026263 -7.37739e-05   -0.16883   -0.18129 -0.0105981 0.00904913  -0.238196    -9.8061 
             112.099 1.02304 7.41704  54.349    29.329   12.0418 -0.349623 0 0 0 -0.186      0  0.086 0.0866769 0.0712393 0.0169441 -0.000565354  0.000218019  -7.9206e-05 -0.168833 -0.181608 -0.011063 0.00902178  -0.238168    -9.8061 
               112.2 1.11259 7.12458 54.5834   29.3407   12.0551 -0.351634 0 0 0 -0.186      0  0.086   0.279481   0.255546 -0.0667894 -0.000412422   0.00024518 -0.000119581    -0.1685  -0.181864 -0.0110103 0.00898898  -0.238223    -9.8061 
               112.3 0.642109  6.85529  54.0229     29.38   12.0902 -0.361727 0 0 0 -0.186      0  0.086  0.306993  0.260702 0.0154144 -0.000421071  0.000251316  1.84336e-05  -0.169332  -0.181717 -0.0105782 0.00897077  -0.238136    -9.8061 
             112.401 1.03724  6.5542 54.1789   29.4208    12.117 -0.364424 0 0 0 -0.186      0  0.086 0.335477 0.160251 0.017889 -0.000414781  0.000205474 -3.70826e-05  -0.170228  -0.180918 -0.0101706 0.00905108  -0.238026   -9.80611 
               112.5  1.7169 6.31003 54.0373   29.4345   12.1307 -0.304152 0 0 0 -0.186      0  0.086 0.167581 0.110628 0.160764 -0.000706062  0.000170134 -8.94592e-06  -0.168345   -0.18186 -0.0158383 0.00919271  -0.237934   -9.80611 
               112.6 1.09023 6.26262 54.0695   29.4557    12.146 -0.318884 0 0 0 -0.186      0  0.086  0.102348 -0.137837  0.144007 -0.00031652 0.000200075 1.21064e-05   -0.17026  -0.181711 -0.0131474 0.00905869  -0.237829   -9.80611 
             112.699 -0.223351    5.7313   53.9742   29.4415   12.1179 -0.303428 0 0 0 -0.186      0  0.086 -0.0234386  -0.154194   0.184627 -0.000242666  0.000385601 -5.62787e-05  -0.168678  -0.182682 -0.0122921 0.00891149  -0.238104   -9.80611 
               112.8 0.918807  5.18591  54.6611   29.4456   12.1035 -0.338066 0 0 0 -0.186      0  0.086 -0.0103384  -0.101208 -0.0101662 -0.000419263  0.000335513 -0.000115544   -0.169553   -0.181975 -0.00816523 0.00883996  -0.238187    -9.8061 
               112.9 0.944171  5.51532  54.1756   29.4311   12.0926 -0.339158 0 0 0 -0.186      0  0.086 -0.0732218 -0.0737861   0.031179 -0.000444355  0.000117858 -1.61181e-05   -0.168937   -0.182775 -0.00823635 0.00873614   -0.23828    -9.8061 
             113.001 1.14659 5.07243 54.2003   29.4293   12.0895 -0.336941 0 0 0 -0.186      0  0.086 -0.0781654 -0.0615207   0.129983 -0.000259541  0.000113499 -2.66413e-05   -0.169431   -0.182551 -0.00818284 0.00875794  -0.238211    -9.8061 
               113.1 0.164026   5.4622  53.9683  29.4356  12.0847 -0.36854 0 0 0 -0.186      0  0.086  0.0439487 -0.0786064  -0.165742 -0.000127904  0.000113758  2.25909e-05   -0.170429   -0.181907 -0.00518461 0.00875402   -0.23818    -9.8061 
             113.201 -0.112317   6.08488     53.93   29.4169   12.0757 -0.363754 0 0 0 -0.186      0  0.086 0.000662402  -0.0561631   -0.102146 -0.000425925  5.27081e-05 -4.57665e-05    -0.16903   -0.183605 -0.00697176 0.00857316  -0.238327    -9.8061 
               113.3 0.140268  6.10964  54.1077    29.426   12.0767 -0.356296 0 0 0 -0.186      0  0.086   0.038019 -0.0387136 -0.0521053 -0.000478607  5.45937e-05 -6.51829e-06   -0.169566   -0.183279 -0.00855947 0.00864182  -0.238183    -9.8061 
               113.4 0.340224  6.24116  54.0576   29.4278   12.0764 -0.349189 0 0 0 -0.186      0  0.086  0.0310405 -0.0293345 -0.0196426 -0.000455616  5.65517e-05 -9.62781e-06   -0.169531   -0.183571 -0.00966288 0.00861958  -0.238139   -9.80611 
               113.5 0.529829  6.36183  54.1597   29.4308   12.0796 -0.343806 0 0 0 -0.186      0  0.086  0.0274573 -0.0210098 0.00298454 -0.000469237  4.96695e-05 -7.71606e-06  -0.169827  -0.183801 -0.0103102 0.0085933  -0.23807  -9.80611 
               113.6 0.688284  6.68255  54.1997   29.4303   12.0857 -0.344001 0 0 0 -0.186      0  0.086   0.0209172 -0.00422772 -0.00187113 -0.000495039 -5.56903e-05 -1.86503e-05  -0.170186  -0.184367 -0.0103224 0.00850607  -0.238031   -9.80611 
               113.7 0.82777 6.73367 54.2555   29.4314   12.0905 -0.341607 0 0 0 -0.186      0  0.086  0.0195516 0.00265021  0.0085078  -0.00052514 -8.66294e-05 -1.71694e-05  -0.170442  -0.184661 -0.0105597 0.00846514  -0.237989   -9.80611 
             113.799 0.847506  6.74073  54.2537   29.4322   12.0919 -0.342669 0 0 0 -0.186      0  0.086   0.0169816 -0.00172003 -0.00254797 -0.000507976 -8.78529e-05 -1.54396e-05  -0.170509  -0.184807 -0.0104016 0.00843859  -0.237991   -9.80611 
               113.9 0.886886  6.80159  54.3622   29.4359   12.0949 -0.342129 0 0 0 -0.186      0  0.086  0.0285963 0.00351596  0.0025912 -0.000506344 -0.000112068 -3.37874e-05  -0.170764  -0.184808 -0.0104871 0.00843618  -0.237953   -9.80611 
                 114 0.898883  6.75004  54.2444   29.4359    12.095 -0.343949 0 0 0 -0.186      0  0.086   0.0235826 -0.00399703 -0.00409488 -0.000486741 -8.77212e-05  9.31203e-06  -0.170678  -0.185022 -0.0103033 0.00840101  -0.237979   -9.80611 
             114.101 1.02039 6.78565 54.3359   29.4381   12.0939 -0.345343 0 0 0 -0.186      0  0.086   0.0260843   -0.011596 -0.00726398 -0.000526594 -0.000110777 -2.50818e-05  -0.170658  -0.185035 -0.0102157 0.00839632  -0.237987   -9.80611 
               114.2 0.995097  6.77939  54.2827   29.4401    12.095 -0.344908 0 0 0 -0.186      0  0.086   0.0269624 -0.00840916 -0.00351497 -0.000499198 -0.000106731 -3.15893e-06  -0.170749  -0.185167 -0.0103216 0.00837979  -0.237971   -9.80611 
               114.3 0.996513  6.81479  54.2507   29.4396   12.0966 -0.346326 0 0 0 -0.186      0  0.086   0.0250205 -0.00548802 -0.00665649 -0.000501999 -0.000122337  3.91546e-06  -0.170775  -0.185518 -0.0102335 0.00832606  -0.237979   -9.80611 
             114.401 0.978134  6.73596  54.2526   29.4404    12.096 -0.346288 0 0 0 -0.186      0  0.086   0.0241254  -0.0144496 -0.00591736 -0.000492414 -7.83566e-05 -1.64146e-07   -0.17071  -0.185677 -0.0102948 0.00830757  -0.237986   -9.80611 
               114.5 0.948267  6.76297  54.2649   29.4398   12.0969 -0.345188 0 0 0 -0.186      0  0.086     0.021077   -0.0146579 -0.000189713 -0.000476555 -9.18109e-05  -9.3008e-06  -0.170709     -0.186 -0.0104438 0.00826817  -0.237983   -9.80611 
             114.599 0.900333   6.7645  54.2911   29.4387   12.0954 -0.344256 0 0 0 -0.186      0  0.086  0.0152635 -0.0165403 0.00128258 -0.000476768 -9.63647e-05 -1.27727e-05  -0.170552  -0.186247 -0.0105174 0.00823978  -0.238003   -9.80611 
             114.701 0.900577  6.81948  54.2734  29.4375  12.0943 -0.34538 0 0 0 -0.186      0  0.086   0.0173773  -0.0206318 -0.00196414 -0.000484868 -0.000124622 -7.34039e-06  -0.170482  -0.186499 -0.0103974 0.00820129  -0.238023   -9.80611 
               114.8 0.714945  6.75862  54.2819   29.4353   12.0928 -0.341071 0 0 0 -0.186      0  0.086 0.00817554  -0.023498  0.0114467 -0.000473814 -9.02628e-05 -1.23199e-05  -0.170292  -0.186817 -0.0107757 0.00817547   -0.23803   -9.80611 
             114.901 0.702881  6.78194  54.2609   29.4372   12.0924 -0.338794 0 0 0 -0.186      0  0.086  0.0125753 -0.0175035  0.0131552 -0.000493846 -0.000104073 -3.53401e-07  -0.170422  -0.186818 -0.0108976 0.00817735  -0.238007   -9.80611 
             115.001 0.683805  6.78874  54.3023   29.4373   12.0967 -0.338137 0 0 0 -0.186      0  0.086    0.018079 -0.00876511   0.0106399 -0.000490997 -0.000107801 -2.32403e-05  -0.170742  -0.187159 -0.0108738 0.00812286  -0.237974   -9.80611 
               115.1 0.602532  6.77368  54.2719  29.4369  12.0982 -0.33745 0 0 0 -0.186      0  0.086   0.0173733 -0.00730468  0.00898118 -0.000476624 -9.73772e-05 -6.03327e-06  -0.170802   -0.18744 -0.0108467 0.00808202  -0.237972   -9.80611 
             115.201 0.652125   6.8146  54.2742   29.4363   12.0988 -0.339343 0 0 0 -0.186      0  0.086   0.0149806 -0.00556916  0.00119056  -0.00049667 -0.000120634 -7.08746e-06  -0.170818  -0.187673 -0.0106037 0.00804134  -0.237988   -9.80611 
               115.3 0.615604  6.76311  54.2852   29.4383   12.0983 -0.340789 0 0 0 -0.186      0  0.086   0.0222193  -0.0096337 -0.00383295 -0.000473487 -9.23708e-05 -1.34272e-05  -0.170871  -0.187655 -0.0104744 0.00803843  -0.237988   -9.80611 
               115.4 0.619411  6.76767  54.2838   29.4382   12.0997 -0.339463 0 0 0 -0.186      0  0.086   0.0227015 -0.00903289   0.0001246 -0.000480531 -9.43027e-05 -1.26601e-05  -0.170886  -0.187954 -0.0106299 0.00800237  -0.237982   -9.80611 
             115.501 0.624037    6.799  54.3018   29.4412   12.1016 -0.339899 0 0 0 -0.186      0  0.086  0.0297663 -0.0048199 -0.0020072 -0.000479998 -0.000111424 -2.23796e-05 -0.171092 -0.188035 -0.010615 0.00798673  -0.237959   -9.80611 
               115.6 0.623389  6.77396  54.2946   29.4411   12.1027 -0.341401 0 0 0 -0.186      0  0.086   0.0254833 -0.00365621 -0.00603008 -0.000475214 -9.67539e-05 -1.85067e-05   -0.17108  -0.188334 -0.0105016 0.00794263  -0.237972   -9.80611 
               115.7 0.642871  6.79072   54.292   29.4403   12.1022 -0.339968 0 0 0 -0.186      0  0.086    0.0229254  -0.00838776 -0.000753906 -0.000487349 -0.000104528 -1.68956e-05 -0.170891 -0.188613 -0.010664 0.00791374   -0.23799   -9.80611 
             115.801 0.612955  6.79033  54.2877     29.44   12.1004 -0.341029 0 0 0 -0.186      0  0.086   0.0215928  -0.0148486 -0.00391707 -0.000469925 -0.000105061 -1.45064e-05  -0.170733  -0.188793 -0.0105643 0.00788931  -0.238018   -9.80611 
               115.9 0.594552  6.72507  54.2983  29.4417  12.1012 -0.34134 0 0 0 -0.186      0  0.086   0.0237423   -0.013061 -0.00416658 -0.000455515  -7.0012e-05 -2.05613e-05  -0.170861  -0.188923 -0.0105863 0.00787005  -0.238003   -9.80611 
                 116 0.623281  6.81049  54.3035   29.441  12.1014 -0.34101 0 0 0 -0.186      0  0.086  0.0209794 -0.0122072   -0.00257 -0.000467761 -0.000115989 -2.27534e-05  -0.170799  -0.189227 -0.0106462 0.00783237  -0.238012   -9.80611 
             116.101 0.64533 6.79699 54.3008   29.4407   12.1029 -0.340717 0 0 0 -0.186      0  0.086   0.0207849 -0.00993451 -0.00174673 -0.000479809 -0.000107883 -2.12533e-05  -0.170852  -0.189536 -0.0107032 0.00779166  -0.238007   -9.80611 
               116.2 0.592663  6.68579  54.2857   29.4403    12.102 -0.342453 0 0 0 -0.186      0  0.086 0.00910112 -0.0372635 -0.0398786 -0.000449762 -4.84221e-05 -1.36805e-05  -0.170815    -0.1897 -0.0106348 0.00776839  -0.238018   -9.80611 
               116.3 0.547953  6.80459  54.3759   29.4356   12.0983 -0.348354 0 0 0 -0.186      0  0.086  0.0609898 0.00584085 -0.0266886 -0.000448929 -0.000104896   -3.114e-05  -0.170465  -0.190121 -0.0104077 0.00771186   -0.23808   -9.80611 
             116.399 0.992672  6.70647  54.9129   29.4366   12.1018 -0.339237 0 0 0 -0.186      0  0.086   0.116795   0.137848 -0.0379829 -0.000535021  -6.3843e-05 -7.05405e-05  -0.169782  -0.190651 -0.0114678 0.0076881 -0.238111  -9.80611 
             116.499 0.797176  6.70027   56.584  29.4477  12.1323 -0.34887 0 0 0 -0.186      0  0.086   0.152329   0.207239 -0.0495556 -0.000413297 -5.30254e-05 -0.000240209  -0.170538  -0.191173 -0.0109318 0.00758549  -0.238059   -9.80611 
               116.6 1.06254 5.81328 58.4755  29.4509  12.1616 -0.33311 0 0 0 -0.186      0  0.086 0.0790084  0.152357 0.0091549 -0.000546039 -5.52856e-07 -0.000317696  -0.170593  -0.192235 -0.0125138 0.00749028  -0.237992   -9.80611 
             116.699 0.0535978   6.06378   60.8444   29.4503   12.1941 -0.321038 0 0 0 -0.186      0  0.086 0.00428408   0.154263  0.0583634 -0.000322952  7.89099e-05 -0.000389339  -0.171369  -0.193418 -0.0136253 0.00732364  -0.237879   -9.80611 
               116.8 -0.208315   6.30299    63.575   29.4548   12.2102 -0.356365 0 0 0 -0.186      0  0.086 -0.0201515    0.10646 -0.0153314 -0.000257739  0.000122129 -0.000428225  -0.172387  -0.193043 -0.0103127 0.00723867  -0.237885   -9.80611 
             116.901 0.57504 6.40502 66.1564   29.4373   12.2167 -0.344436 0 0 0 -0.186      0  0.086 -0.145716 0.0408578 0.0301014 -0.000601306  6.95592e-05 -0.000417132  -0.172007  -0.193717 -0.0104357 0.00716926  -0.238008   -9.80611 
             117.002 -1.26712  6.86373  65.9466   29.4332   12.2359 -0.325063 0 0 0 -0.186      0  0.086 -0.0940959  0.0730424  0.0329016 -0.000427687 -9.04953e-05  -2.6899e-05  -0.173014  -0.193297 -0.0122344 0.00711469  -0.237682   -9.80612 
             117.101 -0.314289   6.36651   63.9138  29.4227  12.2207 -0.34383 0 0 0 -0.186      0  0.086 -0.0729953 -0.0019995 -0.0142238 -0.000766019  -7.5453e-05  0.000217663  -0.171719  -0.193074 -0.0101463 0.00738366  -0.237976   -9.80611 
             117.201 0.429676  6.22314  62.9075   29.4146   12.2041 -0.345148 0 0 0 -0.186      0  0.086  -0.0581705  -0.0624376 -0.00906622 -0.000851983 -8.07817e-05  0.000124897  -0.170522  -0.192945 -0.0100189 0.00763584  -0.238152   -9.80611 
               117.3 0.525496  6.06695  62.2958    29.413    12.195 -0.349335 0 0 0 -0.186      0  0.086 -0.0426248 -0.0773311  -0.021822 -0.000683829  1.40943e-06  6.46078e-05   -0.170462    -0.19254 -0.00971097 0.0077215   -0.2381  -9.80611 
               117.4 0.57604 6.05561 62.0411   29.4195   12.1858 -0.353029 0 0 0 -0.186      0  0.086 -0.00485028  -0.0889842  -0.0236152 -0.000613495 -2.79015e-05   7.8645e-06   -0.17059  -0.191631 -0.0095713 0.00785309  -0.237915   -9.80611 
             117.499 0.536204  5.93863  62.0313  29.4243  12.1809 -0.35344 0 0 0 -0.186      0  0.086  0.0122379 -0.0846798 -0.0178509 -0.000558424  3.45587e-05 -3.81359e-05   -0.170987   -0.191276 -0.00978271 0.00783855  -0.237779   -9.80611 
             117.599 0.49145 5.98476 62.0474   29.4295   12.1797 -0.351835 0 0 0 -0.186      0  0.086   0.0248128  -0.0686492 -0.00891658 -0.00051289 1.52294e-05 -3.7326e-05  -0.171566  -0.191112 -0.0101389 0.00776456  -0.237643   -9.80612 
               117.7 0.648413  6.06335  62.1689   29.4304    12.181 -0.350159 0 0 0 -0.186      0  0.086   0.0215828  -0.0508985 -0.00252517 -0.000572825 -2.66749e-05 -7.19938e-05   -0.17209  -0.191422 -0.0104157 0.00762568  -0.237594   -9.80612 
             117.799 0.668587  6.05253  62.2416   29.4298   12.1812 -0.348117 0 0 0 -0.186      0  0.086  0.0156542 -0.0393984 0.00493614 -0.000552114 -1.94898e-05 -7.09908e-05  -0.172371  -0.191764 -0.0106437 0.00752425   -0.23759   -9.80612 
               117.9 0.712843  6.05037  62.3278     29.43   12.1823 -0.347243 0 0 0 -0.186      0  0.086  0.0133054 -0.0322642 0.00515206 -0.00055427 -2.3217e-05 -8.3797e-05  -0.172708  -0.191988 -0.0107258 0.00743573  -0.237567   -9.80612 
                 118 0.753954  6.06435   62.419    29.429   12.1867 -0.347823 0 0 0 -0.186      0  0.086 0.00762655 -0.0155163 0.00197612 -0.000552159 -2.42675e-05 -9.00914e-05  -0.173209   -0.19234 -0.0106866 0.00730141  -0.237542   -9.80612 
             118.101 0.834143  6.14778  62.4305    29.426   12.1924 -0.348711 0 0 0 -0.186      0  0.086 -0.00175408  0.00156647 -0.00161061 -0.000586411 -7.12304e-05  -9.4923e-05  -0.173637   -0.19281 -0.0106414 0.00715887  -0.237547   -9.80612 
               118.2 0.801274  6.11323  62.4223    29.426   12.1963 -0.348945 0 0 0 -0.186      0  0.086  0.00069642  0.00611573 -0.00256306 -0.000562941 -5.16702e-05 -9.16629e-05  -0.173924  -0.192881 -0.0106662 0.00710394  -0.237512   -9.80612 
             118.301 0.83668 6.14508  62.431   29.4256   12.1958 -0.348861 0 0 0 -0.186      0  0.086  0.00226309 -0.00283847   -0.001878 -0.000581718 -7.06839e-05 -9.56347e-05  -0.17384 -0.192919 -0.010688 0.0071106  -0.23753  -9.80612 
             118.401 0.769349   6.0457  62.4068   29.4246   12.1931 -0.348674 0 0 0 -0.186      0  0.086  -0.00185606   -0.0154363 -0.000718245 -0.000541839 -1.15319e-05 -8.28124e-05  -0.173667  -0.192963 -0.0107038 0.00712997  -0.237562   -9.80612 
               118.5 0.772362  6.05186  62.3899   29.4246   12.1898 -0.347887 0 0 0 -0.186      0  0.086 -0.00172152   -0.026784   0.0016386 -0.000539125 -1.54352e-05 -7.64832e-05  -0.173556   -0.19292 -0.0107704 0.00715452  -0.237569   -9.80612 
               118.6 0.861049  6.15179  62.4363   29.4227   12.1894 -0.348569 0 0 0 -0.186      0  0.086  -0.0032273   -0.026042 -0.00118426 -0.000582458 -7.38672e-05 -0.000101424 -0.173698 -0.193138  -0.01071 0.00709669  -0.237583   -9.80612 
             118.701 0.806478  6.07606  62.4026   29.4237   12.1886 -0.348343 0 0 0 -0.186      0  0.086   0.00184929   -0.0249246 -0.000569886  -0.00055025  -2.7315e-05 -8.30372e-05  -0.173872  -0.193079 -0.0107586 0.00708009  -0.237545   -9.80612 
               118.8 0.782595  6.07732   62.411   29.4248   12.1859 -0.347751 0 0 0 -0.186      0  0.086   0.0050138  -0.0300399 0.000705376  -0.00053238 -2.79031e-05 -8.73838e-05  -0.173887  -0.193007 -0.0108181 0.00708997  -0.237529   -9.80612 
             118.901 0.790757  6.08601  62.3803  29.4251  12.1828 -0.34728 0 0 0 -0.186      0  0.086 0.00588816 -0.0366333 0.00152793 -0.000536357 -3.12743e-05 -7.00002e-05  -0.173896  -0.193031 -0.0108546 0.0070852  -0.23753  -9.80612 
                 119 0.817509  6.11965  62.3857  29.4244  12.1856 -0.34759 0 0 0 -0.186      0  0.086  0.00438782  -0.0258749 0.000159294 -0.000549535  -5.1288e-05 -7.24288e-05   -0.17435  -0.193293 -0.0108565 0.00697411    -0.2375   -9.80612 
               119.1 0.837612  6.15037  62.4122    29.424   12.1879 -0.348292 0 0 0 -0.186      0  0.086  0.00362792  -0.0187439 -0.00224117 -0.000556598 -6.77334e-05 -8.61237e-05  -0.174705  -0.193486 -0.0108274 0.00688948  -0.237475   -9.80612 
             119.201 0.786672  6.06413  62.3713   29.4247   12.1864 -0.348368 0 0 0 -0.186      0  0.086  0.00450573  -0.0238946 -0.00188405 -0.000529517 -2.02451e-05 -6.44418e-05 -0.174764 -0.193465 -0.010846 0.00688415  -0.237462   -9.80612 
               119.3 0.746269  6.05949  62.3822   29.4268   12.1846 -0.348568 0 0 0 -0.186      0  0.086  0.00961638  -0.0282962 -0.00214313 -0.000506464 -1.79173e-05 -7.00896e-05  -0.174871   -0.19335 -0.0108565 0.00688688  -0.237429   -9.80612 
               119.4 0.820184  6.14017  62.4161    29.426   12.1868 -0.348153 0 0 0 -0.186      0  0.086   0.00657761   -0.0198909 -0.000338771 -0.000546667 -6.40637e-05 -8.73731e-05 -0.175178  -0.19362 -0.010938 0.00679871  -0.237418   -9.80612 
             119.501 0.777254   6.0561  62.3786   29.4261   12.1868 -0.348601 0 0 0 -0.186      0  0.086  0.00497284  -0.0211053 -0.00176282 -0.000526415 -1.82922e-05  -6.7841e-05  -0.175337  -0.193718 -0.0109187 0.0067594 -0.237409  -9.80612 
               119.6 0.816325  6.16244  62.4062  29.4261  12.1882 -0.34899 0 0 0 -0.186      0  0.086  0.00583667  -0.0163577 -0.00277011 -0.000546699 -7.61004e-05 -8.16121e-05  -0.175586  -0.193842 -0.0109248 0.00670312   -0.23739   -9.80612 
               119.7 0.765456  6.08148  62.3766   29.4267   12.1855 -0.348178 0 0 0 -0.186      0  0.086   0.00632315   -0.0252801 -2.87831e-05 -0.000518677 -3.00058e-05 -6.57776e-05  -0.175514  -0.193828 -0.0110106 0.00671652  -0.237394   -9.80612 
             119.801 0.74712  6.0847 62.3824  29.4268  12.1831 -0.34727 0 0 0 -0.186      0  0.086 0.00489977 -0.0301424 0.00203955 -0.000506191 -3.24335e-05 -6.87422e-05 -0.175521 -0.193889 -0.011089 0.00670643  -0.237398   -9.80612 
               119.9 0.752219  6.08159  62.3859   29.4249   12.1827 -0.347479 0 0 0 -0.186      0  0.086 -0.00136541  -0.0290297  0.00109549 -0.000507052 -3.23168e-05 -7.04192e-05  -0.175664  -0.194139 -0.0110659 0.00664574  -0.237413   -9.80612 
                 120 0.823555  6.15612  62.4087   29.4246   12.1845 -0.347757 0 0 0 -0.186      0  0.086  0.000620157   -0.0219483 -0.000387529 -0.000543305 -7.37119e-05 -8.22874e-05   -0.17601  -0.194274 -0.0110662 0.00657448  -0.237382   -9.80613 
             120.101 0.824359  6.16118  62.4127   29.4249    12.187 -0.348068 0 0 0 -0.186      0  0.086  0.00357225  -0.0147878 -0.00149275 -0.000541898 -7.59041e-05 -8.41976e-05 -0.176374 -0.194369 -0.011077 0.00650724  -0.237341   -9.80613 
               120.2 0.826604   6.1592  62.4137   29.4254   12.1885 -0.348193 0 0 0 -0.186      0  0.086  0.00593954  -0.0124396 -0.00161205 -0.000540052 -7.37441e-05  -8.4446e-05    -0.1766  -0.194439 -0.0111006 0.00646389  -0.237316   -9.80613 
               120.3 0.756121  6.07052  62.3699  29.4242  12.1872 -0.34776 0 0 0 -0.186      0  0.086 0.000622576  -0.0186107 -6.6033e-05 -0.000500336  -2.3037e-05 -6.03034e-05  -0.176568   -0.19459 -0.0111499 0.00644516   -0.23734   -9.80613 
             120.401 0.834777  6.15428  62.4001   29.4237   12.1851 -0.347419 0 0 0 -0.186      0  0.086  0.00174476  -0.0240894 0.000654332 -0.000541468 -7.06077e-05 -7.62175e-05  -0.176544  -0.194657 -0.0111797 0.00643828  -0.237351   -9.80613 
               120.5 0.762434  6.05357  62.3663   29.4249   12.1853 -0.347941 0 0 0 -0.186      0  0.086  0.00460971  -0.0236685 -0.00124363  -0.00050066 -1.35561e-05 -5.79737e-05  -0.176795  -0.194632 -0.0111529 0.00640618  -0.237312   -9.80613 
               120.6 0.761181  6.06894  62.3762   29.4247   12.1838 -0.348021 0 0 0 -0.186      0  0.086  0.00305574  -0.0268919 -0.00151919 -0.000497486 -2.19142e-05 -6.31206e-05   -0.17686  -0.194706 -0.0111643 0.00638562  -0.237312   -9.80613 
               120.7 0.770668  6.09378  62.3888   29.4238   12.1862 -0.348465 0 0 0 -0.186      0  0.086 0.000680761  -0.0190432 -0.00263661 -0.000500166 -3.59232e-05 -6.95809e-05  -0.177219  -0.194931 -0.0111731 0.0063001 -0.237291  -9.80613 
               120.8 0.759034  6.07017  62.3697   29.4244   12.1861 -0.348213 0 0 0 -0.186      0  0.086 0.00256946 -0.0204972  -0.001515 -0.000493285 -2.28412e-05 -5.92108e-05  -0.177373  -0.194942 -0.0112328 0.0062774 -0.237267  -9.80613 
             120.899 0.828392  6.17089  62.4032   29.4245    12.187 -0.348335 0 0 0 -0.186      0  0.086  0.00461783  -0.0174489 -0.00160908 -0.000526661 -7.63716e-05 -7.59888e-05  -0.177583  -0.195041 -0.0112562 0.00623276  -0.237249   -9.80613 
             121.001 0.751768  6.05037  62.3617   29.4237   12.1842 -0.348333 0 0 0 -0.186      0  0.086  0.00111855   -0.026098 -0.00122269 -0.000485958 -1.05911e-05 -5.42846e-05 -0.177512 -0.195117 -0.011264 0.00623095   -0.23727   -9.80613 
               121.1 0.736633  6.02661   62.376   29.4238   12.1827 -0.348592 0 0 0 -0.186      0  0.086 0.000923656  -0.0295617 -0.00179317  -0.00047524  2.46305e-06 -6.20964e-05   -0.17761  -0.195155 -0.0112621 0.00621173  -0.237261   -9.80613 
             121.201 0.785556  6.10616  62.3707   29.4236   12.1847 -0.348622 0 0 0 -0.186      0  0.086  0.00179854  -0.0217188 -0.00156545 -0.000500718 -4.04104e-05 -5.85001e-05  -0.177965  -0.195297 -0.0113088 0.00614119  -0.237227   -9.80613 
               121.3 0.790576  6.09272  62.3689   29.4223   12.1852 -0.348972 0 0 0 -0.186      0  0.086 -0.00149314   -0.020775 -0.00244775 -0.000502006 -3.28329e-05 -5.74201e-05 -0.178131 -0.195489  -0.01131 0.00608894  -0.237229   -9.80613 
               121.4 0.821993  6.12699  62.3739   29.4231   12.1859 -0.348677 0 0 0 -0.186      0  0.086  0.00314658  -0.0184791 -0.00146557 -0.000517513 -5.17656e-05 -5.96414e-05  -0.178358  -0.195492 -0.0113794 0.00605781  -0.237194   -9.80613 
               121.5 0.794825  6.12483  62.3796  29.4289  12.1875 -0.35103 0 0 0 -0.186      0  0.086   0.106352  0.0116437 -0.0436991 -0.000500156 -5.04798e-05 -6.26318e-05   -0.17843  -0.195584 -0.0114149 0.00603428  -0.237194   -9.80613 
               121.6 0.226518  5.83221  62.2227   29.4404   12.1916 -0.371038 0 0 0 -0.186      0  0.086  0.139474 0.0423791 -0.090757 -0.000540426 -3.29144e-06   -2.946e-06  -0.178695  -0.195516 -0.0102054 0.00599943  -0.237201   -9.80613 
               121.7 0.796906  5.89097  62.1739   29.4465   12.2038 -0.342855 0 0 0 -0.186      0  0.086 0.0699375  0.145934 0.0121608 -0.000636201 -8.27954e-06   1.1825e-05  -0.178295   -0.19623 -0.0135066 0.00597049  -0.237208   -9.80613 
             121.801 0.979557  5.99812  62.3729   29.4673   12.2398 -0.338299 0 0 0 -0.186      0  0.086   0.102503   0.413274 -0.0422385 -0.000511745 -0.000103567  -2.2146e-06  -0.179366  -0.195585 -0.0143082 0.00592979  -0.236939   -9.80614 
               121.9 0.531258  5.40767  62.3145  29.4946   12.298 -0.37748 0 0 0 -0.186      0  0.086  0.197769  0.484155 -0.141256 -0.000460485 -4.07337e-05  1.29575e-05   -0.18109  -0.194734 -0.0112936 0.00580453  -0.236712   -9.80614 
                 122 1.00117 5.22461 62.5114   29.4871   12.3373 -0.368089 0 0 0 -0.186      0  0.086 0.00752177   0.304204  -0.122729 -0.000602778  -3.0285e-05 -7.89678e-05  -0.180333  -0.196419 -0.0130388 0.00566565  -0.236967   -9.80614 
             122.101 0.460247  5.10452  62.2307    29.477   12.3667 -0.336324 0 0 0 -0.186      0  0.086 -0.0645143   0.218505 -0.0317588 -0.000500479  0.000118218  4.11801e-05  -0.179819  -0.197181 -0.0164971 0.00564004  -0.237009   -9.80613 
               122.2 0.848439  4.94788   62.389    29.465   12.3848 -0.358161 0 0 0 -0.186      0  0.086   -0.13879   0.217352 -0.0632495  -0.00051335  -2.1859e-05 -4.83591e-05  -0.179755  -0.197189 -0.0146816 0.00564053  -0.237082   -9.80613 
               122.3 1.05734 4.71262 62.4209    29.457   12.4036 -0.348942 0 0 0 -0.186      0  0.086   -0.135209    0.115242 -0.00172108 -0.000459133 -5.64929e-05 -2.20107e-05  -0.179891  -0.196629 -0.0155744 0.00570828  -0.236964   -9.80614 
             122.401 0.821153  5.52431  62.0743  29.4537  12.4072 -0.36623 0 0 0 -0.186      0  0.086 -0.0946755  0.0232599  -0.129791 -0.000458001   3.7442e-06  5.77031e-05  -0.179967  -0.195775 -0.0146186 0.00582288  -0.236869   -9.80614 
               122.5 -0.0858205    4.78667    62.1157 29.4435 12.4064 -0.3735 0 0 0 -0.186      0  0.086 -0.0964036 -0.0401686 -0.0968419 -0.000381137 -8.90936e-05  -1.1137e-05  -0.179845  -0.195878 -0.0151061 0.00582476  -0.236887   -9.80614 
               122.6 -0.284844   4.32421   62.1073   29.4293   12.4015 -0.372805 0 0 0 -0.186      0  0.086  -0.108483 -0.0568691  -0.032383 -0.000434072 -0.000149342  2.35709e-05  -0.179629  -0.196305 -0.0159261 0.00578917   -0.23695   -9.80614 
               122.7 0.0772456   3.81409    62.214   29.4183   12.3965 -0.365154 0 0 0 -0.186      0  0.086 -0.0664584 -0.0569162 -0.0254169 -0.000381321 -3.73126e-06  7.19861e-06  -0.179753  -0.196574 -0.0165517 0.00573042  -0.236952   -9.80614 
               122.8 1.20274 3.64212 62.9886   29.4153   12.3944 -0.364896 0 0 0 -0.186      0  0.086  0.0115419 -0.0202516  -0.022855 -0.000448861 -8.20989e-05 -6.70177e-05   -0.17979  -0.196639 -0.0168398 0.00571349  -0.236949   -9.80614 
             122.899 0.820065  3.78982  63.0824   29.4089   12.3938 -0.359591 0 0 0 -0.186      0  0.086  0.00893318  -0.0173529 -0.00534958 -0.000283749 -8.99297e-05  9.93704e-06  -0.179632  -0.197376 -0.0174689 0.00561883  -0.237055   -9.80613 
                 123 1.37406 3.92489 63.7122   29.4068   12.4006 -0.359381 0 0 0 -0.186      0  0.086 -0.00141542   0.0160916  0.00371161 -0.000446393 -0.000236872 -5.11586e-05  -0.180092  -0.197842 -0.0175594 0.00548984  -0.237051   -9.80613 
               123.1 1.67287 3.95078 64.0929   29.4071   12.4107 -0.361602 0 0 0 -0.186      0  0.086 -0.00617422   0.0375895 -0.00213355 -0.000478852  -0.00029562 -5.50807e-07  -0.180705  -0.197986 -0.0173534 0.0053873 -0.236985  -9.80614 
             123.201 1.71713 3.91327 64.1925   29.4051   12.4211 -0.360951 0 0 0 -0.186      0  0.086 -0.0123324  0.0540388 0.00352766 -0.000459386 -0.000295839  2.87647e-05  -0.181144  -0.198269 -0.0174447 0.0052837 -0.236963  -9.80614 
               123.3 1.80059 3.89432 64.3227   29.4111   12.4296 -0.359946 0 0 0 -0.186      0  0.086  0.0120985  0.0552944 0.00868427 -0.000467977 -0.000286981  3.07313e-05  -0.181529  -0.197752 -0.0175386 0.0053034 -0.236832  -9.80614 
               123.4 1.80262  3.8195 64.2039   29.4149   12.4343 -0.362333 0 0 0 -0.186      0  0.086  0.0146436  0.0518377 0.00263128 -0.000436928 -0.000250572   4.7196e-05  -0.181554  -0.197498 -0.0172405 0.00533495  -0.236791   -9.80614 
             123.501 1.62275 3.92005 64.1117   29.4191   12.4354 -0.361239 0 0 0 -0.186      0  0.086  0.0266731  0.0359287 0.00413637  -0.00036888 -0.000260301  5.31868e-05   -0.18131  -0.197188 -0.0172995 0.00541888  -0.236777   -9.80614 
               123.6 1.09515 3.87752 64.0629   29.4222   12.4365 -0.357434 0 0 0 -0.186      0  0.086 0.0207838 0.0331078 0.0163317 -0.000340478 -0.000243658  4.22581e-05   -0.18113   -0.19708 -0.0175817 0.00546575  -0.236785   -9.80614 
               123.7 0.969125  3.83657  64.0215  29.4265   12.434 -0.35903 0 0 0 -0.186      0  0.086  0.0309459  0.0156135 0.00785995 -0.000390415 -0.000233358   5.1367e-05   -0.18078  -0.196774 -0.0172963 0.00556325  -0.236788   -9.80614 
             123.801 1.01713 3.83192 64.0376   29.4292   12.4284 -0.360286 0 0 0 -0.186      0  0.086   0.0278439 -0.00359916  0.00143786 -0.000439853 -0.000244581  4.77445e-05   -0.18028  -0.196646 -0.0170756 0.00565909  -0.236839   -9.80614 
               123.9  1.0239 3.86485 64.0536   29.4302   12.4277 -0.364342 0 0 0 -0.186      0  0.086   0.0231613 -0.00213363 -0.00806139 -0.000423808 -0.000257637  3.49885e-05  -0.18024 -0.196769 -0.016664 0.00564663  -0.236864   -9.80614 
                 124 1.04013  3.8608 64.0127    29.431   12.4269 -0.364437 0 0 0 -0.186      0  0.086   0.0251459 -0.00557059 -0.00725293 -0.000442595 -0.000256462  4.97382e-05  -0.180161  -0.196919 -0.0167233 0.00563676  -0.236897   -9.80614 
               124.1 1.17685 3.98215 64.0243   29.4302   12.4289 -0.364653 0 0 0 -0.186      0  0.086   0.0192153  0.00199992 -0.00343495 -0.000493499 -0.000330993  5.04557e-05   -0.18026   -0.19728 -0.0167506 0.00556917  -0.236937   -9.80614 
               124.2   1.148 4.00065 64.0735   29.4297   12.4278 -0.363742 0 0 0 -0.186      0  0.086    0.0185136 -0.000240096 -0.000363312 -0.000481446 -0.000336103  3.80178e-05  -0.180101  -0.197465 -0.0168476 0.00556606  -0.236987   -9.80614 
             124.301 0.801497   3.8133  63.9907   29.4321   12.4268 -0.362732 0 0 0 -0.186      0  0.086   0.0209518 -0.00323374  0.00411128 -0.000394048 -0.000231757  8.25573e-05  -0.180049  -0.197412 -0.0169232 0.00558141  -0.236985   -9.80614 
               124.4 0.868717  3.80609  63.9802   29.4347   12.4297 -0.363027 0 0 0 -0.186      0  0.086  0.0220633 0.00809545 0.00334467 -0.000427121 -0.000225874  7.19936e-05  -0.180282  -0.197426 -0.0168596 0.00554454  -0.236956   -9.80614 
               124.5 0.81505 3.79501 63.9845   29.4356   12.4294 -0.361462 0 0 0 -0.186      0  0.086   0.0216041 0.000855127  0.00675254 -0.000385596 -0.000220367  6.76049e-05  -0.180187  -0.197526 -0.0169597 0.00554396  -0.236983   -9.80614 
             124.601 0.814768   3.7933  64.0146    29.437   12.4278 -0.360743 0 0 0 -0.186      0  0.086  0.0199184 -0.0017474 0.00744157 -0.000379094 -0.000217793  5.37139e-05 -0.180043 -0.197551 -0.016948 0.00556181  -0.237006   -9.80613 
               124.7 0.921153   3.8768  63.9799   29.4331   12.4258 -0.361294 0 0 0 -0.186      0  0.086  0.00797277 -0.00466913  0.00619335 -0.000434102 -0.000266506  7.04962e-05  -0.179796  -0.198023 -0.0168013 0.00553132  -0.237109   -9.80613 
               124.8 0.881344  3.85736  64.0234   29.4328   12.4257 -0.361975 0 0 0 -0.186      0  0.086  0.00907475 -0.00254046  0.00315275 -0.000411929 -0.000259159  6.10967e-05  -0.179794   -0.19813 -0.0166802 0.00551712  -0.237125   -9.80613 
             124.901 0.905707  3.88371  64.0046   29.4311   12.4235 -0.363528 0 0 0 -0.186      0  0.086  0.00477376 -0.00672465 -0.00151298 -0.000423264 -0.000273366  6.84224e-05  -0.179607  -0.198313 -0.0164934 0.00551927  -0.237178   -9.80613 
                 125 0.816138  3.78894  64.0196  29.4313  12.4263 -0.36196 0 0 0 -0.186      0  0.086 0.00568134 0.00216236 0.00418909 -0.000372057 -0.000220412  6.29866e-05  -0.179838   -0.19843 -0.0166592 0.00546819  -0.237163   -9.80613 
               125.1 0.827445   3.7961  64.0264   29.4327   12.4277 -0.360992 0 0 0 -0.186      0  0.086  0.0103577 0.00564413 0.00668147  -0.00037852 -0.000226343  6.04229e-05  -0.179927  -0.198392 -0.0167113 0.00546027  -0.237145   -9.80613 
             125.201 0.800844  3.82303  64.0243   29.4334   12.4269 -0.361095 0 0 0 -0.186      0  0.086  0.0113566  0.0035622 0.00559229 -0.000361109 -0.000241957  6.26274e-05  -0.179821  -0.198392 -0.0166282 0.00547617   -0.23716   -9.80613 
               125.3 0.804404  3.77241  64.0194   29.4333   12.4271 -0.360769 0 0 0 -0.186      0  0.086 0.00980793  0.0029644 0.00593187 -0.000362005 -0.000213597  6.47746e-05  -0.179781  -0.198504 -0.0165994 0.0054662 -0.237181  -9.80613 
               125.4 0.871133  3.88419  64.0232   29.4316   12.4273 -0.362966 0 0 0 -0.186      0  0.086  0.00726428  0.00478108 -0.00113472 -0.000395648 -0.000275044  6.33745e-05  -0.179717   -0.19875 -0.0163371 0.00544236  -0.237226   -9.80613 
             125.501 0.813838  3.82265  64.0292   29.4321   12.4276 -0.364162 0 0 0 -0.186      0  0.086  0.00886183  0.00541928 -0.00343524 -0.000361529 -0.000240021  5.93572e-05    -0.1797  -0.198765 -0.0162347 0.00544334  -0.237231   -9.80613 
               125.6 0.803935  3.77626    64.02    29.432   12.4261 -0.362563 0 0 0 -0.186      0  0.086    0.007844 0.000625784  0.00322107 -0.000353217 -0.000212552  6.38814e-05  -0.179521  -0.198809 -0.0163942 0.00546197   -0.23726   -9.80613 
               125.7 0.785901  3.79398  64.0229   29.4346   12.4266 -0.361564 0 0 0 -0.186      0  0.086  0.0154458 0.00260858 0.00615698 -0.000343188 -0.000221617  6.22177e-05  -0.179581  -0.198676 -0.0164556 0.00547147  -0.237233   -9.80613 
               125.8 0.788457  3.78245  63.9995   29.4334   12.4261 -0.361057 0 0 0 -0.186      0  0.086 0.00966373 0.00116637 0.00683757  -0.00034407 -0.000214338  7.46547e-05  -0.179469  -0.198888 -0.0164322 0.00545802  -0.237278   -9.80613 
               125.9 0.812877  3.80221  63.9853   29.432  12.4214 -0.36214 0 0 0 -0.186      0  0.086 0.00572356 -0.0102923 0.00280805 -0.000355923 -0.000224166  8.21114e-05  -0.179086  -0.198981 -0.0162474 0.00550066  -0.237342   -9.80613 
                 126 0.830179  3.82082  64.0033   29.4322   12.4246 -0.361714 0 0 0 -0.186      0  0.086 0.00726969 0.00126928 0.00398305 -0.000362478 -0.000233494  7.23283e-05  -0.179368  -0.199123 -0.0162734 0.00544092  -0.237324   -9.80613 
               126.1 0.840499  3.84375  64.0052   29.4323   12.4254 -0.361204 0 0 0 -0.186      0  0.086 0.00869203 0.00384459 0.00504367 -0.000367071 -0.000244572  7.12319e-05  -0.179392  -0.199199 -0.0162801 0.00542701  -0.237332   -9.80613 
               126.2 0.80854 3.82862 64.0153   29.4317   12.4274 -0.360805 0 0 0 -0.186      0  0.086 0.00660075 0.00897579 0.00563503 -0.000346853 -0.000235587  6.55047e-05  -0.179471  -0.199357 -0.0162703 0.00539415  -0.237343   -9.80613 
             126.301 0.785431  3.80769  64.0035   29.4315   12.4261 -0.362031 0 0 0 -0.186      0  0.086 0.00630916  0.0039326  0.0012759 -0.000331385 -0.000223233  7.15528e-05  -0.179303  -0.199384 -0.0160976 0.00541501   -0.23737   -9.80613 
               126.4 0.787314  3.78128  64.0018   29.4329   12.4259 -0.362241 0 0 0 -0.186      0  0.086  0.0108664 0.00201626   0.001057 -0.000330698 -0.000207512  7.20826e-05  -0.179278  -0.199314 -0.0160634 0.00542826  -0.237364   -9.80613 
               126.5 0.797982  3.79374  63.9977   29.4308   12.4253 -0.361359 0 0 0 -0.186      0  0.086  0.00395608 0.000646907  0.00414139 -0.000335497  -0.00021366  7.41597e-05  -0.179148  -0.199566 -0.0161185 0.00541131  -0.237414   -9.80612 
             126.601 0.793173  3.79582  64.0016   29.4321   12.4248 -0.361758 0 0 0 -0.186      0  0.086   0.00887744 -0.000644612   0.00235803 -0.000331579 -0.000214185  7.17643e-05  -0.179125  -0.199486 -0.0160427 0.00542585  -0.237407   -9.80613 
               126.7 0.798054  3.80366  64.0086   29.4333   12.4253 -0.361544 0 0 0 -0.186      0  0.086  0.0122092 0.00134801 0.00297901 -0.000332973 -0.000217884  6.77064e-05  -0.179172  -0.199484 -0.0160405 0.00541972  -0.237401   -9.80613 
               126.8 0.749122  3.73255  63.9824   29.4327   12.4254 -0.361269 0 0 0 -0.186      0  0.086  0.00769352 0.000945545  0.00378955 -0.000305524 -0.000177133  8.15963e-05  -0.179127  -0.199635 -0.0160297 0.00540542  -0.237427   -9.80612 
             126.901 0.756681  3.76198  63.9872    29.433   12.4251 -0.361571 0 0 0 -0.186      0  0.086  0.00781107 0.000474177  0.00251712  -0.00030859 -0.000192902  7.89279e-05  -0.179089  -0.199672 -0.0159618 0.00540607  -0.237437   -9.80612 
                 127 0.707255  3.71248   63.995   29.4333   12.4263 -0.361639 0 0 0 -0.186      0  0.086 0.00629037 0.00319066 0.00223386 -0.000279868 -0.000164894  7.39668e-05  -0.179166  -0.199739 -0.0159339 0.0053867 -0.237436  -9.80612 
               127.1 0.821815  3.83241    64.01   29.4321   12.4275 -0.361227 0 0 0 -0.186      0  0.086  0.0044716 0.00654842 0.00377857 -0.000341581 -0.000230795  6.63802e-05 -0.179173 -0.199927 -0.015946 0.00536034   -0.23746   -9.80612 
             127.201 0.764312  3.79211  64.0028   29.4309   12.4262 -0.362163 0 0 0 -0.186      0  0.086  0.00104054  0.00243887 0.000887241 -0.000309334 -0.000207809  6.98003e-05  -0.179006  -0.200023 -0.0158117 0.00537084  -0.237495   -9.80612 
               127.3 0.786373  3.82577  64.0135   29.4314    12.429 -0.363142 0 0 0 -0.186      0  0.086  0.00440215  0.00975431 -0.00167799 -0.000319871 -0.000225851  6.39919e-05  -0.179191  -0.200061 -0.0157244 0.0053415 -0.237476  -9.80612 
               127.4 0.75726 3.80241 64.0077   29.4307   12.4285 -0.364582 0 0 0 -0.186      0  0.086  0.00289013  0.00651178 -0.00471565 -0.000303542 -0.000212488  6.67661e-05   -0.17907  -0.200114 -0.0156004 0.00535136  -0.237499   -9.80612 
             127.501 0.757876  3.80831  64.0013     29.43    12.427 -0.364178 0 0 0 -0.186      0  0.086  0.00167117  0.00214584 -0.00122937 -0.000303206 -0.000214752  7.00231e-05  -0.178887  -0.200155 -0.0156623 0.00536994  -0.237528   -9.80612 
               127.6 0.750897  3.79511  63.9979   29.4285   12.4276 -0.364301 0 0 0 -0.186      0  0.086 -0.000965179   0.00370615  -0.00146796 -0.000298488 -0.000206845  7.15449e-05  -0.178874    -0.2003 -0.0156575 0.00535247  -0.237548   -9.80612 
               127.7 0.707069  3.71309  63.9875   29.4295   12.4262 -0.364778 0 0 0 -0.186      0  0.086  -0.0143935 1.92093e-05 -0.00924842  -0.00027424 -0.000161707  7.63775e-05  -0.178858  -0.200149 -0.0156703 0.00537451  -0.237531   -9.80612 
               127.8 0.282242  3.79701  63.7578   29.4299   12.4337 -0.386795 0 0 0 -0.186      0  0.086 -0.00854873    0.164138   -0.118466 -0.000193976 -0.000236371    0.0001032  -0.179092  -0.199843 -0.0141477 0.00539434  -0.237468   -9.80612 
             127.901 0.346781  3.83229  62.5732   29.4499   12.4674 -0.388693 0 0 0 -0.186      0  0.086   0.141946   0.293961 -0.0457983 -0.000343367 -0.000157713    0.0003656  -0.180089  -0.198902 -0.0150897 0.00538077  -0.237217   -9.80613 
             128.001 1.64163  3.9717 60.9683   29.4723   12.4927 -0.365662 0 0 0 -0.186      0  0.086   0.103339   0.215376 -0.0256279 -0.000639693 -0.000281959  0.000446715  -0.180044  -0.198006 -0.0177416 0.00547867  -0.237099   -9.80613 
               128.1 1.28825  3.8534 58.5888   29.4838   12.5081 -0.362033 0 0 0 -0.186      0  0.086  0.0577323   0.163046 -0.0280099 -0.000253266 -6.80916e-05  0.000554252  -0.179858  -0.197606 -0.0182179 0.00554826  -0.237075   -9.80613 
             128.201 1.74975 4.14379  56.215   29.4916   12.5092 -0.370134 0 0 0 -0.186      0  0.086 0.0402322  0.196892 -0.057241 -0.000319081 -0.000194903  0.000598899  -0.178807   -0.19686 -0.0177362 0.00574711  -0.237135   -9.80613 
             128.301 1.68789  3.1419 52.8845   29.5082   12.5192 -0.368946 0 0 0 -0.186      0  0.086 0.0810489  0.195392 0.0660064 -0.00019582 0.000226944  0.00073882  -0.178441   -0.19573 -0.0178588 0.0059073  -0.23711  -9.80613 
               128.4 1.95246 3.32087  49.585   29.5463   12.5321 -0.389932 0 0 0 -0.186      0  0.086   0.220136   0.191919 -0.0512667 -4.93293e-05  5.65881e-05  0.000762546  -0.179259  -0.193293 -0.0160417 0.00612169  -0.236989   -9.80613 
             128.501 1.81305 2.43548 44.7903    29.571   12.5374 -0.393606 0 0 0 -0.186      0  0.086   0.341695   0.205111 -0.0817698 -1.99053e-05  0.000275494  0.000942851  -0.17813 -0.192906  -0.01633 0.00614889   -0.23708   -9.80613 
             128.601 2.19147 1.72285 39.8877   29.6177   12.5552 -0.390873 0 0 0 -0.186      0  0.086   0.625089   0.351917 -0.0801839 -9.26247e-06  0.000300974  0.000978853 -0.177561 -0.192435  -0.01748 0.00615509  -0.237156   -9.80613 
               128.7 2.31763 1.11539 34.4352   29.6855     12.58 -0.383001 0 0 0 -0.186      0  0.086 0.579979 0.228539 0.010719 0.000107676 0.000136362  0.00106717  -0.177262  -0.191859 -0.0184921 0.00613315  -0.237255   -9.80613 
               128.8 2.13836 2.06671 28.6619   29.7514   12.5932 -0.345235 0 0 0 -0.186      0  0.086   0.55957 0.0994857 0.0962748  0.000236173 -0.000262752   0.00114824 -0.177764 -0.191291 -0.021797 0.00617844  -0.237539   -9.80612 
             128.899  2.97717 0.309927  23.0217   29.7899   12.5798 -0.357349 0 0 0 -0.186      0  0.086  0.535465 0.0110442 0.0117085 8.91662e-05  0.00026626  0.00110787   -0.17574  -0.190285 -0.0200138 0.00567808    -0.2373   -9.80613 
                 129   3.59696 -0.254817   17.4555   29.8312   12.5681 -0.349886 0 0 0 -0.186      0  0.086  0.612159 0.0378532  0.055369 0.000107109 0.000312744  0.00111646  -0.173758  -0.189501 -0.0205522 0.0051083 -0.236972  -9.80614 
               129.1  3.51725 -0.14398  11.5504   29.8697   12.5575 -0.324122 0 0 0 -0.186      0  0.086   0.526301 -0.0114411   0.204871  0.000238422 -5.77369e-05   0.00117062  -0.171353  -0.188538 -0.0212413 0.00434916  -0.236377   -9.80615 
             129.199   3.1036 0.288115  6.61578    29.921   12.5679 -0.295374 0 0 0 -0.186      0  0.086    0.565097 -0.00104757     0.17342  0.000284976 -6.68305e-05  0.000988359  -0.171214  -0.189479 -0.0219202 0.00465255    -0.2362   -9.80615 
               129.3    2.09539    0.18798 -0.0531013   29.9633   12.5442 -0.320195 0 0 0 -0.186      0  0.086   0.715484 -0.0768845  0.0102416  0.000643122 -0.000248164   0.00121748 -0.168821 -0.186808 -0.018675 0.00334107  -0.235277   -9.80618 
               129.4  3.07802 0.126411 -5.68066   30.0355   12.5168 -0.350298 0 0 0 -0.186      0  0.086    0.93853  -0.219647 -0.0568146  0.000388209 -0.000359377   0.00112933  -0.167578  -0.184421 -0.0161774 0.00220451  -0.234742   -9.80619 
             129.499  1.15057  1.03621 -10.9927   30.0816    12.484 -0.377492 0 0 0 -0.186      0  0.086  0.668717 -0.236077 -0.147928    0.0010788 -0.000827432   0.00106392  -0.163463   -0.18077 -0.0145396 0.000163387   -0.232646    -9.80624 
               129.6  1.87353  1.07932 -16.8907   30.1534   12.4714 -0.370564 0 0 0 -0.186      0  0.086   0.591945  -0.269615 -0.0776994  0.000761731 -0.000824758   0.00123714  -0.163766  -0.182906 -0.0160345 0.00125385  -0.232838   -9.80624 
               129.7  1.94816  1.06751 -22.4491   30.1611   12.4433 -0.367194 0 0 0 -0.186      0  0.086   0.538485  -0.328494 -0.0530453  0.000636835 -0.000615505   0.00113801  -0.157961  -0.178738 -0.0172536 -0.00110216   -0.229412    -9.80632 
               129.8  1.27391  1.39726 -27.4156   30.1854   12.4146 -0.351279 0 0 0 -0.186      0  0.086  0.478803 -0.348498  0.131901   0.00083894 -0.000740268   0.00101296  -0.154017  -0.176427 -0.0182762 -0.00232021   -0.226979    -9.80637 
               129.9  2.42166  1.55408 -33.2866   30.2081   12.3859 -0.343938 0 0 0 -0.186      0  0.086  0.432375 -0.434815 0.0748086  0.000498855 -0.000611815   0.00112882  -0.150512  -0.174691 -0.0178387 -0.00307113   -0.224719    -9.80643 
             130.001 0.956087   1.3923 -39.6224   30.2128   12.3295 -0.344276 0 0 0 -0.186      0  0.086  0.423894 -0.644428 -0.090114 0.000977062 -0.00059516  0.00124597  -0.146847  -0.169043 -0.0175061 -0.00606739   -0.221866    -9.80649 
               130.1  1.67332 0.776636 -45.4963     30.23   12.2538 -0.370724 0 0 0 -0.186      0  0.086   0.401002  -0.685602 -0.0683282   0.00101503 -0.000610446   0.00121586  -0.145233  -0.164361 -0.0159534 -0.00862873   -0.220201    -9.80652 
               130.2   4.14668 0.0231212  -51.1168  30.2473  12.1937 -0.37526 0 0 0 -0.186      0  0.086   0.241796  -0.657548 -0.0704976  0.000100247 -0.000169595   0.00122851  -0.143122  -0.162497 -0.0162821 -0.00944996   -0.218617    -9.80656 
             130.301   1.63775 -0.180012  -56.3816   30.2612   12.1425 -0.404705 0 0 0 -0.186      0  0.086  0.253215 -0.708085 -0.231462 0.000581195 -3.7013e-05   0.0011326  -0.139819  -0.161692 -0.0150154 -0.00930993   -0.216427    -9.80661 
               130.4   2.77386 -0.212104  -62.0847   30.2528   12.0776 -0.401471 0 0 0 -0.186      0  0.086   0.210795  -0.663567 -0.0567665  0.000183541 -0.000129504   0.00115736  -0.136481  -0.156486 -0.0166792 -0.0118666  -0.213352   -9.80667 
               130.5  2.09031 0.841872 -67.5451   30.2357   12.0143 -0.342621 0 0 0 -0.186      0  0.086  0.109103 -0.618411 0.0786152  0.000547476 -0.000364398   0.00114732  -0.134907  -0.150271 -0.0223135 -0.0155019  -0.211071   -9.80672 
             130.601   3.00295 -0.514037   -73.814   30.2562   11.9652 -0.343057 0 0 0 -0.186      0  0.086  0.151099 -0.789948 -0.031553  0.000261666 -1.15219e-05   0.00129674  -0.131973  -0.152638 -0.0218668 -0.0133639  -0.209889   -9.80675 
               130.7  2.82393 -1.46281 -79.6601   30.2486   11.9035 -0.333232 0 0 0 -0.186      0  0.086 0.0215156 -0.745288 0.0424087 0.000536702 9.91482e-05  0.00125825  -0.128355  -0.149425 -0.0225568 -0.0143754  -0.206882   -9.80681 
               130.8  2.02519 -1.54804 -84.7294   30.2114   11.8462 -0.328868 0 0 0 -0.186      0  0.086 -0.109986  -0.64598   0.10785 0.000852571 8.32077e-05   0.0011999  -0.126103  -0.142031 -0.0224389 -0.0181159  -0.203447   -9.80687 
             130.899  1.55209 -1.67087 -89.9172   30.2042   11.8123 -0.319824 0 0 0 -0.186      0  0.086 -0.0954571  -0.676687   0.073496  0.00105566 7.30707e-05  0.00115717  -0.120453  -0.143003 -0.0221388 -0.0158854  -0.200439   -9.80694 
             130.999   1.5371 -2.24635  -93.422   30.1917   11.7552 -0.304908 0 0 0 -0.186      0  0.086 -0.154159 -0.696667  0.215047  0.000741118 -7.85243e-05  0.000929797  -0.117727  -0.142581 -0.0223224 -0.0152983   -0.19873   -9.80697 
             131.098 0.872578 -2.31202 -96.2305   30.1885    11.721 -0.316331 0 0 0 -0.186      0  0.086 -0.161351 -0.510419 0.0575879  0.000738195 -0.000239995  0.000809226  -0.112104  -0.144214 -0.0198101 -0.0124704  -0.196058   -9.80703 
             131.198 0.489226 -1.98915 -98.1217   30.1815   11.6932 -0.301424 0 0 0 -0.186      0  0.086 -0.176958 -0.495465 0.0101302  0.000808313 -0.000196821  0.000669635  -0.107789  -0.145391 -0.0205961 -0.0103868  -0.194014   -9.80708 
             131.298 -0.244338  -2.28133  -98.7688   30.1678   11.6557 -0.294975 0 0 0 -0.186      0  0.086 -0.175951 -0.585354 0.0271376  0.000824598 -0.000165056  0.000443259  -0.104202  -0.145674 -0.0206669 -0.00899843   -0.192104    -9.80711 
             131.398 -1.04356 -2.32527 -99.0025   30.1704   11.6043 -0.271783 0 0 0 -0.186      0  0.086 -0.0563666  -0.509135   0.162916   0.00089876 -0.000252773  0.000399252  -0.102656  -0.148226 -0.0214723 -0.00704829   -0.192142    -9.80712 
             131.499 -1.36329  -2.6012 -99.0484   30.1679   11.5563 -0.277624 0 0 0 -0.186      0  0.086 0.0541148 -0.493057 0.0812996   0.00121823 -9.68255e-05  0.000411562   -0.10233  -0.147761 -0.0197176 -0.0071623  -0.191804   -9.80712 
               131.6 -0.910908  -1.79614   -98.837   30.1812   11.5114 -0.311562 0 0 0 -0.186      0  0.086   0.190225  -0.642299 -0.0603506   0.00105355 -0.000179972  0.000364844 -0.0999031  -0.147669 -0.0164996 -0.00630694   -0.190445    -9.80715 
             131.701 -0.584378  -1.66433    -98.83   30.2081   11.4593 -0.320929 0 0 0 -0.186      0  0.086  0.234164 -0.555476 -0.035108  0.000821569 -0.000223235  0.000361507 -0.0973176  -0.148482 -0.0157467 -0.00492269   -0.189318    -9.80717 
             131.802 -0.780196 -0.709808  -98.7821    30.23  11.4193 -0.33291 0 0 0 -0.186      0  0.086    0.19053  -0.500216 -0.0824553  0.000858233 -0.000414143  0.000369069 -0.0950001  -0.147767 -0.0150128 -0.00447966    -0.18779     -9.8072 
             131.901  -1.70594 -0.374167  -99.0579   30.2343   11.3811 -0.337035 0 0 0 -0.186      0  0.086   0.113034  -0.586595 -0.0918038   0.00102355 -0.000392088   0.00042136 -0.0934509  -0.144594 -0.0152701 -0.005674 -0.185809  -9.80724 
             132.001  -1.20088 -0.326712   -98.916   30.2211   11.3301 -0.335342 0 0 0 -0.186      0  0.086 0.0534455 -0.650297 0.0192596  0.000983145 -0.000380381  0.000373683 -0.0926687  -0.139578 -0.0159442 -0.00816071   -0.183597    -9.80728 
             132.102  -1.92128 -0.108984  -98.9255   30.2074   11.2748 -0.349394 0 0 0 -0.186      0  0.086    0.0253372     -0.53625 -0.000740947  0.00102384 -0.00033479 0.000359041 -0.0931009  -0.135957 -0.0145463 -0.0102959   -0.18254    -9.8073 
             132.201 -0.823728 0.0731316  -99.0904   30.1944   11.2467 -0.361183 0 0 0 -0.186      0  0.086 0.00498067  -0.512207 -0.0772814  0.000740642 -0.000211258  0.000391147  -0.090197  -0.131854 -0.0139567 -0.0115108  -0.179492   -9.80735 
             132.301 -0.990174  0.387033  -98.9286    30.186   11.2016 -0.352468 0 0 0 -0.186      0  0.086  0.0227397   -0.67627 -0.0306724  0.000881325 -0.000283682  0.000358698 -0.0887819  -0.128992 -0.0156029 -0.0125927  -0.177726   -9.80738 
               132.4 -1.04789 0.329357 -98.9734   30.1841   11.1526 -0.347604 0 0 0 -0.186      0  0.086 0.0627548  -0.53861  0.032517  0.000949749 -0.000214567   0.00035393 -0.0868702  -0.127089  -0.015897 -0.0129606  -0.176014   -9.80741 
               132.5 -1.65152 0.592985 -98.9268   30.1897    11.116 -0.339024 0 0 0 -0.186      0  0.086  0.100913 -0.451393  0.023974  0.000989762 -0.000218687  0.000306132 -0.0850118  -0.125957 -0.0162375 -0.0129256  -0.174608   -9.80744 
             132.601 -1.69557 0.693331 -98.9406  30.1834  11.0697 -0.33651 0 0 0 -0.186      0  0.086   0.059558  -0.531239 0.00630848  0.000996413 -0.000248269  0.000324449 -0.0857426  -0.123078 -0.0164464 -0.0147598  -0.173995   -9.80745 
               132.7 -0.878294 -0.110169  -98.9749   30.1717   11.0068 -0.344139 0 0 0 -0.186      0  0.086 0.0482217 -0.745504 0.0231141  0.000944668 -8.12119e-06  0.000343963 -0.0866729  -0.120106 -0.0158199 -0.0167042  -0.173446   -9.80745 
               132.8 -1.54186 0.184062 -98.9947   30.1735   10.9449 -0.333375 0 0 0 -0.186      0  0.086 0.0767475 -0.601779 0.0695738     0.001034 -9.06431e-05  0.000343184 -0.0857452   -0.11899 -0.0160683 -0.0169886  -0.172555   -9.80747 
             132.901 -1.38214 0.397518 -98.8439   30.1725   10.9073 -0.292462 0 0 0 -0.186      0  0.086 0.0996359 -0.496367  0.127801   0.00108562 -0.000163433   0.00030025 -0.0836803  -0.116293 -0.0184529 -0.017756 -0.170528   -9.8075 
                 133  -1.17269 -0.114282  -98.7983   30.1815   10.8702 -0.308245 0 0 0 -0.186      0  0.086   0.156103  -0.569108 0.00958796    0.0010414 -2.73919e-05  0.000292088 -0.0816789  -0.115079 -0.0163054 -0.017694 -0.168989  -9.80753 
               133.1   -1.0786 -0.569255  -98.8957   30.1928   10.8196 -0.331476 0 0 0 -0.186      0  0.086   0.138687  -0.624298 -0.0560388 0.000799222 3.19059e-05 0.000328097 -0.0798328  -0.114019 -0.0140225 -0.0176021   -0.16759   -9.80755 
               133.2 -0.662585  0.315312  -98.7075   30.1892   10.7639 -0.334681 0 0 0 -0.186      0  0.086   0.085352  -0.483227 -0.0596665  0.000819422 -8.73195e-05  0.000282885 -0.0804401  -0.111261 -0.0137674 -0.0193074  -0.166954   -9.80756 
               133.3 -2.15897 0.305929 -98.8011   30.1834   10.7264 -0.318739 0 0 0 -0.186      0  0.086   0.052414  -0.448168 -0.0299818    0.0011856 -0.000131236  0.000298619 -0.0800284  -0.108318 -0.0157462 -0.0207771  -0.165734   -9.80758 
             133.401 -0.525632  0.370377  -98.8293     30.18   10.6836 -0.351424 0 0 0 -0.186      0  0.086 -0.0249631  -0.586807   -0.11931 0.000588959 -0.00010822 0.000298133 -0.0791873  -0.107272 -0.0134681 -0.0210276  -0.164891   -9.80759 
               133.5 -0.82785 0.145982 -98.7319    30.167   10.6328 -0.352572 0 0 0 -0.186      0  0.086 -0.0480263  -0.556143    0.10812  0.000793434 -8.10519e-05  0.000270321 -0.0781217  -0.104862 -0.0139979 -0.0219646  -0.163491   -9.80761 
               133.6 -1.51962  0.49333 -98.7582   30.1465   10.5905 -0.341584 0 0 0 -0.186      0  0.086 -0.0361188  -0.465068  0.0544915  0.000794293 -8.79875e-05  0.000305218 -0.0780006  -0.101385 -0.0144391 -0.0238029  -0.162231   -9.80763 
             133.701  -1.55514 0.0373675  -98.8907   30.1379   10.5447 -0.329834 0 0 0 -0.186      0  0.086 -0.0152923  -0.528821  0.0336923 0.000767277 6.93337e-05 0.000330592  -0.077992 -0.0999141 -0.0151699 -0.0246003  -0.161729   -9.80764 
               133.8   -1.23899 -0.0319094   -98.7777    30.135   10.4944 -0.324738 0 0 0 -0.186      0  0.086 0.0310854 -0.666814 0.0825383  0.000760863 -5.98368e-05  0.000306295 -0.0767026 -0.0988663 -0.0153029  -0.02472 -0.160681  -9.80765 
               133.9 -0.094952  0.524053  -98.8047    30.122   10.4383 -0.305804 0 0 0 -0.186      0  0.086 0.0200097 -0.525042 0.0486417 0.000707218  2.1149e-05 0.000310903 -0.0770016  -0.095842 -0.0164175 -0.0264594  -0.159816   -9.80766 
             133.999  -1.11233 -0.249142  -98.7835   30.1133   10.3952 -0.282192 0 0 0 -0.186      0  0.086 0.0372251 -0.460166  0.103249  0.00102482 0.000135524 0.000276902 -0.0769572 -0.0933169 -0.0179598 -0.027816 -0.158947  -9.80767 
               134.1 -0.875528 -0.213359  -98.8112   30.1112   10.3482 -0.306358 0 0 0 -0.186      0  0.086  0.0172514  -0.600989 -0.0335151 0.000842184  8.0066e-05 0.000288137 -0.0764393  -0.092216 -0.0154047 -0.0281961  -0.158264   -9.80768 
               134.2 -0.594132 -0.367863  -98.8084    30.111   10.2959 -0.323889 0 0 0 -0.186      0  0.086 -0.0156769  -0.507762  0.0457331 0.000580714 0.000118551 0.000271348 -0.0754977 -0.0921781 -0.0135484 -0.027872 -0.157728  -9.80769 
             134.301 -1.06955  0.31627 -98.7159   30.0987   10.2496 -0.317365 0 0 0 -0.186      0  0.086 -0.0430785  -0.434071  0.0319707 0.000880601 0.000106659 0.000301708 -0.0761147 -0.0899459 -0.0137391 -0.029276 -0.157298   -9.8077 
               134.4  -0.563926 -0.0261053   -98.7543   30.1004   10.2081 -0.309696 0 0 0 -0.186      0  0.086  0.0275345  -0.595116 0.00310902 0.000690794 0.000241612 0.000294957 -0.0750513 -0.0896627 -0.0144899 -0.0290729  -0.156646   -9.80771 
               134.5  -1.63997 -0.202996  -98.9724  30.0944  10.1458 -0.31907 0 0 0 -0.186      0  0.086 -0.0122487  -0.634052 0.00140444  0.00110237 0.000245121 0.000396163 -0.0751851 -0.0881368 -0.0137457 -0.029921 -0.156192  -9.80771 
             134.601  -0.377593 -0.0669263   -98.8908  30.0817     10.1 -0.32875 0 0 0 -0.186      0  0.086 -0.00752392   -0.499484 -0.00658228  0.00069259 0.000220913 0.000296331 -0.0743984  -0.085182 -0.0128029 -0.0312116  -0.154767   -9.80773 
               134.7  -1.67728 0.0499196  -98.8353 30.0698 10.0648  -0.311 0 0 0 -0.186      0  0.086 -0.00604424    -0.49952  0.00949862  0.00114557 0.000244652 0.000265007 -0.0732165 -0.0822555 -0.0146553 -0.0323846  -0.153174   -9.80775 
               134.8   -0.6299 -0.223729  -98.8604   30.0716   10.0162 -0.335105 0 0 0 -0.186      0  0.086 -0.0311123  -0.648649 -0.0418122 0.000711581 0.000292045 0.000263006 -0.0718333  -0.082728 -0.0126978 -0.0316439  -0.152583   -9.80776 
               134.9 -0.236376  -0.59789  -98.7891   30.0657   9.96185 -0.336317 0 0 0 -0.186      0  0.086 -0.00739249   -0.502486   0.0143885 0.000599955 0.000233343 0.000250787 -0.0712959  -0.081844 -0.0121564 -0.0319236  -0.151997   -9.80777 
                 135  -1.17389 -0.619504  -98.9316   30.0526   9.91696 -0.311152 0 0 0 -0.186      0  0.086 0.0139956 -0.471587  0.039966  0.00086435 0.000245624 0.000275059 -0.0716386 -0.0793146 -0.0143877 -0.033398  -0.15135  -9.80778 
             135.101 -0.280182 -0.966378  -98.7994   30.0514   9.87536 -0.302286 0 0 0 -0.186      0  0.086  0.034683 -0.589125 0.0144333 0.000402202  5.4924e-05 0.000261564 -0.0705327 -0.0783282 -0.0149249 -0.0335515  -0.150445   -9.80779 
               135.2 -0.156596  -1.17751   -98.822  30.0555  9.81957 -0.30035 0 0 0 -0.186      0  0.086 0.0595752 -0.627852 0.0903239  0.000352835 -6.31641e-05  0.000262211 -0.0693518   -0.07783 -0.0147591 -0.0334152  -0.149658    -9.8078 
               135.3 0.485414 -0.92537 -98.8619   30.0523   9.77828 -0.294719 0 0 0 -0.186      0  0.086 0.0422906 -0.445211   0.06881  0.000262238 -0.000137515   0.00024448 -0.0682319 -0.0757667 -0.0144445 -0.0341198  -0.148383   -9.80782 
             135.401 -0.451825  -1.06546  -98.7258    30.047   9.72652 -0.295452 0 0 0 -0.186      0  0.086  0.0288831  -0.461132 0.00148904  0.000595363 -3.95238e-05  0.000212828 -0.0695966 -0.0744826 -0.0139811 -0.0352431  -0.148666   -9.80781 
               135.5 -0.199124 -0.881731  -98.8569   30.0524   9.67972 -0.297391 0 0 0 -0.186      0  0.086 -0.0313244  -0.608593 -0.0384253   0.00030351 -0.000135574  0.000254496 -0.0688699 -0.0752356 -0.0138885 -0.0346053  -0.148537   -9.80781 
               135.6 -0.68404 -1.08697 -97.2588   30.0462   9.62621 -0.299827 0 0 0 -0.186      0  0.086 -0.0457594  -0.753958  0.0135121  0.000429593 -0.000146419  3.05512e-05 -0.0670075 -0.0742374 -0.0137907 -0.0345062  -0.147237   -9.80783 
             135.699    -1.464 -0.405255  -95.3094    30.036   9.56262 -0.294826 0 0 0 -0.186      0  0.086 -0.115447 -0.613327  0.115934  0.000475179 -0.000326255 -3.29259e-05 -0.0663279  -0.073353 -0.0135475 -0.0347395  -0.146592   -9.80784 
             135.799    -2.1838 -0.0454095   -92.3093   30.0427   9.50864 -0.261699 0 0 0 -0.186      0  0.086 -0.0648827  -0.557318    0.12756  0.000356034 -0.000383905 -0.000211646  -0.065289 -0.0756923 -0.0153558 -0.0331997  -0.146817   -9.80784 
             135.898  -1.90355 -0.297708   -87.436   30.0558   9.45941 -0.266807 0 0 0 -0.186      0  0.086 -0.0766939  -0.652883 -0.0541936  6.50225e-05 -0.000239174 -0.000507485 -0.0632659 -0.0781993 -0.0141806 -0.031218 -0.146556  -9.80786 
             135.999  -2.99737 -0.839335  -81.7728  30.0626  9.41993 -0.27038 0 0 0 -0.186      0  0.086 -0.0680275  -0.466636  0.0718738  0.000401438   -0.0001311 -0.000733041 -0.0608367 -0.0789672 -0.0130251 -0.0300361  -0.145508   -9.80787 
               136.1 -0.993419   0.17408   -79.762   30.0987   9.38101 -0.262017 0 0 0 -0.186      0  0.086  0.094224 -0.389948 0.0641837 -0.000188194  -0.00032271 -0.000185685 -0.0591485 -0.0847181 -0.0129277 -0.0264514  -0.146298   -9.80787 
             136.201  -0.773689 -0.0463226   -75.2028   30.0741   9.31996 -0.283977 0 0 0 -0.186      0  0.086  0.0112734  -0.482434 -0.0383394   0.00020924 -0.000159377  -0.00049776 -0.0619413 -0.0807981 -0.0109345 -0.0293702  -0.146697   -9.80786 
             136.302  -1.48567 0.0407572  -73.4802   30.0646   9.27068 -0.292831 0 0 0 -0.186      0  0.086 0.0447408 -0.569239 0.0115233  0.000624968   -4.832e-05 -0.000103369  -0.061154 -0.0796298 -0.0103349 -0.029793 -0.145968  -9.80787 
             136.403 -1.54315 0.959466 -73.1004   30.0471   9.22578 -0.271926 0 0 0 -0.186      0  0.086  0.0835297  -0.527468 0.00348642  0.000932974 -0.000241605  0.000218686 -0.0598097 -0.0759693 -0.0123633 -0.0314861  -0.144388   -9.80789 
             136.502 -1.15965 0.723925 -72.7225   30.0536   9.20248 -0.276282 0 0 0 -0.186      0  0.086   0.205412  -0.538012 -0.0784252  0.00083818 4.50685e-06 0.000251181 -0.0564081 -0.0746901 -0.0123208 -0.0313894  -0.142252   -9.80792 
             136.602 -0.999115  0.746504  -72.7056    30.067   9.16764 -0.283342 0 0 0 -0.186      0  0.086   0.22329 -0.516704 0.0751791 0.000706181 7.28931e-06 0.000272912 -0.0544036 -0.0736739 -0.0120736 -0.0315013   -0.14094   -9.80794 
             136.701 -1.30081  1.73792 -73.6547   30.0822   9.14665 -0.268592 0 0 0 -0.186      0  0.086     0.2448  -0.354181 -0.0539863   0.00104975 -9.92618e-05  0.000400695 -0.0513712 -0.0726311 -0.0128301 -0.0314366  -0.139077   -9.80796 
               136.8 -2.15459  3.24404 -72.9819   30.0687    9.1006 -0.251369 0 0 0 -0.186      0  0.086    0.252367   -0.336319 -0.00979988   0.00111025 -0.000423403  0.000261793 -0.0524697 -0.0669312 -0.0144707 -0.0348207  -0.138521   -9.80796 
             136.899 -1.12371  2.24982 -72.9721   30.0848    9.0651 -0.280428 0 0 0 -0.186      0  0.086   0.288894  -0.412303 -0.0906915  0.000499568 -0.000109535  0.000283684 -0.0523032  -0.065797 -0.0123859 -0.035385 -0.138164  -9.80796 
                 137 -0.717598   2.27516   -72.919   30.1074   9.02385 -0.311346 0 0 0 -0.186      0  0.086   0.330098  -0.418975 -0.0104074  0.000423996 -4.58805e-05  0.000218468 -0.0517578 -0.0646519 -0.0103842 -0.0358796  -0.137595   -9.80797 
               137.1 -1.93142  2.15422 -72.8917   30.1188   8.98431 -0.312472 0 0 0 -0.186      0  0.086   0.299155  -0.351165 -0.0266744  0.000719085 -0.000141435   0.00022081 -0.0516792 -0.0620141  -0.010256 -0.0373032  -0.137005   -9.80797 
             137.199 -0.61193  2.40922 -72.8003   30.1388   8.95588 -0.314339 0 0 0 -0.186      0  0.086   0.310953  -0.343389 -0.0592184  0.000199199 -0.000207842  0.000216428  -0.050805 -0.0606964 -0.0103639 -0.0378446  -0.136261   -9.80798 
               137.3 -0.532316   2.33314  -72.8197   30.1692   8.91708 -0.308122 0 0 0 -0.186      0  0.086   0.485185  -0.525405 -0.0815491  0.000261229 -0.000206347  0.000231933 -0.0502085 -0.0594335 -0.0115006 -0.0384216  -0.135705   -9.80799 
             137.399 -0.165703   2.31421  -72.7661   30.2118   8.86689 -0.296138 0 0 0 -0.186      0  0.086  0.504233 -0.416468 0.0938899  0.000227457 -0.000382258  0.000214836 -0.0500893 -0.0584433 -0.0123719 -0.0389448  -0.135457   -9.80799 
               137.5 -1.75122   2.8518 -72.9204   30.2514   8.82258 -0.297562 0 0 0 -0.186      0  0.086    0.41559  -0.399809 -0.0182098  0.000689045 -0.000424296  0.000291575 -0.0505906 -0.0576398  -0.012188 -0.0394804  -0.135559   -9.80798 
               137.6 -0.408338   1.92984  -72.7454   30.2848   8.79179 -0.307253 0 0 0 -0.186      0  0.086   0.44231 -0.533482  -0.10188  0.000191576 -0.000154945  0.000194367 -0.0490027 -0.0566534 -0.0117874 -0.0396874  -0.134494     -9.808 
             137.701 -2.13234  1.79235 -72.9177   30.3161   8.73622 -0.293371 0 0 0 -0.186      0  0.086  0.332957 -0.481426 0.0796529  0.000987799 -0.000313788  0.000251617 -0.0488759 -0.0551351 -0.0128834 -0.0404955  -0.134144     -9.808 
               137.8 -1.73738  2.16562 -72.8286   30.3298   8.70171 -0.268689 0 0 0 -0.186      0  0.086  0.236887 -0.393252  0.076237  0.000611353 -0.000325454  0.000207618 -0.0476601 -0.0530909 -0.0142967 -0.0413689  -0.133112   -9.80801 
               137.9 -1.65855  1.57622 -72.8697   30.3449   8.66117 -0.270638 0 0 0 -0.186      0  0.086  0.233264 -0.450633  0.032704   0.00072515 -0.000277704  0.000209963 -0.0475327 -0.0520625 -0.0136454 -0.0418906  -0.132822   -9.80801 
             138.001 -1.67397  1.38127 -72.7747   30.3719   8.61342 -0.277055 0 0 0 -0.186      0  0.086   0.347717  -0.654954 -0.0264105  0.000754821 -0.000279982  0.000198935 -0.0468867 -0.0519835 -0.0130437 -0.041798 -0.132448  -9.80802 
               138.1 -1.40611   1.2617 -72.8227   30.4027    8.5538 -0.279165 0 0 0 -0.186      0  0.086  0.314244 -0.558108 0.0744869  0.000778577 -0.000317446  0.000224277 -0.0463675 -0.0515089 -0.0123866 -0.0419436  -0.132064   -9.80802 
               138.2 -1.98445  1.86382 -73.0404   30.4327   8.50679 -0.282799 0 0 0 -0.186      0  0.086   0.289112  -0.428761 0.00699226  0.000946061 -0.000316318  0.000265669 -0.0461818 -0.0516176  -0.011803 -0.041844 -0.131976  -9.80802 
             138.301 -0.652891   1.98885  -72.7225   30.4531   8.47348 -0.290192 0 0 0 -0.186      0  0.086   0.273499  -0.455849 -0.0808346  0.000312726 -0.000221043  0.000159489 -0.0449941 -0.0506676 -0.0114422 -0.042113  -0.13115  -9.80803 
               138.4 -0.798524   2.08278   -72.886   30.4738   8.42876 -0.293052 0 0 0 -0.186      0  0.086  0.347596 -0.619033  0.031877  0.000393508 -0.000268449  0.000220821 -0.0440455 -0.0496592  -0.011582 -0.0424637   -0.13045   -9.80804 
             138.501  -1.4573  2.22467 -72.8976   30.4959   8.36732 -0.291017 0 0 0 -0.186      0  0.086   0.25606 -0.508936  0.101041 0.000639862 -0.00019746 0.000247018 -0.0441324 -0.0484056 -0.0113263 -0.0431456  -0.130244   -9.80804 
               138.6 -1.25052  2.48739 -73.0064    30.507   8.32035 -0.279256 0 0 0 -0.186      0  0.086  0.180625 -0.425446 0.0911778  0.000530518 -0.000244515  0.000273577 -0.0441788 -0.0468546 -0.0116291 -0.0439812   -0.12997   -9.80804 
               138.7 -1.48724  2.64918 -72.8324   30.5103   8.27554 -0.286662 0 0 0 -0.186      0  0.086  0.183198 -0.484042 0.0242522  0.000762925 -0.000251905  0.000225011 -0.0443398 -0.0450023 -0.0106997 -0.0449853  -0.129673   -9.80804 
             138.801 -1.05481  1.73418 -72.7281   30.5156   8.21986 -0.322468 0 0 0 -0.186      0  0.086  0.157443 -0.572306 -0.098532 0.000394377 0.000159385 0.000210214  -0.0443631  -0.0437443 -0.00782683 -0.0456265  -0.129378   -9.80804 
               138.9 -0.625618   3.48338  -72.7169    30.518   8.19068 -0.305298 0 0 0 -0.186      0  0.086   0.116019  -0.414509 -0.0291737  0.000422403 -0.000399962  0.000196546  -0.0418981  -0.0423219 -0.00959636 -0.0459157  -0.127848   -9.80806 
                 139 -1.08066  3.31023 -72.6001    30.517   8.14576 -0.312904 0 0 0 -0.186      0  0.086    0.10491   -0.41894 -0.0999098   0.00065863 -0.000330236   0.00019937  -0.0422959  -0.0406819 -0.00962193 -0.0468566   -0.12774   -9.80806 
             139.099 -0.361665   3.31532  -72.7098    30.529   8.10148 -0.331218 0 0 0 -0.186      0  0.086   0.13687 -0.543223 -0.158504  0.000279731 -0.000232371  0.000241934  -0.0420446  -0.0407601 -0.00906646 -0.0467609  -0.127609   -9.80806 
               139.2 -1.48313  3.50738 -72.7531   30.5328   8.03946 -0.316942 0 0 0 -0.186      0  0.086   0.140685  -0.494665 0.00326983  0.000688972 -0.000414379  0.000233414  -0.042308 -0.0392061 -0.0110705 -0.0476503  -0.127503   -9.80806 
               139.3 -0.374421   3.26161  -72.9786   30.5527   7.99658 -0.320886 0 0 0 -0.186      0  0.086   0.167179  -0.404284 -0.0864634  0.000176211 -0.000212436  0.000266231 -0.0421612 -0.0400854 -0.0107565 -0.0471584  -0.127586   -9.80806 
             139.399 -0.43403  3.56205 -72.8828   30.5609   7.95771 -0.317885 0 0 0 -0.186      0  0.086   0.208131  -0.426059 -0.0984154  0.000262646 -0.000369453  0.000235584  -0.041792 -0.0388439 -0.0116056 -0.0477467  -0.127183   -9.80806 
               139.5 -1.52604  2.68859 -73.2234   30.5852   7.92327 -0.313333 0 0 0 -0.186      0  0.086   0.333614  -0.535941 -0.0735871  0.000660895 -0.000129011  0.000470672 -0.0403081 -0.0385346 -0.0125413 -0.047638 -0.126384  -9.80807 
               139.6 -0.990649   2.93615  -72.9136   30.6125   7.87046 -0.318143 0 0 0 -0.186      0  0.086  0.319566 -0.455921 -0.028358  0.00039932  -0.0003448 0.000283998 -0.0403039  -0.037825 -0.0125749 -0.0480066  -0.126248   -9.80807 
             139.701 -1.20179  3.37826 -72.7127    30.627   7.83185 -0.317084 0 0 0 -0.186      0  0.086  0.266506 -0.399498 -0.058112 0.000540487 -0.00030408 0.000251937 -0.0397651 -0.0358684 -0.0130136 -0.0489249  -0.125613   -9.80807 
               139.8 -1.74915  2.97002 -72.8951   30.6499   7.79336 -0.323215 0 0 0 -0.186      0  0.086  0.254146 -0.481757 -0.111531  0.000680672 -0.000295072  0.000302961 -0.0393265 -0.0354865  -0.013138 -0.0490414  -0.125319   -9.80808 
               139.9 -1.37343  2.72027 -72.8386   30.6698   7.73605 -0.324065 0 0 0 -0.186      0  0.086   0.282325  -0.593741 -0.0752761  0.000436496 -0.000229335  0.000282125  -0.039371 -0.0345881 -0.0139367 -0.0495225  -0.125195   -9.80808 
             140.001 -1.93023  2.46889 -72.7917  30.678 7.67626 -0.3236 0 0 0 -0.186      0  0.086    0.215842   -0.490793 0.000454512  0.000663617 -0.000244901   0.00029196 -0.0397633 -0.0323713 -0.0142737 -0.0507422  -0.124991   -9.80807 
               140.1 -1.61224   2.0108 -72.8616  30.6881  7.62242 -0.33423 0 0 0 -0.186      0  0.086   0.201311  -0.486551 -0.0459344  0.000542376 -9.90101e-05  0.000275768 -0.0403502 -0.0310546  -0.013766 -0.0515244  -0.125033   -9.80807 
             140.201 -1.01097  2.18808 -72.7156   30.7041   7.56324 -0.339394 0 0 0 -0.186      0  0.086   0.285701  -0.648396 -0.0893876  0.000216611 -0.000188613   0.00022155 -0.0406565  -0.030133 -0.0141043 -0.0520573  -0.125027   -9.80807 
             140.301 -0.615964   2.38139  -72.7986   30.7352   7.50246 -0.339698 0 0 0 -0.186      0  0.086   0.300775  -0.585029 0.00221197   9.3026e-05 -0.000293321  0.000249014  -0.040217 -0.0303622 -0.0145622 -0.0518624  -0.124856   -9.80807 
               140.4 -0.08973  2.86754 -72.8148   30.7628   7.46144 -0.328778 0 0 0 -0.186      0  0.086    0.275141   -0.452385 -0.00536997  7.02921e-05 -0.000261952  0.000219492 -0.0391526 -0.0303973 -0.0154763 -0.0516567  -0.124342   -9.80808 
             140.501 -0.891564   2.84554  -72.6523   30.7753   7.43061 -0.326537 0 0 0 -0.186      0  0.086  0.228143 -0.458434 -0.015331  0.000222002 -0.000190839  0.000193147 -0.0376815 -0.0289429 -0.0158492 -0.0521336  -0.123338   -9.80809 
               140.6 -0.977359   2.65867  -72.7743 30.7825  7.3818 -0.3385 0 0 0 -0.186      0  0.086   0.204683  -0.637259 -0.0692097 0.000246876 -0.00021599 0.000206814 -0.0372767 -0.0272909 -0.0152943 -0.0528951   -0.12282   -9.80809 
               140.7 -0.908155   2.45779  -72.7654  30.7875  7.33017 -0.34748 0 0 0 -0.186      0  0.086  0.156967 -0.530935 0.0243043  0.000251492 -0.000193211  0.000218337 -0.0362042 -0.0257463 -0.0148841 -0.0534809  -0.121989    -9.8081 
             140.799 -0.896136   2.63041  -72.7566   30.7917   7.29049 -0.331765 0 0 0 -0.186      0  0.086  0.118632 -0.431125 0.0253963  0.000205616 -0.000201786  0.000226917 -0.0353634 -0.0245772 -0.0157586 -0.0539323  -0.121374    -9.8081 
               140.9 -0.620108   2.61522    -72.83   30.7989   7.24687 -0.321804 0 0 0 -0.186      0  0.086   0.193345  -0.470895 -0.0144005  0.000167454 -0.000221151   0.00023138 -0.0352495  -0.023613 -0.0164565 -0.0544081  -0.121159    -9.8081 
                 141 -0.644276   2.34748  -72.6944   30.8227   7.19821 -0.326258 0 0 0 -0.186      0  0.086    0.28799  -0.568391 -0.0423402   0.00017088 -0.000210643  0.000198297 -0.0349165 -0.0235297  -0.016322 -0.0543889  -0.120974    -9.8081 
             141.099 -0.860063   2.00072  -72.9471   30.8487   7.15239 -0.323841 0 0 0 -0.186      0  0.086  0.227779 -0.451305 0.0751613  0.000242258 -0.000150998  0.000248552 -0.0344662 -0.0235248 -0.0161522 -0.0543089  -0.120744   -9.80811 
               141.2  -1.2057  2.52384 -72.8959   30.8606   7.11413 -0.327005 0 0 0 -0.186      0  0.086  0.203886 -0.432117 0.0301115  0.000156104 -0.000254117  0.000202227 -0.0339607 -0.0224937 -0.0154433 -0.0547282  -0.120292   -9.80811 
               141.3 -0.719866   2.19661  -72.6817   30.8867   7.07221 -0.336488 0 0 0 -0.186      0  0.086    0.21918  -0.560183 -0.0623856 -1.88288e-05 -8.41806e-05  0.000159405 -0.0335435 -0.0231826 -0.0147219 -0.0543002   -0.12019   -9.80811 
             141.401 -0.690455   2.14813  -72.7896   30.9147     7.015 -0.328798 0 0 0 -0.186      0  0.086  0.247963 -0.658642 0.0709558 -1.09954e-05  -0.00013665  0.000210968 -0.0328777 -0.0234604  -0.015311 -0.0540504  -0.119921   -9.80812 
               141.5 -0.768867   2.24479  -72.7927   30.9342   6.96168 -0.326738 0 0 0 -0.186      0  0.086  0.211674 -0.498827 0.0875193 -0.000167924 -0.000167608  0.000239286 -0.0325433 -0.0233108 -0.0146936 -0.0540589  -0.119716   -9.80812 
               141.6 0.0880084   2.29307  -72.6265   30.9479   6.92305 -0.333471 0 0 0 -0.186      0  0.086   0.177153   -0.48214 -0.0191277 -0.000491073  -9.3569e-05  0.000149306 -0.0317289 -0.0228911 -0.0137875 -0.0541142   -0.11922   -9.80813 
             141.701 -0.0163929    2.19348    -72.585   30.9634   6.86923 -0.340295 0 0 0 -0.186      0  0.086    0.235594   -0.628738 -0.00227161 -0.000435141 -0.000134022  0.000129426 -0.0316093 -0.0223269 -0.0135676 -0.0543709  -0.119058   -9.80813 
               141.8 0.0915121   1.87474   -72.666   30.9818   6.81617 -0.336124 0 0 0 -0.186      0  0.086 0.189495 -0.50567 0.010198 -0.000445747 -7.21044e-05   0.00015425 -0.0310718 -0.0221524 -0.0137259 -0.0543662  -0.118765   -9.80813 
             141.901 -1.25113  2.95108 -72.6384   30.9808   6.77141 -0.305225 0 0 0 -0.186      0  0.086  0.141734 -0.454936  0.109876  0.000386846 -0.000331993  0.000152322 -0.0305964 -0.0201602 -0.0157333 -0.0553015  -0.118227   -9.80813 
             142.001 -0.303984   2.02703  -72.7763     30.99   6.73499 -0.318249 0 0 0 -0.186      0  0.086   0.09274 -0.497125 0.0199896 -2.37034e-05 -0.000222799  0.000137366 -0.0297844 -0.0200005 -0.0141557 -0.0552141  -0.117769   -9.80814 
               142.1 -0.380491   2.03898  -72.7854   30.9949   6.69361 -0.331005 0 0 0 -0.186      0  0.086   0.119319  -0.573893 -0.0131298 -0.000109471 -0.000132265  0.000123443  -0.028549 -0.0196223 -0.0131254 -0.0551716  -0.117078   -9.80815 
               142.2 -1.39241  2.21806 -72.7653    31.002    6.6546 -0.330292 0 0 0 -0.186      0  0.086  0.144726  -0.37697 0.0673285  0.000275395 -0.000281439  0.000149676 -0.0277379 -0.0191916 -0.0126248 -0.0552367  -0.116598   -9.80815 
               142.3 -0.997402   2.29561   -72.616   31.0191    6.6227 -0.327412 0 0 0 -0.186      0  0.086   0.227469  -0.327446 -0.0122052  0.000298762 -0.000170523  0.000140047 -0.0274485  -0.019191 -0.0125339 -0.0551864  -0.116455   -9.80815 
               142.4 -1.02335  2.18781  -72.605   31.0395   6.58998 -0.327444 0 0 0 -0.186      0  0.086   0.368297  -0.415465 -0.0343897  0.000257798 -0.000167134  0.000131729 -0.0270872 -0.0184493 -0.0127676 -0.0554909  -0.116158   -9.80816 
             142.501 -0.417686   1.83957   -72.623   31.0827   6.54315 -0.347023 0 0 0 -0.186      0  0.086    0.383543    -0.46083 -0.00382453 -0.000132476 -0.000161085  0.000163067  -0.027202  -0.018906 -0.0115209 -0.0552719  -0.116267   -9.80816 
               142.6 0.345243  1.57076 -72.3921   31.1154   6.50456 -0.366529 0 0 0 -0.186      0  0.086    0.29798  -0.375352 -0.0471448 -0.000193248 -8.64225e-05  0.000129716 -0.027084 -0.018848 -0.010192 -0.0552644  -0.116174   -9.80816 
               142.7 -0.320508    2.0719  -72.6447   31.1527    6.4693 -0.369871 0 0 0 -0.186      0  0.086   0.261585  -0.416019 -0.0730766 -0.000331015 -0.000151937  9.85694e-05 -0.0268954 -0.0199542 -0.0104017 -0.0546987  -0.116272   -9.80816 
             142.801 -0.215768   1.99406  -72.6756   31.1604   6.42161 -0.372526 0 0 0 -0.186      0  0.086   0.194246  -0.582569 -0.0912747   -0.0003403 -0.000228684  0.000155625 -0.0266521 -0.0183536 -0.0109534 -0.055441 -0.115899  -9.80816 
               142.9 -0.454382   1.72898  -72.7266    31.172   6.36076 -0.375764 0 0 0 -0.186      0  0.086  0.202642   -0.5285 0.0196223 -0.000117571 -0.000146539  0.000151648 -0.0266626 -0.0176975 -0.0111354 -0.0557625  -0.115798   -9.80816 
                 143 0.556859  2.01275  -72.385   31.1763   6.30806 -0.352606 0 0 0 -0.186      0  0.086  0.140937 -0.477981 0.0583025 -0.000185386  -0.00026229  0.000107436 -0.0267147 -0.0164363 -0.0125611 -0.0564004   -0.11564   -9.80816 
             143.101 -0.367606   2.16254  -72.6902   31.1925   6.26597 -0.334861 0 0 0 -0.186      0  0.086  0.192513 -0.521917 0.0227759  0.000180301 -0.000294676  0.000136374 -0.0260622 -0.0164504 -0.0136054 -0.0563035  -0.115348   -9.80816 
               143.2 0.0519616   2.05306  -72.5394   31.2162   6.22304 -0.338539 0 0 0 -0.186      0  0.086  0.269784 -0.646918 0.0521648 -0.000180274 -0.000258931  7.84781e-05 -0.0247123 -0.0166565 -0.0131594 -0.0559771  -0.114729   -9.80817 
               143.3 0.452975  2.24428 -72.5647   31.2445   6.16824 -0.325707 0 0 0 -0.186      0  0.086  0.202418 -0.499716    0.0461  -0.00034799 -0.000284439  7.43964e-05 -0.0244315 -0.0170769 -0.0134119 -0.0557344  -0.114668   -9.80817 
             143.401 -0.633891   3.34931  -72.6445   31.2544   6.13391 -0.292486 0 0 0 -0.186      0  0.086  0.141254  -0.41482 0.0695775 -0.000228716 -0.000394418  6.78351e-05 -0.0233129  -0.016272  -0.015451 -0.0559742  -0.114042   -9.80818 
               143.5 0.206329   2.2352 -72.5958   31.2721   6.09601 -0.305316 0 0 0 -0.186      0  0.086   0.127004  -0.474375 -0.0587544 -0.000493786 -0.000118819  5.80973e-05  -0.022956 -0.0167047 -0.0140258 -0.055685 -0.113916  -9.80818 
               143.6 0.676194  2.31789 -72.7507   31.2836   6.04019 -0.325049 0 0 0 -0.186      0  0.086   0.142228  -0.670547 -0.0155974  -0.0007966 -5.2582e-05 0.000100572 -0.0229219 -0.0165411 -0.0129001 -0.0557374  -0.113852   -9.80818 
             143.701 0.0589532   1.74807  -72.6966   31.2959   5.97257 -0.332275 0 0 0 -0.186      0  0.086  0.101778 -0.523514 0.0501548 -0.000484337  2.63312e-05  8.73064e-05 -0.0235277 -0.0164268 -0.0121986 -0.0558758  -0.114106   -9.80818 
               143.8 0.589943  1.44727  -72.645   31.2992   5.93966 -0.347533 0 0 0 -0.186      0  0.086  0.0916266  -0.419394 -0.0407993 -0.000527001  0.000103976  0.000133898 -0.0225217 -0.0159349 -0.0108726 -0.0559232  -0.113527   -9.80818 
               143.9 0.717501  1.29167 -72.5374   31.3076    5.8943 -0.359222 0 0 0 -0.186      0  0.086   0.147934  -0.483765 -0.0886073 -0.000638325  3.55387e-05  0.000116166 -0.0226387 -0.0156955 -0.0104714 -0.0560469  -0.113536   -9.80818 
                 144 0.0591587   0.97106  -72.5481   31.3295   5.84663 -0.368097 0 0 0 -0.186      0  0.086   0.187306  -0.511112 -0.0538997 -0.000474948  4.15109e-05  0.000109974 -0.0222386 -0.0161252 -0.0103452 -0.0557787  -0.113415   -9.80819 
               144.1 -0.0396906   0.699369   -72.5947   31.3512   5.80366 -0.369687 0 0 0 -0.186      0  0.086  0.145407 -0.411966  -0.06403 -0.000336612  2.79925e-05  0.000125741 -0.0221024  -0.016562 -0.0105242 -0.0555558  -0.113423   -9.80819 
               144.2 -0.466509   0.86359  -72.6088   31.3724   5.77548 -0.368594 0 0 0 -0.186      0  0.086   0.145204  -0.410662 -0.0801355 -0.000189453  1.00469e-05  0.000109842 -0.0212603 -0.0172541  -0.011061 -0.0551106  -0.113146   -9.80819 
               144.3 -0.795202  0.909343  -72.6576   31.3836   5.73115 -0.369732 0 0 0 -0.186      0  0.086   0.147222  -0.577653 -0.0976654 -3.91574e-05  8.14384e-06  0.000119138 -0.0208962   -0.01687 -0.0116781 -0.0552455  -0.112924   -9.80819 
               144.4 -0.746696  0.898475  -72.6253   31.3944   5.66595 -0.361597 0 0 0 -0.186      0  0.086  0.105529  -0.54763 0.0430717 -2.76531e-07 -6.54815e-05  0.000129309 -0.0212476 -0.0166052 -0.0124033 -0.0554367  -0.113054   -9.80819 
             144.499 -1.62362   1.3731 -72.5321   31.3991   5.61792 -0.342681 0 0 0 -0.186      0  0.086 0.0621535 -0.463368 0.0352329  0.000470483 -6.27776e-05  0.000141159 -0.0210681 -0.0160689 -0.0135277 -0.0556775  -0.112898   -9.80819 
               144.6 -0.543687   1.07749  -72.6896  31.4096   5.5754 -0.34318 0 0 0 -0.186      0  0.086  0.0940277  -0.508765 -0.0356127 -5.93314e-05  -4.9958e-05  0.000141971 -0.0207448 -0.0164122 -0.0134429 -0.055467 -0.112801  -9.80819 
               144.7 -0.143782  0.660314  -72.4249   31.4254   5.52832 -0.346294 0 0 0 -0.186      0  0.086   0.205942  -0.675934 -0.0337748 -0.000114545 -7.91072e-06  8.89104e-05 -0.0200491 -0.0166364  -0.013532 -0.0552577  -0.112516    -9.8082 
             144.801 -0.316318  0.335587  -72.5625    31.451   5.46567 -0.356585 0 0 0 -0.186      0  0.086   0.196399  -0.567158 -0.0168919 -0.000114888 -3.05196e-05  0.000143166 -0.0200279 -0.0173387 -0.0132729 -0.0549266  -0.112611    -9.8082 
               144.9  0.772258 0.0059464  -72.6423   31.4766   5.42076 -0.359364 0 0 0 -0.186      0  0.086  0.203787 -0.513374 -0.058936 -0.000404482  9.29709e-05  0.000146526 -0.0194395 -0.0182137 -0.0131108 -0.0544314  -0.112473    -9.8082 
             145.001 -0.833506  0.305641  -72.5766   31.4596   5.38665 -0.339636 0 0 0 -0.186      0  0.086   0.106853  -0.569899 -0.0293085  0.000167199 -3.39286e-05  0.000237081 -0.0175567 -0.0147824 -0.0150555 -0.055754 -0.111105  -9.80821 
             145.101   -1.33817 -0.0630661   -72.4997   31.4677   5.32475 -0.335326 0 0 0 -0.186      0  0.086  0.149392 -0.583155  0.106616  0.000389957 -2.19771e-05  0.000149496 -0.0174769 -0.0143284 -0.0153027 -0.0559542  -0.111002   -9.80821 
               145.2  -1.18792 0.0746442  -72.5827     31.47    5.2722 -0.323174 0 0 0 -0.186      0  0.086  0.108166 -0.483817 0.0429196  0.000450247 -1.31189e-05  0.000178919 -0.0173487 -0.0131931 -0.0158123 -0.0564626  -0.110775   -9.80821 
             145.301  0.190251 -0.216277  -72.6709   31.4827   5.22969 -0.327212 0 0 0 -0.186      0  0.086   0.167067  -0.509403 -0.0186952 -0.000186546  7.04909e-05  0.000185493 -0.0169308 -0.0132696 -0.0154051 -0.0563595  -0.110596   -9.80821 
             145.401 -0.334392   -0.3988  -72.6286   31.4929   5.17832 -0.323985 0 0 0 -0.186      0  0.086  0.131904 -0.533133  0.043901 -6.32318e-05 -2.21817e-05  0.000210621 -0.0166697 -0.0126237 -0.0155648 -0.0566169  -0.110381   -9.80822 
               145.5 -0.123177 -0.746247  -72.6518   31.4998   5.12727 -0.318164 0 0 0 -0.186      0  0.086  0.110732 -0.440481 0.0718931  0.000208043 -4.68688e-05  0.000176119 -0.0167829 -0.0119823 -0.0153141 -0.0569216  -0.110337   -9.80821 
               145.6  0.744179 -0.622354  -72.6018    31.512   5.08376 -0.336269 0 0 0 -0.186      0  0.086   0.0763062   -0.458993 -0.00680991 -0.000561162  7.28989e-05  0.000207823 -0.0167728  -0.012341 -0.0135843 -0.0567326  -0.110387   -9.80821 
             145.699 -0.137478 -0.536128  -72.5841   31.5202   5.02273 -0.341905 0 0 0 -0.186      0  0.086  0.0639488  -0.654907 -0.0430956 -5.50431e-05  1.83834e-05  0.000144491 -0.0173137 -0.0123888 -0.0135019 -0.0567894  -0.110637   -9.80821 
               145.8 -0.0485687  -0.808014   -72.5207   31.5134   4.94852 -0.337484 0 0 0 -0.186      0  0.086 0.0252642 -0.606117  0.082129 -0.000142133  9.60372e-05  0.000171962 -0.0176488 -0.0112291 -0.0138267 -0.0573669  -0.110617   -9.80821 
             145.899  -1.31408 -0.170389  -72.6093  31.5199  4.90289 -0.30933 0 0 0 -0.186      0  0.086 0.0905795 -0.516618  0.107855  0.000481438 -0.000144681   0.00014281 -0.0169499 -0.0112117 -0.0153935 -0.0572991  -0.110297   -9.80821 
                 146  0.241691 -0.581172  -72.6044   31.5277   4.86406 -0.304003 0 0 0 -0.186      0  0.086   0.19895 -0.512719 0.0460435 -9.55007e-05 -2.03559e-05  0.000230427 -0.0159405 -0.0107005 -0.0152134 -0.0573789  -0.109774   -9.80822 
               146.1  0.282885 -0.807334  -72.5498   31.5648   4.81588 -0.307857 0 0 0 -0.186      0  0.086  0.287188 -0.653031 0.0391726 -0.000300761  9.82897e-06  0.000204106 -0.0153962 -0.0120377 -0.0145759 -0.0566913  -0.109727   -9.80822 
             146.199 -0.217025 -0.535461  -72.4693   31.5793   4.76077 -0.295484 0 0 0 -0.186      0  0.086  0.246121 -0.522517  0.130184 7.80621e-05 -8.3276e-05 0.000210352 -0.0146937 -0.0109457  -0.015062 -0.0570862  -0.109257   -9.80823 
               146.3  -1.68515 -0.424258  -72.4104   31.6031   4.71521 -0.288938 0 0 0 -0.186      0  0.086   0.241987  -0.456783 0.00324946 0.000303675   3.391e-06 0.000153779 -0.0144476 -0.0109035 -0.0149889 -0.0570685  -0.109142   -9.80823 
               146.4   -1.34577 -0.0502151   -72.9045   31.6227   4.67127 -0.277593 0 0 0 -0.186      0  0.086    0.257517    -0.51117 -0.00661771  0.000181814 -0.000232659  0.000278665 -0.0141954 -0.0103229 -0.0158477 -0.0573049  -0.108944   -9.80823 
             146.501 -0.0233196  -0.994953   -72.6344   31.6523   4.61005 -0.296078 0 0 0 -0.186      0  0.086  0.264701 -0.591456   0.02352 -0.000430364  7.90829e-05  0.000194166 -0.0143579 -0.0107084 -0.0142887 -0.0571339  -0.109078   -9.80823 
               146.6  -0.76934 -0.300558  -72.7894   31.6614   4.53958 -0.306518 0 0 0 -0.186      0  0.086   0.155669  -0.500518 0.00732146 -0.000121866  1.80295e-05  0.000248833  -0.0153753 -0.00947083  -0.0133566 -0.0578117  -0.109354   -9.80822 
               146.7  -1.73176 -0.358544  -72.9694   31.6581   4.49308 -0.315625 0 0 0 -0.186      0  0.086   0.114729   -0.46905 -0.0335137  0.00016908 3.39808e-05 0.000307694  -0.0150214 -0.00790756  -0.0128143 -0.0584437  -0.108981   -9.80822 
             146.801 -0.969982  -0.47628  -72.7915   31.6631   4.45001 -0.325016 0 0 0 -0.186      0  0.086    0.12553  -0.616719 -0.0323517 -0.000121927  0.000100791  0.000328142  -0.0141163 -0.00713604  -0.0125598 -0.0586524  -0.108478   -9.80822 
               146.9 -0.612795 -0.126911  -72.6277   31.6781   4.41221 -0.319816 0 0 0 -0.186      0  0.086    0.130968   -0.455989 -0.00464422 -6.11974e-06 -5.66702e-05  0.000244391  -0.0129475 -0.00742222  -0.0129811 -0.0583675  -0.108007   -9.80823 
                 147 -1.38604 0.744433 -72.4473   31.6801   4.39288 -0.301919 0 0 0 -0.186      0  0.086  0.0907469  -0.368495 0.00406142 0.000325367 -0.00010739 0.000234115  -0.0113803 -0.00642132   -0.014479 -0.0586025  -0.107181   -9.80824 
             147.101  -0.80593 0.0751117  -72.5616  31.7002   4.3728 -0.30729 0 0 0 -0.186      0  0.086   0.100742  -0.440728 -0.0105852  0.000130333 -1.62961e-05  0.000165123  -0.0102264 -0.00760178  -0.0139903 -0.0579208  -0.106845   -9.80825 
               147.2 -0.590734 -0.132783  -72.6074   31.7101   4.33435 -0.310235 0 0 0 -0.186      0  0.086  0.120747 -0.571157 0.0522296 -1.93266e-05  7.75391e-05  0.000220117 -0.00925205 -0.00753659  -0.0136366 -0.0578102  -0.106415   -9.80825 
             147.301 -2.02719 0.654625 -72.8844   31.7222   4.28042 -0.289644 0 0 0 -0.186      0  0.086 0.0898622 -0.465315 0.0949585  0.000198226 -9.54465e-05  0.000154556  -0.0093568 -0.00732483  -0.0144615 -0.0579257  -0.106431   -9.80825 
               147.4 -0.981017  0.595182  -73.1477  31.7034  4.23784 -0.29219 0 0 0 -0.186      0  0.086  0.116963 -0.396137  0.050626 -5.09329e-05 -7.27644e-06  0.000255227 -0.00880935  -0.0045425  -0.0138545 -0.0590501  -0.105816   -9.80825 
               147.5 -0.359059  0.401556  -72.3248    31.714   4.18326 -0.298253 0 0 0 -0.186      0  0.086  0.158481 -0.555057 0.0251692 -0.000220676  0.000212242  4.71694e-06   -0.009339 -0.00423137  -0.0134218 -0.0592529     -0.106   -9.80825 
             147.601 -1.74326 0.711901 -72.6665   31.7175   4.10922 -0.295608 0 0 0 -0.186      0  0.086  0.158419 -0.491645 0.0544845 0.000306269 5.97836e-05 0.000125701  -0.0104173 -0.00288506  -0.0134693 -0.0599802  -0.106279   -9.80824 
               147.7 -0.731214   1.64828  -72.3414   31.7259   4.05678 -0.299949 0 0 0 -0.186      0  0.086   0.144241   -0.45768 -0.0173159 -1.19012e-05 -1.63777e-05  5.63072e-05  -0.0107735 -0.00219601  -0.0130027 -0.0603202  -0.106336   -9.80824 
               147.8 -1.67705  1.02039 -72.5657    31.734   3.99599 -0.294352 0 0 0 -0.186      0  0.086    0.15458  -0.507731 -0.0271777 0.000447147 0.000128121 0.000121485  -0.011713 -0.0013623 -0.0135798 -0.0608096  -0.106627   -9.80823 
             147.901 -0.348324  0.596547  -72.6142   31.7498   3.93572 -0.316949 0 0 0 -0.186      0  0.086   0.164261  -0.622354 -0.0634624 -0.000273655  0.000304006  9.82411e-05  -0.0116407 -0.00158747  -0.0121074 -0.0606905  -0.106617   -9.80823 
                 148 -2.31479  1.87471 -72.8856   31.7702   3.87968 -0.312095 0 0 0 -0.186      0  0.086   0.177142  -0.498907 -0.0192569  0.000382328 -9.06537e-06  0.000118971  -0.0117764 -0.00189582  -0.0128113 -0.0605829   -0.10672   -9.80823 
               148.1 -0.286268    1.3554  -72.7647   31.7594    3.8292 -0.327134 0 0 0 -0.186      0  0.086  0.174026 -0.500433 -0.100506 -0.000613596   0.00027267  0.000160224   -0.011428 0.000886792  -0.0120014 -0.0617145    -0.1062   -9.80823 
               148.2 0.118835   1.6849 -72.4576   31.7848   3.77893 -0.331913 0 0 0 -0.186      0  0.086   0.293643  -0.651333 -0.0708876 -0.000593398  0.000160966  0.000119322   -0.011105 0.000667362  -0.0124577 -0.0615822  -0.106097   -9.80823 
               148.3 -0.539994   1.50066  -72.6837   31.7991   3.71928 -0.325386 0 0 0 -0.186      0  0.086    0.243781   -0.534414 -0.00201134 -0.000331806  0.000193275  0.000207103 -0.0107213  0.0019773 -0.0131074 -0.0620919  -0.105772   -9.80823 
               148.4 -1.90256  3.36494 -72.7195   31.8176   3.68086 -0.312257 0 0 0 -0.186      0  0.086   0.141531  -0.509139 -0.0724759 -0.000115402 -0.000218864  0.000157653 -0.00982301  0.00227342  -0.0141048 -0.0621095  -0.105369   -9.80824 
             148.499 -0.109121   1.72249  -72.8777    31.812   3.62528 -0.317101 0 0 0 -0.186      0  0.086   0.149833   -0.62186 -0.0138709 -0.000230103  7.00654e-05  0.000264181 -0.00952744  0.00441797  -0.0137975 -0.0629709  -0.104963   -9.80824 
               148.6 0.501034  2.45372 -72.4228   31.8017   3.57674 -0.332827 0 0 0 -0.186      0  0.086  0.0540328  -0.600625 -0.0267115 -0.000982237 -1.39889e-05  0.000212066 -0.0080494 0.00622239 -0.0126389 -0.0635247  -0.104097   -9.80824 
               148.7 -0.64208  2.18117  -73.007     31.84   3.52651 -0.330139 0 0 0 -0.186      0  0.086   0.123589   -0.42616 -0.0125494 -0.000438243  0.000222996  0.000207154 -0.00846453  0.00300162  -0.0128625 -0.0622325  -0.104688   -9.80824 
             148.801 -0.610684   2.74796  -73.0617   31.8295   3.48662 -0.341388 0 0 0 -0.186      0  0.086  0.101115 -0.428885 -0.117274 -0.000510759  2.03453e-05   0.00032614  -0.008011  0.0050575 -0.0126315 -0.0630297  -0.104232   -9.80824 
               148.9 0.429897  2.22634 -72.6872 31.8573 3.44851 -0.3651 0 0 0 -0.186      0  0.086  0.252589 -0.527516 -0.153321 -0.00107378 7.31103e-05 0.000225749 -0.00761829  0.00374049  -0.0117425 -0.0624203  -0.104222   -9.80825 
             149.001 -0.324884   2.22864  -73.0456   31.8858   3.40667 -0.372111 0 0 0 -0.186      0  0.086   0.267654  -0.491573 -0.0400762 -0.000681887  2.04359e-05  0.000333196 -0.00673993  0.00336679  -0.0120743 -0.0621569  -0.103916   -9.80825 
             149.101 -0.55866  2.27768 -72.7452   31.9006   3.37608 -0.361073 0 0 0 -0.186      0  0.086  0.182296 -0.398052 -0.016568 -0.000484219 -3.51671e-05  0.000187479 -0.00563666  0.00400865  -0.0131339 -0.0622962  -0.103402   -9.80826 
               149.2 -0.960678   2.96404   -72.673   31.9138   3.34464 -0.359961 0 0 0 -0.186      0  0.086   0.120591  -0.432712 -0.0696904 -0.000539882 -9.51874e-05  0.000182336 -0.00495869  0.00423723  -0.0134621 -0.0623088  -0.103102   -9.80826 
             149.301 -0.861819   2.67469  -72.7866   31.9207   3.27968 -0.367334 0 0 0 -0.186      0  0.086   0.112474  -0.589434 -0.0479119 -0.000499354 -2.93938e-05  0.000194924 -0.00578782  0.00470265  -0.0134821 -0.0626058  -0.103381   -9.80826 
               149.4 -0.205518   2.31909  -72.8416   31.9275    3.2132 -0.362833 0 0 0 -0.186      0  0.086 0.0798379 -0.526385 0.0370399 -0.000606173   2.9519e-05  0.000210784 -0.00657377  0.00517043  -0.0138184 -0.0629011  -0.103648   -9.80825 
               149.5 -0.893444   2.04586  -73.1142   31.9271   3.15047 -0.376158 0 0 0 -0.186      0  0.086   0.0943842   -0.523122 -0.00200805 -0.00040101 3.33725e-05 0.000304941 -0.00728404    0.006193  -0.0126946 -0.0633965  -0.103785   -9.80825 
               149.6 0.420925  1.23801 -72.5881   31.9504   3.10366 -0.379644 0 0 0 -0.186      0  0.086   0.229582  -0.668869 -0.0729741 -0.00106257 0.000230505 0.000135527 -0.00661074  0.00535777  -0.0127105 -0.0629712  -0.103618   -9.80825 
               149.7 -0.532681   1.33311  -72.7534   31.9585    3.0575 -0.337567 0 0 0 -0.186      0  0.086  0.134513 -0.645557  0.181035 -0.000454923  -8.9887e-06  0.000225002 -0.00458957  0.00675273  -0.0160725 -0.0633265  -0.102691   -9.80826 
               149.8 0.902279 0.398936 -72.2343   31.9843   3.00686 -0.321584 0 0 0 -0.186      0  0.086  0.135515 -0.456204  0.101721 -0.000951974  0.000204917  0.000110695 -0.00449319  0.00597076  -0.0159347 -0.0629948  -0.102747   -9.80826 
             149.899 -1.21284  1.17356 -72.5527   31.9943   2.96904 -0.339041 0 0 0 -0.186      0  0.086    0.160916   -0.482336 -0.00856362 -0.000592715  7.54227e-05  0.000172524 -0.00387138  0.00619623  -0.0143691 -0.0629895  -0.102448   -9.80826 
                 150 0.133807  1.21748 -72.6208   32.0203   2.92534 -0.326144 0 0 0 -0.186      0  0.086  0.129046  -0.57958 0.0536062 -0.000557756 -9.02559e-05  9.60626e-05 -0.00332665  0.00527526  -0.0154266 -0.0625645  -0.102355   -9.80827 
               150.1 -0.47781   1.3104 -72.5253   32.0244   2.88085 -0.338454 0 0 0 -0.186      0  0.086  0.138497 -0.424268 0.0612446 -0.000503847  -3.2864e-05  0.000128317 -0.0026689 0.00650942 -0.0141472 -0.0629653   -0.10193   -9.80827 
             150.201 -0.429926   1.19618  -73.6394   32.0626   2.83183 -0.337033 0 0 0 -0.186      0  0.086  0.214077 -0.355378 0.0304068 -0.000371027 -0.000203121  0.000228061 -0.00374863  0.00461358  -0.0138713 -0.0623284  -0.102585   -9.80827 
             150.302 0.650738 0.881216 -75.8089   32.0992   2.77897 -0.328272 0 0 0 -0.186      0  0.086  0.328376 -0.418638 0.0269318 -0.000656242 -3.21127e-05  0.000318227 -0.00504963   0.0036292  -0.0144538 -0.0620984  -0.103225   -9.80826 
             150.401 0.922121 0.603179 -78.9447  32.1309  2.72425 -0.32181 0 0 0 -0.186      0  0.086  0.376955  -0.57149 0.0781681 -0.000382109  2.16708e-06  0.000423922 -0.00548778  0.00408613  -0.0147551 -0.062339 -0.103343  -9.80826 
             150.502   1.84344 -0.187397  -83.5436   32.1357   2.67169 -0.294338 0 0 0 -0.186      0  0.086  0.293261 -0.467984 0.0674617 -0.000454469  0.000102368  0.000746946 -0.00501723  0.00690717   -0.016157 -0.0634206  -0.102783   -9.80826 
               150.6 0.727314 0.662329 -88.9228   32.1141   2.66026 -0.293079 0 0 0 -0.186      0  0.086 0.0994407 -0.322682  0.123163 -0.000108252 -9.88102e-05  0.000984057 -0.00272438   0.0108741  -0.0156911 -0.0646503  -0.101266   -9.80826 
               150.7   2.61147 -0.319515  -92.5533    32.065   2.63037 -0.277829 0 0 0 -0.186      0  0.086 -0.213827 -0.452633 0.0156444 -0.000573685  7.20381e-05  0.000841991 -0.00215015   0.0159299  -0.0165403 -0.0665511  -0.100147   -9.80826 
             150.799  1.19743 0.164348 -95.8506   32.0226   2.58784 -0.285947 0 0 0 -0.186      0  0.086 -0.359072 -0.567602 0.0741136 -0.000950605 -0.000191791  0.000783771 -0.00141528   0.0173172    -0.01566 -0.0669308 -0.0995814   -9.80827 
             150.897  1.52469 0.233129 -96.4019   31.9989    2.5702 -0.293758 0 0 0 -0.186      0  0.086 -0.338347 -0.366118 0.0631185 -0.000968754 -0.000203395  0.000164251 0.000834844   0.0165294  -0.0142651 -0.0661367 -0.0989119   -9.80828 
             150.998 0.913423 0.300017 -97.8101   31.9651   2.52465 -0.322965 0 0 0 -0.186      0  0.086  -0.360756  -0.405286 -0.0903766  -0.00085677 -0.000149939  0.000206287 0.000307133   0.0163502  -0.0119546 -0.0661273 -0.0991694   -9.80828 
             151.098 0.784147 0.448131 -98.0251   31.9222   2.47361 -0.342638 0 0 0 -0.186      0  0.086 -0.399158 -0.591108  -0.10286 -0.000873498 -0.000170437  0.000253405 -0.000451231    0.0171093   -0.0111791 -0.0665668 -0.0992443   -9.80827 
             151.199 -0.411421  0.807569  -97.9766  31.8991    2.388 -0.35523 0 0 0 -0.186      0  0.086   -0.2854 -0.733906 0.0338514  -0.00027495 -0.000429027  0.000212048 -0.00117383   0.0157857  -0.0107524 -0.0662773 -0.0998744   -9.80827 
             151.299 0.219651 0.426678 -98.0989  31.9121  2.32405 -0.35292 0 0 0 -0.186      0  0.086 -0.120204 -0.594931 0.0138584 -0.000846218 -0.000384635  0.000269448 -3.80148e-05    0.0122248   -0.0107114 -0.0647317  -0.100498   -9.80827 
               151.4  0.48424  0.62498 -98.1269   31.9249   2.27108 -0.372216 0 0 0 -0.186      0  0.086 -0.0220885  -0.627355  -0.110961 -0.000913832 -0.000182878  0.000257684  0.00106816   0.0100416 -0.00992835 -0.0636531  -0.100748   -9.80828 
             151.501 0.648139 0.286528 -98.2194   31.9506   2.20833 -0.379059 0 0 0 -0.186      0  0.086 -0.0134303  -0.769207  -0.144007 -0.000827955 -8.33056e-05  0.000290477 0.00248863 0.00772509 -0.0102987 -0.0624645  -0.100935   -9.80828 
             151.601  -1.64464 0.0462229  -97.9367   31.9475   2.15651 -0.360974 0 0 0 -0.186      0  0.086 0.00215264  -0.503745   0.111234  4.37614e-05 -0.000359049  0.000232692  0.0032858 0.00869123  -0.011722 -0.0625918  -0.100394   -9.80829 
             151.702  -1.65418 -0.612916  -98.2279   31.9586    2.1211 -0.313175 0 0 0 -0.186      0  0.086  0.114437 -0.474975 0.0977582 -5.90059e-05 -9.64929e-05  0.000305829 0.00430666 0.00800272 -0.0145926 -0.0621185  -0.100258   -9.80829 
             151.801  0.904645 0.0986719  -97.9758   31.9669   2.09611 -0.304906 0 0 0 -0.186      0  0.086  0.129877 -0.575075 0.0703647  -0.00106844 -0.000247614  0.000358466 0.00611109 0.00879645 -0.0144781 -0.0618589 -0.0994303    -9.8083 
             151.901 0.424313 0.268846 -98.1346   32.0033   2.04937 -0.303704 0 0 0 -0.186      0  0.086  0.165644 -0.501738 0.0747191   -0.0010557 -0.000568591  0.000263627 0.00766976 0.00672316 -0.0137842 -0.0606959 -0.0994919   -9.80831 
             152.002  0.462359 -0.628661  -98.1494   32.0031   1.98437 -0.297161 0 0 0 -0.186      0  0.086 0.0589378 -0.447646 0.0442884 -0.00047863 6.05483e-05 0.000287584 0.00589204  0.0075567 -0.0137688 -0.0614909 -0.0998503    -9.8083 
             152.101 -0.301494  0.209952  -98.0786   32.0126    1.9304 -0.305483 0 0 0 -0.186      0  0.086 -0.0115845  -0.512347  -0.016409   -0.0004863 -0.000227316  0.000269483 0.00561325 0.00671072 -0.0129985 -0.0612746  -0.100178    -9.8083 
             152.201 -0.652693  0.115417  -97.9783   32.0058   1.87724 -0.317167 0 0 0 -0.186      0  0.086 -0.115834 -0.668275 0.0425521 -0.000395415  -0.00027506  0.000224628 0.00601406 0.00679477 -0.0124172 -0.0611795  -0.100021    -9.8083 
               152.3  -0.166178 -0.0824635   -97.9997   31.9882   1.82923 -0.315133 0 0 0 -0.186      0  0.086   -0.1197 -0.481051 0.0265032 -0.000506242 -0.000145086  0.000196699 0.00650236 0.00765739  -0.012436 -0.0613304 -0.0996202    -9.8083 
               152.4  -0.459302 -0.0466848   -98.1109   31.9686   1.78566 -0.314486 0 0 0 -0.186      0  0.086   -0.118904   -0.410112 -0.00506162 -4.58009e-05  -0.00025303  0.000279902 0.00627574 0.00856604 -0.0123866 -0.0616981 -0.0994445    -9.8083 
             152.499  0.015307 -0.178953  -97.9212  31.9609  1.73283 -0.31808 0 0 0 -0.186      0  0.086  -0.122972  -0.544107 -0.0794469 -0.000332349 -0.000223053  0.000239414 0.00577836 0.00790277 -0.0123412 -0.0616156 -0.0997914    -9.8083 
               152.6 0.0666964 -0.591372  -98.0624   31.9531   1.67642 -0.336851 0 0 0 -0.186      0  0.086  -0.17053 -0.648585 -0.132866 -0.000546169 -0.000200722  0.000284669 0.00639959   0.007308 -0.0115741 -0.0612334 -0.0997495    -9.8083 
               152.7  0.883863 -0.756598  -98.0423    31.938   1.61425 -0.334954 0 0 0 -0.186      0  0.086  -0.112837  -0.500429 -0.0370944 -0.000484152 -0.000141179  0.000290057 0.00601413 0.00733856 -0.0120531 -0.0613571 -0.0998678    -9.8083 
             152.801  -0.72649 -0.358021   -98.008   31.9185   1.56018 -0.338154 0 0 0 -0.186      0  0.086  -0.107786  -0.465428 -0.0369693 -3.52494e-05 -0.000301125  0.000262398 0.00532014 0.00797419 -0.0122195  -0.061763 -0.0999225    -9.8083 
               152.9    0.2878 -0.471063  -98.1549     31.91   1.50637 -0.347033 0 0 0 -0.186      0  0.086 -0.169947 -0.613661 -0.103612 -0.00050353 -0.00014174 0.000309532 0.00533049 0.00741015 -0.0121174 -0.0615718  -0.100072    -9.8083 
                 153 -0.37735 -0.48774  -98.036   31.8888    1.4453 -0.333175 0 0 0 -0.186      0  0.086 -0.207086 -0.541501 0.0214793 -6.31483e-05 -0.000226408  0.000322836 0.00521866   0.007839 -0.0134803 -0.0617625 -0.0999896    -9.8083 
               153.1  -1.44345 -0.232589  -98.2556    31.872   1.40421 -0.320475 0 0 0 -0.186      0  0.086 -0.129914 -0.374611 -0.014691  0.000227599 -0.000202866  0.000345539 0.00559691 0.00767191 -0.0144423 -0.0616163 -0.0999083    -9.8083 
               153.2 -0.213088 -0.732993  -98.1328   31.8559   1.38043 -0.316359 0 0 0 -0.186      0  0.086  -0.209424  -0.395883 -0.0384543 -0.000311468 -0.000171006  0.000287072 0.00647263 0.00781417  -0.014759 -0.0614273  -0.099584    -9.8083 
             153.301 -0.0953802   -1.27712   -98.2693   31.8338   1.34204 -0.308368 0 0 0 -0.186      0  0.086  -0.156524  -0.550092 -0.0473927  5.15339e-05 -3.17222e-05  0.000443736 0.00682137 0.00864377 -0.0158788 -0.0616167  -0.099245    -9.8083 
               153.4 -0.049381 -0.998241  -97.9513   31.8456   1.31794 -0.330413 0 0 0 -0.186      0  0.086 -0.0405255   -0.47833  0.0545859 -0.000366797 -0.000306709  0.000160433 0.00978254 0.00672013 -0.0143547 -0.0601648 -0.0988064   -9.80832 
               153.5 -0.135094  -1.34753  -98.2471   31.8157   1.26527 -0.293747 0 0 0 -0.186      0  0.086 -0.0372401  -0.393562   0.110377 0.000143017  5.9619e-05 0.000330158 0.00824113 0.00913769 -0.0168708 -0.0613984 -0.0986476   -9.80831 
             153.601 -0.0854186   -1.20135   -98.0471   31.8032   1.21847 -0.300723 0 0 0 -0.186      0  0.086 -0.0554765  -0.484723  0.0359207 -0.000356004 -1.54997e-05    0.0003226 0.00769834 0.00966269 -0.0158528 -0.0617056 -0.0986885   -9.80831 
               153.7 0.322706  -1.4619 -98.0746   31.8001   1.14765 -0.297528 0 0 0 -0.186      0  0.086 -0.0799285  -0.603948  0.0758341 -0.000274218  3.72382e-06  0.000255014 0.00678386 0.00912126 -0.0157317 -0.0617754 -0.0991262    -9.8083 
               153.8 -1.07005 -1.00416 -98.2884    31.786   1.08043 -0.296014 0 0 0 -0.186      0  0.086 -0.0309832  -0.441666  0.0859627   3.4709e-05 -0.000173083  0.000409761 0.00542694 0.00982498 -0.0152384 -0.0623634 -0.0993787    -9.8083 
             153.901 -0.679304  -1.09533  -98.1501   31.8003   1.05099 -0.298818 0 0 0 -0.186      0  0.086  0.026206 -0.343335 0.0190449 -0.000195413 -0.000152972   0.00026993 0.00650469 0.00857412  -0.014511 -0.0616639 -0.0993687    -9.8083 
                 154 -0.604147  -1.01308  -98.2307   31.7918   1.00185 -0.297781 0 0 0 -0.186      0  0.086  0.0302298  -0.466439 -0.0130303 -0.000139916 -0.000150865  0.000347546 0.00541553 0.00947911 -0.0146152 -0.0622472 -0.0994779    -9.8083 
               154.1 -0.681772 -0.979297  -98.1513  31.7866 0.942037 -0.29666 0 0 0 -0.186      0  0.086  -0.0105287   -0.629113 -0.00571632   3.7167e-05 -0.000119458  0.000340849 0.00486432    0.01022 -0.0148038 -0.0626335 -0.0994582    -9.8083 
             154.199 -0.850781 -0.965374  -98.1829   31.7812  0.882708 -0.290021 0 0 0 -0.186      0  0.086 -0.00413165   -0.502109   0.0615558  0.000166024 -6.69647e-05  0.000325412 0.00449662   0.010761 -0.0149031 -0.0629052 -0.0994332   -9.80829 
               154.3  -1.47145 -0.211749  -98.1233  31.7777 0.852286 -0.30264 0 0 0 -0.186      0  0.086 -0.012254 -0.452585 -0.032638  0.000304748 -0.000239541  0.000288546 0.00561237   0.011492 -0.0136183 -0.0628346 -0.0988985    -9.8083 
               154.4   -1.087 0.157986 -98.0114   31.7772  0.811414 -0.315652 0 0 0 -0.186      0  0.086 -0.0549698  -0.593007 -0.0638253  7.61812e-05 -0.000198486  0.000222922 0.00632689  0.0113976 -0.0130005 -0.0626119 -0.0987004    -9.8083 
             154.501 -0.559324  0.431895  -97.9813   31.7776  0.775846 -0.322348 0 0 0 -0.186      0  0.086 0.00263768  -0.415598 -0.0570728 -0.000136843 -0.000299987  0.000204462 0.00773508  0.0114075 -0.0126367 -0.0622424 -0.0982554   -9.80831 
               154.6 -0.294316   1.19152  -97.9706   31.7658  0.736624 -0.312977 0 0 0 -0.186      0  0.086 -0.0919076  -0.302851 -0.0173571 -0.000236295 -0.000321183  0.000190141 0.00719058  0.0124499 -0.0133013 -0.0627201 -0.0981589   -9.80831 
               154.7 -0.357124  0.897807  -98.0857    31.756  0.703124 -0.308023 0 0 0 -0.186      0  0.086 -0.0484346  -0.422416  0.0417123  0.000144918 -0.000184886  0.000244052 0.00709148  0.0134258 -0.0139115 -0.0630594 -0.0979421   -9.80831 
             154.799 -1.24095 0.943428 -97.9882   31.7594  0.660786 -0.329473 0 0 0 -0.186      0  0.086 -0.0119296  -0.546149 -0.0608701  1.57405e-05 -0.000256159  0.000162957 0.00771818  0.0129636 -0.0124187  -0.062739 -0.0978582   -9.80831 
               154.9 0.0409084   1.19308  -97.9412   31.7285   0.60277 -0.321814 0 0 0 -0.186      0  0.086 -0.0265326   -0.39758  0.0832901 -0.000260971 -0.000348479  0.000210814 0.00645052  0.0155535 -0.0128917 -0.0638891 -0.0976018   -9.80831 
                 155 -1.23847  1.37022   -97.89    31.716  0.569268 -0.308403 0 0 0 -0.186      0  0.086 -0.129911 -0.451133 0.0585673 -1.78125e-05 -0.000314131  0.000212717 0.00677028  0.0160808 -0.0135431 -0.0639786 -0.0973737   -9.80831 
               155.1  1.05827  0.38566 -97.8273   31.7108  0.513571 -0.312875 0 0 0 -0.186      0  0.086   -0.192717   -0.548998 -0.00547267 -0.000723142   0.00014622 -2.24295e-05 0.00659737  0.0146755 -0.0129266 -0.0635752  -0.097775   -9.80831 
               155.2 -0.767326   1.43226  -98.0691   31.6702  0.460397 -0.301149 0 0 0 -0.186      0  0.086 -0.164137 -0.443703 0.0910182 -0.000416377 -0.000171583  0.000222061 0.00620823  0.0168003 -0.0135849 -0.0643482 -0.0973696   -9.80831 
             155.301 -1.32106   1.2027 -98.1169   31.6625  0.423331 -0.305919 0 0 0 -0.186      0  0.086 -0.0242989   -0.33611  0.0424816 -0.000282991 -7.81981e-05  8.21836e-05 0.00631055  0.0166338 -0.0127492   -0.06426 -0.0973719   -9.80831 
             155.402 -0.0254254   0.905747   -99.0719   31.6802  0.401831 -0.307947 0 0 0 -0.186      0  0.086   0.186178  -0.321003 -0.0133974 -0.000394505  6.15842e-05 -7.34128e-05 0.00724071  0.0157943 -0.0124448 -0.0637589 -0.0972919   -9.80831 
             155.501  1.11317  1.04371 -101.416   31.6944  0.396105 -0.310229 0 0 0 -0.186      0  0.086  0.265047 -0.381366 0.0555521 -0.000473499  6.46076e-05  4.11268e-05 0.00896726  0.0174318 -0.0123141 -0.0638274 -0.0963524   -9.80832 
             155.602  1.44539  1.02617 -105.663  31.7012  0.35792 -0.29081 0 0 0 -0.186      0  0.086  0.190808  -0.30803 0.0855963 -0.000269074  8.38516e-05   0.00051184  0.0083068  0.0187744 -0.0131549 -0.0644204 -0.0962183   -9.80832 
             155.702 -0.0580176    1.34337   -110.174   31.6781  0.309889 -0.274335 0 0 0 -0.186      0  0.086 -0.00645206   -0.218929    0.120066 0.000586184 0.000286407 0.000841415 0.00579407   0.022069 -0.0142679 -0.0660911 -0.0961049   -9.80831 
               155.8 0.602645  1.27061 -115.536   31.6348  0.266189 -0.288193 0 0 0 -0.186      0  0.086  -0.271241  -0.444961 0.00575198 0.000502036 0.000124936  0.00102394 0.00389041  0.0249196  -0.012918 -0.0674208 -0.0958524    -9.8083 
             155.899  2.04546  1.43436 -118.238   31.5828  0.191039 -0.305653 0 0 0 -0.186      0  0.086  -0.528967   -0.60774 -0.0434586 -0.000401839 -7.71394e-05  0.000700441 0.00202515  0.0255532 -0.0117327 -0.0681081 -0.0961809   -9.80829 
             155.997 -1.05073  1.04642 -120.434   31.5213   0.13731 -0.323594 0 0 0 -0.186      0  0.086   -0.462474   -0.451231 -0.00362691 0.000563864 0.000293315 0.000483269 0.00135933  0.0269532 -0.0105845 -0.0686644 -0.0959013   -9.80829 
             156.097 -0.730196   1.42719  -121.852   31.467 0.111616 -0.34095 0 0 0 -0.186      0  0.086  -0.450735   -0.31585 -0.0640789 0.000520717 0.000191929 0.000474071  0.00163167   0.0283638 -0.00955774 -0.0689148 -0.0953467   -9.80829 
             156.198 -0.595913   1.61026  -122.185   31.4349 0.0973113 -0.359263 0 0 0 -0.186      0  0.086  -0.416421  -0.307534 -0.0370171 0.000184552 0.000223877 0.000293079   0.0033302   0.0278888 -0.00894418 -0.0682196 -0.0951196    -9.8083 
             156.297 -0.165563   1.92375   -121.96   31.3959 0.0608347 -0.368601 0 0 0 -0.186      0  0.086  -0.488176  -0.362002 -0.0646607 -0.000430148  6.41868e-05  0.000196662  0.00390907   0.0267944 -0.00871856 -0.0677651 -0.0953924    -9.8083 
               156.4 0.482512  1.54289 -121.577   31.3493 0.0177057  -0.35676 0 0 0 -0.186      0  0.086 -0.287168 -0.288619  0.122626 -0.000485128  0.000231669  0.000197117  0.00298859    0.026562 -0.00931618 -0.0680549 -0.0956749    -9.8083 
               156.5 -0.44293  2.47762 -122.006    31.3295 -0.0247953  -0.354121 0 0 0 -0.186      0  0.086   -0.30656  -0.338614 0.00308086 -0.000204811  8.66388e-05  0.000324984  0.00293832   0.0249332 -0.00943073 -0.0677327 -0.0962888   -9.80829 
             156.601  1.24378  2.64934 -122.019    31.3183 -0.0539617  -0.359777 0 0 0 -0.186      0  0.086   -0.35826  -0.355995 -0.0623809 -0.000981269  0.000282923  0.000136097 0.00465923  0.0231705 -0.0092073 -0.0667306  -0.096591    -9.8083 
             156.702  1.45267  2.34921 -121.776   31.2885  -0.10419 -0.354086 0 0 0 -0.186      0  0.086 -0.290993  -0.32128 0.0591081 -0.000855201   0.00031394  0.000156678  0.00422209    0.022287 -0.00966296 -0.0667229 -0.0970074   -9.80829 
             156.802 -2.27259   2.5395 -122.652   31.2465 -0.141616 -0.322723 0 0 0 -0.186      0  0.086 -0.250229 -0.282374 0.0748251 0.000139555 0.000229824 0.000406929 0.00289009   0.023187 -0.0114488 -0.0674412 -0.0969647   -9.80829 
             156.901 -0.123635   1.74141  -122.203   31.2237 -0.171587 -0.314989 0 0 0 -0.186      0  0.086 -0.199148  -0.34488 0.0441257 -0.000348635  0.000459132  0.000207282 0.00284283  0.0232304 -0.0115034 -0.0674688  -0.096959   -9.80829 
             157.001 0.0784661   1.55851  -122.081   31.2049 -0.217295 -0.325149 0 0 0 -0.186      0  0.086 -0.203839 -0.535124 0.0237529 -0.000243577  0.000297536   0.00025516 0.00274751  0.0230151 -0.0106631 -0.0674422 -0.0970438   -9.80829 
               157.1 -0.132239   1.14114  -122.189   31.1931  -0.27065 -0.321827 0 0 0 -0.186      0  0.086 -0.106591 -0.448367 0.0454445 -0.000279329  0.000217649  0.000227193 0.00293857  0.0224508 -0.0104859 -0.0672546 -0.0972073   -9.80829 
               157.2 -1.38471  1.60785 -122.225    31.168 -0.309976 -0.313177 0 0 0 -0.186      0  0.086 -0.105762  -0.39565 0.0338641 2.63293e-05 0.000162441 0.000288253 0.00212391  0.0238257 -0.0108686 -0.0678386 -0.0968775   -9.80829 
             157.301 -0.446595   1.54349  -122.075   31.1534 -0.353899 -0.327693 0 0 0 -0.186      0  0.086  -0.188752  -0.507772 -0.0414661 -0.000398718  0.000104019  0.000233251 0.00208129  0.0238804 -0.0100174 -0.0678486 -0.0968559   -9.80829 
               157.4 0.057052  1.53208 -122.152   31.1371 -0.409121 -0.342368 0 0 0 -0.186      0  0.086   -0.185264   -0.506365 -0.00522278 -0.000695768  7.69443e-05  0.000228161  0.00229647   0.0235088 -0.00942724 -0.0676847 -0.0969395   -9.80829 
             157.501 -1.05251  1.46764 -122.301   31.1043 -0.470044 -0.340517 0 0 0 -0.186      0  0.086 -0.116893 -0.364629 0.0707392 -0.000416122  0.000113313   0.00028393  0.00034153   0.0240916 -0.00968078 -0.0685209 -0.0971183   -9.80828 
             157.601 -0.783408   1.52082  -122.357   31.0811 -0.512915 -0.335587 0 0 0 -0.186      0  0.086  -0.112477  -0.405818 -0.0544029 -0.000714575  6.30213e-05  0.000216279 -0.000647348    0.0242725   -0.0100441 -0.0689236  -0.097252   -9.80828 
               157.7  1.40735  1.72841 -121.745   31.0553 -0.561386 -0.337324 0 0 0 -0.186      0  0.086  -0.233113  -0.519484 -0.0327531  -0.00110319 -5.99935e-05  0.000189505 -0.00135727   0.0249554  -0.0102307 -0.0693204 -0.0971511   -9.80827 
             157.801 -0.444879   1.60108  -122.436     31.04 -0.621457 -0.347898 0 0 0 -0.186      0  0.086 -0.211851 -0.574347  0.045965 -0.000545796  4.69054e-05   0.00029917 -0.00104529   0.0241966 -0.00981274 -0.0690496 -0.0973539   -9.80827 
             157.901  1.31825  2.05567 -121.901   31.0183 -0.669635  -0.34641 0 0 0 -0.186      0  0.086 -0.190906  -0.44095  0.045119 -0.000865109  -8.7404e-05  0.000167605  -0.0011165   0.0244697 -0.00972663  -0.069128 -0.0972707   -9.80827 
                 158 0.0123418   1.86142  -122.224   31.0031 -0.705825 -0.363014 0 0 0 -0.186      0  0.086  -0.226286   -0.39833 -0.0379368 -0.000590607  0.000201894  0.000231587 -0.000503357    0.0242471   -0.0084986 -0.0688405 -0.0972183   -9.80828 
               158.1 -1.46923  1.63067 -122.149   30.9559 -0.740233 -0.345022 0 0 0 -0.186      0  0.086    -0.406066    -0.520668 -0.000975823 2.14723e-05 0.000681568 0.000210986 -0.000813397    0.0260302   -0.0102274 -0.0693394   -0.09667   -9.80828 
             158.201 -0.666342   2.33125  -122.013   30.9115 -0.785352 -0.324645 0 0 0 -0.186      0  0.086 -0.334703  -0.36249  0.108375 -0.000355271  0.000241222  0.000209621 -0.00100293     0.02634  -0.0111338 -0.0694861 -0.0966074   -9.80828 
               158.3 -0.382415   2.27472  -122.222    30.876 -0.816033 -0.322251 0 0 0 -0.186      0  0.086 -0.325943 -0.251168 0.0492618 -0.000275564  0.000383748  0.000289465 -0.00132837   0.0266299  -0.0104902 -0.0696465 -0.0965634   -9.80828 
               158.4 -0.370169   2.33392  -121.963   30.8413 -0.854493 -0.342901 0 0 0 -0.186      0  0.086   -0.27507  -0.392219 -0.0387159 9.53968e-05 0.000337354  0.00016162 -0.00201379    0.026732 -0.00900795 -0.0698807 -0.0966445   -9.80827 
               158.5 -0.670618   2.14918  -122.323   30.8104 -0.917098 -0.355853 0 0 0 -0.186      0  0.086  -0.361778  -0.557248 -0.0558109 -5.18987e-05  0.000392588  0.000320933  -0.0027469   0.0257918 -0.00857363 -0.0699466 -0.0971054   -9.80827 
               158.6  -1.3166  1.55244 -122.231   30.7735 -0.973003 -0.362686 0 0 0 -0.186      0  0.086  -0.218166  -0.457303 0.00774545 0.000152879 0.000487226 0.000243992 -0.00336209   0.0260933 -0.00823598 -0.0702157  -0.097116   -9.80827 
               158.7 -2.31005   1.7285 -122.243   30.7465  -1.01575 -0.344085 0 0 0 -0.186      0  0.086 -0.127149 -0.438241 0.0257696 0.000500887 0.000615597 0.000291626   -0.00386  0.0268781 -0.0096195 -0.0705687 -0.0969608   -9.80827 
               158.8 -1.70842  1.77313  -122.29   30.7274  -1.06914 -0.356363 0 0 0 -0.186      0  0.086   -0.16335  -0.590742 -0.0351023 0.000190078 0.000346894 0.000273559 -0.00431534    0.026957 -0.00893613  -0.070732 -0.0970115   -9.80827 
               158.9 -0.0500556    1.69346   -122.209   30.7199  -1.11859 -0.374256 0 0 0 -0.186      0  0.086 -0.0798155  -0.507862  0.0398093 -0.000407952  0.000340801  0.000197489 -0.00341953   0.0267306 -0.00769658 -0.0703577 -0.0968991   -9.80827 
             159.001 -2.17979  1.46467 -122.148   30.6942  -1.15762 -0.363978 0 0 0 -0.186      0  0.086 -0.0464727   -0.36657  0.0473627 -0.000111592  0.000404229  0.000241755 -0.00416644   0.0282585 -0.00820764   -0.07092 -0.0965289   -9.80827 
               159.1 -0.35867  1.68499 -121.975   30.6826  -1.17996 -0.366698 0 0 0 -0.186      0  0.086   -0.109922   -0.365235 -0.00398349 -0.000545022  0.000337016   0.00023351 -0.00379836   0.0292891  -0.0079058 -0.0709877 -0.0961048   -9.80827 
             159.201 -1.7247 1.68203 -122.28   30.6652  -1.21131 -0.372021 0 0 0 -0.186      0  0.086  -0.139582  -0.514716 -0.0747637 -8.0255e-05 0.000345263 0.000306155 -0.00356521   0.0303258 -0.00773734 -0.0711054 -0.0957074   -9.80828 
             159.301 -0.591817   1.65058  -121.983   30.6463  -1.26343 -0.361602 0 0 0 -0.186      0  0.086 -0.124859 -0.432727 0.0577714 -0.000467385  0.000335843  0.000255171 -0.00385892   0.0304966  -0.0087889 -0.0712539   -0.09572   -9.80827 
               159.4 -0.444841   1.68773  -122.003   30.6229  -1.30738 -0.353924 0 0 0 -0.186      0  0.086 -0.144213 -0.347335 0.0339654 -0.000454912  0.000334709  0.000212846  -0.0047291   0.0309376 -0.00896285 -0.0716407 -0.0957386   -9.80827 
               159.5 -1.75202  1.61463 -122.239   30.5846  -1.35288 -0.351628 0 0 0 -0.186      0  0.086  -0.285943  -0.391781 -0.0503872 -4.25033e-05  0.000376308   0.00028752 -0.00633458   0.0319077 -0.00906011 -0.0723793 -0.0957177   -9.80827 
             159.601 -1.67952  1.47827 -122.247   30.5402  -1.40227 -0.343661 0 0 0 -0.186      0  0.086 -0.353992 -0.448123 0.0845553 -0.000160438   0.00041407  0.000291069 -0.00712555   0.0324161 -0.00968015 -0.0727559 -0.0957047   -9.80826 
               159.7 -0.621802   1.43695  -122.246  30.5127 -1.44115 -0.33867 0 0 0 -0.186      0  0.086 -0.238277 -0.347595 0.0918103 -0.000684893  0.000174444  0.000304797 -0.00697397   0.0321137 -0.00920218 -0.0726399 -0.0957709   -9.80826 
               159.8 -0.00555587     1.31509     -122.09   30.4912  -1.45801 -0.335397 0 0 0 -0.186      0  0.086 -0.211124  -0.31341 0.0152095 -0.000818205  0.000345941  0.000224118  -0.0061778   0.0327177 -0.00903275 -0.0724829 -0.0954192   -9.80827 
             159.901 -0.186133   1.33004    -122.2   30.4696  -1.48604 -0.334932 0 0 0 -0.186      0  0.086  -0.245993  -0.435759 -0.0203179 -0.000657627  0.000265549  0.000274943 -0.00577111   0.0331232 -0.00907714 -0.0724231 -0.0952095   -9.80827 
                 160 -0.285354  0.954636  -122.233   30.4475  -1.52259 -0.345816 0 0 0 -0.186      0  0.086  -0.18628  -0.39186 0.0661064 -0.000650311  0.000305302  0.000274289 -0.00531938   0.0332822 -0.00839715 -0.0722915 -0.0950657   -9.80827 
               160.1 0.985899  1.30693 -122.272   30.4296   -1.5474 -0.358444 0 0 0 -0.186      0  0.086 -0.153776 -0.275981 0.0102526 -0.000972881  0.000111701   0.00023397 -0.00499089   0.0335951 -0.00708374 -0.0722213 -0.0948895   -9.80828 
               160.2 -0.165024   1.44517  -122.108  30.3999 -1.58146 -0.34877 0 0 0 -0.186      0  0.086  -0.228228  -0.324007 -0.0319696 -0.000762082  0.000159636  0.000215729 -0.00584979   0.0341598 -0.00789066 -0.0726283 -0.0948695   -9.80827 
               160.3 -0.615534  0.825563  -122.074  30.3627 -1.62593 -0.34531 0 0 0 -0.186      0  0.086  -0.307724  -0.410772 -0.0202954 -0.000489138  0.000432716  0.000178805 -0.00666549   0.0345682 -0.00818635 -0.0729828 -0.0948886   -9.80827 
               160.4 -2.48881 0.594826 -122.288  30.3269 -1.67194 -0.31761 0 0 0 -0.186      0  0.086 -0.172877 -0.329311  0.119917 0.000186982  0.00061262  0.00020512 -0.00773091   0.0350907 -0.00984498  -0.073463 -0.0949249   -9.80827 
               160.5 -1.06836   1.1847 -122.236   30.3023  -1.70848 -0.318807 0 0 0 -0.186      0  0.086 -0.100452 -0.331277 0.0382422 -0.000478829  0.000235964  0.000270981 -0.00847761   0.0354759 -0.00911081 -0.0737722 -0.0949329   -9.80826 
               160.6 -0.92589 0.663161 -122.081   30.2898  -1.74781 -0.330468 0 0 0 -0.186      0  0.086 -0.0568699  -0.484938 -0.0303803 -0.000298249  0.000523127   0.00023843 -0.00885293   0.0356904 -0.00823588 -0.0739255 -0.0949263   -9.80826 
             160.701 -1.10576 0.218161 -122.172   30.2823  -1.80696 -0.332516 0 0 0 -0.186      0  0.086 -0.0354544   -0.54927 0.00816765 -0.000169915  0.000406778   0.00033653 -0.00911039   0.0358782 -0.00815373 -0.0740445 -0.0949124   -9.80826 
               160.8 -0.693912  0.809113  -122.276   30.2791  -1.84964 -0.342963 0 0 0 -0.186      0  0.086 -0.00784911   -0.438695  -0.0690283 -0.000290365  0.000244551  0.000288019 -0.00894754   0.0363602 -0.00741918 -0.0740737 -0.0947222   -9.80826 
               160.9 -1.07673 0.237536 -122.009   30.2647   -1.8955 -0.338318 0 0 0 -0.186      0  0.086 -0.0751849  -0.489861 -0.0617191 -0.000204817  0.000455444  0.000178759 -0.00962731   0.0371634 -0.00827724 -0.0744531 -0.0945953   -9.80826 
             161.001 -0.829973 0.0525592   -122.04   30.2455  -1.94772 -0.352192 0 0 0 -0.186      0  0.086  -0.229281  -0.644791 -0.0498271 -0.000369244   0.00035835  0.000215787 -0.00961151   0.0376597 -0.00784272 -0.0745368 -0.0944307   -9.80826 
               161.1  -1.18403 0.0111486  -122.133   30.2174  -2.00392 -0.340082 0 0 0 -0.186      0  0.086 -0.184153  -0.45889  0.038239 -0.000224189  0.000312273  0.000214743 -0.00995086   0.0381597 -0.00889008 -0.0747472 -0.0943405   -9.80826 
               161.2  -1.24965 0.0643682  -122.137   30.1821  -2.04593 -0.322361 0 0 0 -0.186      0  0.086 -0.218573 -0.378182 0.0313183 -7.05975e-05    0.0002949  0.000310578   -0.010821   0.0393979 -0.00994791 -0.0752656 -0.0941121   -9.80826 
             161.301  -1.36392 0.0536792  -122.157   30.1511   -2.0846 -0.322576 0 0 0 -0.186      0  0.086  -0.297874  -0.450482 -0.0223803 -4.85379e-05  0.000265873  0.000275599   -0.011092   0.0398837 -0.00987364 -0.0754428 -0.0940072   -9.80826 
               161.4 -0.367572 -0.594458  -122.048   30.1132  -2.13344 -0.316848 0 0 0 -0.186      0  0.086  -0.33742 -0.503508 0.0611284 -0.000390787    0.0004935  0.000239317 -0.0111821  0.0401714 -0.0102004 -0.0755266 -0.0939345   -9.80826 
               161.5  -0.492162 0.00956006   -122.186   30.0724  -2.17662 -0.304745 0 0 0 -0.186      0  0.086 -0.253452 -0.369852 0.0860198 -0.000251151  0.000303629  0.000264215 -0.0117193  0.0409739 -0.0105671 -0.0758489 -0.0937807   -9.80826 
             161.601 -0.603286 0.0888989  -122.026   30.0436    -2.215 -0.315853 0 0 0 -0.186      0  0.086  -0.210675  -0.340287 -0.0331989 -0.000269724  0.000327663  0.000230432   -0.012155   0.0411538 -0.00954905 -0.0760168 -0.0937998   -9.80826 
               161.7  -1.20926 -0.215494  -122.095   30.0106  -2.24744 -0.324496 0 0 0 -0.186      0  0.086  -0.285719  -0.405334 -0.0679574 1.87425e-05 0.000534132 0.000266366  -0.0125091    0.041908 -0.00944979 -0.0762679 -0.0936274   -9.80826 
               161.8  -1.03871 -0.572673  -122.093   29.9731  -2.28026 -0.338688 0 0 0 -0.186      0  0.086 -0.303213 -0.434654 0.0114573 -7.87795e-06  0.000453753  0.000243799  -0.0122313   0.0426698 -0.00867402 -0.0763147  -0.093339   -9.80826 
               161.9 -0.713286 -0.642284  -121.966   29.9407  -2.31756 -0.329095 0 0 0 -0.186      0  0.086  -0.186399  -0.326158 0.00883987 -6.52291e-05  0.000477323  0.000237689  -0.0126356   0.0433185 -0.00928221 -0.0765644 -0.0932109   -9.80826 
                 162 -0.951635  -0.97248   -121.98   29.9318  -2.34373 -0.320465 0 0 0 -0.186      0  0.086   -0.10237    -0.3608 -0.0444252 0.000103201 0.000663329 0.000218859 -0.0120369  0.0432905  -0.010101 -0.0763735 -0.0931135   -9.80826 
               162.1 -0.699328  -1.09328   -122.05   29.9206  -2.38411 -0.303046 0 0 0 -0.186      0  0.086 -0.0778878  -0.527495  0.0412226 -0.000204077  0.000504427  0.000263012 -0.0119679  0.0435423 -0.0116354 -0.0764027 -0.0930243   -9.80826 
               162.2 -1.15544 -1.29134 -122.149   29.9185  -2.43321 -0.296608 0 0 0 -0.186      0  0.086 0.0285759 -0.441646  0.124052 -0.000196831   0.00040376  0.000269842 -0.0118486  0.0434786 -0.0113331  -0.076353 -0.0930229   -9.80826 
               162.3  -1.23872 -0.600951  -122.107   29.9118  -2.47121 -0.276319 0 0 0 -0.186      0  0.086 0.0104567 -0.413594 0.0992966 -0.00029871 0.000356717 0.000268352  -0.012127  0.0443773 -0.0121553 -0.0766038  -0.092796   -9.80826 
             162.399 -0.426927 -0.591267  -122.153   29.8976  -2.50952 -0.290321 0 0 0 -0.186      0  0.086 -0.0963155  -0.497721 -0.0185835 -0.000649999  0.000272364  0.000239635 -0.0123683  0.0453305 -0.0106863 -0.0768507 -0.0925503   -9.80826 
               162.5  -1.05681 -0.661488  -122.133   29.8756  -2.55205 -0.305919 0 0 0 -0.186      0  0.086 -0.211438 -0.584529 0.0457141 -0.000299614  0.000336443  0.000231147  -0.0119723   0.0464625 -0.00977931 -0.0769313 -0.0921375   -9.80827 
               162.6     -1.11 -0.615229  -122.081   29.8433  -2.60891 -0.314088 0 0 0 -0.186      0  0.086   -0.1681 -0.421761 0.0211819 -0.000194078  0.000269274  0.000218036  -0.0129743   0.0471307 -0.00892835 -0.0773618 -0.0921124   -9.80826 
             162.701  -1.07623 -0.629033  -122.189   29.8226  -2.65281 -0.306851 0 0 0 -0.186      0  0.086 -0.142746 -0.369036 0.0149466 -0.000207663  0.000439258  0.000235627  -0.0134923   0.0472516 -0.00930794 -0.0775441  -0.092166   -9.80826 
               162.8 -0.815541 -0.634123      -122   29.7924  -2.69447 -0.303689 0 0 0 -0.186      0  0.086  -0.267007  -0.475353 -0.0382881 -0.000397921  0.000417496  0.000187186  -0.0141258   0.0479583 -0.00968959 -0.0778665 -0.0920631   -9.80826 
               162.9  -0.83937 -0.792107  -122.201   29.7503  -2.75099 -0.309869 0 0 0 -0.186      0  0.086 -0.275456 -0.492893  0.047576 -0.000279513  0.000438692   0.00028264  -0.0149892   0.0486387 -0.00932247 -0.0782529 -0.0920095   -9.80826 
             163.001 -0.0709471  -0.657873   -122.059   29.7231  -2.79388 -0.314281 0 0 0 -0.186      0  0.086  -0.194337  -0.370293 -0.0141358 -0.000475426  0.000317172  0.000195499 -0.0151429  0.0488655 -0.0088761 -0.0783395 -0.0919686   -9.80826 
               163.1  0.012184 -0.491147   -122.01   29.6994  -2.84028 -0.324889 0 0 0 -0.186      0  0.086  -0.174436  -0.365547 -0.0531066 -0.000679838  0.000295234  0.000235983  -0.0158666    0.048709 -0.00850937 -0.0785318 -0.0921417   -9.80825 
             163.201  0.394129 -0.549476  -121.981    29.675  -2.87787 -0.324333 0 0 0 -0.186      0  0.086  -0.292648  -0.452181 -0.0854046 -0.000750353  0.000311535  0.000218189  -0.0158912   0.0489478 -0.00914657  -0.078584 -0.0920739   -9.80825 
             163.301 0.0528825 -0.705101  -122.112   29.6402  -2.91646 -0.324049 0 0 0 -0.186      0  0.086 -0.273789 -0.403039  0.101524 -0.000706741  0.000338837  0.000240303  -0.0157232   0.0497314 -0.00933683 -0.0786728 -0.0918117   -9.80825 
               163.4 -0.535042 -0.566077  -122.112   29.6045  -2.94237 -0.314153 0 0 0 -0.186      0  0.086 -0.207823 -0.328401 0.0489528 -0.000649166  0.000315816  0.000241215  -0.0158573   0.0511003 -0.00956692 -0.0789566 -0.0914293   -9.80826 
               163.5 -0.199621  -0.58088  -122.022   29.5791  -2.97841 -0.288899 0 0 0 -0.186      0  0.086 -0.185521  -0.41591 0.0475705 -0.000442017  0.000373379  0.000209643 -0.0163018  0.0516644 -0.0112467 -0.0792005 -0.0913332   -9.80826 
               163.6 -0.721878 -0.634754   -122.12    29.566  -3.02657 -0.295631 0 0 0 -0.186      0  0.086   -0.17974  -0.520343 -0.0395617 -0.000371686  0.000244366  0.000251209 -0.0159983  0.0513616 -0.0105167 -0.0790513 -0.0913732   -9.80826 
               163.7 -0.244372  -1.12267  -121.987   29.5443  -3.06673 -0.283946 0 0 0 -0.186      0  0.086 -0.131517 -0.382579 0.0854474 -0.000159182  0.000565507   0.00021356 -0.0160475  0.0521433 -0.0109613  -0.079206 -0.0911506   -9.80826 
               163.8 -0.896762 -0.511298  -121.996   29.5292  -3.10053 -0.278638 0 0 0 -0.186      0  0.086 -0.163894 -0.316208 0.0540887 -5.51116e-05  0.000195086  0.000231084 -0.0160703  0.0522697 -0.0108953 -0.0792345 -0.0911179   -9.80826 
               163.9 -0.812836 -0.502069  -121.955   29.5054   -3.1247 -0.298704 0 0 0 -0.186      0  0.086  -0.336421  -0.321571 -0.0358881 -0.00030554 0.000296285 0.000180916  -0.0156668   0.0525471 -0.00933041 -0.0791538 -0.0909753   -9.80826 
                 164 -0.770134  -0.60935   -121.86   29.4536  -3.15159 -0.296754 0 0 0 -0.186      0  0.086 -0.340895 -0.259387 0.0751633 -0.000290363  0.000375919  0.000145392  -0.0161914   0.0538721 -0.00943586 -0.0795406 -0.0906799   -9.80826 
               164.1  -1.13867 -0.439865  -122.061   29.4156    -3.173 -0.302521 0 0 0 -0.186      0  0.086    -0.251141    -0.259497 -0.000485716 -7.27374e-05  0.000294612  0.000222344  -0.0164486   0.0547442 -0.00870731  -0.079765 -0.0904737   -9.80826 
               164.2   -1.1636 -0.766085   -122.13   29.3858  -3.20672 -0.299172 0 0 0 -0.186      0  0.086  -0.212151  -0.395706 -0.0316308 5.58084e-05 0.000424489 0.000228307  -0.0169497   0.0552122 -0.00916507 -0.0799954  -0.090423   -9.80826 
               164.3  -1.06487 -0.977061  -122.025   29.3628  -3.25451 -0.296311 0 0 0 -0.186      0  0.086 -0.154739 -0.498197  0.104084 5.76437e-05 0.000400618   0.0002274  -0.0170917   0.0553911 -0.00944028 -0.0800689 -0.0903952   -9.80826 
             164.399 -0.329815 -0.516849   -122.16   29.3404  -3.31072 -0.268182 0 0 0 -0.186      0  0.086 -0.0810753  -0.403381   0.138421 -5.56164e-05  0.000406591  0.000252645 -0.0182273  0.0557091 -0.0105624 -0.0804584 -0.0904943   -9.80825 
               164.5  -1.55732 -0.442955  -122.091   29.3263  -3.35518 -0.252321 0 0 0 -0.186      0  0.086 -0.0429194  -0.416444   0.121585 0.000267978 0.000396399 0.000196177 -0.0188501  0.0561549 -0.0108569 -0.0807173 -0.0904713   -9.80825 
               164.6 -0.415294 -0.821052   -122.06   29.3238  -3.40236 -0.258044 0 0 0 -0.186      0  0.086 -0.111799 -0.563129 0.0656661 -0.00035302 0.000513355 0.000183817  -0.0185685   0.0557107 -0.00972188  -0.080557 -0.0905515   -9.80825 
             164.701 -0.585725 -0.574179  -122.117    29.298  -3.46535 -0.242535 0 0 0 -0.186      0  0.086 -0.0827539  -0.554469   0.205429 -0.000408671  0.000308946  0.000198312   -0.019224   0.0563165 -0.00992229 -0.0808508  -0.090489   -9.80825 
               164.8  0.257505 -0.616658  -121.979   29.2636   -3.5251 -0.237323 0 0 0 -0.186      0  0.086 -0.131151 -0.442393  0.129533 -0.00088176 0.000329087 0.000234785  -0.0208524   0.0573173 -0.00902121 -0.0814902 -0.0904773   -9.80824 
               164.9  -1.12513 -0.660152  -122.147   29.2454  -3.56815 -0.247561 0 0 0 -0.186      0  0.086  -0.125928  -0.455221 0.00651265 -0.000150571  0.000513042  0.000216165  -0.0211596   0.0577418 -0.00774396 -0.0816481 -0.0904094   -9.80824 
             165.001  -1.23557 -0.668531  -122.061    29.216  -3.62108 -0.261587 0 0 0 -0.186      0  0.086  -0.163785  -0.557336 -0.0570716 -7.3472e-05 0.000496225 0.000220586 -0.0218041  0.0587275 -0.0068618 -0.0819979 -0.0902401   -9.80824 
               165.1 -0.637153 -0.418718  -122.179   29.1947  -3.66764 -0.258362 0 0 0 -0.186      0  0.086  -0.131418  -0.414146 -0.0265779 -0.000153378  0.000534773  0.000270183  -0.0220816   0.0592861 -0.00727371 -0.0821735 -0.0901287   -9.80824 
               165.2   -0.79731 -0.0595491   -122.072   29.1737  -3.71511 -0.266484 0 0 0 -0.186      0  0.086  -0.167583  -0.409709 -0.0780553 -0.000180334  0.000396168   0.00022046  -0.022742  0.0594712 -0.0070411 -0.0823921 -0.0901863   -9.80824 
             165.301 -0.932992 -0.492514  -122.109   29.1518  -3.74347 -0.287448 0 0 0 -0.186      0  0.086 -0.285232 -0.468345 -0.150554 -0.000153711  0.000570606   0.00020442 -0.0220979  0.0601559 -0.0062629 -0.0823215 -0.0898905   -9.80824 
               165.4  -1.10745 -0.604035  -122.181  29.1208 -3.77215 -0.29052 0 0 0 -0.186      0  0.086  -0.282518  -0.457325 0.00219387 -6.01994e-05   0.00061885  0.000236795  -0.0210594   0.0611008 -0.00681243  -0.082189 -0.0894576   -9.80825 
               165.5    -1.2258 -0.0467949   -122.151   29.0847  -3.81932 -0.277603 0 0 0 -0.186      0  0.086 -0.244332 -0.365632  0.030475 -0.000150643  0.000436367  0.000226764  -0.0218348   0.0615397 -0.00760349 -0.0824847 -0.0894628   -9.80825 
               165.6   -1.37565 -0.0971738   -122.108   29.0589  -3.86578 -0.266675 0 0 0 -0.186      0  0.086  -0.206764  -0.418548 -0.0169918  0.00012632 0.000616202 0.000198949  -0.0223903   0.0614584 -0.00839103 -0.0826303 -0.0895761   -9.80824 
               165.7  -1.43866 -0.106834  -122.037  29.0269 -3.91853 -0.25015 0 0 0 -0.186      0  0.086 -0.314736 -0.585386 0.0589795 0.000152685 0.000657885 0.000209734  -0.0229575    0.061883 -0.00974071  -0.082865 -0.0895531   -9.80824 
             165.801 -0.448876  0.144472   -122.08   28.9926  -3.98859 -0.246242 0 0 0 -0.186      0  0.086 -0.284073 -0.501117  0.127899 -0.000154016  0.000502074  0.000246076  -0.0236116   0.0615076 -0.00945424 -0.0829845 -0.0897616   -9.80824 
               165.9 -0.642375 0.0944513  -122.153   28.9829  -4.02102 -0.250564 0 0 0 -0.186      0  0.086 -0.148855 -0.375688  0.039912 -0.000222871  0.000635092  0.000186959  -0.0225256   0.0611336 -0.00852755 -0.0826167 -0.0896858   -9.80824 
                 166 -0.355969  0.799797  -122.116   28.9636  -4.04101 -0.243036 0 0 0 -0.186      0  0.086 -0.159306 -0.356328 0.0123419 -0.000478681  0.000433893  0.000212016  -0.0220019   0.0621372 -0.00889884 -0.0826395 -0.0893289   -9.80825 
             166.101 -0.387229  0.560027  -122.179  28.9521 -4.06137 -0.25457 0 0 0 -0.186      0  0.086  -0.260768  -0.449186 -0.0105077 -0.000373107   0.00058346  0.000187941  -0.0205965   0.0623458 -0.00809416 -0.0822815 -0.0890437   -9.80825 
               166.2 -0.0300399   0.423999   -122.061  28.9341 -4.10644   -0.234 0 0 0 -0.186      0  0.086 -0.161112 -0.333295  0.134817 -0.000671696  0.000584083  0.000165296 -0.0207554  0.0618524 -0.0089999 -0.0822491 -0.0892057   -9.80825 
               166.3 -0.320391  0.579353  -122.192   28.9079   -4.1415 -0.246158 0 0 0 -0.186      0  0.086 -0.141967 -0.346392 0.0324268 -0.000307919  0.000458351  0.000236106   -0.021418    0.062494 -0.00732382 -0.0825245 -0.0891333   -9.80825 
             166.401 0.220574 0.778804 -122.143   28.8799  -4.18705 -0.250154 0 0 0 -0.186      0  0.086  -0.219744  -0.501193 -0.0419688 -0.000617905  0.000451143  0.000255448  -0.0221731    0.062993 -0.00708318 -0.0828113 -0.0891189   -9.80825 
               166.5 -0.0740019    0.38357   -122.166   28.8542  -4.24422 -0.249903 0 0 0 -0.186      0  0.086 -0.158604 -0.445696  0.064428 -0.000646305   0.00053282  0.000221103  -0.022798  0.0630479 -0.0068972  -0.082989 -0.0892031   -9.80824 
               166.6 -0.719624  0.944405  -122.291   28.8241   -4.2925 -0.240485 0 0 0 -0.186      0  0.086 -0.176426 -0.393394  0.016791 -0.000356209  0.000556617  0.000244739  -0.0238031   0.0637141 -0.00720936 -0.0833749 -0.0891854   -9.80824 
             166.701 -0.79562 0.650716 -122.097   28.7954  -4.33477 -0.249163 0 0 0 -0.186      0  0.086  -0.263471  -0.438526 -0.0435594 -0.000317804  0.000576824  0.000198856  -0.0242148   0.0642184 -0.00659196 -0.0835616 -0.0891142   -9.80824 
               166.8 -0.433735  0.370826  -122.072   28.7665  -4.37558 -0.257015 0 0 0 -0.186      0  0.086    -0.36454   -0.553191 -0.00582023 -0.000449321  0.000683206  0.000204675  -0.0236433   0.0644478 -0.00624295 -0.0834404  -0.088962   -9.80824 
               166.9  -0.551174 -0.0687891   -121.967   28.7291  -4.42979 -0.251061 0 0 0 -0.186      0  0.086 -0.296762  -0.41792 0.0640557 -0.000434962   0.00062348  0.000147886 -0.0242085   0.064577 -0.0062396 -0.0836135 -0.0890167   -9.80824 
             167.001 -0.491629  -0.12684  -122.054   28.6994  -4.47338 -0.261893 0 0 0 -0.186      0  0.086  -0.274106  -0.393917 -0.0105613 -0.000253822  0.000625904  0.000172885  -0.0244415   0.0646216 -0.00528818 -0.0836732 -0.0890385   -9.80824 
               167.1 -0.633038 -0.173969  -122.006   28.6753  -4.50992 -0.266564 0 0 0 -0.186      0  0.086  -0.290812  -0.502765 -0.0459522 -0.000204871  0.000626857  0.000200553  -0.0239534   0.0647848 -0.00523479 -0.0835686 -0.0889189   -9.80824 
             167.199  -1.40169 -0.273062  -121.551   28.6462  -4.55542 -0.238164 0 0 0 -0.186      0  0.086 -0.236969 -0.399542  0.059765 0.000200858 0.000752329 4.20865e-05  -0.0239988   0.0649656 -0.00737118 -0.0836288 -0.0888828   -9.80824 
             167.299 -0.926753  0.208096  -120.181   28.6189   -4.5924 -0.213136 0 0 0 -0.186      0  0.086 -0.204189 -0.364282 0.0577576 -0.000406425   0.00063548  -7.7208e-05   -0.024184   0.0653714 -0.00871105 -0.0837538 -0.0888083   -9.80824 
               167.4  -1.81121 0.0710895  -120.151   28.5932   -4.6307 -0.213284 0 0 0 -0.186      0  0.086 -0.278815 -0.427996 0.0370085 -1.23336e-05  0.000612441  0.000174493   -0.024309   0.0655954 -0.00842553 -0.0838213 -0.0887696   -9.80824 
             167.501  -1.17312 -0.227585  -120.238   28.5669  -4.68132 -0.232469 0 0 0 -0.186      0  0.086 -0.325873 -0.468021 0.0354579 -0.000191203  0.000664247  0.000174852  -0.0240803   0.0648689 -0.00691521 -0.0836338 -0.0889158   -9.80824 
               167.6 -0.562923 -0.287741  -120.139   28.5405   -4.7058 -0.227031 0 0 0 -0.186      0  0.086 -0.241024 -0.339249  0.068868 -0.000364063  0.000617819  0.000172977  -0.0232668   0.0655028 -0.00680711 -0.0835282  -0.088626   -9.80824 
               167.7 0.0945659 -0.235156  -120.184   28.5242  -4.74145 -0.233966 0 0 0 -0.186      0  0.086  -0.230071  -0.405721 -0.0409635 -0.00052481 0.000648443 0.000144334    -0.02302   0.0649978 -0.00618102 -0.0833784 -0.0887109   -9.80824 
             167.801  0.390106 -0.630332  -120.191   28.4875  -4.79788 -0.232939 0 0 0 -0.186      0  0.086 -0.283019 -0.480245 0.0152958 -0.000600134  0.000691091  0.000170071  -0.0239555   0.0653225 -0.00659245 -0.0836719 -0.0887827   -9.80824 
               167.9 -0.672508 -0.677858  -120.317    28.454  -4.83766 -0.237822 0 0 0 -0.186      0  0.086  -0.209169   -0.35572 -0.0048703 -0.000144482  0.000616627  0.000159276  -0.0242882   0.0660983 -0.00607747  -0.083884 -0.0886453   -9.80824 
                 168 -0.368177  -0.88485   -120.12   28.4294  -4.86889 -0.247342 0 0 0 -0.186      0  0.086  -0.214267  -0.343391 -0.0374951 -0.000344744  0.000724831  0.000119044  -0.0242922   0.0665629 -0.00561496 -0.0839608 -0.0885324   -9.80824 
             168.101 -1.39443 -1.20232 -120.106   28.3928  -4.92123 -0.239297 0 0 0 -0.186      0  0.086   -0.30612     -0.509 -0.0165135 0.000177173  0.00079485 0.000139109 -0.0253379   0.066961 -0.0065445 -0.0842924 -0.0886031   -9.80824 
               168.2 -0.74199 -1.41534 -120.131    28.356  -4.98216 -0.242992 0 0 0 -0.186      0  0.086 -0.270767 -0.428995 0.0431287 -0.000205467  0.000743071  0.000151774 -0.0262136   0.066751 -0.0060097 -0.0844714 -0.0887974   -9.80823 
               168.3 -0.782996  -1.36764  -120.058   28.3252  -5.01517 -0.229854 0 0 0 -0.186      0  0.086 -0.265266 -0.351286 0.0285031 -0.000175096   0.00074529  0.000177111  -0.0261263   0.0673281 -0.00662322 -0.0845482 -0.0886412   -9.80824 
             168.401  -1.1058 -1.45039 -120.259   28.2958  -5.06224 -0.227472 0 0 0 -0.186      0  0.086   -0.292983   -0.485988 -0.00748021 6.56748e-05  0.00072318 0.000175411  -0.0265438   0.0671616 -0.00679486 -0.0846233  -0.088748   -9.80823 
               168.5 -0.900258  -1.54969  -120.133   28.2621  -5.11441 -0.237294 0 0 0 -0.186      0  0.086   -0.2257  -0.43287 0.0643697 -6.46283e-05  0.000636356  0.000144902  -0.0269592   0.0674453 -0.00579403 -0.0847703 -0.0887512   -9.80823 
               168.6  -2.1424 -1.06691 -120.206   28.2502  -5.14566 -0.215362 0 0 0 -0.186      0  0.086 -0.114893 -0.377328 0.0578159 0.000688977   0.0006752 0.000104087  -0.0263381   0.0676119 -0.00703495 -0.0846472 -0.0886047   -9.80823 
             168.701 -1.38518 -1.25557 -120.138   28.2366  -5.18427 -0.216211 0 0 0 -0.186      0  0.086 -0.174493 -0.439149 0.0304863 0.000123749 0.000653275 0.000121127  -0.0263061   0.0675872 -0.00671215 -0.0846356 -0.0886074   -9.80823 
               168.8 -1.60963 -1.37076 -120.181   28.2076  -5.23073 -0.234666 0 0 0 -0.186      0  0.086   -0.246059   -0.529997 -0.00129761 0.000373971 0.000573332 0.000152755  -0.0263701   0.0682611 -0.00526616 -0.0847651 -0.0884631   -9.80823 
               168.9 -1.99274 -1.26829 -120.197    28.182  -5.27406 -0.217808 0 0 0 -0.186      0  0.086 -0.127126 -0.431398 0.0733561 0.000352308 0.000596567  0.00017769   -0.026479   0.0689521 -0.00617479 -0.0849015 -0.0883117   -9.80823 
                 169 -1.63735 -1.20834 -120.215   28.1633  -5.30786 -0.211181 0 0 0 -0.186      0  0.086   -0.11658  -0.421533 0.00762265 0.000218915  0.00057958 0.000159127  -0.0263655   0.0697439 -0.00635669 -0.0850028 -0.0881047   -9.80824 
               169.1 -1.09382 -1.54034  -120.17    28.145  -5.36128 -0.210513 0 0 0 -0.186      0  0.086 -0.159314 -0.558211 0.0349049 -3.31837e-05  0.000723845  0.000181612  -0.0268495   0.0698843 -0.00644574 -0.0851412 -0.0881475   -9.80823 
               169.2 -0.99003 -1.78779 -120.171    28.124  -5.41383 -0.208621 0 0 0 -0.186      0  0.086 -0.0942193  -0.446383  0.0202862 -0.00010959 0.000713928 0.000147013 -0.0272152  0.0704801 -0.0060637 -0.0853277  -0.088065   -9.80823 
               169.3  -1.5191 -1.19261 -120.256   28.0928  -5.47352 -0.161202 0 0 0 -0.186      0  0.086 -0.133344 -0.419815 0.0706925 -9.59865e-05  0.000791024   0.00018905  -0.0290622   0.0714754 -0.00919741 -0.0859124 -0.0881113   -9.80823 
               169.4 -1.72202 -1.09211 -120.242   28.0704  -5.49853 -0.175587 0 0 0 -0.186      0  0.086   -0.21256  -0.450668 0.00253662 7.33753e-05 0.000677736 0.000142858  -0.0284281   0.0727028 -0.00769158 -0.0859677 -0.0877288   -9.80823 
             169.499 -1.49826 -1.08719 -120.242   28.0343  -5.52972 -0.183594 0 0 0 -0.186      0  0.086 -0.331434 -0.473678 0.0271716 -5.93476e-05  0.000699822  0.000155203  -0.0278991   0.0741233 -0.00683604 -0.0860753 -0.0873164   -9.80823 
               169.6 -0.809198  -0.64572  -120.094   28.0093  -5.55345 -0.174694 0 0 0 -0.186      0  0.086 -0.228162 -0.318847 0.0639933 -0.000257753  0.000705201  7.17229e-05 -0.0269794  0.0748275 -0.0069697 -0.0859706 -0.0870087   -9.80824 
               169.7   -1.0048 -0.346823  -120.231   27.9956  -5.57259 -0.206351 0 0 0 -0.186      0  0.086  -0.186558  -0.273199 -0.0283683 -0.000214596  0.000556805  0.000166185   -0.026186   0.0747347 -0.00450955 -0.0857774 -0.0869143   -9.80824 
             169.799  -1.74467 -0.369316  -120.196   27.9666  -5.60116 -0.248258 0 0 0 -0.186      0  0.086 -0.264399 -0.381462 -0.105468 -4.1292e-05  0.00063279 0.000180154  -0.0262628    0.075391 -0.00218815 -0.0859053 -0.0867792   -9.80824 
               169.9 -1.41032  0.15364 -120.171   27.9201  -5.65091 -0.243779 0 0 0 -0.186      0  0.086  -0.163465  -0.319114 -0.0437199 2.78841e-05 0.000761288 0.000154058  -0.0278769   0.0763673 -0.00314108 -0.0864378  -0.086801   -9.80824 
                 170 -1.48385  1.03231  -120.04   27.9062  -5.69007 -0.223327 0 0 0 -0.186      0  0.086  -0.115718  -0.293105 -0.0275669 -0.000161254  0.000658327  6.46084e-05  -0.0283504   0.0759139 -0.00484907 -0.0864765 -0.0869781   -9.80823 
             170.101 -0.556944   1.01987  -120.204   27.8809  -5.73287 -0.224977 0 0 0 -0.186      0  0.086  -0.234926  -0.439484 -0.0573117 -0.000717851  0.000716029  0.000157179  -0.0290242   0.0759559 -0.00510215   -0.08664 -0.0870725   -9.80823 
               170.2 -0.0220528    1.28604   -120.079    27.846   -5.7947 -0.211008 0 0 0 -0.186      0  0.086 -0.305857 -0.510847 0.0230056 -0.00109628 0.000857748  5.7677e-05 -0.0299687  0.0757819 -0.0064059  -0.086835 -0.0872612   -9.80823 
             170.301 0.315148   1.0103 -120.108   27.8274  -5.83544 -0.218763 0 0 0 -0.186      0  0.086 -0.175643 -0.381744 0.0333197 -0.00147035  0.00084142 9.64098e-05  -0.0295115   0.0753793 -0.00532885   -0.08666 -0.0872784   -9.80823 
             170.401 0.813197  1.68777 -120.257   27.8067  -5.86252 -0.231069 0 0 0 -0.186      0  0.086  -0.156262  -0.360587 -0.0889516 -0.00139635 0.000763652 7.02351e-05  -0.0292055   0.0759236 -0.00451293 -0.0866696 -0.0871041   -9.80823 
               170.5 0.385425   1.6388 -120.176   27.7853  -5.90708 -0.229327 0 0 0 -0.186      0  0.086   -0.20949  -0.505557 -0.0569037 -0.00119215  0.00078488 6.56956e-05  -0.0294528   0.0762967 -0.00522252 -0.0867922 -0.0870611   -9.80823 
             170.601  -0.6007  1.46281 -120.238   27.7649  -5.95916 -0.227517 0 0 0 -0.186      0  0.086  -0.191816  -0.362209 -0.0267386 -0.000561318  0.000848658  0.000104093  -0.0297777   0.0763229 -0.00522022 -0.0868702 -0.0871042   -9.80823 
             170.701 -0.46917  1.50893 -120.218   27.7486  -5.99323 -0.176685 0 0 0 -0.186      0  0.086  -0.21154 -0.307557 0.0350208 -0.00129715  0.00117495 7.10671e-05  -0.0297683   0.0763325 -0.00864288 -0.0869213 -0.0871215   -9.80823 
               170.8  -1.1617 0.942134 -120.363   27.7347   -6.0171 -0.172274 0 0 0 -0.186      0  0.086 -0.246233 -0.377934 0.0565241 -0.000300533  0.000987807  0.000109454  -0.0288809    0.076357 -0.00824773 -0.0867178 -0.0869801   -9.80823 
               170.9 -1.63648  1.56697 -120.507   27.6992  -6.05551 -0.194151 0 0 0 -0.186      0  0.086 -0.297015 -0.446212  0.114657 -0.00041177 0.000870152  0.00017165  -0.0289067   0.0768663 -0.00645163 -0.0867734 -0.0868577   -9.80823 
                 171  -1.5321 0.926063 -120.579   27.6617  -6.09556 -0.188634 0 0 0 -0.186      0  0.086 -0.225087   -0.3347  0.118724 -0.000568587     0.001089  0.000119021 -0.0294512  0.0774762  -0.005929 -0.0869824 -0.0867984   -9.80823 
               171.1 -0.940568   1.46012   -120.31   27.6343  -6.14927 -0.190385 0 0 0 -0.186      0  0.086 -0.212155  -0.42785 0.0225518 -0.000853652  0.000818151  4.76089e-05 -0.0305385  0.0770184 -0.0053239 -0.0871473 -0.0870566   -9.80823 
             171.201 -1.34169  1.05307 -120.289   27.6067  -6.21407 -0.209511 0 0 0 -0.186      0  0.086  -0.198563  -0.600667 -0.0608017 -0.000488317  0.000849145  0.000126758  -0.0313588    0.076894 -0.00417749 -0.0872976 -0.0871947   -9.80822 
               171.3 -0.71932 0.471055 -120.403   27.5935  -6.27489 -0.205594 0 0 0 -0.186      0  0.086  -0.17074 -0.472235 0.0097916 -0.000872917  0.000983528  0.000120739  -0.0314227    0.076259 -0.00427923 -0.0872156 -0.0873461   -9.80822 
               171.4 -0.231037  0.951113  -120.161   27.5755  -6.31924 -0.199178 0 0 0 -0.186      0  0.086   -0.189811   -0.405844 -0.00586389 -0.00135207 0.000826035 4.74646e-05  -0.0314806   0.0763281 -0.00456233 -0.0872418 -0.0873422   -9.80822 
             171.499 -0.38889  1.02983 -120.279   27.5595  -6.35068 -0.202578 0 0 0 -0.186      0  0.086 -0.270645 -0.490017  -0.04425 -0.00108276 0.000952918 7.58093e-05  -0.0306977   0.0765093 -0.00446533 -0.0870948 -0.0871868   -9.80823 
               171.6 0.427324 0.804639 -120.125    27.528  -6.38166 -0.219248 0 0 0 -0.186      0  0.086     -0.2781   -0.392984 -0.00345198  -0.00143252  0.000951086 -3.74898e-06  -0.0299302   0.0770278 -0.00356581 -0.0869955 -0.0869534   -9.80823 
               171.7 0.682208  1.01717 -119.767   27.5028  -6.39613 -0.213211 0 0 0 -0.186      0  0.086 -0.252137 -0.251305 0.0136715  -0.00122775  0.000763907 -7.58816e-07  -0.0290249   0.0778436 -0.00363622 -0.0869208  -0.086644   -9.80823 
             171.799 0.233362  0.99437 -120.045   27.4873  -6.42965 -0.202428 0 0 0 -0.186      0  0.086  -0.251064  -0.374335 0.00685771 -0.000967902  0.000878492  2.15976e-05  -0.0288428   0.0771083 -0.00442622 -0.0867776 -0.0867824   -9.80823 
               171.9 0.291781 0.985115 -120.147   27.4488   -6.4781 -0.210518 0 0 0 -0.186      0  0.086 -0.338257 -0.432899  -0.01235  -0.0011981 0.000701039 8.96253e-05  -0.0293762   0.0773318 -0.00385929 -0.0869212 -0.0868087   -9.80823 
                 172 0.836442  0.69644   -120.2   27.4079  -6.52655 -0.185565 0 0 0 -0.186      0  0.086 -0.246209 -0.289251  0.099646 -0.00141502 0.000913591 1.92752e-05  -0.0303825   0.0776966 -0.00511569 -0.0872114 -0.0868826   -9.80823 
             172.101 -0.225965  0.734383  -119.874   27.3766  -6.56181 -0.174582 0 0 0 -0.186      0  0.086 -0.251259 -0.287009 0.0836296  -0.00125827  0.000819938 -3.92992e-05  -0.0309827   0.0779609 -0.00518991 -0.0873822 -0.0869134   -9.80823 
               172.2 -0.299719  0.887656  -120.239    27.348  -6.59208 -0.179125 0 0 0 -0.186      0  0.086 -0.335627 -0.375024 0.0247948 -0.000884425   0.00081939  6.57379e-05  -0.0309006   0.0780771 -0.00446588 -0.0873715 -0.0868747   -9.80823 
               172.3 -0.160742  0.590844  -120.035   27.2997  -6.63791 -0.182828 0 0 0 -0.186      0  0.086 -0.309931 -0.339254  0.138759 -0.00105089   0.0008724 1.42609e-05  -0.0318898   0.0786245 -0.00363729 -0.0876537 -0.0868992   -9.80822 
             172.401  0.54314 0.353584 -120.024   27.2673  -6.67444 -0.186137 0 0 0 -0.186      0  0.086 -0.285593 -0.324692 0.0263846 -0.00132233 0.000922839 8.59695e-05   -0.032239   0.0785755 -0.00262343 -0.0877061  -0.086958   -9.80822 
               172.5 -0.427084 -0.506236  -120.033   27.2492  -6.70836 -0.175297 0 0 0 -0.186      0  0.086    -0.245803    -0.459362 -0.000140046 -0.000632093   0.00104635 -2.07811e-05  -0.0317863   0.0781978 -0.00321779 -0.0875615 -0.0869737   -9.80822 
             172.601 -0.646716  -1.04512  -120.109  27.2255 -6.76999 -0.18562 0 0 0 -0.186      0  0.086 -0.261746 -0.520006 0.0679448 -0.000736754  0.000914948  5.40941e-05  -0.0321509   0.0774457 -0.00202329 -0.0875108 -0.0871839   -9.80822 
               172.7 0.389442 -1.00909 -120.089  27.2079 -6.81907  -0.1844 0 0 0 -0.186      0  0.086 -0.191891 -0.394867 0.0786423 -0.00117455 0.000819532 1.67313e-05  -0.0320897   0.0768524 -0.00136341 -0.0874022 -0.0873004   -9.80822 
               172.8 -0.298922 -0.768787  -120.113   27.1937  -6.85263 -0.184871 0 0 0 -0.186      0  0.086 -0.166851 -0.372396 0.0264328 -0.000969904  0.000849704  3.81907e-05  -0.0317684   0.0768065 -0.00100988 -0.0873246 -0.0872649   -9.80822 
             172.901 -0.474559 -0.722008  -120.092  27.1681 -6.89197 -0.18803 0 0 0 -0.186      0  0.086   -0.272418   -0.464369 0.000135693 -0.000973287  0.000864701  1.47618e-05   -0.0318642    0.0771426 -0.000786569 -0.087393 -0.087209  -9.80822 
                 173 0.527991 -1.08125 -120.045   27.1427  -6.93432 -0.187781 0 0 0 -0.186      0  0.086 -0.239149 -0.344903 0.0584766 -0.00141401 0.000936172 1.83713e-05   -0.0318544    0.0769771 -0.000484744 -0.0873646 -0.0872433   -9.80822 
               173.1 -0.15196 -1.17304 -119.959  27.1198  -6.9645 -0.16954 0 0 0 -0.186      0  0.086 -0.201597 -0.316318 0.0566403 -0.00123869 0.000891685 6.69253e-05 -0.0318155  0.0771741 -0.0012694 -0.0873896  -0.087193   -9.80822 
             173.201 -0.55397 -1.08364   -120.1   27.1118  -6.99472 -0.175686 0 0 0 -0.186      0  0.086  -0.18168 -0.435265 0.0020231 -0.000872919  0.000849728  5.63315e-05  -0.0310334   0.0766669 -0.00061247 -0.0871494 -0.0871917   -9.80823 
               173.3 -0.704844  -1.17379   -120.11   27.1014  -7.04216 -0.181838 0 0 0 -0.186      0  0.086 -0.117457 -0.395895  0.123662 -0.000863482  0.000902832  4.09492e-05   -0.030884   0.0759527 0.000332235 -0.0870097 -0.0873242   -9.80823 
               173.4  -1.50763 -0.618304  -120.354   27.0833   -7.0897 -0.182228 0 0 0 -0.186      0  0.086 -0.118396 -0.355483 0.0423056 -0.000461908  0.000953956  4.00098e-05  -0.0316646   0.0758384 0.000985789 -0.0871519 -0.0874616   -9.80822 
             173.501 -1.08818  -0.8472 -120.135   27.0559  -7.13602 -0.151836 0 0 0 -0.186      0  0.086 -0.224733  -0.41491 0.0409225 -0.000742189   0.00100966 -7.08175e-06   -0.0326351    0.0762636 -0.000845579 -0.0874184 -0.0874974   -9.80822 
               173.6 -1.25001 -1.06288 -120.187   27.0218   -7.1861 -0.150434 0 0 0 -0.186      0  0.086 -0.391494 -0.534179 0.0459405 -0.000671371   0.00104489  4.25208e-05   -0.0329656    0.0764797 -0.000651516 -0.0875174 -0.0875003   -9.80822 
               173.7 -1.28637 -1.47711 -119.956   26.9801  -7.24549 -0.148338 0 0 0 -0.186      0  0.086 -0.278099 -0.419028   0.13968 -0.000469384   0.00109997 -3.56289e-05   -0.0338444    0.0766231 -0.000165564 -0.0877177 -0.0875955   -9.80822 
             173.799 -1.34708 -1.43899 -120.272   26.9568  -7.27208 -0.156032 0 0 0 -0.186      0  0.086   -0.229588   -0.441156 -0.00576031 -0.000364996    0.0010266  0.000104511  -0.0330384   0.0770829 0.000916859 -0.0876199 -0.0873961   -9.80822 
               173.9 -0.925787  -1.46259  -120.113   26.9265  -7.31544 -0.164119 0 0 0 -0.186      0  0.086  -0.275897  -0.553438 -0.0496589 -0.000471084   0.00110048  4.61859e-05 -0.0329177  0.0777427  0.0013242  -0.087691 -0.0872479   -9.80822 
                 174 -1.45108 -1.55798 -120.177   26.9062  -7.35903 -0.161066 0 0 0 -0.186      0  0.086 -0.148216 -0.431071  0.076398 -0.000343409  0.000965248  1.53675e-05 -0.0324757  0.0778612 0.00141559 -0.0876187 -0.0871636   -9.80822 
             174.101 -0.887188  -1.29657  -120.036  26.9023 -7.40812 -0.13629 0 0 0 -0.186      0  0.086 -0.109489 -0.395015 0.0751789  -0.00100016   0.00134792 -1.74453e-05  -0.0325968   0.0767377 8.08287e-05 -0.0874782    -0.0874   -9.80822 
               174.2 -1.10833 -1.70593 -120.242   26.8771  -7.45322 -0.130634 0 0 0 -0.186      0  0.086 -0.183406 -0.487453 0.0742495 -0.000772294   0.00103725  0.000124327  -0.0331866   0.0775758 0.000300343 -0.0877177 -0.0873135   -9.80822 
               174.3 -0.610871  -1.84215  -120.183   26.8398  -7.51222 -0.139678 0 0 0 -0.186      0  0.086 -0.339867 -0.630381 0.0608484 -0.000916309  0.000889806   8.8239e-05 -0.0337529  0.0783343 0.00144471 -0.0879436 -0.0872455   -9.80822 
             174.401 -1.06919 -1.85348 -120.099    26.798  -7.57081 -0.130614 0 0 0 -0.186      0  0.086 -0.252192  -0.51078 0.0942575 -0.000757229  0.000846758  5.85766e-05 -0.0343046  0.0792367 0.00152029 -0.0881828 -0.0871408   -9.80822 
               174.5 0.097386  -1.9113 -120.166   26.7595  -7.62721 -0.128771 0 0 0 -0.186      0  0.086 -0.277386  -0.47429  0.049843 -0.00117242 0.000808596 0.000118768 -0.0352229  0.0796857 0.00205376 -0.0884316 -0.0871796   -9.80821 
               174.6 -0.852557  -1.90828  -120.154   26.7292  -7.65892 -0.120887 0 0 0 -0.186      0  0.086 -0.328968 -0.539348 0.0354445 -0.00070854 0.000769247 9.67442e-05 -0.0343492  0.0806323 0.00166516 -0.0883909 -0.0868711   -9.80822 
               174.7 -0.786137  -2.07753  -120.208   26.6973   -7.6945 -0.121186 0 0 0 -0.186      0  0.086 -0.281856 -0.418555 0.0560025 -0.000827284  0.000786669  0.000130894 -0.0335376  0.0812592 0.00234495 -0.0883209 -0.0866445   -9.80822 
               174.8 -0.88622 -1.86521 -120.181   26.6864  -7.73161 -0.119172 0 0 0 -0.186      0  0.086 -0.225005 -0.357567 0.0157949 -0.000802279   0.00107752  5.54083e-05 -0.0328824  0.0800983 0.00242584 -0.0880283 -0.0867862   -9.80822 
             174.901 -0.887209   -2.1212  -120.221   26.6676  -7.75295 -0.123974 0 0 0 -0.186      0  0.086  -0.280008  -0.365691 -0.0577936 -0.000834389    0.0010052  7.38589e-05 -0.0319053  0.0803803 0.00273092 -0.0878767 -0.0866035   -9.80822 
                 175 -0.371242  -2.17721  -120.155   26.6343  -7.79211 -0.130436 0 0 0 -0.186      0  0.086   -0.402624   -0.491465 0.000271007 -0.000956329   0.00095389  8.24938e-05 -0.0316752  0.0806502 0.00292569 -0.0878699  -0.086522   -9.80822 
               175.1 -1.66324 -2.10614 -120.064   26.5995   -7.8325 -0.133803 0 0 0 -0.186      0  0.086 -0.280249 -0.382685 0.0285812 -0.000501906  0.000988711  5.10513e-05 -0.0315023  0.0809966 0.00334306 -0.0878857 -0.0864359   -9.80823 
             175.199 -0.810418  -1.94744  -120.237   26.5807  -7.86547 -0.144953 0 0 0 -0.186      0  0.086  -0.195324  -0.353156 -0.0547662 -0.000600969   0.00102702  0.000106846 -0.0311778  0.0807644 0.00421978 -0.0877927 -0.0864475   -9.80823 
               175.3 -1.49366 -1.97758 -120.074  26.5639 -7.88803 -0.14539 0 0 0 -0.186      0  0.086  -0.220778   -0.45976 -0.0235802 -0.000261514   0.00115704  4.07686e-05 -0.0301987  0.0814834 0.00360743 -0.0877007 -0.0861728   -9.80823 
               175.4 -2.14117 -1.79103 -120.044   26.5371  -7.92922 -0.149752 0 0 0 -0.186      0  0.086  -0.23651 -0.414351 0.0528246  0.00010428  0.00100989 1.99965e-05 -0.0300011  0.0820764 0.00374761 -0.0877452 -0.0860337   -9.80823 
             175.501 -1.40928 -1.59884 -119.945   26.5136   -7.9637 -0.176556 0 0 0 -0.186      0  0.086 -0.171314 -0.293174  -0.16259 0.000212233  0.00090138 4.43557e-05 -0.0301224  0.0827629 0.00581942 -0.0878738 -0.0859356   -9.80823 
               175.6 -1.38525 -2.02414 -120.084   26.4876  -7.99858 -0.163929 0 0 0 -0.186      0  0.086  -0.190163  -0.348425 -0.0971044 -8.06063e-05   0.00115843  5.89003e-05 -0.0308226  0.0833749 0.00369521   -0.08808 -0.0858949   -9.80823 
               175.7 -2.09551 -1.53639  -120.33   26.4536  -8.03867 -0.196187 0 0 0 -0.186      0  0.086  -0.269782  -0.379409 -0.0917453 0.000565361 0.000798499 2.54196e-05 -0.0312809  0.0840152 0.00528867 -0.0882666 -0.0858416   -9.80823 
             175.801 -2.43259 -1.59012 -120.111   26.4162  -8.08012 -0.180401 0 0 0 -0.186      0  0.086 -0.235809 -0.306348 -0.026133 0.000416637  0.00104733 4.35894e-06 -0.0322564   0.084861 0.00363448 -0.0885556 -0.0858007   -9.80822 
               175.9 -2.22628 -1.64965 -120.275  26.3994 -8.12109 -0.15631 0 0 0 -0.186      0  0.086 -0.149764 -0.393375 0.0105769  0.000287461    0.0010768 -1.72929e-06  -0.032639  0.0843234 0.00165174  -0.088537 -0.0859478   -9.80822 
                 176 -1.75338 -1.92636  -120.11   26.3773  -8.16403 -0.143223 0 0 0 -0.186      0  0.086 -0.192792 -0.557344 0.0322038 0.000227207  0.00100473  7.5423e-05   -0.032702   0.0850066 0.000551777 -0.0886307 -0.0858255   -9.80822 
             176.101 -1.64728 -2.21606 -120.226   26.3594  -8.22077 -0.120049 0 0 0 -0.186      0  0.086 -0.0927627  -0.471523   0.109159 0.000100907 0.000902588 6.87393e-05   -0.0330016    0.0851074 -0.000426709 -0.0886906 -0.0858444   -9.80822 
               176.2 -2.18808 -1.41281 -120.357    26.3508   -8.26722 -0.0900147 0 0 0 -0.186      0  0.086 -0.066364 -0.435732  0.120069 -3.39828e-05   0.00102011  2.21712e-05  -0.0332048   0.0849526 -0.00225654 -0.0886883 -0.0858969   -9.80822 
             176.301 -1.21785 -1.61345 -120.109    26.3261   -8.30966 -0.0931222 0 0 0 -0.186      0  0.086 -0.186389 -0.509987 0.0289786 -0.00032258 0.000856321 1.00594e-05  -0.0336247   0.0861281 -0.00141114 -0.0889344 -0.0857315   -9.80822 
               176.4 -1.26063 -1.70973 -120.195   26.2914  -8.35599 -0.108024 0 0 0 -0.186      0  0.086 -0.235695 -0.527613 0.0909458 -0.000314527  0.000863407  5.93476e-05  -0.0336299   0.0874329 0.000264732 -0.0891273 -0.0854931   -9.80822 
               176.5 -2.10053 -1.55167 -120.196   26.2565  -8.38498 -0.113006 0 0 0 -0.186      0  0.086 -0.178649 -0.385362 0.0351403 -0.000156304  0.000769331   7.2946e-05 -0.0333892   0.089171 0.00138116 -0.0893256 -0.0851426   -9.80822 
               176.6 -0.667223  -1.54042  -119.918   26.2357  -8.42052 -0.118534 0 0 0 -0.186      0  0.086  -0.142075   -0.45086 -0.0567292 -0.000408276  0.000988011 -4.49378e-05 -0.0333327  0.0897191 0.00179219 -0.0893918 -0.0850353   -9.80822 
               176.7 -1.28449 -1.50596 -120.067   26.2173  -8.47245 -0.116821 0 0 0 -0.186      0  0.086   -0.19893  -0.567502 0.00274176 -0.000203949  0.000943016  3.89103e-05 -0.0334054  0.0899778 0.00119735 -0.0894359 -0.0849939   -9.80822 
               176.8  -1.3622 -1.60476 -120.093   26.1955  -8.53143 -0.124404 0 0 0 -0.186      0  0.086   -0.121921   -0.447935 -0.00844938 -0.000395641  0.000975912  2.91831e-05 -0.0340209  0.0901757 0.00211308  -0.089581 -0.0850395   -9.80822 
             176.899 -1.24592 -1.35879 -120.068   26.1858  -8.57525 -0.112502 0 0 0 -0.186      0  0.086 -0.111522 -0.405352 0.0365352 -0.00070656  0.00114687 -1.9798e-06 -0.0341196  0.0900188  0.0013118 -0.0895742 -0.0850769   -9.80822 
                 177 -1.03557 -1.32252 -120.028    26.172  -8.61279 -0.114689 0 0 0 -0.186      0  0.086 -0.175498 -0.519235 -0.003423 -0.000478265  0.000978057 -2.71382e-06 -0.0336838  0.0904105 0.00157621 -0.0895479 -0.0849517   -9.80822 
               177.1  -1.4152 -1.24681 -119.997   26.1504  -8.66008 -0.104485 0 0 0 -0.186      0  0.086 -0.169997 -0.448358  0.114982 -0.000347716  0.000991577 -9.61228e-07 -0.0335246  0.0907483 0.00110436 -0.0895621 -0.0848681   -9.80822 
             177.199 -1.02881 -1.08115 -120.069    26.1196   -8.70442 -0.0832535 0 0 0 -0.186      0  0.086 -0.199771 -0.377939  0.113085 -0.000567049    0.0010539  4.07393e-05  -0.0342894   0.0916468 0.000274527 -0.0898174 -0.0847972   -9.80822 
               177.3 -1.01764 -1.29107 -120.135    26.0971   -8.73993 -0.0816158 0 0 0 -0.186      0  0.086 -0.221049 -0.460821 0.0216685 -0.000487139  0.000943086  2.94463e-05  -0.0340561   0.0919924 0.000658128  -0.089822 -0.0847072   -9.80822 
               177.4 -1.10709 -1.39964 -120.082    26.0562   -8.79525 -0.0913604 0 0 0 -0.186      0  0.086    -0.31343   -0.530846 -0.00718822 -0.000421889   0.00092806  4.75817e-05 -0.0347126  0.0927866 0.00159029  -0.090047 -0.0846495   -9.80822 
             177.501 -0.00561413    -1.36813    -120.233    26.0225   -8.84501 -0.0732285 0 0 0 -0.186      0  0.086 -0.265198 -0.370862 0.0557397 -0.000682643  0.000985789  5.11689e-05  -0.0351129   0.0931452 0.000829279 -0.0901642 -0.0846315   -9.80822 
               177.6 -0.947068   -1.3027  -120.031  26.0076 -8.88914 -0.06693 0 0 0 -0.186      0  0.086   -0.20074  -0.321251 -0.0334776 -0.000516403   0.00115921 -8.02487e-05 -0.0353262  0.0923342 0.00103505 -0.0900965 -0.0848045   -9.80822 
               177.7 -0.545008  -1.51239  -120.088    25.9816   -8.93198 -0.0515697 0 0 0 -0.186      0  0.086 -0.269801 -0.477931 0.0645428 -0.000759185   0.00123384  3.15875e-05  -0.0356648      0.0926 0.000194213 -0.0901908 -0.0847943   -9.80822 
             177.801 -1.05836 -1.08738 -120.224    25.9571    -8.9718 -0.0833342 0 0 0 -0.186      0  0.086  -0.17632 -0.414688 0.0566984 -0.000455738   0.00105471  3.72133e-05 -0.0351159  0.0928761 0.00318252 -0.0901298 -0.0846938   -9.80822 
               177.9 -1.63857 -1.15161 -120.287   25.9406  -8.99367 -0.114962 0 0 0 -0.186      0  0.086  -0.111883  -0.304455 -0.0644364 -0.000454426   0.00104499  4.01723e-05 -0.0343838  0.0935449 0.00571848  -0.090086 -0.0844995   -9.80822 
                 178 -0.323046  -1.23232  -120.025    25.934  -9.02722 -0.119306 0 0 0 -0.186      0  0.086 -0.0733478   -0.37489  -0.125343  -0.00082619   0.00122567 -4.95934e-05 -0.0344152  0.0932791  0.0053261 -0.0900573 -0.0845485   -9.80822 
               178.1 -1.02774 -1.33177 -120.112   25.9199  -9.07271 -0.126461 0 0 0 -0.186      0  0.086 -0.120917  -0.39987 -0.028441 -0.000557999   0.00111389  9.03939e-06 -0.0347687  0.0934514 0.00494635 -0.0901416 -0.0845591   -9.80822 
               178.2 -1.21894 -1.13926 -120.017   25.8988  -9.11755 -0.138019 0 0 0 -0.186      0  0.086 -0.127991 -0.323869 -0.115917 -0.000482147    0.0011381 -4.13519e-05 -0.0356963  0.0937179 0.00529077 -0.0903385  -0.084626   -9.80822 
             178.301 -0.516656  -1.13916  -119.976   25.8777  -9.16066 -0.126688 0 0 0 -0.186      0  0.086  -0.204719  -0.342698 -0.0899344 -0.000919139   0.00125795 -1.60558e-05 -0.0365429   0.093705 0.00345746 -0.0904839 -0.0847227   -9.80822 
               178.4 -1.04564  -1.1899  -120.05   25.8478  -9.19649 -0.121783 0 0 0 -0.186      0  0.086  -0.30353 -0.416475  0.127464 -0.000584546   0.00121123  2.00436e-06 -0.0365842   0.094178 0.00244811 -0.0905511 -0.0846411   -9.80822 
               178.5 -0.466427  -1.05528  -119.949   25.8168   -9.2345 -0.101399 0 0 0 -0.186      0  0.086 -0.279573 -0.315817  0.150894 -0.000583253   0.00115696 -3.24219e-05 -0.0367836  0.0943239   0.001908  -0.090604 -0.0846377   -9.80822 
             178.601 -0.867058  -1.20931  -119.984    25.7919   -9.27278 -0.0825021 0 0 0 -0.186      0  0.086 -0.238414 -0.355573  0.109991 -0.000541182    0.0011647 -2.96056e-05 -0.0371608  0.0938867 0.00152376 -0.0906131 -0.0847571   -9.80822 
               178.7 -0.71327 -1.61093 -119.748    25.7535   -9.32256 -0.0934268 0 0 0 -0.186      0  0.086 -0.346609 -0.516933 0.0230233 -0.000620673   0.00099329 -1.20318e-05 -0.0379614    0.09427 0.00297335 -0.0907991 -0.0847932   -9.80821 
             178.801 -0.324754  -1.62039  -119.944    25.7231   -9.38296 -0.0841282 0 0 0 -0.186      0  0.086 -0.258896 -0.498295  0.145691 -0.000712366  0.000948733  7.19674e-06 -0.0382355  0.0937374 0.00280986  -0.090778 -0.0849167   -9.80821 
             178.901 -0.404181  -1.52049  -120.065    25.7053   -9.42585 -0.0862031 0 0 0 -0.186      0  0.086  -0.14794 -0.392704 0.0715878 -0.000450962  0.000809985 -3.91962e-05 -0.0380013  0.0935266 0.00376025 -0.0907107 -0.0849297   -9.80821 
                 179 -0.619562  -1.30006  -119.968    25.6853   -9.44923 -0.0565899 0 0 0 -0.186      0  0.086 -0.169786 -0.361805 0.0473772 -0.000589284  0.000799195 -5.05107e-05 -0.0375853  0.0947086  0.0018844 -0.0907925 -0.0846665   -9.80821 
               179.1 -0.282092  -1.35827  -120.045   25.6673  -9.48119 -0.045648 0 0 0 -0.186      0  0.086 -0.254664   -0.4454  0.127743 -0.000754934  0.000712588 -6.77144e-05 -0.0370081  0.0949408 0.00154847 -0.0907249  -0.084556   -9.80822 
             179.201 -0.0809302   -1.38117   -119.893    25.6423   -9.52489 -0.0408406 0 0 0 -0.186      0  0.086 -0.192652 -0.365792  0.117698 -0.000909721  0.000753172  -0.00010857 -0.0372497  0.0949311   0.002439 -0.0907632 -0.0845929   -9.80822 
               179.3 -0.383137  -1.50591  -119.877    25.6194   -9.56246 -0.0408367 0 0 0 -0.186      0  0.086 -0.161571 -0.358476 0.0571629 -0.000665844  0.000830349 -5.84206e-05 -0.0375732  0.0952437 0.00331547 -0.0908551 -0.0845848   -9.80821 
               179.4 0.107912 -1.41074 -119.739    25.5957   -9.60118 -0.0361913 0 0 0 -0.186      0  0.086 -0.204024 -0.491015 0.0269979  -0.00072558  0.000806148 -0.000104525 -0.0377806  0.0957481 0.00333714 -0.0909529 -0.0845246   -9.80821 
             179.499 -0.259287  -1.66177  -119.813    25.5754   -9.65505 -0.0509465 0 0 0 -0.186      0  0.086   -0.1949 -0.517745 0.0254731 -0.000772926  0.000665392 -6.22843e-05 -0.0377092  0.0955406  0.0047752 -0.0909122 -0.0845619   -9.80821 
               179.6 0.384753 -1.42799 -119.879    25.5622   -9.70928 -0.0805676 0 0 0 -0.186      0  0.086  -0.176664  -0.407205 -0.0965118 -0.000991814  0.000660152 -7.64278e-05 -0.0378489  0.0946472 0.00686923 -0.0908193 -0.0847438   -9.80821 
               179.7 -0.375082  -1.36783  -119.962     25.536   -9.74953 -0.0733033 0 0 0 -0.186      0  0.086 -0.272666 -0.376338  -0.10355 -0.000962396    0.0010344 -2.67848e-05 -0.0383675  0.0950919 0.00560629 -0.0909634 -0.0847204   -9.80821 
               179.8 -0.00131234     -1.6464    -119.999    25.5029   -9.78649 -0.0775275 0 0 0 -0.186      0  0.086  -0.369596  -0.451662 -0.0544546 -0.000903298  0.000932006 -6.11373e-05 -0.0381487  0.0953896 0.00511465 -0.0909661 -0.0846414   -9.80821 
               179.9 -0.500354  -1.50009  -119.924    25.4651   -9.82767 -0.0727557 0 0 0 -0.186      0  0.086  -0.244786  -0.383477 -0.0331071 -0.000739259   0.00107124 -0.000111354 -0.0383717  0.0958483 0.00431839 -0.0910623 -0.0845845   -9.80821 
                 180 -0.571477  -1.71313  -119.787    25.4397   -9.86651 -0.0507593 0 0 0 -0.186      0  0.086 -0.203138  -0.36091 0.0380994 -0.000698137   0.00105002 -8.97915e-05 -0.0387464  0.0959901 0.00274558 -0.0911465 -0.0845904   -9.80821 
               180.1 0.622325 -1.72071 -119.854    25.4322   -9.91234 -0.0607891 0 0 0 -0.186      0  0.086  -0.161967  -0.503718 0.00755878  -0.00118299  0.000678742 -3.87623e-05 -0.0383984  0.0949397 0.00376989 -0.0909578 -0.0847319   -9.80821 
               180.2 -0.594558  -2.11269  -119.723    25.4185   -9.96739 -0.0868027 0 0 0 -0.186      0  0.086 -0.162855 -0.545822 0.0335997 -0.000710183  0.000733955 -7.85886e-05  -0.038064  0.0947422 0.00601848 -0.0908734 -0.0847469   -9.80821 
               180.3 -0.378278  -1.71827  -118.456     25.402   -10.0141 -0.0698413 0 0 0 -0.186      0  0.086  -0.114846  -0.424057 -0.0222773 -0.000895411  0.000726402 -0.000260963 -0.0382061  0.0951658 0.00475293 -0.0909515 -0.0846817   -9.80821 
               180.4 -1.75577 -1.87861   -119.1    25.3941   -10.0614 -0.0835303 0 0 0 -0.186      0  0.086  -0.110509  -0.445601 -0.0186415 -0.000293121  0.000710209 -1.75206e-05 -0.0383335  0.0946827  0.0055821 -0.0909107 -0.0847823   -9.80821 
               180.5 -0.757789  -1.83942  -119.094    25.3898   -10.1046 -0.0903489 0 0 0 -0.186      0  0.086  -0.143746  -0.573696 -0.0725936 -0.000510526   0.00069106 -0.000100467 -0.0376243  0.0942154 0.00563763 -0.0907407 -0.0847744   -9.80821 
             180.601 -0.240886  -1.64133  -119.032    25.3649   -10.1658 -0.0751134 0 0 0 -0.186      0  0.086 -0.192629 -0.522406  0.124667 -0.000916731  0.000796544 -0.000120384 -0.0380321  0.0946899 0.00450472 -0.0908625 -0.0847386   -9.80821 
               180.7 -0.925854  -1.46002  -119.006    25.3428   -10.2221 -0.0485735 0 0 0 -0.186      0  0.086 -0.140476 -0.390684  0.149199 -0.000527448  0.000742563 -5.79393e-05 -0.0389746  0.0947198 0.00344184 -0.0910107 -0.0848363   -9.80821 
             180.799 -0.690282  -1.35284  -119.061    25.3351   -10.2505 -0.0133344 0 0 0 -0.186      0  0.086 -0.159054 -0.372203  0.103964 -0.000619709  0.000835286 -0.000138377 -0.0382661  0.0945268 0.00167977  -0.090874 -0.0847717   -9.80821 
             180.901 -0.193012  -1.35395  -118.966    25.3179   -10.3053 0.00100465 0 0 0 -0.186      0  0.086 -0.204281 -0.448239  0.131299 -0.000835276    0.0008121 -0.000111704 -0.0388606  0.0939323 0.00165787 -0.0908914 -0.0849329   -9.80821 
                 181 -0.413676  -1.66406  -119.185     25.2931    -10.3517 -0.00507216 0 0 0 -0.186      0  0.086 -0.203385 -0.338519  0.151303 -0.000530545  0.000810582 -6.08234e-05 -0.0393602  0.0940227 0.00382573 -0.0909816 -0.0849902   -9.80821 
               181.1 -0.815788 -0.913057  -119.036   25.2674  -10.3787 0.0029058 0 0 0 -0.186      0  0.086 -0.279486 -0.294356 0.0857832 -0.000522402  0.000746045 -9.47612e-05 -0.0393064  0.0945733  0.0040995 -0.0910415 -0.0849008   -9.80821 
             181.199 -0.0513926  -0.771587   -119.044    25.2442   -10.4025 -0.0294693 0 0 0 -0.186      0  0.086   -0.40742  -0.355285 -0.0589802 -0.000460237   0.00056527 -9.58922e-05 -0.0383493   0.094135 0.00705579 -0.0908406 -0.0848753   -9.80821 
               181.3  -1.11139 -0.704327   -119.01    25.2013   -10.4284 -0.0429407 0 0 0 -0.186      0  0.086 -0.367212  -0.31704  0.091527 -0.000250309  0.000742916 -9.86771e-05 -0.0377463  0.0947461 0.00800747  -0.090823 -0.0847175   -9.80821 
               181.4  -2.24224 -0.752468  -119.235    25.1662   -10.4522 -0.0664571 0 0 0 -0.186      0  0.086  -0.279853  -0.264487 -0.0405543 -0.000338078  0.000575578  -2.8436e-05 -0.0375855  0.0950034  0.0100563 -0.0908254 -0.0846684   -9.80821 
             181.501   1.32018 -0.692335  -119.106    25.1451   -10.4934 -0.0627482 0 0 0 -0.186      0  0.086  -0.243605  -0.396351 -0.0961872  -0.00116522  0.000701874 -0.000135893 -0.0380148  0.0941312 0.00915062 -0.0907855 -0.0848476   -9.80821 
               181.6 0.0717702  -1.28296  -119.082    25.1183   -10.5558 -0.0562608 0 0 0 -0.186      0  0.086  -0.305244  -0.487057 -0.0689298 -0.000520077   0.00071719 -6.63505e-05 -0.0389929  0.0935138 0.00809412 -0.0908601 -0.0850501   -9.80821 
               181.7  1.28959 -1.62462  -119.06    25.0868   -10.6023 -0.0391704 0 0 0 -0.186      0  0.086  -0.260137  -0.365111 0.00905934 -0.000795817  0.000756071  -0.00012999 -0.0393461  0.0936464 0.00687112 -0.0909344  -0.085066   -9.80821 
               181.8  -1.09027 -0.675003  -119.003    25.0536   -10.6423 -0.0279275 0 0 0 -0.186      0  0.086 -0.276677 -0.340021 0.0495984 -0.000164874  0.000404714 -7.90007e-05 -0.0400412   0.094179 0.00620624 -0.0911062 -0.0850608   -9.80821 
               181.9 -0.80233 -1.10584 -119.108    25.0262   -10.6807 -0.0548847 0 0 0 -0.186      0  0.086  -0.354975  -0.431845 -0.0577061 -8.90389e-05  0.000502086 -0.000100968 -0.0399605  0.0939528 0.00835758 -0.0910533 -0.0850975   -9.80821 
                 182 -1.17134 -1.04768 -119.034    24.9935   -10.7295 -0.0519948 0 0 0 -0.186      0  0.086 -0.290667 -0.407392 0.0691171 -0.000134134  0.000665262 -0.000134951 -0.0401452  0.0935177 0.00823144 -0.0910291 -0.0851829   -9.80821 
               182.1  1.14878 0.128521 -118.713    24.9678   -10.7592 -0.0188354 0 0 0 -0.186      0  0.086 -0.263174 -0.331576 0.0977198 -0.000710609  0.000479751 -0.000118341 -0.0396556  0.0937674 0.00621829 -0.0909958 -0.0850827   -9.80821 
               182.2  0.14834 -1.00674 -119.228    24.9508   -10.8045 -0.0157675 0 0 0 -0.186      0  0.086 -0.300239 -0.465939 0.0465508 -0.000369195  0.000746394 -4.43923e-05  -0.039716  0.0926285 0.00662669 -0.0908667 -0.0852597   -9.80821 
             182.299 -0.770005   -1.5473  -119.114    24.9148   -10.8474 -0.0184367 0 0 0 -0.186      0  0.086 -0.313817 -0.439064  0.120311 -0.000128734  0.000596604 -0.000101376 -0.0395441  0.0932924 0.00736578  -0.090917 -0.0851448   -9.80821 
               182.4 -0.262149  -1.66494  -119.301    24.8888   -10.8918 -0.0291921 0 0 0 -0.186      0  0.086 -0.254002 -0.352502 0.0752956 -0.000409467  0.000504357   -0.0001005 -0.0396695  0.0927768  0.0095469 -0.0908628 -0.0852436   -9.80821 
               182.5 -0.785026 -0.915357   -119.03    24.8563   -10.9263 -0.0183189 0 0 0 -0.186      0  0.086 -0.328039  -0.38779 0.0516132 -0.000276675  0.000574731 -0.000136339 -0.0399012  0.0933275 0.00917989 -0.0909632 -0.0851862   -9.80821 
             182.599 -0.549789 -0.751698  -119.071    24.8178   -10.9716 -0.0157001 0 0 0 -0.186      0  0.086 -0.308622 -0.499752  0.113987 -0.000206982  0.000453654 -7.71096e-05 -0.0400348  0.0936596  0.0095191 -0.0910204 -0.0851537   -9.80821 
               182.7   -1.9645 -0.948566  -119.398   24.7859   -11.023 -0.010834 0 0 0 -0.186      0  0.086 -0.199569 -0.391316  0.129339  -0.00018476  0.000596423 -5.25808e-05 -0.0405991  0.0935289  0.0104212 -0.0910836 -0.0852391   -9.80821 
               182.8  0.233854 -0.613914    -118.9     24.7757    -11.0679 -0.00191044 0 0 0 -0.186      0  0.086 -0.0901572  -0.389603  0.0396901 -0.000763691  0.000526282 -0.000207238 -0.0407379  0.0926927  0.0105673 -0.0910056 -0.0853771   -9.80821 
             182.901 -0.206256 -0.781836  -118.991    24.7677   -11.1149 0.00224088 0 0 0 -0.186      0  0.086 -0.0762478  -0.542528  0.0795488 -0.000708655  0.000575331 -5.43703e-05 -0.0407752  0.0926685  0.0105301 -0.0910082 -0.0853847   -9.80821 
                 183 0.0755151 -0.757374  -118.824    24.7665   -11.1731 0.00732397 0 0 0 -0.186      0  0.086 -0.0237453  -0.437178   0.106808 -0.000541049  0.000494215 -0.000137097 -0.0409374  0.0919968  0.0108113 -0.0909525 -0.0855003   -9.80821 
               183.1 0.0391258 -0.454886  -118.203   24.7733  -11.2029 0.0199578 0 0 0 -0.186      0  0.086 -0.0788919  -0.309907  0.0609616  -0.00085282  0.000489313 -0.000254695 -0.0400294  0.0912658  0.0103883 -0.0907396 -0.0855057   -9.80821 
             183.199 -0.574043 -0.809263  -116.731    24.7396   -11.2255 0.00997723 0 0 0 -0.186      0  0.086  -0.294563  -0.327871 -0.0095265 -0.000742701   0.00040983 -0.000278054 -0.0404297  0.0933609   0.011439 -0.0910367  -0.085254   -9.80821 
               183.3 -1.41405 -1.22559 -116.718    24.6946   -11.2495 -0.0235562 0 0 0 -0.186      0  0.086 -0.329548 -0.371323 -0.015006 -9.93371e-05  0.000352458 -0.000122906 -0.0399629  0.0949202  0.0140908 -0.0911449 -0.0849934   -9.80821 
             183.401  -1.58848 -0.926674  -116.611    24.6692   -11.2921 -0.0241857 0 0 0 -0.186      0  0.086    -0.197934    -0.316357 -0.000358226 -7.75111e-05  0.000452001 -7.67024e-05 -0.0404288   0.094518   0.014217  -0.091159 -0.0851006   -9.80821 
               183.5 -0.443491 -0.679101  -116.888    24.6615   -11.3367 -0.0240995 0 0 0 -0.186      0  0.086  -0.124861  -0.369422 -0.0455365 -0.000533258  0.000515446 -8.53853e-05 -0.0408066  0.0932255  0.0139777 -0.0910525 -0.0853136   -9.80821 
               183.6 -0.702177 -0.679674  -116.794    24.6446   -11.3905 -0.0251578 0 0 0 -0.186      0  0.086 -0.128562 -0.511283  0.031427 -0.000367769  0.000506968 -7.17225e-05 -0.041488 0.0932211  0.013925 -0.0911402 -0.0853926    -9.8082 
               183.7 -0.170103 -0.355572  -116.817    24.6322   -11.4432 0.00844282 0 0 0 -0.186      0  0.086 -0.092373 -0.423004 0.0910217 -0.000404191  0.000595071 -6.90713e-05 -0.0419513  0.0930983  0.0117224 -0.0911874 -0.0854597    -9.8082 
               183.8 -0.575552 -0.286225  -116.809    24.6165   -11.4871 0.00537295 0 0 0 -0.186      0  0.086  -0.12489 -0.405001 0.0229921 -0.000357717  0.000483598 -7.62897e-05 -0.042329 0.0933618  0.012431 -0.0912661 -0.0854705    -9.8082 
               183.9 -0.708714 -0.444064   -116.85     24.6087    -11.5283 -0.00167518 0 0 0 -0.186      0  0.086  -0.222782  -0.509462 -0.0355512 -0.000381952  0.000645979 -9.24879e-05 -0.0418001  0.0928312   0.013002 -0.0911336 -0.0854771    -9.8082 
             183.999  -0.78391 -0.509925  -116.942   24.5854  -11.5679 0.0113515 0 0 0 -0.186      0  0.086 -0.190341 -0.366409 0.0745802 -0.000446833  0.000607152 -6.34013e-05 -0.0414944  0.0932626   0.012206  -0.091151 -0.0853868    -9.8082 
               184.1 -0.712498 -0.578628  -116.849    24.556  -11.6057 0.0226032 0 0 0 -0.186      0  0.086 -0.174816 -0.321443 0.0430324 -0.000400083  0.000580929 -4.63906e-05 -0.0421704  0.0941596  0.0118421  -0.091345 -0.0853508    -9.8082 
               184.2 -0.549716 -0.682277  -116.833   24.5389  -11.6348 0.0228993 0 0 0 -0.186      0  0.086   -0.173856   -0.394237 1.13763e-06 -0.000489014  0.000544495 -6.61488e-05 -0.0418999  0.0944095  0.0120228 -0.0913416 -0.0852883    -9.8082 
             184.301 -0.436471  -1.12165  -116.815     24.51  -11.6846 0.0139964 0 0 0 -0.186      0  0.086   -0.21046  -0.488422 -0.0558976 -0.000570292   0.00052577 -8.66175e-05 -0.0423602  0.0949216  0.0127097 -0.0914578 -0.0852766    -9.8082 
               184.4 0.262706 -1.07814 -116.842   24.4833  -11.7321 0.0117834 0 0 0 -0.186      0  0.086  -0.186782  -0.391783 0.00795653 -0.000663721  0.000506991 -7.69743e-05 -0.0428878  0.0954318  0.0128618 -0.0915834 -0.0852725    -9.8082 
               184.5 -1.42365 -1.20255 -116.802     24.4564    -11.7742 -0.00199897 0 0 0 -0.186      0  0.086    -0.1641  -0.398586 -0.0338742  0.000156591  0.000522233 -7.27205e-05 -0.0435131  0.0961853   0.013837  -0.091747 -0.0852507    -9.8082 
             184.601 -0.577145  -1.31965  -116.845    24.4375   -11.8277 -0.0163491 0 0 0 -0.186      0  0.086 -0.263904 -0.535594 -0.078403 -0.000388356  0.000616175 -6.32884e-05 -0.043881 0.0956357 0.0144158  -0.091724 -0.0853625    -9.8082 
               184.7 -0.807492  -1.43515  -116.825     24.414   -11.8833 -0.0151105 0 0 0 -0.186      0  0.086  -0.196661  -0.451089 -0.0554398 -0.000306572  0.000539536 -6.36932e-05 -0.0441403  0.0954337  0.0139772 -0.0917321 -0.0854156    -9.8082 
               184.8 -0.0638343   -1.47685   -116.789   24.3997  -11.9139 0.0179995 0 0 0 -0.186      0  0.086  -0.160219  -0.384963 0.00309918 -0.000685362  0.000820137 -3.10899e-05 -0.0434809  0.0956039  0.0111586 -0.0916761 -0.0853112    -9.8082 
             184.901 -0.0330508   -1.99567   -116.758  24.3802 -11.9579   0.0228 0 0 0 -0.186      0  0.086  -0.214994  -0.531431 -0.0221074 -0.000591748   0.00070759 -6.41912e-05 -0.0435108  0.0957512  0.0107001 -0.0916975 -0.0852945    -9.8082 
                 185 -0.211014  -2.07839   -116.84    24.353  -12.0113 0.0274992 0 0 0 -0.186      0  0.086 -0.189214 -0.427824  0.127095 -0.000611095  0.000540938 -3.91253e-05 -0.0438909  0.0960864  0.0109666 -0.0917828 -0.0852971    -9.8082 
               185.1 -0.360753  -1.34444  -116.699   24.3376   -12.056 0.0430385 0 0 0 -0.186      0  0.086 -0.165925 -0.398886  0.114533 -0.000536599   0.00045906 -0.000122693 -0.0441213  0.0958309  0.0105728 -0.0917803 -0.0853513    -9.8082 
             185.201 0.164754 -2.00484 -116.771   24.3151   -12.099 0.0377943 0 0 0 -0.186      0  0.086  -0.287215   -0.47762 0.00875782 -0.000727781  0.000492846 -4.42468e-05 -0.0441484  0.0959467  0.0115047 -0.0917965 -0.0853478    -9.8082 
               185.3 -0.101069  -2.23556    -116.8   24.2814  -12.1508 0.0329829 0 0 0 -0.186      0  0.086 -0.329527 -0.404563 0.0415952 -0.000770231   0.00049142 -7.90934e-05 -0.0445227  0.0958667  0.0122672 -0.0918307 -0.0854058    -9.8082 
               185.4 -0.558678  -1.74552  -116.896   24.2441  -12.1824 0.0509103 0 0 0 -0.186      0  0.086 -0.311067 -0.338974 0.0250579 -0.00048545 0.000524074 -1.9617e-05 -0.0445279  0.0964974  0.0110706 -0.0919066 -0.0853182    -9.8082 
               185.5 -1.25913 -2.30717 -116.801  24.2135 -12.2089 0.038996 0 0 0 -0.186      0  0.086   -0.332855    -0.39927 0.000485397  5.11044e-05   0.00053558 -6.89541e-05 -0.0439372  0.0968277  0.0120112 -0.0918748 -0.0852229    -9.8082 
               185.6 -1.30561 -2.57565 -116.772   24.1817  -12.2584 0.0265019 0 0 0 -0.186      0  0.086  -0.347071   -0.55868 0.00376794  0.000118254  0.000466976 -4.27519e-05 -0.0438493  0.0964483   0.012842 -0.0918199 -0.0852678    -9.8082 
             185.701 0.0761931  -2.21815   -116.86  24.1514  -12.309 0.058098 0 0 0 -0.186      0  0.086 -0.248675 -0.403894 0.0157639 -0.000263548  0.000664475 -8.79964e-05  -0.04391  0.096205 0.0104114 -0.0917967 -0.0852781    -9.8082 
               185.8 -1.26765 -1.65654 -116.805   24.1266  -12.3495 0.0766011 0 0 0 -0.186      0  0.086 -0.198076 -0.355575 0.0431813  0.000121245  0.000485406 -0.000113115 -0.0442009   0.096323 0.00932833 -0.0918424  -0.085284    -9.8082 
               185.9 -1.61936 -1.38488 -116.784  24.1081 -12.3871 0.074308 0 0 0 -0.186      0  0.086  -0.232614  -0.455119 0.00213481  0.000221885  0.000585214 -7.00177e-05 -0.0439667  0.0961492 0.00972685 -0.0917961 -0.0852835    -9.8082 
             186.001  -1.16485 -0.657159  -116.939   24.0951  -12.4248 0.0898885 0 0 0 -0.186      0  0.086 -0.130594 -0.383973  0.135677  4.48606e-05   0.00048885 -6.53814e-05 -0.0432537  0.0957801 0.00904657 -0.0916689 -0.0852443    -9.8082 
               186.1  -1.20572 -0.764666  -116.806   24.0822  -12.4485 0.0776728 0 0 0 -0.186      0  0.086 -0.0657794  -0.314997  0.0436754  4.99509e-05  0.000610446 -5.85888e-05 -0.042697 0.0963458  0.010827 -0.0916753 -0.0851297    -9.8082 
               186.2 -0.265786  -1.06421  -116.742   24.0799  -12.4823 0.0816957 0 0 0 -0.186      0  0.086 -0.0422717  -0.391171  0.0143034  -0.00038619  0.000671602 -9.70623e-05 -0.0426156  0.0960349  0.0108163 -0.0916303 -0.0851578    -9.8082 
             186.301 -1.35256 -1.44347 -116.724   24.0604  -12.5312 0.0590817 0 0 0 -0.186      0  0.086  -0.119242  -0.490597 -0.0216101  7.05398e-05  0.000527557 -6.40838e-05 -0.0430867  0.0968399  0.0127105 -0.0917804   -0.08512    -9.8082 
               186.4 -2.18672 -1.78895 -116.938   24.0451   -12.587 0.0398316 0 0 0 -0.186      0  0.086 -0.0762065  -0.400057 -0.0611311  3.87584e-05  0.000548629 -3.92644e-05 -0.0439302  0.0967167  0.0141251 -0.0918649 -0.0852288    -9.8082 
               186.5 -1.85182  -1.5251 -116.996   24.0316  -12.6302 0.0357837 0 0 0 -0.186      0  0.086 -0.0627765   -0.44461  -0.108771  0.000105508  0.000542782 -5.37665e-05 -0.0443605  0.0972567  0.0137869 -0.0919744 -0.0852105    -9.8082 
             186.601 -0.943016  -1.53952  -117.024   24.0191  -12.6832 0.0381504 0 0 0 -0.186      0  0.086 -0.122463  -0.62409 -0.056514 -0.000223299  0.000593436 -3.73471e-05 -0.0445862  0.0975532  0.0127221 -0.0920302 -0.0851972    -9.8082 
               186.7 -1.29744 -1.59983 -117.006   23.9928   -12.738 0.0437032 0 0 0 -0.186      0  0.086  -0.123261  -0.472779 -0.0108917  2.07644e-05  0.000502967 -2.87947e-05 -0.0449447  0.0985452  0.0121062 -0.0921801 -0.0851175    -9.8082 
               186.8 -0.155022  -1.29625  -117.035   23.9863  -12.7779 0.0782846 0 0 0 -0.186      0  0.086  -0.12446 -0.420898 0.0609332  3.71394e-05  0.000570201 -3.71913e-05 -0.0445852  0.0983597 0.00958028 -0.0921083 -0.0850936    -9.8082 
             186.901 -0.465497   -1.1267  -116.762   23.9628  -12.8275 0.0938732 0 0 0 -0.186      0  0.086 -0.213286 -0.501165 0.0217907 -8.23392e-05  0.000536868 -6.46289e-05 -0.0451781   0.098728 0.00876315 -0.0922134 -0.0851095    -9.8082 
                 187 -1.00979 -1.28937 -116.832   23.9353  -12.8751 0.0750807 0 0 0 -0.186      0  0.086   -0.27039  -0.540432 0.00265758 -1.07977e-05  0.000623749 -6.66133e-05 -0.0447696  0.0990601  0.0106354 -0.0922098 -0.0850362    -9.8082 
               187.1 -0.153336  -1.12568  -116.786   23.9064  -12.9243 0.0620092 0 0 0 -0.186      0  0.086  -0.174197  -0.406939 -0.0579284 -0.000117479  0.000539231 -0.000107782 -0.0451653  0.0994917  0.0117688 -0.0923046 -0.0850322    -9.8082 
               187.2 -0.632003  -1.20749  -116.622   23.8785  -12.9625 0.0351294 0 0 0 -0.186      0  0.086 -0.167253 -0.370313 -0.110654 -2.37549e-05  0.000613598   -0.0001023 -0.0455703   0.100282  0.0133401 -0.0924394 -0.0849896    -9.8082 
               187.3 -0.763432  -0.59834  -116.848   23.8703  -12.9906 0.0294045 0 0 0 -0.186      0  0.086 -0.225244 -0.427531 -0.112879  1.19214e-05  0.000513106 -0.000100339 -0.0446051  0.0999191  0.0128475 -0.0922919 -0.0849292    -9.8082 
             187.401  -1.04436 -0.338866  -116.893   23.8478  -13.0368 0.0374017 0 0 0 -0.186      0  0.086    -0.17106   -0.369879 -0.00329401  0.000144306  0.000552223 -8.56152e-05 -0.0448619  0.0998397  0.0118239 -0.0923125 -0.0849615    -9.8082 
               187.5  -0.759087 -0.0205514   -116.757   23.8261  -13.0535 0.0487734 0 0 0 -0.186      0  0.086  -0.152246  -0.271807 0.00314721  9.04758e-05  0.000494825 -6.90241e-05 -0.0441255   0.100982  0.0108119 -0.092359 -0.084754   -9.8082 
               187.6   -1.18512 -0.0616244   -116.954   23.8139  -13.0841 0.0610077 0 0 0 -0.186      0  0.086  -0.110228    -0.3806 -0.0366415  0.000483499  0.000561118 -5.98434e-05 -0.0441602   0.100989 0.00979073  -0.092366 -0.0847555    -9.8082 
             187.699 0.0686773 -0.515227  -116.782   23.8081  -13.1175 0.0628579 0 0 0 -0.186      0  0.086  -0.144912  -0.456795 -0.0460243 -0.000234621  0.000548989 -8.76759e-05 -0.0432896   0.100797 0.00940163 -0.0922507 -0.0846879    -9.8082 
               187.8 -0.0804371  -0.579862   -116.937   23.7921  -13.1661 0.0704066 0 0 0 -0.186      0  0.086  -0.107066  -0.361606 -0.0280486  2.40079e-05  0.000540457 -7.61243e-05 -0.0437772   0.100869 0.00885974 -0.0923132 -0.0847301    -9.8082 
               187.9  -1.53358 -0.234423  -117.071   23.7668  -13.2057 0.0714072 0 0 0 -0.186      0  0.086  -0.134506  -0.329619 -0.0666868  0.000362695  0.000515655 -7.49273e-05 -0.0445882   0.101748 0.00849275 -0.0924984 -0.0847144    -9.8082 
                 188  -1.13904 -0.711187  -116.937   23.7445  -13.2554 0.0599066 0 0 0 -0.186      0  0.086 -0.223933 -0.460776 -0.110317  0.000313579  0.000619728 -9.95078e-05 -0.0454254   0.101711 0.00881586  -0.092584 -0.0848029    -9.8082 
               188.1 -0.886039 -0.531225  -116.954   23.7131  -13.3079 0.0604767 0 0 0 -0.186      0  0.086 -0.221216 -0.480742 0.0175642  6.37227e-05  0.000536611 -0.000102594 -0.0457469   0.101937 0.00823319 -0.0926451  -0.084811    -9.8082 
               188.2 0.334402 -1.04883 -116.811   23.6801  -13.3667 0.0476154 0 0 0 -0.186      0  0.086 -0.207673 -0.395901 0.0206061 -0.000250153  0.000604662 -0.000132724 -0.0470847   0.102062 0.00952968 -0.0927998 -0.0849292   -9.80819 
             188.301  0.35717 -1.03123 -116.803   23.6619  -13.4181 0.0707716 0 0 0 -0.186      0  0.086 -0.199272 -0.477508 0.0132235 -0.000327913  0.000590879 -0.000151926 -0.0475322   0.101538 0.00782408 -0.0927965 -0.0850341   -9.80819 
               188.4 -1.04098 -1.48141 -116.841   23.6371  -13.4705 0.0688316 0 0 0 -0.186      0  0.086   -0.2577 -0.545267 0.0240927  0.000275996     0.000557 -9.11215e-05 -0.0474911   0.101745  0.0080297 -0.0928135 -0.0850072   -9.80819 
             188.501 -0.279197  -1.32056      -117   23.6094  -13.5171 0.0657215 0 0 0 -0.186      0  0.086 -0.226096 -0.436204 0.0731087 0.000216479  0.00044619 -9.0777e-05 -0.0474459   0.102161 0.00884711 -0.0928503 -0.0849587   -9.80819 
             188.601 -0.849024  -1.07559  -116.763   23.5805  -13.5615 0.0703695 0 0 0 -0.186      0  0.086 -0.239972 -0.444567 0.0341112  0.000305261   0.00053495 -0.000119347 -0.0478145    0.10266  0.0089384 -0.0929423 -0.0849409   -9.80819 
               188.7 -0.729795  -1.18838   -116.85  23.5574 -13.6033 0.074655 0 0 0 -0.186      0  0.086 -0.333302 -0.555237 0.0265376  0.000377123  0.000530428 -0.000106658 -0.0471649   0.102601 0.00879533 -0.0928675 -0.0848825   -9.80819 
               188.8 -1.16418 -1.34591 -116.823   23.5206  -13.6558 0.0775432 0 0 0 -0.186      0  0.086 -0.227972 -0.461512 0.0374984  0.000529572  0.000493624 -8.83035e-05 -0.0474227   0.103044 0.00906305 -0.0929412 -0.0848606   -9.80819 
               188.9 0.0863264  -1.23522  -116.813  23.5063 -13.7054 0.120954 0 0 0 -0.186      0  0.086 -0.193667 -0.426189  0.107108  -0.00022548  0.000589629 -9.98785e-05 -0.0475264   0.102225 0.00619941 -0.0928676 -0.0849499   -9.80819 
                 189 -0.343929  -1.71967  -116.785   23.488 -13.7478 0.128451 0 0 0 -0.186      0  0.086 -0.213313 -0.542599  0.127379  4.56665e-05  0.000461864 -9.16778e-05 -0.0472004    0.10235  0.0063377 -0.0928467 -0.0849048   -9.80819 
             189.101 -0.742927  -1.96816  -116.686  23.4573 -13.7881 0.108997 0 0 0 -0.186      0  0.086 -0.249739 -0.476294   0.17616  0.000412612  0.000442485 -7.08121e-05 -0.0465018   0.103356 0.00888817 -0.0928783 -0.0847401   -9.80819 
               189.2 -1.39011 -2.11099  -116.98   23.4358  -13.8191 0.0900888 0 0 0 -0.186      0  0.086  -0.19784 -0.382558 0.0820547   0.00091512  0.000338713 -0.000185214 -0.0457839   0.103674  0.0113658 -0.0928357 -0.0846502    -9.8082 
               189.3 -0.699623  -1.52074  -116.831   23.4111   -13.837 0.0931986 0 0 0 -0.186      0  0.086 -0.314712 -0.354402 0.0211453  0.000164875  0.000354405 -0.000196844 -0.0448341   0.104331  0.0112679  -0.092806 -0.0844868    -9.8082 
             189.401 -0.253379  -1.84539  -116.795     23.38  -13.8782 0.0833211 0 0 0 -0.186      0  0.086  -0.370653  -0.456012 -0.0524679  5.13821e-05  0.000429808 -0.000214083 -0.04461 0.103892 0.012051  -0.092738 -0.0845174    -9.8082 
               189.5 -1.80699 -2.06107 -116.841   23.3557  -13.9189 0.0877949 0 0 0 -0.186      0  0.086 -0.224408 -0.390605 0.0750205  0.000189486   0.00047234 -0.000214397 -0.0442936   0.103567  0.0120928 -0.0926719 -0.0845216    -9.8082 
               189.6 -1.17878 -1.68802 -116.895   23.3424  -13.9528 0.0955164 0 0 0 -0.186      0  0.086 -0.103197 -0.449734 0.0435134  0.000274463  0.000409332 -0.000230087 -0.0437308   0.103566  0.0119909 -0.0926139 -0.0844668    -9.8082 
             189.701 -0.778852  -1.39683  -116.823   23.3288  -13.9974 0.0970163 0 0 0 -0.186      0  0.086  -0.116747  -0.568475 -0.0850073 0.000324688 0.000498454 -0.00015853 -0.043381  0.104296 0.0119791 -0.0926531 -0.0843561    -9.8082 
               189.8 0.0233912  -1.60562  -116.576   23.318 -14.0527 0.101353 0 0 0 -0.186      0  0.086 -0.0851327  -0.430716 0.00146473 -0.000216889  0.000549298 -0.000235216 -0.0437333    0.10423   0.011683 -0.0926813 -0.0843951    -9.8082 
               189.9 -0.0934123  -0.852983   -116.632  23.3068 -14.1046  0.11571 0 0 0 -0.186      0  0.086  -0.179391   -0.40329 0.00503465 -0.000726915  0.000430864 -0.000189292 -0.0444206   0.103738   0.010561  -0.092698 -0.0845059    -9.8082 
             189.999 -1.04281 -1.13514  -116.75  23.2787 -14.1507 0.104677 0 0 0 -0.186      0  0.086  -0.323932  -0.528328 -0.0374491 -4.11096e-05  0.000474318 -0.000262947 -0.0446299    0.10406  0.0113848 -0.0927528 -0.0844967    -9.8082 
               190.1 -0.627595 -0.873167  -116.727  23.2424 -14.2054  0.10528 0 0 0 -0.186      0  0.086 -0.281754 -0.449465 0.0208669 -0.000127496  0.000438921 -0.000286032 -0.0449386   0.104129  0.0114693 -0.0927907 -0.0845194    -9.8082 
               190.2 0.0837952 -0.406363  -116.801  23.2134 -14.2622 0.122952 0 0 0 -0.186      0  0.086 -0.252057 -0.438749 0.0130234 -0.000447191  0.000456818 -0.000234718 -0.0458777   0.103652   0.010287 -0.0928376 -0.0846525    -9.8082 
             190.299 0.0526432  -1.21089  -116.769  23.1961 -14.3118 0.121981 0 0 0 -0.186      0  0.086  -0.251196  -0.558873 -0.0369032 -0.000340086  0.000544361 -0.000224538 -0.0457495   0.103052   0.010269 -0.0927639  -0.084702    -9.8082 
               190.4 -0.576685  -1.63946  -116.764   23.1638  -14.3652 0.0999924 0 0 0 -0.186      0  0.086  -0.261382  -0.534014 -0.0240311  -0.00013031  0.000415939 -0.000204426 -0.0455323   0.103668  0.0116461 -0.0927995 -0.0846232    -9.8082 
               190.5 -0.44797 -1.39797 -116.927    23.148  -14.4005 0.0858828 0 0 0 -0.186      0  0.086  -0.157144  -0.401201 -0.0437238  0.000286299   0.00028686 -0.000225318 -0.044653   0.10378 0.0123114  -0.092721 -0.0845317    -9.8082 
             190.601 -0.451709  -1.19393  -116.805   23.1395  -14.4192 0.0880889 0 0 0 -0.186      0  0.086  -0.185072  -0.367027 -0.0915827 -0.000288189  0.000473293 -0.000196816 -0.0431843   0.103826  0.0111182 -0.0925862 -0.0843841    -9.8082 
               190.7 0.0471227  -1.52305  -116.839  23.1109  -14.457 0.086793 0 0 0 -0.186      0  0.086  -0.307605  -0.468896 -0.0647204 -0.000213387  0.000368844 -0.000224221 -0.0431018   0.104228  0.0103287 -0.0926214 -0.0843319    -9.8082 
             190.801 -0.754773  -1.73466  -116.789   23.0832  -14.4866 0.0899182 0 0 0 -0.186      0  0.086  -0.234798  -0.340999 0.00860248 -6.37591e-05  0.000497747 -0.000216217 -0.0423421   0.104681 0.00999767 -0.0925932 -0.0842137    -9.8082 
               190.9 -1.20434 -1.51613 -116.884  23.0855 -14.5226 0.123309 0 0 0 -0.186      0  0.086 -0.123389 -0.344314 0.0578821   5.7924e-05  0.000388155 -0.000285329 -0.0418665   0.103067 0.00763861 -0.0923921 -0.0843205    -9.8082 
                 191 -1.23782 -1.34223 -116.725  23.0771 -14.5575 0.110984 0 0 0 -0.186      0  0.086 -0.0858549  -0.507484 -0.0308666  0.000182697  0.000325124 -0.000231411 -0.0414222   0.103199 0.00872788 -0.0923604 -0.0842721    -9.8082 
             191.101 -1.21693 -1.14193 -116.635  23.0651 -14.6178 0.116094 0 0 0 -0.186      0  0.086 -0.103674 -0.438553 0.0276632   0.00019163  0.000395092 -0.000292857 -0.0420352   0.102871 0.00836512 -0.0923877 -0.0843596    -9.8082 
               191.2 -0.975613 -0.518384  -116.798  23.0587 -14.6655 0.144382 0 0 0 -0.186      0  0.086 -0.109283  -0.38353 0.0927723  1.69973e-05  0.000340625 -0.000247723 -0.0424203   0.102249 0.00639276 -0.0923615 -0.0844492    -9.8082 
               191.3 -0.991976 -0.235435  -116.918  23.0391  -14.713 0.156329 0 0 0 -0.186      0  0.086 -0.229698 -0.422019 0.0690728 -0.000323442  0.000298918 -0.000245339 -0.0431316   0.102144 0.00609171 -0.0924193 -0.0845239    -9.8082 
             191.401   -0.85138 -0.0830662   -116.864   23.004 -14.7678 0.158569 0 0 0 -0.186      0  0.086 -0.337459 -0.550467 0.0253508 -0.000251807  0.000337015 -0.000234035  -0.043633   0.102341 0.00651711 -0.0924873 -0.0845508    -9.8082 
               191.5 -0.861687 0.0865016  -116.853   22.968 -14.8282 0.158171 0 0 0 -0.186      0  0.086  -0.27383 -0.457622 0.0408384 -0.000382961  0.000371534 -0.000241356 -0.0445085   0.102228 0.00714845 -0.0925603 -0.0846419    -9.8082 
               191.6 -0.703066  0.242208   -116.76  22.9432 -14.8714 0.154384 0 0 0 -0.186      0  0.086  -0.236796  -0.446928 -0.0108849 -0.000222363  0.000460844 -0.000254608 -0.0444268   0.102209 0.00759616 -0.0925503 -0.0846359    -9.8082 
             191.701 -0.458097 0.0266225  -116.829  22.9232 -14.9297 0.131714 0 0 0 -0.186      0  0.086 -0.261946 -0.602328 -0.112282 -0.000394786  0.000481217 -0.000175694 -0.0447111   0.101543 0.00890552 -0.0925094  -0.084724    -9.8082 
               191.8  0.426048 0.0225674  -116.851  22.9057   -14.99 0.126049 0 0 0 -0.186      0  0.086  -0.199448  -0.520989 -0.0852647 -0.000835665  0.000450117 -0.000175194 -0.0444974   0.100979 0.00873389 -0.0924349 -0.0847607    -9.8082 
               191.9 0.654971 0.461319 -116.914  22.8923 -15.0382 0.136301 0 0 0 -0.186      0  0.086  -0.181422  -0.445895 -0.0841149 -0.000967193   0.00047577 -0.000204192 -0.0443658   0.100608 0.00731284 -0.0923944 -0.0847904    -9.8082 
             192.001 0.477323 0.179913 -116.895  22.8623 -15.0674 0.143746 0 0 0 -0.186      0  0.086 -0.256155 -0.415541 -0.081875 -0.000972559  0.000438087 -0.000213873 -0.0437802   0.101908 0.00608089 -0.0924738 -0.0846148    -9.8082 
               192.1 0.282679 0.277806 -116.901  22.8332 -15.1029 0.134598 0 0 0 -0.186      0  0.086   -0.36522  -0.501089 -0.0364797 -0.000868182  0.000392817 -0.000198176 -0.0430577   0.102263 0.00610088 -0.0924395 -0.0845159    -9.8082 
               192.2 0.138591 0.195817 -116.694  22.7953 -15.1408 0.128913 0 0 0 -0.186      0  0.086  -0.311727  -0.357689 -0.0440663 -0.000603962  0.000435353 -0.000254222 -0.0428099   0.102812 0.00630661 -0.0924663 -0.0844398    -9.8082 
             192.301  0.38037  0.55513 -116.793   22.771  -15.174 0.142613 0 0 0 -0.186      0  0.086   -0.299772   -0.322558 1.96613e-05 -0.000615491    0.0004221 -0.000244465 -0.0425358    0.10236  0.0051435 -0.0924115  -0.084462    -9.8082 
               192.4 -0.918855  0.317806  -116.896  22.7463 -15.2112 0.136664 0 0 0 -0.186      0  0.086  -0.325459  -0.440693 -0.0721888 -0.000223279  0.000419243 -0.000220109 -0.0423922   0.101943 0.00528245 -0.0923569 -0.0844893    -9.8082 
               192.5 -0.15815 0.320629  -116.88  22.7321 -15.2606   0.1277 0 0 0 -0.186      0  0.086 -0.264614 -0.395205 0.0147648 -0.000619637  0.000392808 -0.000218982 -0.0420191   0.100459 0.00571148 -0.0921767  -0.084598    -9.8082 
             192.601 -0.377551  0.455019  -117.044  22.7203 -15.3004 0.127875 0 0 0 -0.186      0  0.086  -0.180465  -0.312157 -0.0400265 -0.000305828  0.000437193 -0.000198052 -0.0419663  0.0994901 0.00575706 -0.0920799 -0.0846861    -9.8082 
               192.7 -0.36963 0.339925  -116.85  22.6976  -15.332 0.140884 0 0 0 -0.186      0  0.086   -0.230033   -0.309638 -0.00632444 -0.000496686  0.000451774 -0.000239879 -0.0421437  0.0996818 0.00454332 -0.0921265 -0.0846879    -9.8082 
               192.8 -0.178136  0.340976  -116.897  22.6709 -15.3749 0.152653 0 0 0 -0.186      0  0.086 -0.338514 -0.443844 0.0814744 -0.000502736  0.000373125 -0.000221673 -0.0424338  0.0992743 0.00359289 -0.0921239  -0.084756    -9.8082 
               192.9 -0.134214 -0.053583  -116.832  22.6393 -15.4173 0.162598 0 0 0 -0.186      0  0.086 -0.261999 -0.360938 0.0979671 -0.000411749  0.000407253 -0.000222879 -0.0425611  0.0991938 0.00356867 -0.0921283 -0.0847748    -9.8082 
                 193 -0.0579814   0.126598   -116.731   22.616 -15.4555 0.191772 0 0 0 -0.186      0  0.086 -0.193213 -0.360568  0.135769 -0.000315085  0.000276829 -0.000230021 -0.0427543  0.0990462 0.00231259 -0.0921425 -0.0848107    -9.8082 
             193.099 -0.0505527  -0.156788   -116.696 22.5948 -15.509  0.1736 0 0 0 -0.186      0  0.086 -0.210167 -0.533987 0.0125007  -0.00035125  0.000341926 -0.000210678 -0.0435395  0.0985688 0.00437473 -0.0921538 -0.0849156    -9.8082 
               193.2 -0.0847628   -0.31948   -116.681  22.5721  -15.567 0.157073 0 0 0 -0.186      0  0.086 -0.219901 -0.578645  0.069654 -0.000488052  0.000362094 -0.000214703 -0.0434828  0.0984991 0.00572752 -0.0921321 -0.0849128    -9.8082 
               193.3  0.688323 -0.216412   -116.66  22.5464 -15.6093 0.145373 0 0 0 -0.186      0  0.086     -0.2066   -0.413203 -0.00404563 -0.000469887  0.000183599 -0.000273073 -0.0432058  0.0992664 0.00685644 -0.0921701 -0.0848144    -9.8082 
             193.401 -0.355206 -0.263509  -116.703  22.5182 -15.6496 0.129153 0 0 0 -0.186      0  0.086  -0.251522  -0.406892 -0.0628466 -5.19385e-05  0.000183486 -0.000283001 -0.0434937  0.0999367 0.00795359 -0.0922496  -0.084775    -9.8082 
               193.5  -0.19474 -0.355053  -116.696  22.4912 -15.6935 0.125283 0 0 0 -0.186      0  0.086  -0.323861  -0.519497 -0.0829249  2.31254e-06  4.33604e-05 -0.000297907 -0.0434134  0.0999892 0.00768033 -0.0922494 -0.0847636    -9.8082 
             193.601   -0.35671 -0.0163402   -116.716  22.4675 -15.7456 0.134969 0 0 0 -0.186      0  0.086  -0.274759  -0.420133 0.00513306 -0.000213841  8.93765e-05 -0.000296068 -0.0432372  0.0990766 0.00651967 -0.0921579 -0.0848343    -9.8082 
             193.701 0.231838 0.483943 -116.739  22.4517 -15.7825 0.157711 0 0 0 -0.186      0  0.086 -0.228008 -0.351046 0.0192881 -0.000533903  0.000171159 -0.000244931 -0.0428284  0.0983508 0.00485078 -0.092066 -0.084869   -9.8082 
               193.8 0.158578 0.423994 -116.782   22.443  -15.812 0.170368 0 0 0 -0.186      0  0.086  -0.191716  -0.411102 -1.837e-05 -0.000318496  0.000170202 -0.000210651 -0.0419444  0.0977063 0.00401891 -0.0919346 -0.0848546    -9.8082 
               193.9 -0.197407  0.527662  -116.741  22.4284 -15.8584 0.175163 0 0 0 -0.186      0  0.086 -0.217809 -0.523769  0.046304 -0.000165894  0.000105151 -0.000211464 -0.0415844  0.0973244 0.00373017 -0.0918702 -0.0848597    -9.8082 
             194.001 0.0281156  0.318506   -116.86  22.4104 -15.9036 0.183747 0 0 0 -0.186      0  0.086 -0.182444  -0.37637  0.116022  -0.00026172  0.000139401 -0.000213105 -0.0414879  0.0971858 0.00393277 -0.0918474 -0.0848636    -9.8082 
               194.1 0.116458 0.739676 -116.942  22.3865 -15.9409 0.180385 0 0 0 -0.186      0  0.086 -0.222699 -0.353524 0.0362954 -0.00047537 0.000138636 -0.00019247 -0.0418128  0.0975624 0.00482379 -0.0919025 -0.0848537    -9.8082 
               194.2 0.477765 0.370684 -116.835  22.3655 -15.9828 0.175597 0 0 0 -0.186      0  0.086  -0.305815  -0.463744 -0.0149632 -0.000401676  0.000245359 -0.000263918 -0.0418444  0.0971419 0.00534583 -0.0918627 -0.0848925    -9.8082 
               194.3  0.06257 0.533113 -116.793  22.3391 -16.0272  0.16115 0 0 0 -0.186      0  0.086 -0.26228 -0.43606 0.043776 -0.000280198  0.000209906 -0.000247614 -0.0413545  0.0968967 0.00641239 -0.0917876 -0.0848692    -9.8082 
               194.4 -0.449124  0.304376  -116.781  22.3159 -16.0636  0.15672 0 0 0 -0.186      0  0.086 -0.223643 -0.326056 0.0123476 -0.000290642  0.000324553 -0.000230446 -0.0412896  0.0968599 0.00710037 -0.0917717 -0.0848639    -9.8082 
               194.5 0.443686 0.656338 -116.761  22.3009 -16.0913 0.173956 0 0 0 -0.186      0  0.086  -0.165577  -0.332674 -0.0238488  -0.00046844  0.000229844 -0.000268434 -0.0408573  0.0967373 0.00587364 -0.0917355 -0.0848455    -9.8082 
               194.6 -0.0345478    0.58498   -116.791  22.2816 -16.1314 0.175667 0 0 0 -0.186      0  0.086   -0.205855   -0.501356 -0.00984329 -0.000152324  0.000173892 -0.000223871 -0.0407619  0.0968469 0.00549894 -0.0917408 -0.0848296    -9.8082 
               194.7 0.0203973  0.496939  -116.821  22.2625  -16.187 0.175613 0 0 0 -0.186      0  0.086 -0.140448   -0.4335  0.126924 -0.000209977  0.000274579 -0.000246627 -0.0411987  0.0964016 0.00574751 -0.0917364 -0.0849041    -9.8082 
             194.799 -0.418667   1.31154  -116.728   22.251 -16.2356 0.194814 0 0 0 -0.186      0  0.086 -0.146447 -0.412654 0.0981379 -0.000135521  6.70033e-05 -0.000268894 -0.0416366  0.0955204 0.00485947 -0.0917047 -0.0850226    -9.8082 
               194.9 -0.892435  0.322347  -116.647  22.2295 -16.2793 0.181945 0 0 0 -0.186      0  0.086  -0.229217  -0.484274 -0.0118949  0.000152252  0.000267632 -0.000294154 -0.0417905  0.0956915 0.00614999 -0.0917204 -0.0850139    -9.8082 
                 195 -0.552668  0.449019  -116.795  22.2104 -16.3257 0.181045 0 0 0 -0.186      0  0.086 -0.271528 -0.486519  0.105721 -0.000210733  0.000316181 -0.000273481 -0.0412195  0.0953265 0.00634811 -0.0916379 -0.0849986    -9.8082 
             195.101   -1.28242 -0.0768611   -116.707  22.1868 -16.3655 0.165555 0 0 0 -0.186      0  0.086 -0.190476 -0.342849 0.0486222  0.000129215  0.000274436 -0.000270841 -0.0411609  0.0955207 0.00805831 -0.0916366 -0.0849672    -9.8082 
               195.2 -0.326111 -0.114953  -116.714  22.1649 -16.4036 0.138307 0 0 0 -0.186      0  0.086  -0.219616  -0.342363 -0.0322749   -0.0003128   0.00028952 -0.000311242 -0.0415485  0.0956126  0.0100755 -0.0916636 -0.0849793    -9.8082 
               195.3 -0.659997 0.0125581  -116.886  22.1402 -16.4352 0.150057 0 0 0 -0.186      0  0.086  -0.250911  -0.497223 -0.0644965 -3.88844e-05   0.00023323 -0.000226808 -0.0410724  0.0964008 0.00859477 -0.0917013 -0.0848797    -9.8082 
             195.399 -0.366182 -0.338299  -116.765 22.1134 -16.489 0.17403 0 0 0 -0.186      0  0.086 -0.238229 -0.519774 0.0982489 -7.04274e-05  0.000249131 -0.000274037 -0.0410836  0.0964926 0.00649699 -0.0917209 -0.0848816    -9.8082 
               195.5 -0.225352 -0.199281  -116.876  22.0994 -16.5448 0.170133 0 0 0 -0.186      0  0.086 -0.183951 -0.435753 0.0386912   5.3016e-05 -6.62086e-05 -0.000255367 -0.0413183  0.0954091 0.00739658 -0.0916424 -0.0849918    -9.8082 
               195.6 -0.728209  0.203956  -116.787  22.0845 -16.5841 0.176864 0 0 0 -0.186      0  0.086   -0.232283   -0.423568 -0.00363282 -3.35093e-05  2.75958e-05 -0.000293791 -0.0410077  0.0950963   0.007072 -0.0915909  -0.084995    -9.8082 
             195.701 -0.195215 -0.103429  -116.773  22.0568 -16.6371  0.18407 0 0 0 -0.186      0  0.086 -0.348272 -0.548271 0.0395569 -0.000179651  4.95857e-05 -0.000276329 -0.0412729  0.0948951 0.00655837 -0.0915977 -0.0850347    -9.8082 
               195.8 -0.514475 -0.113402  -116.862  22.0204 -16.6887 0.176506 0 0 0 -0.186      0  0.086 -0.297173 -0.428244 0.0302811 -5.12775e-05  8.55415e-06  -0.00027108 -0.0414289   0.095054 0.00764194 -0.0916197 -0.0850312    -9.8082 
             195.901 0.0495763  0.159942  -116.679  21.9901 -16.7255 0.188849 0 0 0 -0.186      0  0.086  -0.275797  -0.347083 0.00836475 -0.000275573  0.000115619 -0.000286611 -0.0414139  0.0953777 0.00679266   -0.09165 -0.0850038    -9.8082 
             196.001 -0.258368 -0.308596  -116.647  21.9643 -16.7597 0.182771 0 0 0 -0.186      0  0.086  -0.255194  -0.388131 -0.0194289  2.35835e-05  9.18277e-05 -0.000274599 -0.0413839  0.0954969  0.0073173 -0.0916552 -0.0849902    -9.8082 
               196.1 -0.0695692  -0.490457   -116.658  21.9375 -16.8011 0.181504 0 0 0 -0.186      0  0.086 -0.365354 -0.569802 0.0234267 -1.02281e-05  0.000114091 -0.000278028 -0.0409973  0.0955363 0.00721795 -0.0916274 -0.0849566    -9.8082 
             196.201 0.0183147 -0.645433  -116.765  21.8958 -16.8609 0.186848 0 0 0 -0.186      0  0.086  -0.35234 -0.530629  0.192353  -6.6672e-05  1.06138e-05 -0.000239739    -0.0412  0.0958105 0.00708687  -0.091668 -0.0849494    -9.8082 
               196.3  0.207387 -0.728406  -116.868  21.8723 -16.9053 0.170273 0 0 0 -0.186      0  0.086 -0.209015 -0.431133 0.0222469  5.90568e-05 -6.57135e-05 -0.000281072 -0.0408816   0.095483 0.00928469 -0.0916018 -0.0849514    -9.8082 
               196.4 -0.286771 -0.435303  -116.698  21.8502 -16.9445 0.188959 0 0 0 -0.186      0  0.086 -0.195651 -0.417721 0.0253208  1.56085e-05  0.000138549 -0.000318123 -0.0409137  0.0957712 0.00801787 -0.0916361  -0.084929    -9.8082 
             196.501  -0.16746 -0.642543  -116.677  21.8289 -16.9903 0.176162 0 0 0 -0.186      0  0.086   -0.25805  -0.547686 -0.0309375 -0.000163056  0.000100009 -0.000339187 -0.0406672  0.0955878 0.00897177 -0.0915954 -0.0849261    -9.8082 
               196.6 -0.405175 -0.542322  -116.605  21.8022 -17.0381 0.171131 0 0 0 -0.186      0  0.086  -0.226456  -0.407762 -0.0137997 -0.000108621  2.33024e-05 -0.000334423 -0.0407006  0.0956079 0.00936481 -0.0915976 -0.0849275    -9.8082 
               196.7 -0.171628 -0.566921  -116.572  21.8002 -17.0774  0.18337 0 0 0 -0.186      0  0.086 -0.159716 -0.342717 0.0475049 -0.000230099    9.051e-06 -0.000332737 -0.0402466   0.094071 0.00859088 -0.0914363 -0.0850191   -9.80821 
             196.801 -0.530303 -0.791801  -116.762  21.7891  -17.109 0.183391 0 0 0 -0.186      0  0.086   -0.161996   -0.443663 -0.00128186  -0.00024299  1.27806e-05 -0.000274929 -0.0396321  0.0939738 0.00866706 -0.0913789 -0.0849798   -9.80821 
               196.9 0.0603574 -0.892669  -116.505  21.7757 -17.1589 0.181234 0 0 0 -0.186      0  0.086 -0.189285  -0.57124 0.0390369 -0.000361126  3.84079e-05 -0.000324483  -0.039362  0.0938013 0.00879496 -0.0913426 -0.0849734   -9.80821 
                 197 -0.47079 -1.37128  -116.82  21.7597 -17.2063 0.195313 0 0 0 -0.186      0  0.086 -0.160425 -0.421993 0.0937747  -0.00018481  4.18104e-05 -0.000234045 -0.0391713  0.0940801 0.00846072 -0.0913525 -0.0849351   -9.80821 
             197.099 -0.781546 -0.722493  -116.863  21.7425 -17.2437 0.205361 0 0 0 -0.186      0  0.086 -0.196754 -0.431543 0.0789079 -0.000334207 -6.98241e-05 -0.000278343 -0.0389066  0.0942645 0.00835688 -0.0913475 -0.0848995   -9.80821 
               197.2 -0.0179875    -0.4184   -116.706  21.7257   -17.29 0.209905 0 0 0 -0.186      0  0.086 -0.286973  -0.56475 0.0398237 -0.000448358 -9.04708e-05 -0.000321659 -0.0385168   0.093848 0.00838595 -0.0912824 -0.0849039   -9.80821 
               197.3 -0.294604 -0.452992  -116.656  21.6914 -17.3432  0.20799 0 0 0 -0.186      0  0.086 -0.280685 -0.474013  0.163052 -0.000233862 -6.51371e-05 -0.000330801 -0.0384535  0.0942487 0.00931142 -0.0913075 -0.0848686   -9.80821 
             197.399 -0.545674 -0.142351   -116.61  21.6647 -17.3768 0.214703 0 0 0 -0.186      0  0.086 -0.243121  -0.32236 0.0682269 -0.000192315 -8.46944e-05 -0.000325518 -0.0381235  0.0946456 0.00960795 -0.0913132 -0.0848119   -9.80821 
               197.5 -0.487768 -0.537378  -116.825  21.6462 -17.4049 0.204257 0 0 0 -0.186      0  0.086   -0.227353   -0.315934 -0.00865114  -0.00023802 -9.67854e-05 -0.000276003 -0.0377394  0.0943853  0.0106783 -0.0912585 -0.0848055   -9.80821 
               197.6 -0.296802 -0.739524  -116.633  21.6234 -17.4435 0.190315 0 0 0 -0.186      0  0.086  -0.268061  -0.464301 -0.0507096 -0.000218771 -8.14516e-05 -0.000322775 -0.0377932  0.0942143  0.0115383 -0.0912458 -0.0848241   -9.80821 
             197.701 -0.175496  -1.00988  -116.636  21.5992  -17.495 0.184672 0 0 0 -0.186      0  0.086  -0.21025 -0.470223 0.0506001 -0.000253606 -6.57488e-05 -0.000309741 -0.037815 0.0939618 0.0118091  -0.091226 -0.0848463   -9.80821 
               197.8 -0.418804 -0.826862  -116.625  21.5865 -17.5325 0.174312 0 0 0 -0.186      0  0.086 -0.136929 -0.373321 0.0127631 -0.000126921 -0.000205016 -0.000359967 -0.0374093  0.0936608  0.0127409 -0.0911671 -0.0848412   -9.80821 
             197.901 -0.775888 -0.974909  -116.935  21.5722 -17.5748 0.174158 0 0 0 -0.186      0  0.086 -0.133513 -0.422601 -0.030211  2.02234e-05  -0.00010773 -0.000298708 -0.0376694  0.0935118  0.0125959 -0.0911754 -0.0848723   -9.80821 
             198.002 -0.216039 -0.579308  -118.366  21.5783 -17.6108 0.179088 0 0 0 -0.186      0  0.086  -0.190541  -0.586144 -0.0503744 -8.14158e-05 -0.000365519 -0.000200802 -0.0360603  0.0923315  0.0118343 -0.0909591 -0.0848459   -9.80821 
             198.101  0.348023 -0.945052  -120.825  21.5564 -17.6673 0.181687 0 0 0 -0.186      0  0.086  -0.113815  -0.482567 0.00116718 -0.000201158  -0.00024698 -6.87094e-06 -0.0361208  0.0925478  0.0116657 -0.0909813 -0.0848323   -9.80821 
             198.202   1.25415 -0.820035  -124.469  21.5125 -17.7023 0.187399 0 0 0 -0.186      0  0.086 -0.166728 -0.317306 -0.033622 -0.000157449 -0.000216522  0.000232206 -0.0367852   0.095445  0.0110976 -0.0912544 -0.0846261   -9.80821 
             198.302   1.88179 -0.903597  -129.177  21.4476 -17.7293  0.17842 0 0 0 -0.186      0  0.086  -0.287375  -0.270873 -0.0531767  2.85832e-05 -0.000122891  0.000464921 -0.0382613  0.0993758   0.011321 -0.0916512 -0.0843448   -9.80821 
             198.401  1.89584 -1.15569 -134.704  21.3794 -17.7465 0.174262 0 0 0 -0.186      0  0.086   -0.468085   -0.333718 -0.00063465 0.000143506 -4.6367e-05 0.000668393 -0.0388844   0.102754  0.0110375  -0.091905 -0.0840005   -9.80821 
               198.5  2.43993 -1.41184 -140.625   21.317 -17.7616 0.173067 0 0 0 -0.186      0  0.086 -0.454661 -0.244566  0.063143  0.000142715 -3.31977e-05  0.000739011 -0.0388692   0.104736  0.0115432 -0.0919784 -0.0837424   -9.80821 
               198.6   2.46561 -0.574505  -145.657  21.2607 -17.7823  0.20293 0 0 0 -0.186      0  0.086 -0.498473  -0.20743 0.0444853  0.000293601 -0.000163063  0.000584154 -0.0393907   0.105526 0.00958804 -0.0920783 -0.0836103   -9.80821 
               198.7  2.49276 -1.48312 -152.179  21.2185  -17.773 0.200861 0 0 0 -0.186      0  0.086  -0.583511  -0.137114 -0.0109577 0.000318527 0.000102733 0.000759507 -0.0377029   0.106625 0.00980982 -0.0918043 -0.0834094   -9.80822 
             198.799  2.86905 -1.60496 -157.572  21.1549  -17.777 0.195734 0 0 0 -0.186      0  0.086 -0.840688 -0.182261 0.0220805 0.000269895 3.65206e-05 0.000652816 -0.0369153   0.107217 0.00997088 -0.0916447 -0.0833164   -9.80822 
             198.899  2.54877  -2.0199 -163.275  21.0892 -17.7828 0.199158 0 0 0 -0.186      0  0.086  -0.664343 -0.0729105  0.0725197 0.000333499  0.00011483 0.000665396 -0.0359058   0.107361  0.0100663 -0.0914497 -0.0833495   -9.80822 
             198.999  2.53425 -2.19233  -168.71  21.0399  -17.783 0.237693 0 0 0 -0.186      0  0.086 -0.528853  0.018987  0.119787  0.000332944 -7.86681e-05  0.000631046 -0.0351185    0.10707 0.00792856 -0.0913337  -0.083437   -9.80822 
             199.099  2.87918 -2.49619 -174.396  21.0072 -17.7893   0.2462 0 0 0 -0.186      0  0.086  -0.478502 0.00651859   0.125506  0.00055986 0.000122751 0.000579547 -0.0335242   0.105838 0.00826357 -0.0911962 -0.0839266   -9.80822 
             199.199   3.0287 -2.67521  179.768  20.9672 -17.7765 0.251392 0 0 0 -0.186      0  0.086 -0.588991 0.0451532  0.179467 0.000679567 0.000117088 0.000661926 -0.0324127   0.106475 0.00898876 -0.0908817 -0.0839922   -9.80822 
               199.3   2.8549 -2.69702  174.166   20.918 -17.7636 0.263945 0 0 0 -0.186      0  0.086 -0.559909  0.111412  0.168409  0.000794548 -0.000273139  0.000631517 -0.0310966   0.106735 0.00951742 -0.0905918 -0.0842139   -9.80822 
             199.399  3.15203 -2.49096  168.436   20.874 -17.7252 0.268576 0 0 0 -0.186      0  0.086 -0.497667    0.1951 0.0399532  0.000639486 -0.000126748  0.000700546 -0.0307787   0.108779   0.010047 -0.0900877 -0.0838806   -9.80823 
               199.5  3.38867 -2.61398  162.045   20.836 -17.6982 0.264853 0 0 0 -0.186      0  0.086  -0.500506   0.249272 -0.0279138  0.00076186 1.59053e-05 0.000838542 -0.0296974   0.109251  0.0104236 -0.0897944 -0.0840763   -9.80823 
               199.6  3.73788 -2.40034  156.569  20.7913 -17.6573 0.252216 0 0 0 -0.186      0  0.086 -0.668042  0.395884 0.0171493   0.00086801 -0.000157133  0.000720728 -0.028743  0.110402 0.0109847 -0.0893426 -0.0841523   -9.80823 
             199.699  3.28032 -1.53911  151.281  20.7525 -17.6152 0.231904 0 0 0 -0.186      0  0.086 -0.552114  0.447913 0.0689913  0.000938246 -0.000419738  0.000591112 -0.0255047   0.111047  0.0123556 -0.0887151 -0.0850575   -9.80823 
             199.799  2.03271 -2.43021  147.376  20.7141 -17.5615 0.226311 0 0 0 -0.186      0  0.086 -0.295892  0.431713 0.0594619  0.000949607 -0.000131014  0.000479106 -0.0257274   0.112171  0.0133066 -0.0884127  -0.084834   -9.80823 
             199.898  2.13343 -1.58576  143.575  20.6994 -17.5303 0.236025 0 0 0 -0.186      0  0.086 -0.161482  0.406385 0.0243274  0.000900053 -5.40304e-06  0.000317162 -0.0242283   0.111581  0.0128049 -0.0884257 -0.0854153   -9.80823 
             199.999  1.82395 -1.68315  142.099  20.6831 -17.4991 0.231823 0 0 0 -0.186      0  0.086  -0.240898   0.402362 -0.0139886 0.000922641 4.38166e-05  2.8395e-05 -0.0234116   0.111035  0.0132371 -0.0885319 -0.0857692   -9.80823 
             200.099 1.55719  -1.858 140.719  20.6453 -17.4691 0.220497 0 0 0 -0.186      0  0.086 -0.274993  0.466669 0.0297668  0.000857177   2.2762e-05 -6.78155e-06 -0.0230444   0.109604  0.0143253 -0.0890005 -0.0860499   -9.80822 
             200.199  1.07537 -1.44521  140.592  20.6122 -17.4315 0.213774 0 0 0 -0.186      0  0.086  -0.149786   0.370179 0.00321297  0.000959769 -0.000142074 -0.000189021 -0.0237895   0.108574  0.0149455 -0.0894231 -0.0858667   -9.80822 
             200.299 0.27473  0.3537 140.614  20.5886 -17.4179 0.213336 0 0 0 -0.186      0  0.086  -0.122774   0.323185 -0.0286028   0.00107927 -0.000579124 -0.000285654 -0.022775  0.106552 0.0147268 -0.0900604 -0.0863964   -9.80821 
               200.4 -0.315122  0.915162   140.747  20.5506 -17.4137 0.212104 0 0 0 -0.186      0  0.086 -0.225762  0.357963 -0.113638   0.00100054 -0.000370689 -0.000273479 -0.0221427   0.103096  0.0144387 -0.0912466 -0.0868674   -9.80819 
             200.501 0.715796 0.934383   140.74  20.4925 -17.3952 0.194236 0 0 0 -0.186      0  0.086  -0.376421   0.437538 -0.0790914  0.000699475 -0.000346474 -0.000269065 -0.0222232  0.0998566    0.01538 -0.0924166 -0.0870423   -9.80818 
             200.602 0.376082 0.665598  140.719  20.4373 -17.3651 0.212558 0 0 0 -0.186      0  0.086 -0.292894  0.313753 0.0385449  0.000754821  4.05936e-06 -0.000245498 -0.0233407  0.0977911  0.0136922 -0.0932398 -0.0867546   -9.80817 
             200.701  0.46657 0.731209  140.741   20.391 -17.3416 0.220886 0 0 0 -0.186      0  0.086 -0.244004  0.274565 0.0530354  0.000866217 -7.47839e-05 -0.000274161 -0.0246084  0.0959878  0.0135667 -0.0939775 -0.0863953   -9.80817 
             200.801 0.888758  1.28969  140.692   20.371 -17.3342 0.242753 0 0 0 -0.186      0  0.086 -0.321504  0.244044    0.0488  0.000884287  -0.00021377 -0.000230163 -0.0224854  0.0954912  0.0122475 -0.0940191 -0.0871998   -9.80816 
               200.9 0.437763  1.70136  140.633  20.3248 -17.3203 0.266037 0 0 0 -0.186      0  0.086 -0.376088  0.213336  0.142238   0.00111678  -0.00022073 -0.000199392 -0.0223192  0.0942161  0.0111507 -0.0944744 -0.0873337   -9.80816 
             201.001 1.34481  1.9323 140.645  20.2823 -17.2985 0.231706 0 0 0 -0.186      0  0.086 -0.256693  0.144199 0.0198759  0.000784129  -0.00011688 -0.000236114 -0.0235041  0.0936825  0.0148165 -0.0947202 -0.0869486   -9.80816 
             201.101 0.640656  2.82501  140.886  20.2469 -17.2799 0.214927 0 0 0 -0.186      0  0.086  -0.253725   0.178059 -0.0973301  0.000941136 -0.000169314 -0.000308598 -0.0247611  0.0931446  0.0157345  -0.094992 -0.0865302   -9.80816 
               201.2 0.953879   3.0146  140.721  20.2134 -17.2548 0.205096 0 0 0 -0.186      0  0.086 -0.315049  0.380008  -0.11207  0.000754779 -3.68966e-05 -0.000249298 -0.0254032   0.092709  0.0154866 -0.0951942 -0.0863227   -9.80816 
             201.301  1.0142 3.26335 140.986  20.1795 -17.2035 0.192333 0 0 0 -0.186      0  0.086 -0.336711  0.401207 -0.110245  0.000803418 -0.000150716 -0.000347599 -0.0261997  0.0932623  0.0160503 -0.0950465 -0.0860057   -9.80816 
             201.401 -0.655787   3.63225    141.83  20.1241 -17.1473  0.19881 0 0 0 -0.186      0  0.086 -0.314401  0.334665 0.0663012  0.00108578 6.77616e-05 -0.00030654 -0.0299964  0.0926551  0.0147464 -0.0955398 -0.0846617   -9.80817 
               201.5 0.979311  4.82328  140.716  20.1055 -17.1336 0.206282 0 0 0 -0.186      0  0.086 -0.320971  0.240316 0.0147128  0.000671454 -0.000249379 -1.50897e-05 -0.027741 0.0925537 0.0143507 -0.0954229 -0.0854727   -9.80816 
             201.601 0.413172  4.56386  141.106  20.0665 -17.1134  0.19439 0 0 0 -0.186      0  0.086 -0.402052  0.244041 -0.154305  0.000882214 -6.13379e-05 -0.000140422 -0.0276272  0.0923758  0.0151095 -0.0954658 -0.0855354   -9.80816 
               201.7 0.983439  3.59162  141.181  20.0193 -17.1032 0.183614 0 0 0 -0.186      0  0.086  -0.305589   0.185708 -0.0691479  0.000672987  0.000429026 -0.000156806 -0.0276745  0.0910646  0.0154028 -0.0959244 -0.0856081   -9.80816 
               201.8 -0.262663   3.45868   140.949 19.9931 -17.084 0.18522 0 0 0 -0.186      0  0.086  -0.235673   0.170859 -0.0380725 0.000912892 0.000462933 -0.00013941 -0.0277202  0.0912662  0.0148709 -0.0958664 -0.0855701   -9.80816 
             201.899 0.449945  4.50553  141.149  19.9541 -17.0688 0.165435 0 0 0 -0.186      0  0.086 -0.355148  0.300979 -0.160126  0.000754711 -7.85696e-05 -0.000195959 -0.0279829  0.0899802  0.0158053  -0.096317 -0.0855761   -9.80815 
                 202 0.86178 4.49326 141.274  19.9018 -17.0337 0.154624 0 0 0 -0.186      0  0.086 -0.404371  0.363401 -0.151333  0.000650417 -3.06863e-05 -0.000216518 -0.028753 0.0891537 0.0152918 -0.0966676 -0.0853489   -9.80815 
               202.1 -0.0373306    2.24908     141.05  19.8401 -16.9974 0.146853 0 0 0 -0.186      0  0.086  -0.35002  0.236941 0.0126982  0.00088259 0.000505297 -0.00017457 -0.0312804  0.0878166  0.0152034 -0.0973103 -0.0845419   -9.80815 
             202.201 0.750936  2.87438  141.179  19.8036 -16.9701 0.149912 0 0 0 -0.186      0  0.086   -0.34772   0.186073 -0.0333504  0.000733651  0.000181524 -0.000176955 -0.0319707  0.0880198  0.0146985 -0.0972968 -0.0842775   -9.80816 
               202.3 0.613221  2.33485  141.181  19.7602 -16.9462 0.167291 0 0 0 -0.186      0  0.086   -0.49479   0.237961 -0.0119029  0.000774829  0.000222638 -0.000200686 -0.0324094  0.0879569  0.0128739 -0.0973778 -0.0841008   -9.80816 
               202.4 0.15568  2.0875 142.347  19.7085 -16.9213 0.174538 0 0 0 -0.186      0  0.086 -0.454878  0.233939  0.129503  0.000831034  7.92983e-05 -0.000362008 -0.0325656  0.0879665  0.0122869 -0.0973938 -0.0840377   -9.80816 
             202.499 -0.42259  1.34111  144.033  19.6661 -16.8914 0.186722 0 0 0 -0.186      0  0.086 -0.333643  0.207878 0.0975668   0.00103802 -5.23332e-05 -0.000502939 -0.0334543  0.0879967  0.0117994 -0.0974527   -0.08372   -9.80816 
             202.599 -1.50037  1.84572  147.818  19.6311 -16.8636 0.201039 0 0 0 -0.186      0  0.086 -0.298359  0.272462 0.0545309   0.00104501 -0.000249714 -0.000788351 -0.0342005  0.0879565  0.0110709   -0.09753 -0.0834576   -9.80816 
             202.698 -0.816252   1.18755   151.958  19.5897 -16.8522 0.192689 0 0 0 -0.186      0  0.086 -0.398571  0.353491  0.022636  0.000705217 -0.000133574 -0.000885418 -0.0334115  0.0863732   0.012249 -0.0979904  -0.083846   -9.80815 
             202.799 -2.96082 0.984601  157.048  19.5297 -16.8348 0.202314 0 0 0 -0.186      0  0.086 -0.346595  0.236341   0.17996   0.00123269 -2.82555e-05  -0.00107743 -0.0340186  0.0843664   0.012241 -0.0987159 -0.0837941   -9.80815 
             202.899 -3.73298  1.34798  162.015  19.4918 -16.8352 0.197647 0 0 0 -0.186      0  0.086 -0.348851  0.120873 0.0797048   0.00103644 -0.000166974  -0.00111184 -0.032898 0.0827536 0.0138828 -0.0991127 -0.0842964   -9.80814 
                 203 -2.27527  1.26471   169.06  19.4306 -16.8497 0.194549 0 0 0 -0.186      0  0.086  -0.557979 -0.0639406 -0.0397321 0.000674337 -4.8194e-05 -0.00137801 -0.0331832  0.0806228  0.0142657 -0.0998246 -0.0844075   -9.80813 
               203.1 -2.59014 0.847396  174.759  19.3598 -16.8682 0.182495 0 0 0 -0.186      0  0.086 -0.554263 -0.183252 0.0464912  0.000799607 -7.66288e-05  -0.00123202 -0.0336102  0.0796188  0.0150014  -0.100178 -0.0843817   -9.80813 
             203.201 -2.20582  1.25935 -179.951  19.2912 -16.9162 0.152583 0 0 0 -0.186      0  0.086 -0.493706 -0.218677  -0.11977  0.000522152 -0.000206942   -0.0012884 -0.0334077  0.0768595  0.0173531  -0.100924 -0.0847499   -9.80811 
             203.301 -3.60492 0.576425 -173.804  19.2403 -16.9516  0.16194 0 0 0 -0.186      0  0.086 -0.576977 -0.277076 -0.072034 0.000682571 0.000206101 -0.00130586 -0.0328214  0.0761116  0.0157597  -0.101063 -0.0850235   -9.80811 
             203.402 -3.42261 0.869488  -168.14  19.2007 -16.9812 0.166346 0 0 0 -0.186      0  0.086 -0.462112  -0.32085 0.0800131 0.000598286 -0.00021582 -0.00127295 -0.0314492  0.0764671   0.015423  -0.100728 -0.0853002   -9.80811 
             203.501 -3.32606 0.988687 -162.954  19.1576 -17.0258 0.175859 0 0 0 -0.186      0  0.086 -0.413657 -0.397241 0.0330648  0.000428746 -9.53459e-06  -0.00125149 -0.0311513   0.075605  0.0151253  -0.100865 -0.0855047   -9.80811 
             203.601 -2.77774 0.613902 -156.417  19.1146 -17.0796 0.188821 0 0 0 -0.186      0  0.086 -0.456705 -0.604332 0.0121857 0.000197155 0.000190806  -0.0014669 -0.0311017  0.0752855  0.0140826  -0.100929 -0.0855859   -9.80811 
               203.7 -2.65768 0.960672 -150.853  19.0826 -17.1397 0.179154 0 0 0 -0.186      0  0.086   -0.32619  -0.590728 0.00514471 -8.22202e-06 -0.000240982  -0.00144019 -0.0302992  0.0751107  0.0151328  -0.100771 -0.0857158   -9.80811 
             203.801 -3.68787  1.80245 -146.944  19.0658 -17.1837 0.175983 0 0 0 -0.186      0  0.086  -0.258857  -0.560847 -0.0135362 0.000448319 -0.00030646 -0.00115992 -0.0294339  0.0759326   0.015372  -0.100481 -0.0856726   -9.80811 
             203.902 -2.62864  1.45148 -143.908  19.0493 -17.2241 0.171435 0 0 0 -0.186      0  0.086  -0.322228  -0.572484 -0.0465552  0.000178255 -0.000405573 -0.000845157 -0.0285832  0.0768506  0.0155993  -0.100221 -0.0855889   -9.80811 
             204.002 -1.47979 0.613894 -141.742   19.002 -17.2837 0.162353 0 0 0 -0.186      0  0.086 -0.391789 -0.603968 0.0989672 -0.000190551  1.69409e-06 -0.000699284 -0.0292392  0.0772276  0.0160627  -0.100339 -0.0854803   -9.80811 
             204.101 -0.899298  0.633538  -140.407  18.9769 -17.3149 0.154388 0 0 0 -0.186      0  0.086 -0.294156 -0.500612 0.0491426  -0.00036436  4.65368e-05 -0.000643613 -0.0282512  0.0785837  0.0171371  -0.100116 -0.0852842   -9.80812 
             204.201 0.755761  0.96063 -139.903  18.9579  -17.337 0.154493 0 0 0 -0.186      0  0.086  -0.290773  -0.487108 -0.0530532 -0.000690451  8.10828e-05 -0.000455755 -0.0270677  0.0801511  0.0172232 -0.0999051 -0.0850697   -9.80812 
               204.3 0.459178 0.603972 -140.367  18.9135 -17.3585 0.180584 0 0 0 -0.186      0  0.086 -0.337085 -0.427605  0.101502 -0.000355116  0.000291877 -0.000262334 -0.0268398  0.0827532  0.0149404  -0.099931 -0.0847292   -9.80812 
               204.4 0.542187 0.696891 -140.521  18.8789 -17.3737 0.198403 0 0 0 -0.186      0  0.086 -0.258439 -0.297574  0.102822 -4.21645e-05  0.000142325 -0.000213721 -0.0264008  0.0845251  0.0141182 -0.0999204 -0.0844841   -9.80813 
             204.499 -0.47627 0.923382 -140.329  18.8508 -17.3803    0.196 0 0 0 -0.186      0  0.086 -0.297336 -0.259095 0.0407738  0.000150227  0.000157947 -0.000300697 -0.0257623  0.0859687  0.0147708 -0.0998691 -0.0842653   -9.80813 
               204.6 -0.366091   1.03592  -140.811  18.8176 -17.3896 0.185957 0 0 0 -0.186      0  0.086  -0.491414  -0.292353 -0.0617484  4.35337e-05  2.08098e-05 -0.000244533 -0.0248768  0.0869019  0.0155018 -0.0997688   -0.08411   -9.80813 
               204.7 0.442091 0.226056 -142.652   18.771 -17.4036 0.179267 0 0 0 -0.186      0  0.086 -0.399609 -0.169954 0.0528563 -0.000149592  0.000194385 -7.59462e-05 -0.0244278  0.0876449  0.0162304 -0.0997248 -0.0839899   -9.80813 
             204.801  2.14916 0.509665 -145.137  18.7305 -17.3991  0.20686 0 0 0 -0.186      0  0.086  -0.313678 -0.0977622   0.068423 -0.000638613  0.000281002  1.53303e-05 -0.0241145  0.0892454  0.0144212 -0.0997534 -0.0837552   -9.80814 
             204.902  2.26449 0.234657 -149.236  18.7051 -17.3913 0.200958 0 0 0 -0.186      0  0.086   -0.285889   -0.107473 -0.00423845 -0.000196487  0.000318532  0.000318924 -0.0233156  0.0901915  0.0152805 -0.0996568 -0.0835952   -9.80814 
             205.001  2.97976  0.51326 -154.114  18.6784 -17.3856 0.193995 0 0 0 -0.186      0  0.086  -0.173043   0.066802 -0.0343437 -8.36243e-05  0.000215697  0.000478075 -0.0230259  0.0912926  0.0158837 -0.0996273 -0.0834188   -9.80814 
             205.099 -1.17379  1.34693 -158.511  18.6682 -17.3514 0.159066 0 0 0 -0.186      0  0.086 -0.127625   0.21531 -0.171033  0.000627227 -9.16705e-05  0.000619481 -0.0221698  0.0923308  0.0180383 -0.0994735 -0.0832558   -9.80814 
             205.197 -0.474135  0.887608  -156.719  18.6487 -17.3145 0.148002 0 0 0 -0.186      0  0.086  -0.16987  0.227768 -0.168773  7.74326e-05  0.000218071 -0.000225727 -0.0223653  0.0935641  0.0174733 -0.0994925 -0.0830278   -9.80814 
             205.298 -0.33617 0.741016 -156.398  18.6279  -17.313 0.149214 0 0 0 -0.186      0  0.086 -0.217717  0.169264 -0.141684   0.00021473  0.000216822 -0.000367277 -0.0227016  0.0922508  0.0160873 -0.0996088  -0.083251   -9.80814 
             205.398 -0.100641  0.831232  -156.689  18.6083 -17.3197 0.146097 0 0 0 -0.186      0  0.086  -0.217824   0.108997 -0.0821521  0.000175525  0.000205978 -0.000284104 -0.0227624  0.0906242  0.0150781  -0.099707 -0.0835478   -9.80814 
             205.499 0.182056 0.614675 -156.592  18.5932 -17.3407 0.152961 0 0 0 -0.186      0  0.086  -0.208208  0.0114766 -0.0567587  0.000109721  0.000225374 -0.000344706 -0.022672 0.0883899 0.0140735 -0.0998278 -0.0839662   -9.80813 
             205.599 -0.351261   0.57108  -156.791  18.5673  -17.363 0.160709 0 0 0 -0.186      0  0.086  -0.317928 -0.0749829 -0.0301477 0.000208215 0.000233704 -0.00033372 -0.0229526  0.0869748  0.0131423 -0.0999743 -0.0842074   -9.80813 
             205.699 -0.151792    0.5111  -156.817  18.5318 -17.3904 0.174722 0 0 0 -0.186      0  0.086 -0.297307 -0.110521 0.0938184  0.000138917  0.000227045 -0.000308752 -0.0234668  0.0856974  0.0122831  -0.100157 -0.0844028   -9.80813 
               205.8  1.42647  0.64829 -156.427  18.5016 -17.4048 0.227195 0 0 0 -0.186      0  0.086 -0.207717 -0.172973  0.223191 -0.000143245  0.000418239 -0.000316121 -0.0238922  0.0861486 0.00911867  -0.100231 -0.0843002   -9.80813 
             205.901  1.17422 0.784982 -156.235  18.4834 -17.4532 0.220331 0 0 0 -0.186      0  0.086 -0.246152 -0.251248 0.0715735 -7.05576e-05  0.000250532 -0.000540396 -0.0239474  0.0837715  0.0109901  -0.100383 -0.0847072   -9.80812 
                 206 -0.28335 0.992751 -156.823  18.4541 -17.4849 0.203614 0 0 0 -0.186      0  0.086  -0.375159  -0.420752 -0.0226964  0.000274538  0.000136079 -0.000304792  -0.02392 0.0837078  0.012551  -0.100368 -0.0847174   -9.80812 
             206.101 -0.360906  0.729191   -156.71  18.4135  -17.526 0.181537 0 0 0 -0.186      0  0.086   -0.33436  -0.337071 -0.0244687  0.000203056  4.36622e-05 -0.000384416 -0.0240904  0.0836363  0.0143858  -0.100387 -0.0847147   -9.80812 
             206.202 0.928404 0.836616 -157.423  18.3769 -17.5415 0.187213 0 0 0 -0.186      0  0.086  -0.315422  -0.224229 -0.0455787  2.03819e-05  0.000455538 -0.000762859 -0.0242468  0.0848302  0.0136036  -0.100346 -0.0844992   -9.80812 
             206.302 0.782128 0.868763 -159.369  18.3366 -17.5552 0.191205 0 0 0 -0.186      0  0.086  -0.423035  -0.172022 -0.0601857  0.000319941  0.000221305 -0.000871655 -0.0245499  0.0855344  0.0128807  -0.100363 -0.0843569   -9.80812 
             206.401  1.53276 0.462668 -162.161  18.2518 -17.5562 0.181746 0 0 0 -0.186      0  0.086  -0.718971 -0.0934344 -0.0115916 0.000409049 0.000173945 -0.00115329 -0.0264808  0.0876066  0.0129602   -0.10057 -0.0838558   -9.80813 
             206.501  2.71392 0.376447 -166.197  18.1322 -17.5529 0.177909 0 0 0 -0.186      0  0.086   -0.727741  -0.0235426 0.000322841  0.000459617 -3.33534e-05  -0.00111089 -0.0296655  0.0898477   0.013426  -0.100971 -0.0832165   -9.80813 
               206.6  2.78659 0.176931 -169.428   18.062 -17.5343 0.199859 0 0 0 -0.186      0  0.086 -0.671377 0.0337476 0.0288755  0.000474187  0.000109306 -0.000974091 -0.0295258  0.0910779  0.0119723  -0.100864 -0.0830048   -9.80813 
             206.698   1.83277 0.0534991  -171.495  18.0035 -17.5194 0.200966 0 0 0 -0.186      0  0.086  -0.780962  0.0657384 -0.0478491  0.000727193 -5.08799e-05 -0.000946263 -0.028631 0.0915042 0.0119413  -0.100668 -0.0830139   -9.80813 
             206.798  0.922846 0.0899905  -172.645  17.9401 -17.5103 0.193027 0 0 0 -0.186      0  0.086   -0.965944   0.0781218 -0.00530763  0.000850044 -8.97387e-05 -0.000899355 -0.0269096  0.0911791  0.0123835  -0.100395 -0.0832619   -9.80813 
             206.899  1.22181 0.524758 -173.313  17.8878 -17.5024 0.215296 0 0 0 -0.186      0  0.086 -0.674412 0.0617159 0.0754429  0.000612181  6.27964e-05 -0.000781893 -0.0244872  0.0906299  0.0108847  -0.100049 -0.0836376   -9.80813 
             206.998 0.118806 0.784387  -173.72  17.8557  -17.496 0.222752 0 0 0 -0.186      0  0.086 -0.475851 0.0559186 0.0279646  0.000750805  0.000276827 -0.000682432  -0.02267 0.0903582 0.0109792 -0.0997701 -0.0839292   -9.80813 
             207.099 -0.21321   1.1536 -173.735  17.8349   -17.49 0.215687 0 0 0 -0.186      0  0.086  -0.450549  0.0532167 -0.0443465  0.000794004  0.000254452 -0.000640545 -0.0208418   0.090199  0.0116125 -0.0994745 -0.0842261   -9.80813 
               207.2  0.36723  1.27984 -173.824  17.7953 -17.4879  0.19869 0 0 0 -0.186      0  0.086 -0.483139 0.0796884 -0.105267   0.00047077  0.000424878 -0.000611545 -0.0199995  0.0898134  0.0124665 -0.0993814 -0.0844271   -9.80813 
             207.301 -0.495729   1.20224  -173.458  17.7607 -17.4822 0.189372 0 0 0 -0.186      0  0.086  -0.314601   0.052756 -0.0268559 0.000609469 0.000433975 -0.00076261 -0.0195312  0.0897221  0.0126189 -0.0993148 -0.0845175   -9.80813 
               207.4 -0.11354  1.41079 -173.994  17.7347 -17.4801 0.181614 0 0 0 -0.186      0  0.086  -0.239406 -0.0150318   -0.10735  0.000550094  0.000445211 -0.000419325 -0.0193907  0.0895682  0.0127076 -0.0993143 -0.0845664   -9.80813 
             207.501 0.390863  1.70778 -173.861  17.7048 -17.4922 0.186659 0 0 0 -0.186      0  0.086 -0.377945 -0.137562  -0.11826  0.000467661  0.000472352 -0.000561718 -0.0193738  0.0890402  0.0112725 -0.0994104 -0.0846563   -9.80813 
             207.601 0.330747  1.40998 -173.969  17.6522 -17.5184  0.17375 0 0 0 -0.186      0  0.086  -0.466925  -0.185662 -0.0234767  0.000593549   0.00049297 -0.000412673 -0.0198886  0.0884024  0.0114812 -0.0995962  -0.084677   -9.80813 
             207.702 0.943405  1.68225 -174.053  17.5951 -17.5398 0.171416 0 0 0 -0.186      0  0.086 -0.358343 -0.136676 -0.018731  0.000666869  0.000348627 -0.000424318 -0.0210612  0.0881101  0.0114674 -0.0998416 -0.0845321   -9.80813 
             207.801  1.03846  1.97706 -174.014  17.5582 -17.5534 0.170032 0 0 0 -0.186      0  0.086  -0.393786 -0.0903469 -0.0745097  0.000188832  0.000324275 -0.000432139 -0.021098 0.0877624 0.0111053  -0.099907 -0.0845828   -9.80813 
             207.901 0.989084  2.00942 -174.026  17.5019 -17.5633 0.165009 0 0 0 -0.186      0  0.086 -0.580034 -0.037763 -0.141715  0.000118797  0.000312163 -0.000404861 -0.0216835  0.0873281  0.0105891  -0.100081 -0.0845575   -9.80812 
                 208 0.569096  1.53203 -173.887  17.4281 -17.5594 0.165886 0 0 0 -0.186      0  0.086 -0.506363 0.0141003 -0.019386  0.000431582  0.000434992 -0.000482917 -0.0229721  0.0878723 0.00975023  -0.100227 -0.0842584   -9.80813 
               208.1 0.515606   1.4525 -173.805   17.368 -17.5519 0.187772 0 0 0 -0.186      0  0.086  -0.421584  0.0414801 0.00343987  0.000276311  0.000395252 -0.000521417  -0.024077  0.0882746 0.00806129 -0.100376 -0.084011  -9.80813 
             208.201 0.651701  1.17013 -173.548 17.3152 -17.552 0.19471 0 0 0 -0.186      0  0.086  -0.495304 0.00326147 -0.0376581  0.000493942  0.000412656 -0.000671135 -0.0247152  0.0880356 0.00751261  -0.100528 -0.0839458   -9.80813 
               208.3 0.631341 0.501497 -173.772  17.2705 -17.5557 0.185136 0 0 0 -0.186      0  0.086   -0.613613  -0.0138138 -0.00348194  0.000455909  0.000450412 -0.000557705 -0.0239186  0.0877441 0.00804614  -0.100431 -0.0841218   -9.80813 
               208.4 0.690223 0.302165 -173.583  17.2099 -17.5672 0.177153 0 0 0 -0.186      0  0.086   -0.489022  -0.0379425 -0.00437968  0.000495126  0.000392346 -0.000621795 -0.0240631  0.0871337 0.00884434  -0.100538 -0.0841999   -9.80812 
               208.5 0.666749 0.714193  -173.79  17.1608 -17.5759 0.204057 0 0 0 -0.186      0  0.086  -0.405264 -0.0726187  0.0420044  0.000395209  0.000386694 -0.000588686 -0.0242569  0.0868043 0.00707709  -0.100639 -0.0842173   -9.80812 
               208.6 0.0849883  0.450261  -173.816  17.1214 -17.5894 0.213349 0 0 0 -0.186      0  0.086   -0.45723 -0.0871286  0.0417045    0.0005659  0.000352381 -0.000577963  -0.024089  0.0863511 0.00668014  -0.100683 -0.0843156   -9.80812 
               208.7 0.0515277  0.279117  -173.883  17.0697 -17.5934 0.200709 0 0 0 -0.186      0  0.086  -0.518801 -0.0481613  0.0124082  0.000765119  0.000334206 -0.000598818 -0.0242717  0.0867666 0.00784153  -0.100642 -0.0842238   -9.80812 
               208.8  0.354658 0.0308542  -173.687  17.0233 -17.5924  0.19115 0 0 0 -0.186      0  0.086   -0.376253 -0.00552059    0.059992  0.000477622  0.000229064 -0.000591575 -0.0244318  0.0870582 0.00892258 -0.100617 -0.084155  -9.80812 
               208.9  0.387429 -0.145537  -173.883  16.9946 -17.5938 0.190387 0 0 0 -0.186      0  0.086  -0.33069 0.0073502 0.0135017  0.000530747  0.000269617 -0.000501692 -0.0240194  0.0868895 0.00918879  -0.100572 -0.0842466   -9.80812 
             209.001  0.347463 -0.677171  -173.888  16.9744 -17.5945 0.192827 0 0 0 -0.186      0  0.086  -0.409891 -0.0105088 -0.0106175  0.000506723  0.000345711 -0.000470799  -0.022991  0.0867704 0.00895036  -0.100421 -0.0844241   -9.80812 
               209.1 0.746841  -1.1524 -174.025  16.9264 -17.6044 0.197553 0 0 0 -0.186      0  0.086  -0.544063 -0.0551223   0.117922  0.000299207   0.00030391 -0.000405345 -0.0228827  0.0862106 0.00854754  -0.100487 -0.0845296   -9.80812 
             209.201  0.772176 -0.964844      -174  16.8623 -17.6234 0.220775 0 0 0 -0.186      0  0.086  -0.442099 -0.0974367  0.0661451  0.000433372  0.000210361 -0.000392152  -0.023784  0.0853368 0.00756644  -0.100766 -0.0845293   -9.80812 
             209.301   1.05551 -0.792543  -173.898  16.8053 -17.6458 0.240662 0 0 0 -0.186      0  0.086  -0.39321 -0.118616 0.0486645  0.000282684   0.00026597 -0.000435337 -0.0248671  0.0844202 0.00647603  -0.101079 -0.0845073   -9.80812 
               209.4  0.437792 -0.943295  -174.036   16.751 -17.6675 0.231759 0 0 0 -0.186      0  0.086  -0.514742  -0.127927 -0.0157139  0.000486943  8.25803e-05 -0.000415531 -0.0254997  0.0837852 0.00730354  -0.101274 -0.0845127   -9.80811 
               209.5 0.598388 -0.97777 -174.043  16.6933 -17.6849    0.234 0 0 0 -0.186      0  0.086  -0.523697 -0.0849238  0.0813064 0.000268093  0.00012322 -0.00044353 -0.0256243  0.0832968 0.00737871  -0.101366 -0.0845709   -9.80811 
             209.601 0.643512 -1.05489 -173.874  16.6427 -17.6899 0.235676 0 0 0 -0.186      0  0.086  -0.398077 -0.0401716  0.0552714  0.000223488  1.39881e-05 -0.000389011 -0.0259493  0.0835295 0.00774039  -0.101385 -0.0844857   -9.80811 
               209.7 0.287239 -1.68145 -174.088   16.601 -17.6889 0.235414 0 0 0 -0.186      0  0.086  -0.390089 -0.0258432  0.0125919 0.000472333 0.000163493 -0.00039545 -0.0262499  0.0839054 0.00799455   -0.10138 -0.0843817   -9.80811 
               209.8 0.603663 -2.07169 -173.933  16.5596 -17.6696 0.234854 0 0 0 -0.186      0  0.086  -0.522991 0.00292068 -0.0178247  0.000381216  6.46344e-05 -0.000437672 -0.0262843  0.0854712 0.00808819  -0.101159 -0.0841314   -9.80812 
             209.899 -0.203502  -2.82653  -173.974  16.4963 -17.6551  0.23119 0 0 0 -0.186      0  0.086  -0.588008 -0.0189878  0.0331406  0.000876857  0.000192323 -0.000406322  -0.026782  0.0867929 0.00840448   -0.10105 -0.0838503   -9.80812 
                 210 0.251471 -2.31149 -174.128   16.442 -17.6438 0.235817 0 0 0 -0.186      0  0.086  -0.46498 0.0133677 0.0452785  0.000855078 -3.77697e-05 -0.000396842  -0.026985  0.0876776 0.00824601  -0.100955 -0.0836815   -9.80812 
               210.1 -0.702165  -2.49833  -174.098  16.3981 -17.6428  0.22117 0 0 0 -0.186      0  0.086  -0.454911 0.00723434 -0.0375411   0.00107878  9.78934e-05 -0.000396699 -0.0268718  0.0876501 0.00921967 -0.100947 -0.083704  -9.80812 
             210.201 -0.225321  -2.62699  -174.025  16.3417 -17.6601  0.24218 0 0 0 -0.186      0  0.086  -0.596088 -0.0408137  0.0393332 0.000797369 0.000188863 -0.00046677 -0.0271507  0.0862085 0.00740941  -0.101183 -0.0838857   -9.80812 
               210.3 -0.68302 -2.40666 -173.833  16.2916 -17.6627 0.265283 0 0 0 -0.186      0  0.086  -0.442006 -0.0751716  0.0711338   0.00099317  9.80568e-05 -0.000542883  -0.027034   0.086412 0.00618374  -0.101125 -0.0838727   -9.80812 
             210.401 -0.215424  -2.48704  -173.931  16.2701   -17.67 0.285163 0 0 0 -0.186      0  0.086 -0.339754 -0.113621 0.0925768  0.000860514  0.000156204 -0.000489586 -0.0258137  0.0864034 0.00539351  -0.100924 -0.0840568   -9.80812 
               210.5 -0.999429  -2.52575  -173.813   16.236 -17.6754 0.289921 0 0 0 -0.186      0  0.086 -0.443075 -0.188681  0.044743   0.00113167  6.79852e-05 -0.000525456 -0.0256665  0.0870817 0.00561201  -0.100807 -0.0839735   -9.80812 
               210.6 -0.575815  -2.56738  -173.882   16.175 -17.6978 0.282027 0 0 0 -0.186      0  0.086  -0.63317 -0.234742 0.0514478   0.00082367  7.76654e-05 -0.000504422 -0.0260966  0.0871049 0.00655878  -0.100882 -0.0839035   -9.80812 
               210.7 -0.917457  -2.62813  -173.415  16.1287  -17.711 0.293734 0 0 0 -0.186      0  0.086 -0.456073 -0.133457  0.120332   0.00097793  0.000119697 -0.000627744 -0.0255422   0.087419 0.00653287  -0.100751 -0.0839366   -9.80812 
               210.8  -1.6496 -2.23236 -171.444  16.0871 -17.7169 0.291226 0 0 0 -0.186      0  0.086 -0.410051 -0.156316 0.0377845  0.000965959  2.52495e-05 -0.000894066 -0.0254444  0.0882296 0.00757252  -0.100634 -0.0838219   -9.80813 
               210.9 -1.29519 -2.40702 -171.104  16.0305 -17.7365 0.286691 0 0 0 -0.186      0  0.086  -0.607693  -0.169373 -0.0224196  0.000809095  0.000169998 -0.000636326 -0.0259804  0.0879251 0.00802013  -0.100765 -0.0837889   -9.80812 
             211.001 -0.838901  -2.26236  -171.252  15.9627 -17.7615 0.289763 0 0 0 -0.186      0  0.086  -0.58903 -0.175908 0.0958178  0.000766865  9.17413e-05 -0.000547882 -0.0261275  0.0873254 0.00788794  -0.100866 -0.0838607   -9.80812 
               211.1 -0.700847  -1.90993  -171.235  15.9304 -17.7652 0.278958 0 0 0 -0.186      0  0.086 -0.386574 -0.103562 0.0450851  0.000897077 -0.000114373 -0.000427862 -0.0248918  0.0881283 0.00941981  -0.100584 -0.0838958   -9.80813 
             211.201 -1.04713 -1.90321 -171.398  15.9084 -17.7744 0.283428 0 0 0 -0.186      0  0.086   -0.30767 -0.0876791 -0.0111505   0.00111618  0.000107698 -0.000459532 -0.0240028  0.0880792 0.00911647  -0.100446 -0.0840241   -9.80813 
             211.301 -0.709491  -2.03647  -171.349  15.8728 -17.7765  0.28106 0 0 0 -0.186      0  0.086  -0.425892 -0.0992995  -0.026342   0.00092666  0.000128329 -0.000466446 -0.0241356  0.0886531 0.00911448  -0.100396 -0.0839197   -9.80813 
               211.4 -0.422279  -1.82118  -171.364  15.8274  -17.782 0.275125 0 0 0 -0.186      0  0.086  -0.467829 -0.0752146  0.0866876  0.000833002 -4.81975e-05 -0.000438536  -0.023947   0.088959 0.00962164  -0.100333 -0.0838941   -9.80813 
               211.5 0.00828325   -1.38074   -171.571  15.7794 -17.7916 0.269596 0 0 0 -0.186      0  0.086  -0.343405 -0.0597601   0.015776  0.000921155 -0.000256294  -0.00043817 -0.0244864  0.0887858  0.0103745  -0.100445 -0.0838465   -9.80813 
             211.601 -0.511869  -1.32154   -171.39  15.7307  -17.793 0.263123 0 0 0 -0.186      0  0.086   -0.36197 -0.0309157  -0.051507  0.000871066  1.26379e-05 -0.000459534 -0.0256033    0.08922  0.0107944   -0.10057 -0.0836364   -9.80813 
               211.7 0.258639 -1.20153  -171.37  15.6893 -17.7924 0.264814 0 0 0 -0.186      0  0.086   -0.507272 -0.00046093  -0.0237783  0.000673461 -8.67416e-05 -0.000467247 -0.0256972  0.0894076  0.0102776  -0.100559 -0.0835986   -9.80813 
               211.8 -0.0729923   -1.30902     -171.5  15.6259 -17.7899 0.247547 0 0 0 -0.186      0  0.086  -0.586627  0.0123875 0.00187216  0.000684663 -0.000106168 -0.000414695 -0.0261026  0.0897144  0.0117297  -0.100592 -0.0834955   -9.80813 
             211.901  0.517741 -0.821438  -171.563  15.5641 -17.7855 0.256533 0 0 0 -0.186      0  0.086  -0.453543  0.0447802 -0.0180727  0.000262822 -3.92932e-06 -0.000469324 -0.0268187  0.0899166  0.0110182 -0.100675 -0.083377  -9.80813 
                 212 0.585399 -0.66674  -171.38   15.515  -17.778 0.271361 0 0 0 -0.186      0  0.086   -0.43777  0.0231327 -0.0283062  0.000436539  7.23377e-05 -0.000500498 -0.0272849  0.0902381 0.00965257  -0.100705 -0.0832732   -9.80813 
               212.1  0.361566 -0.774764  -171.378  15.4686 -17.7762 0.275223 0 0 0 -0.186      0  0.086  -0.557869 -0.0230913 -0.0457748  0.000667204  6.89072e-05 -0.000462148 -0.0272426  0.0903325 0.00900935  -0.100686 -0.0832652   -9.80813 
             212.201  0.131118 -0.840839   -171.38   15.413  -17.781 0.280338 0 0 0 -0.186      0  0.086  -0.470946 -0.0722517    0.13233  0.000697368  2.98801e-05 -0.000451804 -0.0271559  0.0903288  0.0087835  -0.100673 -0.0832766   -9.80813 
               212.3  0.177736 -0.315183  -171.245  15.3693 -17.7901  0.28726 0 0 0 -0.186      0  0.086  -0.366884 -0.0892387  0.0203472  0.000925965  2.16358e-05 -0.000535508 -0.0273959  0.0902528 0.00879148 -0.100719 -0.083258  -9.80813 
               212.4  0.446716 -0.434724   -171.26  15.3319 -17.8034 0.288483 0 0 0 -0.186      0  0.086  -0.431677 -0.0944588 -0.0307335  0.000461019  9.80339e-05 -0.000478671 -0.0273015  0.0900358 0.00866709   -0.10073 -0.0833018   -9.80813 
               212.5  0.166953 -0.463801  -171.504  15.2808 -17.8202 0.283709 0 0 0 -0.186      0  0.086  -0.579805  -0.118706 -0.0217349  0.000290743  0.000139094 -0.000465485 -0.0272696  0.0894732 0.00867973 -0.100791 -0.083389  -9.80813 
               212.6  0.225628 -0.655637  -171.253  15.2256 -17.8171 0.290784 0 0 0 -0.186      0  0.086  -0.456763 -0.0672616  0.0825617  0.000599496  0.000101045 -0.000484805 -0.0274315  0.0906611 0.00830297  -0.100677 -0.0831937   -9.80813 
             212.699 0.0609937  -1.05543  -171.232  15.1822 -17.8257  0.29803 0 0 0 -0.186      0  0.086  -0.371316 -0.0562811  0.0552179 0.000516624 8.60103e-05 -0.00049646 -0.0276226  0.0904652 0.00844014  -0.100729 -0.0831991   -9.80813 
               212.8 0.257493 -0.99612 -171.284 15.1497 -17.835 0.29481 0 0 0 -0.186      0  0.086  -0.407475 -0.0851475 0.00160265  0.000536613  2.22147e-05 -0.000492756   -0.02721  0.0901789 0.00891974  -0.100699 -0.0832916   -9.80813 
               212.9 -0.147137  -1.69375   -171.25  15.1135 -17.8393 0.294595 0 0 0 -0.186      0  0.086 -0.577099 -0.138283 0.0350906  0.000693271 -2.71571e-05 -0.000506782 -0.0263182   0.090632 0.00887338  -0.100513 -0.0833338   -9.80813 
             212.999 -0.282343  -2.08892  -171.388  15.0857 -17.8432 0.301458 0 0 0 -0.186      0  0.086  -0.358167  -0.113309 -0.0481772  0.000790371 -0.000161881 -0.000453848 -0.0248465  0.0913074 0.00841693  -0.100214 -0.0834135   -9.80813 
               213.1 -0.517498  -2.14335  -171.128    15.05 -17.8545 0.325978 0 0 0 -0.186      0  0.086  -0.273806  -0.116222 -0.0481771 0.000934781 0.000162373  -0.0005333 -0.0252103  0.0914533 0.00624761  -0.100248 -0.0833491   -9.80813 
               213.2 -0.354186  -2.58842  -171.099  15.0181 -17.8673 0.336322 0 0 0 -0.186      0  0.086  -0.315771  -0.135406 -0.0209134 0.000802031 3.48082e-05 -0.00056975 -0.0254404  0.0914411 0.00521764   -0.10028 -0.0833241   -9.80813 
             213.301 -0.452783  -2.34906  -171.177  14.9674  -17.879 0.331092 0 0 0 -0.186      0  0.086   -0.418797   -0.179062 -0.00783697   0.00086812 -0.000203002 -0.000544009 -0.0262795   0.091812 0.00532498  -0.100363 -0.0831698   -9.80813 
               213.4 -0.743298  -2.40664  -171.221  14.9197 -17.8829 0.327482 0 0 0 -0.186      0  0.086    -0.2821  -0.149964 -0.0273267   0.00106617 -0.000143117 -0.000522914  -0.027286  0.0930136 0.00558895  -0.100379 -0.0828758   -9.80814 
               213.5 -0.968362  -2.50476  -171.188  14.8933 -17.8985 0.327598 0 0 0 -0.186      0  0.086  -0.241977  -0.178248 -0.0409739  0.000791519  6.67715e-05 -0.000480534 -0.0273514  0.0930334 0.00534971  -0.100384 -0.0828658   -9.80814 
             213.601 -0.840613  -2.70913  -170.995  14.8657 -17.9232 0.321736 0 0 0 -0.186      0  0.086  -0.303044  -0.295148 -0.0753262  0.000785171 -9.43718e-06 -0.000520467 -0.0274702  0.0928843  0.0053148  -0.100418 -0.0828734   -9.80814 
               213.7 -1.08587 -2.99055 -170.989  14.8369 -17.9492 0.324885 0 0 0 -0.186      0  0.086 -0.277277 -0.269551 0.0030959    0.0010113  9.81158e-06 -0.000534311 -0.0273755  0.0931783 0.00474236  -0.100366 -0.0828445   -9.80814 
               213.8 -1.33417  -2.8458 -171.062  14.8054 -17.9721 0.334583 0 0 0 -0.186      0  0.086   -0.271098   -0.223126 -0.00504077   0.00118232 -0.000145293 -0.000576024 -0.0277284   0.093323 0.00406446  -0.100394 -0.0827854   -9.80814 
             213.901 -1.34208 -3.02298 -170.996  14.7766   -17.98 0.338588 0 0 0 -0.186      0  0.086  -0.330221  -0.153636 0.00176876  0.000939406 -7.62468e-05 -0.000551115 -0.0276885  0.0942854 0.00382085   -0.10028 -0.0826541   -9.80814 
                 214 -1.19761 -2.96161 -171.045  14.7393 -17.9924   0.3443 0 0 0 -0.186      0  0.086 -0.539811 -0.132797 0.0236332  0.000856821  -0.00014968 -0.000557408 -0.0273184  0.0943999 0.00338466 -0.100208 -0.082683  -9.80814 
             214.101 -1.17539 -3.02936 -171.107  14.6807 -17.9935 0.365191 0 0 0 -0.186      0  0.086 -0.443805 -0.109347 0.0707209  0.000963214 -0.000227518 -0.000490237  -0.027973  0.0955554 0.00239163  -0.100164 -0.0824503   -9.80814 
               214.2 -0.700583   -2.9196  -172.083  14.6473  -17.999 0.379733 0 0 0 -0.186      0  0.086 -0.380702 -0.117435 0.0637841  0.000926022 -0.000214837 -0.000325371 -0.0275188  0.0959766 0.00184086  -0.100045 -0.0824465   -9.80814 
             214.301 -0.670373  -3.27323  -173.303  14.6038  -18.006 0.378468 0 0 0 -0.186      0  0.086 -0.476814 -0.217435 0.0140356   0.00128344 -1.78638e-05 -0.000263451 -0.0277292  0.0967511 0.00229997 -0.0999967   -0.08231   -9.80814 
             214.401 -0.394059   -3.3702  -175.645  14.5457 -18.0062 0.383349 0 0 0 -0.186      0  0.086 -0.470074 -0.195058  0.154592   0.00136859 -0.000171134 -9.98816e-05 -0.0284013  0.0983159 0.00265609 -0.0999234 -0.0820094   -9.80815 
             214.502 -0.416876  -2.72133  -178.078  14.4888 -17.9983  0.38332 0 0 0 -0.186      0  0.086 -0.425769 -0.162331 0.0101552   0.00166332 -0.000365653 -6.66842e-05 -0.0292704   0.100728 0.00331281 -0.0997762 -0.0815629   -9.80815 
               214.6 -1.10897 -4.03675  178.388  14.4567 -18.0099 0.380548 0 0 0 -0.186      0  0.086  -0.171671  -0.237082 -0.0457619   0.00153735  0.000182061 -5.55399e-05 -0.0294602   0.101233  0.0035591 -0.0997437 -0.0814671   -9.80815 
             214.699 0.83029 -3.7769 176.562 14.4274 -18.038 0.36979 0 0 0 -0.186      0  0.086 -0.449172 -0.278553 0.0112475   0.00108392 -3.57945e-05 -0.000297379 -0.0295722   0.101064 0.00418804 -0.0997903 -0.0814719   -9.80815 
             214.799 -2.64488 -3.50328  174.323  14.3651  -18.046 0.340529 0 0 0 -0.186      0  0.086  -0.463978  -0.139604 -0.0622927   0.00178142 -0.000211059 -0.000252827 -0.0307159    0.10204 0.00609562 -0.0998294 -0.0811619   -9.80816 
             214.899 -0.35394 -3.39388  174.031   14.329 -18.0329 0.321366 0 0 0 -0.186      0  0.086  -0.382616 0.00908196  -0.122871   0.00095692 -0.000309698 -0.000550983 -0.0305773   0.103889 0.00668789 -0.0995264 -0.0809337   -9.80816 
             214.998 -0.405026  -3.77914   173.964  14.3029 -18.0194 0.330932 0 0 0 -0.186      0  0.086 -0.403678 0.0845309 -0.116947  0.000548128 -0.000121806 -0.000595981 -0.0300105   0.104726 0.00508454 -0.0992889 -0.0809312   -9.80816 
             215.099 -0.201768  -3.49513   174.226    14.25  -17.997 0.312732 0 0 0 -0.186      0  0.086 -0.538412 0.0631196 -0.112403  0.000585505 -0.000222123 -0.000683491 -0.0304237   0.105707 0.00563434 -0.0991737  -0.080731   -9.80817 
             215.198 -0.170962  -3.21296   174.241  14.1923 -17.9951 0.314822 0 0 0 -0.186      0  0.086 -0.469864  0.125351 -0.028868  0.000763882 -0.000106562 -0.000732624 -0.0307778   0.104776 0.00522485 -0.0993811 -0.0807825   -9.80816 
             215.299 0.429035 -3.39613  174.218  14.1581 -17.9825 0.334899 0 0 0 -0.186      0  0.086  -0.426973   0.149084 -0.0112177  0.000591278  3.09064e-05 -0.000634181 -0.0300746   0.104978 0.00343547 -0.0992344  -0.080905   -9.80816 
               215.4 0.533962 -2.83923  173.934  14.1289 -17.9637 0.335045 0 0 0 -0.186      0  0.086  -0.528094   0.253993 -0.0679846  0.000614598  -0.00013835 -0.000641089 -0.0286898   0.105227 0.00292222 -0.0990159 -0.0811418   -9.80816 
             215.501 -0.240854  -3.04856   173.978  14.0811 -17.9325 0.337114 0 0 0 -0.186      0  0.086  -0.450525   0.179465 0.00272159  0.000830537  5.85391e-05 -0.000614388  -0.028817   0.106156 0.00270645 -0.0988562 -0.0810115   -9.80817 
             215.601 0.218806 -2.97784  173.737  14.0365 -17.9165 0.372882 0 0 0 -0.186      0  0.086 -0.457633 0.0673024 0.0232266  0.000769152  0.000273881 -0.000578155  -0.0291719    0.106436 0.000369251 -0.0988173 -0.0809282   -9.80817 
               215.7 0.341773 -2.61124  174.125  13.9904  -17.907 0.379539 0 0 0 -0.186      0  0.086 -0.597621 0.0108534 0.0659753   0.00104557  0.000135039 -0.000655586   -0.0288948     0.107208 -7.50671e-05 -0.0986374 -0.0808946   -9.80817 
             215.801 0.175925 -2.29249  173.828  13.9302 -17.9036 0.389756 0 0 0 -0.186      0  0.086  -0.461282 0.00737578   0.115911  0.000715731  1.67356e-05 -0.000497952  -0.0293276    0.107167 0.000184926 -0.0986995 -0.0808164   -9.80817 
               215.9 -0.0626484   -1.14857     173.92  13.8998 -17.9117 0.402589 0 0 0 -0.186      0  0.086  -0.340894 -0.0337603  0.0145174  0.000715998  8.91783e-07 -0.000486133  -0.0285654    0.106926 0.000119988 -0.0986515 -0.0809872   -9.80817 
                 216 0.619927 -2.08564  173.552  13.8869 -17.9021 0.439385 0 0 0 -0.186      0  0.086 -0.380975 0.0154981  0.120321  0.000157779   0.00074554 -0.000359042  -0.0272766    0.108126 -0.00227225 -0.0982585 -0.0810994   -9.80817 
             216.101 -0.20999 -0.67834  173.276  13.8327 -17.8858 0.416365 0 0 0 -0.186      0  0.086  -0.333613 0.00440178   0.118092  0.000472589  0.000325772 -0.000185425  -0.0286845    0.109258 0.000721989 -0.0982447 -0.0806977   -9.80818 
               216.2 -0.0887987   0.300211    172.741  13.7751 -17.8733  0.42279 0 0 0 -0.186      0  0.086 -0.285563 0.0625293 0.0548465  0.000205115  0.000455976 -0.000130895 -0.0312427   0.109594 0.00113584 -0.0984894 -0.0801839   -9.80818 
               216.3 0.471151  0.28666   173.44  13.7276 -17.8592 0.431533 0 0 0 -0.186      0  0.086    -0.353838    0.0120576 -2.08716e-05  0.000103767  0.000642096 -0.000273578  -0.0330012     0.11028 0.000671353 -0.0985709 -0.0797807   -9.80818 
             216.401 0.247313  0.45904  173.255  13.6639   -17.86 0.422698 0 0 0 -0.186      0  0.086  -0.452615  0.0799084 0.00322768  6.04625e-05  0.000313144 -0.000192261 -0.0345551   0.109645 0.00175574 -0.0988672 -0.0795622   -9.80818 
               216.5 0.377055  1.20845   174.17  13.6165 -17.8745 0.402565 0 0 0 -0.186      0  0.086  -0.364279 -0.0103078 0.00255595   0.00027261  0.000198936 -0.000488155 -0.0345014   0.107888 0.00358336 -0.0991744  -0.079769   -9.80817 
             216.601 0.690172   1.4929  173.536  13.5524 -17.8663 0.379553 0 0 0 -0.186      0  0.086 -0.442279  0.133237 -0.147285 -4.79036e-05  0.000249564 -0.000181189 -0.0366981   0.107832 0.00495012 -0.0994339 -0.0793695   -9.80817 
             216.701 0.613162  1.46264  173.214  13.4805 -17.8594 0.361264 0 0 0 -0.186      0  0.086  -0.60477  0.227637 -0.172129 -0.000161811  0.000611537 -0.000247795 -0.0379221   0.106509 0.00508044 -0.0998122 -0.0792937   -9.80817 
               216.8 1.07747 2.36238 173.324  13.4082 -17.8421 0.357259 0 0 0 -0.186      0  0.086  -0.50984  0.211619 -0.105113 -0.000300956  0.000273914 -0.000272167  -0.039052   0.105921 0.00438761 -0.100055 -0.079151  -9.80817 
               216.9 1.43821 2.98868 173.102   13.364 -17.8426 0.350963 0 0 0 -0.186      0  0.086 -0.468664  0.117468 -0.138791 -0.000200963  0.000305939 -0.000319279 -0.0381762   0.104386 0.00395427  -0.100232 -0.0794814   -9.80817 
             216.999 0.959795  2.74117  173.206    13.31 -17.8377 0.327978 0 0 0 -0.186      0  0.086  -0.556109    0.10037 -0.0770463 -2.86455e-05  0.000367239 -0.000291689 -0.0381797   0.103919 0.00450365  -0.100308 -0.0795358   -9.80816 
               217.1 1.53796 2.62331 173.591  13.2802 -17.8301 0.338079 0 0 0 -0.186      0  0.086 -0.390354 0.0779741 -0.111182 -0.000143072  0.000485907 -0.000409482 -0.0366679      0.104 0.00319469 -0.100141 -0.079793  -9.80816 
               217.2 1.44183 3.30237 173.195  13.2262 -17.8238  0.36115 0 0 0 -0.186      0  0.086 -0.390258  0.106727 -0.123351 -0.000159347  0.000269327 -0.000224063   -0.037663    0.103734 0.000723147  -0.100344 -0.0796218   -9.80816 
             217.301 1.52279 2.40123  171.17   13.176   -17.81 0.338977 0 0 0 -0.186      0  0.086 -0.576713  0.178647 -0.190266 -3.29856e-05  0.000499682 -5.38524e-05 -0.0379623   0.103683 0.00140204  -0.100375 -0.0795797   -9.80816 
             217.401 1.07456 2.52164 169.195  13.0947 -17.7797 0.314688 0 0 0 -0.186      0  0.086  -0.622334   0.214481 -0.0632666 0.00033987 0.00039279  3.068e-05 -0.0395888   0.104319 0.00205906  -0.100432 -0.0792211   -9.80817 
             217.502 1.95241 2.04087 165.705  13.0549 -17.7568 0.314552 0 0 0 -0.186      0  0.086  -0.368617    0.18419 -0.0190409 0.000433722 0.000459501 0.000270632 -0.0388474   0.104897 0.00153583  -0.100255 -0.0792893   -9.80817 
             217.602 1.58272 1.38442 160.919  13.0419 -17.7327 0.293452 0 0 0 -0.186      0  0.086 -0.320503  0.183475   -0.1409 0.000696338 0.000593067 0.000443988 -0.0375367   0.105775 0.00234101 -0.0999366 -0.0794553   -9.80817 
             217.701 2.11302 1.03065 155.812  12.9901 -17.6889 0.300495 0 0 0 -0.186      0  0.086  -0.342182   0.323651 0.00906776  0.00112537  0.00045177 0.000588716  -0.0394957    0.107216 0.000804539  -0.099868 -0.0788969   -9.80817 
             217.801   1.92294 -0.445907   149.987  12.9749 -17.6464 0.303945 0 0 0 -0.186      0  0.086  -0.257476   0.241276 -0.0629587  0.00135637 0.000553423 0.000636103 -0.0389913   0.108965 0.00046031 -0.0994519 -0.0788338   -9.80818 
               217.9  2.93859 -1.30763  144.495   12.945 -17.6048 0.313635 0 0 0 -0.186      0  0.086 -0.259673  0.286742 -0.094903  0.00115016   0.0006912 0.000701117   -0.0402948     0.110219 -0.000639244 -0.0992685 -0.0784142   -9.80818 
                 218  2.75485 -1.66656  138.027  12.8784 -17.5619 0.295998 0 0 0 -0.186      0  0.086 -0.468088  0.455105 -0.170515  0.00127304 9.14042e-05 0.000806678   -0.0432577     0.109233 -0.000145432 -0.0996917  -0.077753   -9.80819 
               218.1  2.44718 -1.32699  132.748   12.829 -17.4959 0.266521 0 0 0 -0.186      0  0.086 -0.395386  0.618848 -0.173201   0.00157242 -0.000575321  0.000719914  -0.0440727    0.110092 0.000944819 -0.0994981 -0.0775024   -9.80819 
             218.199  3.13281 -1.20926  127.704   12.803 -17.4456 0.266617 0 0 0 -0.186      0  0.086 -0.266676    0.5132  -0.14441  0.00134378 -0.00105883 0.000706517   -0.0431291     0.110161 -0.000395312 -0.0994517  -0.077756   -9.80819 
             218.298   2.22629 -0.916879   123.596   12.834 -17.3878 0.235906 0 0 0 -0.186      0  0.086 -0.0926437   0.554319  -0.195815  0.00137905 -0.00151593 0.000743082  -0.0402901    0.113954 0.000551808 -0.0983598 -0.0785668   -9.80819 
             218.398 1.72496 -1.4661   120.7  12.8234 -17.3051 0.196274 0 0 0 -0.186      0  0.086 -0.141263  0.851136 -0.134769 0.000999171  -0.0017126 0.000669442 -0.0417858   0.114851 0.00189178 -0.0980651 -0.0781286    -9.8082 
             218.498  1.66257 -2.03984  119.062   12.804 -17.2344 0.155742 0 0 0 -0.186      0  0.086 -0.120401  0.759647 -0.208289 0.000918021 -0.00151982 0.000387709 -0.0409736    0.11386 0.00371363 -0.0984246 -0.0783461   -9.80819 
             218.598  1.88729 -1.74543  118.021  12.7659 -17.1882 0.205396 0 0 0 -0.186      0  0.086  -0.117298   0.675233 -0.0829789 0.000466173 -0.00149858 0.000327445  -0.0397293    0.110096 -0.00135012 -0.0996158 -0.0785487   -9.80818 
             218.698  1.05008 -1.81332  117.922  12.7305 -17.1642 0.198752 0 0 0 -0.186      0  0.086 -0.203486  0.682275 -0.131114 0.000698262  -0.0016313 0.000101929  -0.0363021    0.106617 -0.00151003  -0.100935 -0.0793989   -9.80816 
             218.799  0.83462 -1.88467  118.209  12.6849 -17.1197 0.195548 0 0 0 -0.186      0  0.086   -0.253618    0.616529 -0.00551061    0.000686 -0.00167591   2.375e-05  -0.0344611    0.103688 -0.00197686 -0.101987 -0.079763  -9.80815 
               218.9 0.264143 -1.75672   118.08 12.6486 -17.084  0.1969 0 0 0 -0.186      0  0.086  -0.282086   0.542592 -0.0625376 0.000681694 -0.00169727 5.11194e-06  -0.0326255    0.101722 -0.00205752  -0.102747 -0.0801842   -9.80813 
             219.001  1.71942 -1.53258  118.403  12.6052 -17.0418 0.206048 0 0 0 -0.186      0  0.086   -0.43353   0.609188 -0.0389477  0.000580332  -0.00176944 -3.14634e-06  -0.0314316    0.100687 -0.00324223  -0.103163 -0.0804842   -9.80813 
             219.101 -0.34706 -1.82081  118.079  12.5433 -17.0221 0.192598 0 0 0 -0.186      0  0.086   -0.477442    0.473091 -0.00410744  0.000900992  -0.00177365 -3.38807e-06  -0.0282533   0.0980086 -0.00223398 -0.104261 -0.081251  -9.80811 
             219.201  1.02656 -1.74354  118.319  12.5087  -16.984 0.188258 0 0 0 -0.186      0  0.086   -0.43775   0.496559 -0.0758225  0.000556132  -0.00158643 -2.23095e-05  -0.0270337    0.098735 -0.00209858  -0.104134 -0.0816916   -9.80811 
             219.302 0.873651 -1.78686  118.278  12.4757 -16.9451 0.194268 0 0 0 -0.186      0  0.086 -0.475015  0.626482 0.0239447  0.000472462  -0.00161261 -3.35691e-05  -0.0248016   0.0993917 -0.00322717  -0.104106 -0.0824513    -9.8081 
             219.401 0.762753 -1.77956  118.187  12.4493 -16.8924 0.209769 0 0 0 -0.186      0  0.086 -0.364645  0.513753 0.0194957  0.00052921 -0.00169399 5.49061e-06  -0.0238385    0.100663 -0.00422336  -0.103785 -0.0828605    -9.8081 
             219.501 0.838879 -1.62716  118.202  12.4185 -16.8493 0.242565 0 0 0 -0.186      0  0.086 -0.360011  0.509306  0.065515 0.000583737 -0.00163219 3.05816e-05  -0.0231671    0.100703 -0.00636322  -0.103822 -0.0830885    -9.8081 
               219.6 0.0293548  -1.88654   118.376  12.3915 -16.8106 0.217385 0 0 0 -0.186      0  0.086  -0.371409   0.561769 -0.0921582  0.000897715  -0.00176767 -1.21815e-05  -0.0211415    0.101389 -0.00408743  -0.103769 -0.0837538   -9.80809 
               219.7  1.90092 -1.48917  118.193  12.3642 -16.7631 0.221294 0 0 0 -0.186      0  0.086  -0.292603   0.508587 -0.0581143 0.000312152 -0.00181253 6.41595e-05  -0.0204701    0.101908 -0.00470934   -0.10366 -0.0840057   -9.80809 
               219.8 0.886029 -1.92465  118.231  12.3354 -16.7128 0.239311 0 0 0 -0.186      0  0.086  -0.277975   0.574133 -0.0286195 0.000693626 -0.00169373 3.92362e-06  -0.0204537    0.101866 -0.00658014  -0.103671 -0.0840207   -9.80809 
               219.9  1.18981 -1.74871  118.296  12.3045  -16.666 0.230495 0 0 0 -0.186      0  0.086   -0.32516   0.742956 -0.0501212  0.000690778  -0.00196267 -5.71069e-05   -0.018506    0.101283 -0.00638713  -0.103997 -0.0845755   -9.80808 
                 220  1.58289 -1.82178  118.106  12.2772 -16.6029 0.246012 0 0 0 -0.186      0  0.086  -0.23731  0.626688 0.0282773 0.000323964 -0.00180952 4.62197e-05  -0.0177355    0.101107 -0.00786264  -0.104106 -0.0848087   -9.80808 
             220.099  1.29165 -1.52332  118.091  12.2576 -16.5504 0.287374 0 0 0 -0.186      0  0.086 -0.224793  0.588396 0.0782107 0.000347829 -0.00167696 6.77069e-05 -0.016987  0.100926 -0.010838  -0.104211 -0.0850438   -9.80808 
               220.2 0.392163 -1.77416  118.222  12.2277  -16.506 0.262452 0 0 0 -0.186      0  0.086 -0.326203  0.654925 0.0474189 0.000793658 -0.00186447 1.30819e-05  -0.0152782    0.100146 -0.00863047  -0.104581 -0.0854944   -9.80807 
               220.3  1.60243 -1.59205  118.177  12.1969 -16.4693 0.271473 0 0 0 -0.186      0  0.086 -0.286454   0.52521 0.0070249 0.000457928 -0.00193581  3.2451e-05  -0.0131374   0.0996142 -0.00900448    -0.1049 -0.0861103   -9.80806 
             220.399 0.745817 -1.66824  118.283  12.1577 -16.4257 0.303685 0 0 0 -0.186      0  0.086 -0.305108  0.504508 0.0681565   0.00070594    -0.001726 -3.20752e-06 -0.0128761  0.0986363 -0.0111199   -0.10521 -0.0861307   -9.80806 
               220.5 0.709967 -1.75667   118.25  12.1228 -16.3991 0.304058 0 0 0 -0.186      0  0.086 -0.393451  0.608765 0.0499578 0.000773529 -0.00181707  4.8675e-05 -0.0103856  0.0979114 -0.0106006 -0.105614  -0.08683  -9.80805 
               220.6  1.16981 -1.73399  118.216  12.0945 -16.3423  0.30164 0 0 0 -0.186      0  0.086 -0.354862  0.577114  0.117887 0.000583835  -0.0018419 4.41428e-05 -0.00938356   0.0987206 -0.00970351  -0.105447 -0.0871874   -9.80805 
             220.701  1.10958 -1.58295  118.212   12.085 -16.2879 0.323176 0 0 0 -0.186      0  0.086  -0.24555  0.532084 0.0871604 0.000300735 -0.00160414  8.7007e-05 -0.00866431    0.100428  -0.0106693  -0.104984 -0.0875354   -9.80805 
               220.8 1.54884 -1.6799 118.054  12.0793 -16.2283 0.310395 0 0 0 -0.186      0  0.086  -0.261242   0.625247 -0.0119175 0.000423383 -0.00161887 0.000159423 -0.00842363      0.1023 -0.00922053  -0.104444 -0.0877354   -9.80805 
             220.901  1.17138 -1.75395  118.019  12.0474 -16.1822 0.290042 0 0 0 -0.186      0  0.086 -0.304305  0.572586 0.0447336 0.000505348 -0.00170749 0.000130698 -0.00679792     0.10151 -0.00774118  -0.104802 -0.0881577   -9.80804 
             221.001 0.551228 -1.49399  117.866  12.0208 -16.1482 0.298216 0 0 0 -0.186      0  0.086 -0.260238  0.457021 0.0325491 0.000941418 -0.00163598 0.000173021 -0.00521581    0.100991 -0.00849328  -0.105069 -0.0885989   -9.80804 
             221.101 0.893622 -1.51596  118.257  11.9922 -16.1255 0.319989 0 0 0 -0.186      0  0.086 -0.254001  0.512315  0.019294 0.000550602 -0.00140712 4.86107e-05 -0.00315417   0.0999607  -0.0101262   -0.10552 -0.0891507   -9.80803 
             221.201 0.800279 -1.78348  118.217  11.9654 -16.0752  0.33261 0 0 0 -0.186      0  0.086 -0.254662  0.618285  0.181479 0.000648258 -0.00146996 8.62888e-05 -0.00246877   0.0997039  -0.0106404  -0.105644 -0.0893397   -9.80802 
               221.3  1.13944 -1.58196  118.348   11.948 -16.0242 0.335058 0 0 0 -0.186      0  0.086 -0.23946 0.495848 0.147829 0.000653474 -0.00152582   8.529e-05  -0.0018212    0.100311 -0.00949766 -0.105514 -0.089569  -9.80802 
               221.4  1.07254 -1.50887  117.993   11.921 -15.9699  0.34677 0 0 0 -0.186      0  0.086 -0.317354  0.559299 0.0596047 0.000731076 -0.00134433 0.000198551 -0.00217818    0.100155 -0.00950621 -0.105534 -0.089452  -9.80802 
             221.501 0.459797 -1.56216  118.055  11.9001 -15.9138 0.369262 0 0 0 -0.186      0  0.086 -0.338294  0.534927  0.154249 0.000984991 -0.00132646 0.000177265 -0.00141822    0.101287  -0.0104584  -0.105253 -0.0897625   -9.80802 
               221.6  1.21321 -1.48947  117.853  11.8718 -15.8746 0.368817 0 0 0 -0.186      0  0.086 -0.271078  0.446745 0.0825919 0.000790812 -0.00134519 0.000237314 -0.00049248      0.1012  -0.0096491 -0.105345 -0.090025  -9.80802 
               221.7  1.04627 -1.56837  118.058  11.8353 -15.8393 0.364103 0 0 0 -0.186      0  0.086 -0.308585  0.500861 0.0341097 0.000761925 -0.00127733  0.00015425 0.000205989    0.100134 -0.00886355  -0.105708 -0.0901513   -9.80802 
             221.799 0.836696 -1.56071  118.047  11.8068 -15.8008 0.366034 0 0 0 -0.186      0  0.086 -0.338896   0.66469 0.0661789 0.000748506 -0.00135762  0.00013826  0.00208448   0.0999191 -0.00890569  -0.105903 -0.0906883   -9.80801 
               221.9 0.991463 -1.51128  118.076  11.7942 -15.7603 0.374651 0 0 0 -0.186      0  0.086 -0.248497  0.501892  0.100157 0.000698583 -0.00146005 0.000145558  0.00439111     0.10101 -0.00894295  -0.105747 -0.0914409     -9.808 
                 222 0.954736 -1.57867  117.893  11.7649 -15.7239 0.373158 0 0 0 -0.186      0  0.086 -0.268585  0.476195 0.0403259 0.000802318 -0.00130145 0.000212278  0.00524425    0.100344 -0.00815226  -0.106001 -0.0916393     -9.808 
             222.099 0.790381 -1.63481  118.114  11.7477 -15.6804 0.379469 0 0 0 -0.186      0  0.086 -0.328611  0.550915  0.098508 0.000935337  -0.0013588 0.000149791 0.00638654    0.10127 -0.0085183  -0.105812 -0.0920386     -9.808 
               222.2   1.1164 -1.41478  117.941  11.7196 -15.6367 0.418732 0 0 0 -0.186      0  0.086 -0.276501  0.436752  0.116037 0.000830059 -0.00147106 0.000194278 0.00710617   0.101468 -0.0106434    -0.1058 -0.0922735     -9.808 
               222.3 0.792658 -1.55681   118.08  11.6906 -15.6019 0.432937 0 0 0 -0.186      0  0.086 -0.268762  0.382324  0.115662 0.000835048 -0.00131252 0.000113189 0.00749213   0.101121 -0.0108563  -0.105927 -0.0923627   -9.80799 
               222.4 0.738796 -1.61646   118.05  11.6757 -15.5615 0.416422 0 0 0 -0.186      0  0.086   -0.277978    0.523455 -0.00112931 0.000969152 -0.00138514 0.000155957   0.0080856    0.102054 -0.00916113  -0.105702 -0.0925886   -9.80799 
               222.5 0.759084 -1.55365  118.016  11.6601 -15.5091 0.427806 0 0 0 -0.186      0  0.086 -0.212467  0.544036    0.1814 0.000867179 -0.00134877 0.000155902   0.0089885    0.102841 -0.00953533  -0.105537 -0.0929048   -9.80799 
               222.6 0.620884 -1.51193  118.123  11.6415 -15.4581 0.441901 0 0 0 -0.186      0  0.086 -0.174588  0.482016  0.146447 0.000885198 -0.00128951  0.00014286  0.00893955     0.10291 -0.00940448  -0.105514 -0.0928947   -9.80799 
             222.701 0.624488 -1.52264  118.013  11.6261 -15.4172 0.438253 0 0 0 -0.186      0  0.086 -0.238189  0.514607 0.0484093 0.000940666 -0.00132884 0.000114741  0.00978292    0.103032 -0.00834722  -0.105538 -0.0931387   -9.80799 
               222.8 0.718146 -1.60655  118.072  11.5997 -15.3454 0.435401 0 0 0 -0.186      0  0.086 -0.275115  0.663267 0.0446184  0.00106793 -0.00139192 0.000150679  0.00872434    0.103635 -0.00783563  -0.105295 -0.0928733     -9.808 
               222.9 0.912473 -1.45223  117.965  11.5779 -15.2939 0.446712 0 0 0 -0.186      0  0.086 -0.195219  0.548451 0.0820124 0.000951632 -0.00146733 9.21891e-05 0.00953315   0.103552 -0.0081093  -0.105373 -0.0931002   -9.80799 
             223.001 0.853211 -1.64586  118.127  11.5518 -15.2483 0.442405 0 0 0 -0.186      0  0.086 -0.192543  0.523592 0.0427051 0.000910211 -0.00131324 7.76504e-05  0.00997564    0.102721 -0.00733139  -0.105639 -0.0931661   -9.80799 
               223.1 0.791642 -1.59142  118.068  11.5275 -15.1988 0.463956 0 0 0 -0.186      0  0.086 -0.244404  0.665737 0.0659967  0.00102101 -0.00137923 9.56474e-05   0.0106153    0.102154 -0.00869941   -0.10584 -0.0933182   -9.80799 
             223.201 0.331774 -1.53164  118.081  11.5092 -15.1324 0.487465 0 0 0 -0.186      0  0.086 -0.248306   0.79255  0.172087  0.00121152 -0.00140803 7.20674e-05   0.0117512    0.102578 -0.00982247  -0.105795 -0.0936746   -9.80798 
               223.3 0.636852 -1.57632  117.922  11.4896 -15.0695 0.492247 0 0 0 -0.186      0  0.086 -0.151465  0.656063 0.0808583  0.00102245 -0.00139903 0.000111699   0.0125893    0.102465 -0.00887194  -0.105882 -0.0938981   -9.80798 
               223.4 0.980274 -1.41887  117.962  11.4885 -15.0421 0.506789 0 0 0 -0.186      0  0.086 -0.127196    0.5366 0.0190918   0.0010382 -0.00133265 0.000100878   0.0157945    0.102739 -0.00957839  -0.106015 -0.0948235   -9.80797 
               223.5 0.963071 -1.32243  118.156  11.4605 -15.0009 0.525673 0 0 0 -0.186      0  0.086 -0.223788  0.642664 0.0767684  0.00121791 -0.00121563 0.000102908  0.0168268   0.101361 -0.0109837  -0.106467 -0.0950324   -9.80796 
               223.6 0.742104 -1.36348   117.97  11.4346 -14.9536 0.526096 0 0 0 -0.186      0  0.086 -0.186479  0.484961 0.0340463  0.00127764 -0.00115695 0.000142996  0.0176239     0.1006 -0.0105536 -0.106731 -0.095204  -9.80796 
               223.7 0.136836 -1.11052   117.92  11.4102 -14.9125 0.530676 0 0 0 -0.186      0  0.086  -0.201596   0.395027 0.00454536   0.00139015 -0.000970413  0.000127944  0.0176635   0.100077 -0.0105858  -0.106879 -0.0951815   -9.80796 
             223.799 0.750003 -1.48584  118.074  11.3844 -14.8811 0.516156 0 0 0 -0.186      0  0.086   -0.243787    0.398382 -0.00540108   0.00113965 -0.000849607  0.000137634 0.0181193 0.0994871 -0.009448  -0.107072 -0.0952646   -9.80795 
               223.9 0.624488 -1.39026  117.988  11.3579 -14.8307 0.495373 0 0 0 -0.186      0  0.086   -0.36336   0.613289 -0.0475095   0.00124052 -0.000851951  9.59666e-05   0.0181004   0.0996238 -0.00822667  -0.107033 -0.0952616   -9.80795 
                 224 0.383671 -1.20478  118.019  11.3228 -14.7797 0.506987 0 0 0 -0.186      0  0.086 -0.332794   0.49863 0.0833161   0.00122685 -0.000832825  9.22908e-05   0.0188879   0.0994637 -0.00919112  -0.107128 -0.0954748   -9.80795 
             224.101 0.286512 -1.01311  118.162  11.2956 -14.7198 0.508251 0 0 0 -0.186      0  0.086 -0.266368  0.452691 0.0127236   0.00113866 -0.000542319  8.89613e-05   0.0178871   0.0999148 -0.00896225   -0.10694 -0.0952255   -9.80795 
               224.2 -0.0825275   -1.03446    118.013    11.27 -14.6896 0.499739 0 0 0 -0.186      0  0.086  -0.285106   0.431019 -0.0849412   0.00126455 -0.000274214  0.000140667   0.0189375   0.0996622 -0.00856276  -0.107075 -0.0954975   -9.80795 
             224.301 0.565935 -1.01626  118.307  11.2696 -14.6434 0.468442 0 0 0 -0.186      0  0.086  -0.295915   0.581377 -0.0499658   0.00120485 -0.000121084  3.31567e-05   0.0201724     0.10219 -0.00688614  -0.106459 -0.0959885   -9.80795 
             224.401  0.94344 -0.50406  118.241  11.2669  -14.607 0.561138 0 0 0 -0.186      0  0.086 -0.169685  0.466134  0.350476    0.001223 8.13983e-06 -9.9264e-06  0.0226105   0.103842 -0.0143673  -0.106171 -0.0967884   -9.80795 
               224.5  0.572228 -0.618275   118.004 11.2711 -14.561 0.54911 0 0 0 -0.186      0  0.086 -0.0711335    0.30473   0.210423  0.00109593 0.000345046 0.000128836  0.0224705   0.105525 -0.0110532  -0.105699 -0.0968433   -9.80795 
               224.6 -0.0225611   0.522104    118.086  11.2641 -14.5158 0.576471 0 0 0 -0.186      0  0.086 -0.0717355   0.278151   0.177253  0.00122769 0.000420499  0.00010098  0.0210535   0.105912 -0.0117162  -0.105508 -0.0964821   -9.80796 
             224.701 -0.627508   2.57649   118.419   11.247 -14.5107 0.558572 0 0 0 -0.186      0  0.086  -0.16119  0.326152 0.0812275   0.00171606 -0.000275042 -4.80095e-05  0.0229585   0.104784 -0.0091323  -0.105925 -0.0969272   -9.80795 
               224.8 -0.408167    2.5677   118.212   11.234 -14.4985 0.524185 0 0 0 -0.186      0  0.086 -0.153378  0.190447 0.0599412  0.00164361 -4.2498e-05 3.80256e-05   0.0246706    0.104752 -0.00579299  -0.106028 -0.0973894   -9.80794 
               224.9 -0.376338   3.20434   118.103  11.2085 -14.4854 0.531637 0 0 0 -0.186      0  0.086 -0.138752  0.117466 0.0253069   0.00154805 -4.50356e-05   6.7117e-05   0.0244248    0.103634 -0.00598341  -0.106315 -0.0972549   -9.80794 
                 225 -1.10061  4.18049   117.97  11.1784 -14.4598 0.538788 0 0 0 -0.186      0  0.086  -0.250001   0.164484 -0.0252091    0.0019439 -0.000347357  9.19953e-05   0.0229041    0.102965 -0.00657055  -0.106407 -0.0968013   -9.80795 
               225.1 -0.714398   3.29195   118.253    11.14 -14.4017 0.510565 0 0 0 -0.186      0  0.086 -0.356714  0.354379 0.0143638  0.00174432 0.000200812 1.07318e-05   0.0198361    0.102991 -0.00465784  -0.106199 -0.0959912   -9.80796 
             225.199 -0.280053   5.52661   118.085   11.095 -14.3829 0.504032 0 0 0 -0.186      0  0.086  -0.317111   0.216727 -0.0288173   0.00195113 -0.000321777  6.46871e-05   0.0204492    0.101748 -0.00386285   -0.10656 -0.0960898   -9.80795 
               225.3 -1.27352   4.8165  118.245  11.0695 -14.3432 0.526216 0 0 0 -0.186      0  0.086  -0.279983   0.143757 -0.0477442   0.00213754 -9.56651e-05 -6.93104e-05   0.0190006    0.102777 -0.00550195  -0.106218 -0.0957422   -9.80796 
               225.4  -1.298 4.70294 118.214  11.0482  -14.312 0.511659 0 0 0 -0.186      0  0.086  -0.323916   0.236419 -0.0687935   0.00202451 -1.66546e-05 -4.73668e-05   0.0181015    0.103764 -0.00485861  -0.105894 -0.0955699   -9.80796 
             225.499 -0.907199   4.71713   118.055  11.0254 -14.2704 0.485192 0 0 0 -0.186      0  0.086  -0.317733   0.298307 -0.0581197   0.00207709  -7.5881e-05 -3.23117e-06   0.0173805    0.104895 -0.00375197  -0.105536 -0.0954625   -9.80797 
               225.6 -1.03913  4.43674   118.24  10.9993 -14.2257 0.477866 0 0 0 -0.186      0  0.086  -0.252322   0.218385 -0.0625894   0.00171678  0.000150263 -3.09118e-05   0.0158669    0.105523 -0.00372005   -0.10528 -0.0950984   -9.80797 
               225.7 -0.67214  5.23133   118.06  10.9834 -14.1915 0.491977 0 0 0 -0.186      0  0.086   -0.27441   0.219719 -0.0776839    0.0017579 -1.63078e-05  2.32422e-05    0.015323    0.106729 -0.00523365 -0.104955 -0.094996  -9.80798 
             225.799 -0.831598     5.356   118.109  10.9568 -14.1346  0.50459 0 0 0 -0.186      0  0.086  -0.414301   0.422741 -0.0845435   0.00180399 -4.39701e-05  1.97558e-05  0.0136509   0.108052 -0.0067814  -0.104535 -0.0946014   -9.80799 
               225.9 -0.657018   4.95441   118.081  10.9086 -14.0756 0.499128 0 0 0 -0.186      0  0.086  -0.398875   0.317106 -0.0105748  0.00176822 0.000119087 2.12563e-05   0.0117181    0.108053 -0.00676929  -0.104421 -0.0940937   -9.80799 
                 226 -1.54551   5.4887  118.151  10.8722 -14.0167 0.466981 0 0 0 -0.186      0  0.086 -0.374248  0.341812 -0.079947   0.00202294  2.72276e-05 -2.56843e-05 0.00932654    0.10881 -0.0051471  -0.104055 -0.0935436     -9.808 
             226.101 -0.742385   5.18119   118.219  10.8512 -13.9747 0.437861 0 0 0 -0.186      0  0.086 -0.367112  0.423681 -0.186654    0.0017993  5.17865e-05 -4.01586e-05 0.00926939   0.110213 -0.0040268  -0.103667 -0.0936322   -9.80801 
               226.2 -0.912203   5.17078   118.102  10.8249  -13.935 0.423467 0 0 0 -0.186      0  0.086  -0.34782  0.488639 -0.138318   0.00175268 -6.12652e-06 -1.15474e-05     0.01032    0.110989 -0.00420446  -0.103529 -0.0939462     -9.808 
               226.3 -0.723013   4.96146   118.148  10.7915 -13.8895 0.412533 0 0 0 -0.186      0  0.086  -0.278347   0.362549 -0.0610011  0.00169779 2.70097e-05 1.49743e-05   0.0098846    0.110916 -0.00412693  -0.103522 -0.0938306     -9.808 
             226.401 -0.708323   5.16158   117.892  10.7714 -13.8466 0.420233 0 0 0 -0.186      0  0.086 -0.239487  0.383751 -0.108934   0.00168179 -7.93775e-05  4.62805e-05  0.00953148     0.11154 -0.00534837 -0.103362 -0.093748  -9.80801 
               226.5 -0.785898   5.20357   118.243  10.7543 -13.7988 0.409188 0 0 0 -0.186      0  0.086 -0.304792  0.524898 -0.113756   0.00181228 -0.000150006 -4.69803e-05  0.00950603    0.112478 -0.00546102  -0.103121 -0.0937914   -9.80801 
             226.601 -0.727962   4.83394    118.01  10.7173 -13.7546 0.410006 0 0 0 -0.186      0  0.086  -0.325631   0.335388 -0.0907947   0.00182943 -6.70259e-05   1.3749e-05 0.00958338   0.112052 -0.0066053  -0.103255 -0.0937633   -9.80801 
               226.7 -2.21058  6.28709  117.999   10.697 -13.7071 0.370083 0 0 0 -0.186      0  0.086 -0.287158   0.30695 -0.182368   0.00248832 -0.000589025  1.88447e-05  0.00844452    0.113291 -0.00465972   -0.10284 -0.0935804   -9.80801 
               226.8 -0.794682   5.04598   118.204  10.6583 -13.6627 0.357406 0 0 0 -0.186      0  0.086 -0.360071  0.411949 -0.210782   0.00178063 -0.000163567 -3.36876e-05 0.00736566   0.112877 -0.0053192  -0.102895 -0.0932671   -9.80802 
               226.9 -0.670467   5.12491   118.132  10.6305 -13.6013 0.333837 0 0 0 -0.186      0  0.086 -0.357792  0.501006 -0.204807   0.00197292 -0.000303609 -1.23674e-05  0.00662782    0.114037 -0.00510414  -0.102555 -0.0931468   -9.80802 
                 227 -0.702806   5.43867   118.318  10.6136 -13.5455 0.336498 0 0 0 -0.186      0  0.086  -0.198884   0.386249 -0.0690508   0.00190616 -0.000297137 -6.10573e-05   0.0061794    0.115661 -0.00638688  -0.102139 -0.0930944   -9.80803 
               227.1 -0.551535   4.69004   117.976  10.5899 -13.4941 0.330165 0 0 0 -0.186      0  0.086 -0.300497  0.427491 -0.162231   0.00157898 -8.98194e-05 -2.45606e-05  0.00523385     0.11595 -0.00709294  -0.102025 -0.0928551   -9.80803 
               227.2 -1.71557   4.8188  118.224  10.5664 -13.4412 0.317086 0 0 0 -0.186      0  0.086 -0.325435  0.487758 -0.104594    0.0022264 -0.000138967 -1.26449e-05  0.00506278    0.116652 -0.00719479   -0.10184 -0.0928475   -9.80803 
               227.3 -0.318142   6.07336   118.224  10.5448 -13.4087 0.329811 0 0 0 -0.186      0  0.086   -0.320351    0.321209 -0.00891646   0.00202078  -0.00057004 -6.05534e-05  0.00625994    0.117361 -0.00826877  -0.101744 -0.0931656   -9.80803 
               227.4 -0.963959   5.57037   118.195  10.5472 -13.3611 0.329094 0 0 0 -0.186      0  0.086  -0.243377   0.308802 -0.0536279   0.00225049 -0.000414475 -3.78577e-06  0.00583714    0.120122 -0.00845106   -0.10103 -0.0932028   -9.80804 
             227.501 -0.935893   5.13845    118.09  10.5338 -13.3096  0.32936 0 0 0 -0.186      0  0.086  -0.26393  0.456557 -0.058647   0.00212914 -0.000227027 -1.23074e-06  0.00508828    0.121317 -0.00901979  -0.100699 -0.0930662   -9.80804 
               227.6 -0.908661   5.54316   118.113  10.5322 -13.2464 0.325825 0 0 0 -0.186      0  0.086   -0.209072    0.483279 -0.00442438   0.00211565 -0.000421616  2.41068e-08  0.00489379    0.123491 -0.00914208  -0.100147 -0.0931296   -9.80805 
               227.7 -0.369392   5.26933   118.188  10.5116 -13.1897 0.327548 0 0 0 -0.186      0  0.086 -0.163164  0.416972 0.0154896   0.00187179 -0.000311898 -1.60898e-06  0.00379051     0.12363 -0.00915652  -0.100053 -0.0928611   -9.80805 
             227.801 -0.366954   6.12294   118.153  10.4903 -13.1559 0.326629 0 0 0 -0.186      0  0.086  -0.254902   0.388187 -0.0501878  0.00201572 -0.00056089 1.38253e-06  0.00423109    0.123277 -0.00911461  -0.100164 -0.0929532   -9.80805 
               227.9 -1.10153  6.09819  118.073  10.4692 -13.0968 0.319407 0 0 0 -0.186      0  0.086   -0.321384    0.588545 -0.00956557     0.002269 -0.000637401  4.95722e-05  0.00354793    0.124121 -0.00899445 -0.0999159 -0.0928302   -9.80805 
                 228 -0.499709   5.64031   118.069  10.4458 -13.0296 0.299956 0 0 0 -0.186      0  0.086  -0.250141     0.4614 -0.0482987   0.00203255 -0.000436287  2.55172e-05  0.00261125    0.124971 -0.00768975 -0.0996341 -0.0926708   -9.80806 
             228.101 -1.27881  6.36531  118.042   10.422  -13.006 0.302003 0 0 0 -0.186      0  0.086  -0.269178   0.296683 -0.0455938   0.00212295  -0.00052469 -1.13036e-05  0.00393863    0.124804 -0.00793715 -0.0997501 -0.0929846   -9.80805 
               228.2 -0.683679   5.37222   118.136  10.3942 -12.9813 0.295601 0 0 0 -0.186      0  0.086  -0.336441   0.331644 -0.0575985   0.00194212 -0.000201136 -1.58219e-05 0.00436342   0.124725  -0.007871 -0.0997907 -0.0930867   -9.80805 
               228.3 -0.783218   5.78418   118.074  10.3625 -12.9464 0.273375 0 0 0 -0.186      0  0.086  -0.394714   0.463442 -0.0572182   0.00211632 -0.000395926 -5.22842e-08  0.00481138    0.125136 -0.00677209 -0.0996949 -0.0932424   -9.80805 
             228.401 -0.782964   5.60917   118.219  10.3345 -12.9101 0.288862 0 0 0 -0.186      0  0.086 -0.294405  0.309384 0.0725348   0.00184155 -0.000224397 -3.82827e-05  0.00542293    0.125741 -0.00770095  -0.099595 -0.0934022   -9.80805 
               228.5 -0.23935  5.42939  118.051  10.3037 -12.8613 0.290284 0 0 0 -0.186      0  0.086  -0.265585   0.280427 0.00784282   0.00172734 -0.000191085  3.75905e-05   0.0036174    0.126008 -0.00760872 -0.0994341 -0.0929772   -9.80806 
             228.601 -0.661315   5.59571   118.165  10.2805 -12.8286 0.293126 0 0 0 -0.186      0  0.086  -0.327917   0.380474 -0.0599814   0.00186735 -0.000197489 -9.00149e-06  0.00375319    0.126535 -0.00801172 -0.0993198  -0.093028   -9.80806 
               228.7 -0.874896   5.36337   118.084  10.2553 -12.7843 0.295866 0 0 0 -0.186      0  0.086 -0.314674   0.33869 0.0424774   0.00195043 -0.000225194  1.68189e-05  0.00370351    0.127363 -0.00832701 -0.0991218 -0.0930506   -9.80806 
               228.8 -0.984132   5.51818   118.049  10.2307 -12.7461 0.285403 0 0 0 -0.186      0  0.086  -0.290524   0.274145 -0.0324684   0.00203401 -0.000220397  2.00735e-05  0.00314249    0.127959 -0.00754864 -0.0989364 -0.0929617   -9.80806 
             228.901  -1.202 6.09455  118.18  10.2139 -12.7041 0.271691 0 0 0 -0.186      0  0.086  -0.300292   0.350089 -0.0937865   0.00204268 -0.000378386  4.43693e-06  0.00256939      0.1292 -0.00704349 -0.0985999 -0.0928962   -9.80806 
                 229 -0.743754   5.27177   118.062  10.1839 -12.6636 0.254664 0 0 0 -0.186      0  0.086  -0.37718  0.412414 -0.158092   0.00211095 -0.000334006  7.44493e-05  0.00256629    0.129499 -0.00643876 -0.0985183 -0.0929231   -9.80807 
               229.1 -1.13773  4.83767  118.093   10.155 -12.6206 0.257141 0 0 0 -0.186      0  0.086   -0.274543    0.334908 -0.00874473   0.00191972 -0.000270743  4.71339e-05  0.00234644    0.130051 -0.00723688 -0.0983876 -0.0928807   -9.80807 
             229.199 -0.00113496      3.3841     117.934 10.1238 -12.585 0.28898 0 0 0 -0.186      0  0.086 -0.274297  0.276365 0.0341712  0.00115139 0.000244994  4.3892e-05 0.00192624   0.129797 -0.0096422 -0.0984658 -0.0927177   -9.80807 
               229.3 0.109025  3.10293  118.426  10.0994 -12.5391 0.281979 0 0 0 -0.186      0  0.086  -0.379834   0.414939 -0.0291758   0.00125788  0.000134317 -7.84343e-05 0.00118944   0.130685  -0.009196   -0.09821 -0.0925941   -9.80807 
               229.4 0.0533433   3.51249   118.288  10.0655  -12.487 0.280429 0 0 0 -0.186      0  0.086  -0.319313   0.377727 -0.0138038   0.00130226  -0.00029889 -4.01416e-05  0.00058376    0.131107 -0.00910122 -0.0980778 -0.0924721   -9.80807 
             229.499 0.0348503   3.90805   118.236  10.0387 -12.4426  0.27591 0 0 0 -0.186      0  0.086  -0.284904   0.337278 -0.0339415   0.00134658 -0.000211488 -1.23157e-05 -2.15844e-05     0.131582  -0.00901568 -0.0979342 -0.0923527   -9.80808 
               229.6 -0.279121   3.77306   118.201  10.0121 -12.3855 0.241065 0 0 0 -0.186      0  0.086 -0.30002  0.46199 -0.12753    0.0014654 -0.000325279  4.06678e-05 -0.00150771    0.132253 -0.00733899 -0.0976822 -0.0920596   -9.80808 
               229.7 -0.061753    3.7681   118.128  9.98473 -12.3221 0.212313 0 0 0 -0.186      0  0.086 -0.348236  0.578828 -0.157006   0.00140992 -0.000386389  3.03647e-05 -0.00223947     0.13282 -0.00642675 -0.0975028 -0.0919276   -9.80808 
             229.801 -0.347986   4.00346   118.082  9.96275 -12.2818 0.197224 0 0 0 -0.186      0  0.086 -0.235158  0.476585 -0.068171    0.0014571 -0.000450978  5.97175e-05 -0.00104632    0.133095 -0.00612694 -0.0974927 -0.0922261   -9.80808 
               229.9 -0.373426   3.35748   117.991   9.9455 -12.2462 0.152846 0 0 0 -0.186      0  0.086 -0.240186  0.446563 -0.213131   0.00138402 -0.000287085  5.26041e-05 -0.000243181     0.133266  -0.00391807 -0.0974696 -0.0924535   -9.80808 
             230.001 -0.0798243    2.92646    118.407  9.94205 -12.1884 0.136999 0 0 0 -0.186      0  0.086  -0.27235  0.596968 -0.193633   0.00136815 -0.000198404 -3.87107e-05 9.77926e-05    0.135177 -0.00429108 -0.0970427 -0.0926189   -9.80808 
             230.101 0.107224  3.72703  118.117  9.92161 -12.1311 0.128755 0 0 0 -0.186      0  0.086 -0.220411  0.468309  -0.15684   0.00153369 -0.000641577  5.69532e-05 8.78046e-05    0.135567 -0.00484917 -0.0969566 -0.0926276   -9.80808 
               230.2 -0.913133   4.38342   118.066  9.92065 -12.0901 0.126891 0 0 0 -0.186      0  0.086 -0.152953  0.403656 -0.142557   0.00170328 -0.000903918  6.53614e-05  0.00091352    0.136935 -0.00557234 -0.0966842 -0.0928751   -9.80808 
               230.3 -0.58339   4.1287  117.992   9.90231  -12.0376 0.0834567 0 0 0 -0.186      0  0.086  -0.21457  0.538728 -0.266715   0.00161171 -0.000826095  0.000111353 0.000185484    0.137057 -0.00397488 -0.0966076 -0.0927314   -9.80809 
               230.4 -0.453849   3.85014   118.158   9.87547  -11.9861 0.0691619 0 0 0 -0.186      0  0.086  -0.270035   0.477241 -0.0957328   0.00156671 -0.000735492  3.44846e-05 0.000373254    0.136988 -0.00475936 -0.0966395 -0.0927618   -9.80809 
               230.5 -0.827098   3.23088   118.272    9.8444  -11.9136 0.0813252 0 0 0 -0.186      0  0.086  -0.265986    0.46911 -0.0881024   0.00146317 -0.000603902  6.52471e-05 -0.00166268    0.137187 -0.00635967 -0.0965132 -0.0922799   -9.80809 
             230.601 -0.624776   3.93819   117.982   9.83339  -11.8601 0.0719112 0 0 0 -0.186      0  0.086 -0.313927  0.520725 -0.164308   0.00151825 -0.000990775  0.000187474 -0.00136655    0.138611  -0.0065059 -0.0962014 -0.0924119   -9.80809 
               230.7 -0.764004   3.68901   117.967   9.79791  -11.7998 0.0476694 0 0 0 -0.186      0  0.086 -0.345961  0.635343   -0.2573  0.00157466 -0.00104537  0.00020932 -0.00150042    0.138698 -0.00604379 -0.0961704 -0.0923909   -9.80809 
               230.8 0.253997  3.61889  117.997   9.76898  -11.7463 0.0486978 0 0 0 -0.186      0  0.086  -0.265021   0.522974 -0.0653961  0.00139887 -0.00110868 0.000169533 -0.000949114     0.138892  -0.00710091 -0.0961631  -0.092513   -9.80809 
             230.899 -0.723593   3.45792   117.937   9.72987  -11.6933 0.0448557 0 0 0 -0.186      0  0.086  -0.284557   0.517394 -0.0964985  0.00154124  -0.0010065 0.000167348 -0.00154937    0.138027 -0.00744068 -0.0963361 -0.0923322   -9.80809 
                 231 -0.675706   3.90893   118.049   9.69538  -11.6664 0.0351795 0 0 0 -0.186      0  0.086 -0.372355  0.630959 -0.133484  0.00164404 -0.00123727 0.000136077 0.000682494    0.137174 -0.00753032 -0.0966342  -0.092801   -9.80808 
               231.1 -0.766465   3.55557   118.051   9.67275  -11.6086 0.0287314 0 0 0 -0.186      0  0.086  -0.317224   0.536045 -0.0268437  0.00173131 -0.00133897 0.000166212 0.00149283   0.138117 -0.0076841 -0.0964598 -0.0930261   -9.80808 
             231.199 0.139632  3.48525   118.16   9.64902   -11.556 0.0735657 0 0 0 -0.186      0  0.086 -0.305897  0.491522 0.0472416  0.00117106 -0.00123185 0.000132855 0.00186515   0.138661 -0.0109553 -0.0963909 -0.0930959   -9.80808 
               231.3 0.167207  2.82024      118   9.62475  -11.5062 0.0895101 0 0 0 -0.186      0  0.086 -0.362424  0.566481 0.0270729  0.00121776 -0.00132137 0.000223771 0.00238307    0.13924 -0.0117912 -0.0962932 -0.0932292   -9.80808 
               231.4 -0.0596735    2.66655    117.894  9.58204 -11.4395 0.103672 0 0 0 -0.186      0  0.086 -0.465997   0.70799 0.0843259  0.00129908  -0.0015663 0.000283782 0.00227542   0.139171 -0.0125133 -0.0963113 -0.0931937   -9.80808 
             231.501  0.8825 3.05671 117.885  9.54251 -11.3808 0.147893 0 0 0 -0.186      0  0.086 -0.394563  0.593015  0.187888  0.00115724 -0.00166808 0.000230857  0.0031259   0.139334 -0.0146109 -0.0963334 -0.0933695   -9.80808 
               231.6 -0.0710602    2.69639    117.756  9.50669 -11.3438 0.144458 0 0 0 -0.186      0  0.086 -0.396346  0.522326  0.174931  0.00124336  -0.0015222 0.000248764 0.00444492   0.139031 -0.0131819 -0.0964485 -0.0936664   -9.80808 
               231.7 -0.5261 3.00216 117.968  9.47887 -11.3152  0.14223 0 0 0 -0.186      0  0.086 -0.439448  0.588545 0.0386447  0.00147687 -0.00155013 0.000164549 0.00670635    0.13937 -0.0121661 -0.0964673 -0.0941973   -9.80807 
             231.801 0.28049  3.0408 117.996  9.44696 -11.2498 0.189435 0 0 0 -0.186      0  0.086 -0.404861  0.696237  0.289005  0.00110687 -0.00144957 0.000165062 0.00741037   0.140411 -0.0144588 -0.0962843 -0.0943786   -9.80807 
               231.9 0.298694  3.06037   117.94  9.42198 -11.1932 0.198574 0 0 0 -0.186      0  0.086 -0.321128  0.575711  0.277072   0.0010573 -0.00124679 0.000206737 0.00807921   0.141138 -0.0130231  -0.096143 -0.0945731   -9.80807 
                 232 -0.156183   2.95651   117.874  9.42225 -11.1483 0.198954 0 0 0 -0.186      0  0.086 -0.27349 0.569406 0.133135  0.00144916 -0.00116896 0.000200911 0.00976732   0.143036 -0.0114388 -0.0957881  -0.095046   -9.80807 
             232.101 -0.0807857    3.32974    118.118  9.42096 -11.0852 0.206152 0 0 0 -0.186      0  0.086 -0.251774  0.713039  0.110798  0.00142912 -0.00120429 0.000131202  0.0107678   0.145007 -0.0110276 -0.0953956 -0.0953575   -9.80807 
               232.2 -0.206818   3.55995   117.878  9.41121 -11.0402 0.194211 0 0 0 -0.186      0  0.086 -0.179768  0.572951  0.120482  0.00158984 -0.00117668 0.000210088   0.0125327     0.14556 -0.00905912 -0.0953393 -0.0957894   -9.80807 
               232.3 -0.449711   3.54512   117.846  9.39628 -10.9939 0.160385 0 0 0 -0.186      0  0.086   -0.133417    0.552318 -0.00612632    0.0015882 -0.000949955  0.000114674   0.0129762    0.145382 -0.00593667  -0.095377 -0.0959099   -9.80807 
               232.4 -1.13533  3.98039  117.972   9.3861 -10.9505 0.131889 0 0 0 -0.186      0  0.086  -0.144399   0.652971 -0.0971391   0.00192117 -0.000980101  0.000125737   0.0141718     0.14535 -0.00410013 -0.0954233 -0.0961893   -9.80806 
               232.5 -1.37404  3.89322  118.028  9.38832 -10.8965 0.104268 0 0 0 -0.186      0  0.086  -0.116164    0.55873 -0.0161231   0.0018149 -0.00078888 5.80598e-05   0.0152814    0.146249 -0.00267405 -0.0952649 -0.0964855   -9.80806 
             232.599 -0.745793   3.68131    118.18  9.39087 -10.8491 0.086273 0 0 0 -0.186      0  0.086  -0.126896   0.477156 -0.0937356   0.00158158 -0.000850585  5.80084e-05   0.0159548     0.14711 -0.00164614 -0.0950978 -0.0966804   -9.80806 
               232.7 -0.11249  4.03205  118.003   9.3907 -10.8066 0.067818 0 0 0 -0.186      0  0.086 -0.224395  0.540796   -0.1849   0.00158226 -0.000937065  0.000135849   0.0169571     0.14816 -0.00126322 -0.0949101 -0.0969469   -9.80806 
               232.8 -0.61466  3.61126  117.883   9.36207  -10.7581 0.0314037 0 0 0 -0.186      0  0.086 -0.271497  0.532266 -0.131632  0.00166797 -0.00095215 0.000197713  0.0172812   0.147721 -0.0001478  -0.095007 -0.0970116   -9.80806 
             232.901 -0.64574  3.47183  117.696  9.33422 -10.7133 0.014923 0 0 0 -0.186      0  0.086 -0.248908  0.425583 -0.154693  0.00186023 -0.00101075  0.00021476    0.0173904     0.147496 -5.53287e-05 -0.0950589 -0.0970269   -9.80806 
                 233 -0.929776   3.75462   117.985   9.31533  -10.6811 0.0124318 0 0 0 -0.186      0  0.086 -0.247961   0.49268 -0.147481  0.00168368 -0.00113469 0.000103946    0.018405    0.147572 -0.00112271 -0.0950974 -0.0972358   -9.80806 
               233.1 -0.35088  3.10995  117.973     9.29399    -10.6541 -0.00462519 0 0 0 -0.186      0  0.086  -0.265574   0.534536 -0.0975751  0.00162011  -0.0012098 0.000149672   0.0204316     0.14733 -0.00094055 -0.0952331 -0.0976629   -9.80805 
             233.201 -0.40729  2.50446  117.898   9.24923  -10.6188 0.0357294 0 0 0 -0.186      0  0.086 -0.306242  0.401203  0.130922   0.0015149 -0.00123451 0.000163282   0.0209876    0.145943 -0.00369858 -0.0955836 -0.0976936   -9.80805 
               233.3 -1.75772  1.85894  118.032   9.22459  -10.5933 0.0121387 0 0 0 -0.186      0  0.086 -0.363345  0.336014 0.0310323  0.00218683  -0.0013607 0.000156813   0.0217797    0.146275 -0.00144452 -0.0955215 -0.0978994   -9.80805 
               233.4 -0.711711  0.293767    117.96   9.1754 -10.5603 0.014874 0 0 0 -0.186      0  0.086 -0.537581  0.427083 0.0282096   0.00174335 -0.000740503  0.000183068   0.0218203    0.145811 -0.00160928 -0.0956234 -0.0978876   -9.80805 
             233.501  -1.00129 0.0477115   118.122   9.13312    -10.52 0.0532985 0 0 0 -0.186      0  0.086 -0.471301   0.35887   0.17528   0.0018917 -0.00102088 0.000110634   0.0224707    0.146308 -0.00371083 -0.0955667 -0.0980317   -9.80804 
               233.6 -1.05571 0.483731  118.211   9.08412  -10.4754 0.0549589 0 0 0 -0.186      0  0.086 -0.385439  0.369217 0.0501809   0.00177066 -0.000940261  6.15797e-05   0.0215512     0.14609 -0.00300801 -0.0955685 -0.0978313   -9.80805 
               233.7  -1.00557 -0.129345   117.798   9.04453   -10.409 0.0733766 0 0 0 -0.186      0  0.086 -0.405693  0.544768 0.0611352   0.00176409 -0.000989079  0.000236048   0.0200343    0.146594 -0.00380141 -0.0954076 -0.0975299   -9.80805 
             233.799   -1.15424 0.00734628    118.138   9.00525  -10.3524 0.0699874 0 0 0 -0.186      0  0.086 -0.45281 0.613777 0.144312   0.0019777 -0.00116771 8.05006e-05    0.020331    0.146841 -0.00312971 -0.0953628  -0.097602   -9.80805 
               233.9  -2.49219 -0.316031   117.933   8.9613 -10.2941 0.073066 0 0 0 -0.186      0  0.086 -0.435578  0.493067   0.16228  0.00202234 -0.00139717 0.000199751   0.0201409    0.146939 -0.00229433 -0.0953295 -0.0975638   -9.80805 
                 234 -0.665569  0.229191   117.921   8.94186   -10.257 0.0826986 0 0 0 -0.186      0  0.086 -0.455173  0.506643 0.0314728  0.00134864  -0.0016443 0.000212401   0.0216236    0.148321 -0.00217764 -0.0950995 -0.0979287   -9.80805 
               234.1 -0.0748955   0.259979     118.28    8.9079  -10.2209 0.0991289 0 0 0 -0.186      0  0.086 -0.556049   0.60857 0.0861215  0.00142442 -0.00147404 8.69588e-05    0.023377    0.149176 -0.00288557 -0.0949952 -0.0983326   -9.80805 
               234.2 0.0700276  0.488843   118.192  8.87186 -10.1781  0.12394 0 0 0 -0.186      0  0.086 -0.467139  0.494398  0.127528  0.00162644 -0.00132034 0.000122608   0.0248699    0.150061 -0.00413687 -0.0948769 -0.0986858   -9.80804 
               234.3 -0.806587  0.565477   118.164  8.85053 -10.1318 0.141262 0 0 0 -0.186      0  0.086 -0.37292 0.429073 0.096993  0.00182464 -0.00116411  0.00011434   0.0254604    0.151531 -0.00453458 -0.0945978  -0.098868   -9.80805 
               234.4 -0.820509  0.264869   117.961  8.83341  -10.095 0.152791 0 0 0 -0.186      0  0.086 -0.344499  0.480303  0.113243   0.00143469 -0.000951074  0.000184075  0.0265754   0.152506 -0.0045445 -0.0944402 -0.0991363   -9.80804 
               234.5 -0.540485  0.645569   118.002  8.79251 -10.0406 0.156592 0 0 0 -0.186      0  0.086 -0.359276  0.609109  0.088042  0.00144421 -0.00093767 0.000133024  0.0264906   0.152074 -0.0040161 -0.0945235 -0.0990995   -9.80804 
             234.599 -0.948703  0.379256   118.036  8.77105 -10.0006  0.14495 0 0 0 -0.186      0  0.086 -0.30764 0.477732 0.120657   0.00160775 -0.000730559  0.000137515   0.0278019    0.152538 -0.00248986 -0.0944732 -0.0993793   -9.80804 
               234.7 -0.507224  0.419455   118.122  8.75326 -9.96789 0.130857 0 0 0 -0.186      0  0.086 -0.329778  0.421856 0.0486793   0.00144305 -0.000786451  0.000159197    0.0289676       0.1531 -0.000830635 -0.0943969 -0.0996322   -9.80804 
               234.8 -0.156102  0.611794   118.195  8.73091 -9.92545 0.112079 0 0 0 -0.186      0  0.086  -0.472976    0.49957 0.00365996   0.00150445 -0.000878259  0.000159657   0.0296891    0.154105 0.000405819 -0.0942149 -0.0998126   -9.80804 
             234.901 -0.477276  0.404119   118.143  8.71164 -9.89227 0.108756 0 0 0 -0.186      0  0.086 -0.344768  0.407248 0.0130424   0.00147806 -0.000910276  0.000118906   0.0313129    0.155207 0.000706273 -0.0940514  -0.100184   -9.80804 
                 235 -0.776506  0.365739   118.154  8.70203 -9.89135 0.130774 0 0 0 -0.186      0  0.086  -0.233705   0.314902 0.00344386   0.00119096 -0.000515214  1.30264e-05    0.0340928     0.155662 -0.000672798 -0.0940694  -0.100771   -9.80803 
             235.101 -0.0849076   0.366458    118.277   8.70939  -9.86378 0.0842553 0 0 0 -0.186      0  0.086  -0.16555  0.441599 -0.127947   0.00115907  -0.00067735 -3.24083e-06 0.0354833  0.157323 0.0020637 -0.0937755  -0.101104   -9.80803 
             235.201 -0.638008  0.212601   118.221   8.69514  -9.81166 0.0529986 0 0 0 -0.186      0  0.086 -0.145845  0.510002 -0.110325   0.00141673 -0.000552739  2.86468e-05  0.0354382   0.157515 0.00335014 -0.0937302  -0.101098   -9.80803 
               235.3 -0.263318  0.380001    118.41    8.6992  -9.75558 0.0344959 0 0 0 -0.186      0  0.086 -0.0591484   0.426563  -0.112567   0.00123515 -0.000471335 -5.34368e-05  0.0351983   0.158667 0.00393471 -0.093488  -0.10109  -9.80803 
             235.401 -0.393114  0.183422   117.874    8.70377   -9.70519 0.00576487 0 0 0 -0.186      0  0.086 -0.0850864    0.43297  -0.194558   0.00146595 -0.000489407  0.000208704  0.0349686   0.159603 0.00496943 -0.0932888  -0.101074   -9.80804 
             235.501 -0.266231  0.213506   118.061     8.71693    -9.63969 0.000916036 0 0 0 -0.186      0  0.086 -0.101785  0.619913 -0.187766  0.00148294 -0.00084813 0.000193058  0.0349062   0.161544 0.00384724 -0.0929034  -0.101136   -9.80804 
               235.6 -0.082323  0.245536    118.08    8.70618   -9.58676 0.00980799 0 0 0 -0.186      0  0.086 -0.0340101   0.480473  -0.121861   0.00146643 -0.000892684   0.00014709   0.034995   0.161406 0.00250498 -0.0929381  -0.101153   -9.80804 
               235.7  -0.651836 -0.0122425    118.185   8.69038  -9.55052 0.0193929 0 0 0 -0.186      0  0.086 -0.0639025   0.417046  -0.195267   0.00139187 -0.000652349  0.000104081  0.0351785    0.16069 0.00119519 -0.0930901  -0.101168   -9.80804 
             235.799  -1.47021 -0.164905   117.981   8.68479  -9.48651 0.0372944 0 0 0 -0.186      0  0.086 -0.126286  0.569619 -0.136707   0.00139883 -0.000565668  0.000174666    0.0342047     0.161404 -0.000957564 -0.0929196  -0.101008   -9.80804 
               235.9 -0.894501 0.0662886   117.965   8.65156  -9.41779 0.0615969 0 0 0 -0.186      0  0.086 -0.175951  0.536688 0.0653865   0.00125902 -0.000851114    0.0001726   0.0331191    0.160573 -0.00284432 -0.0930493  -0.100771   -9.80804 
                 236 -0.631119  0.363237   117.975  8.62855 -9.37816 0.105038 0 0 0 -0.186      0  0.086 -0.199618  0.460316  0.140486  0.000797269 -0.000838931   0.00015183   0.0336181    0.160106 -0.00511573 -0.0931663  -0.100863   -9.80804 
               236.1 -0.226955  0.419065   118.164  8.60003 -9.34554  0.12382 0 0 0 -0.186      0  0.086 -0.379152   0.50705 0.0796991  0.000796043 -0.000993282  8.91933e-05   0.0346113    0.159838 -0.00569745 -0.0932568  -0.101051   -9.80804 
               236.2 -0.568399  0.386806   117.884  8.56171 -9.29553 0.152267 0 0 0 -0.186      0  0.086 -0.327183  0.537865  0.248084 0.000709058 -0.00107357 0.000174706   0.0349153    0.159574 -0.00690487 -0.0933239  -0.101107   -9.80803 
             236.299 0.229686 0.658008  118.326  8.54484 -9.25558 0.137939 0 0 0 -0.186      0  0.086 -0.223664    0.4489  0.127868 0.000757381 -0.00115551 0.000118693   0.0358828    0.160117 -0.00457986 -0.0932435  -0.101304   -9.80803 
               236.4 -0.239738  0.551065   118.053  8.53671  -9.2066 0.149985 0 0 0 -0.186      0  0.086 -0.173781  0.663671 0.0989608  0.000583804 -0.000888113  0.000174565    0.036487    0.160621 -0.00466724 -0.0931675   -0.10144   -9.80803 
               236.5 0.0926902    0.4954   118.384  8.53414 -9.15271 0.131116 0 0 0 -0.186      0  0.086 -0.165835  0.693575 0.0474004 0.000669108 -0.00126191 0.000113317   0.0380027    0.161208 -0.00285259 -0.0931012  -0.101748   -9.80803 
             236.601   -0.835022 -0.00762003     117.844  8.51198 -9.10994 0.135004 0 0 0 -0.186      0  0.086 -0.157342  0.530034  0.117564 0.000785896 -0.00134071 0.000199933   0.0391145     0.16038 -0.00240206 -0.0932986  -0.101933   -9.80803 
               236.7  0.22321 0.555999   117.98  8.48766 -9.07931 0.128369 0 0 0 -0.186      0  0.086  -0.308533   0.475176 0.00543566 0.000708203 -0.00148051 8.10472e-05   0.0403023     0.15968 -0.00138288 -0.093472 -0.102134  -9.80802 
               236.8  1.22492 0.218863  118.242  8.45359  -9.0328 0.135114 0 0 0 -0.186      0  0.086 -0.441852  0.572963 0.0666026 0.000203995 -0.00129264 5.72964e-05   0.0408718    0.159733 -0.00179859 -0.0934824  -0.102247   -9.80802 
             236.901   1.04166 0.0913347    117.91  8.40165 -8.98915 0.166912 0 0 0 -0.186      0  0.086 -0.36655 0.489433  0.11169 0.000286376 -0.00135064  0.00019783   0.0413217    0.158728 -0.00309849 -0.0936926  -0.102303   -9.80802 
                 237 0.101372 0.857931  117.963  8.37624 -8.94902 0.202124 0 0 0 -0.186      0  0.086 -0.309309   0.48292  0.094218  0.00035555 -0.00122444 0.000155351   0.0420751    0.159188 -0.00452439 -0.0936321  -0.102466   -9.80802 
               237.1 -0.0407377   0.606209    118.114  8.35046 -8.90111 0.202873 0 0 0 -0.186      0  0.086 -0.326421  0.610504 0.0387819 0.000457976 -0.00126689 8.51558e-05   0.0425184    0.159507 -0.00409041 -0.0935865  -0.102561   -9.80802 
             237.201 -0.334271   0.51879   118.059  8.32767  -8.8415 0.180651 0 0 0 -0.186      0  0.086 -0.342651  0.626875  0.124658 0.000720613 -0.00134076 7.97061e-05   0.0433305    0.160373 -0.00231309 -0.0934505  -0.102741   -9.80802 
               237.3 -0.358094  0.634069   117.726  8.29698 -8.78319 0.204047 0 0 0 -0.186      0  0.086 -0.320875  0.558815  0.153634 0.000639453 -0.00130092 0.000313258   0.0434213    0.160457 -0.00301686 -0.0934375  -0.102762   -9.80802 
