            0.299926 -0.00155974 -0.00224001 -0.00961313  0.00153384 -0.00153195  0.00248534 0 0 0 -0.186      0  0.086 0.000632397 -0.00052386 0.000605764  4.4971e-09  5.0059e-09 3.58905e-09 -2.81002e-08  2.82896e-08 -4.68583e-08   0.457341 -0.0143818   -9.79832  12643
            0.400887  -0.0716297 -0.00300627   0.0469538  0.00327301 -0.00418754   0.0073423 0 0 0 -0.186      0  0.086  0.0169603 -0.0256337  0.0480041  0.000127275  1.86947e-06 -0.000103257 -4.17863e-06  6.54514e-06 -1.21042e-05   0.457346 -0.0143881   -9.79832  12771
            0.500318  -0.0728488 -0.00196277    0.048586 -0.00593794 -0.00655718  0.00894396 0 0 0 -0.186      0  0.086 -0.0498014  -0.023916  0.0281991  0.000116329 -1.65875e-06 -0.000108346 0.000572355 5.76129e-05 0.000968906   0.456749 -0.0144366   -9.79835  12654
            0.601186  -0.0988122 -0.00562163   0.0408411 -0.00348465 -0.00867084   0.0117053 0 0 0 -0.186      0  0.086 -0.0171563 -0.0215746  0.0275653  0.000162307  4.85738e-06 -9.07425e-05 -0.000857166 -3.04052e-05   0.00156765   0.458094 -0.0143507   -9.79829  12769
             0.70087   -0.115348 -0.00766773    0.044306 -0.00170508 -0.00888138   0.0136082 0 0 0 -0.186      0  0.086 -0.00395388  -0.0117286   0.0236351  0.000180359  7.84878e-06 -9.23954e-05 -0.00250108 -0.00291998   0.0035258   0.459582 -0.0115699   -9.79822  12635
             0.80024   -0.149257 -0.00499663   0.0592192 -0.00377234 -0.00996272   0.0145846 0 0 0 -0.186      0  0.086 -0.00920544 -0.00923813    0.016906   0.00023295  3.37907e-06 -0.000117752 -0.00138455 -0.00261725  0.00745128   0.458335 -0.0118618   -9.79828  12642
            0.901213   -0.126709 -0.00615924   0.0237142 -0.00709076 -0.00811922   0.0138323 0 0 0 -0.186      0  0.086 -0.0172308 0.00580368 0.00495821 0.000186685 5.55885e-06 -5.6201e-05  0.00106957 -0.00907103   0.0149059    0.455642 -0.00566038    -9.79841  12784
             1.00068   -0.124776 -0.00458338   0.0424234    -0.00944 -0.00840602   0.0133601 0 0 0 -0.186      0  0.086   -0.0194908   0.00449121 -0.000920318 0.000180717 3.08724e-06 -8.7079e-05  0.00180236 -0.00648029   0.0179041    0.454805 -0.00815436    -9.79845  12621
             1.10017   -0.147088 -0.00426417   0.0726667  -0.0119106 -0.00921273   0.0134191 0 0 0 -0.186      0  0.086  -0.0216545  0.00142872 -0.00167455   0.00021453  2.67825e-06 -0.000135292  0.00261504 -0.00333293   0.0171988 0.454059 -0.01118 -9.79848  12624
             1.20105   -0.142874 -0.00272146   0.0604792  -0.0105846 -0.00894179   0.0138856 0 0 0 -0.186      0  0.086  -0.00977711   0.00447718 -0.000177493 0.000204935 5.57674e-07 -0.00011356 -0.00273321 -0.00329274   0.0154567   0.459268 -0.0112111   -9.79824  12775
             1.30061   -0.143129 -0.00381411   0.0453296 -0.00841584 -0.00914239   0.0144241 0 0 0 -0.186      0  0.086 0.00169587 0.00377474 0.00103105 0.000202582 3.27691e-06 -8.7609e-05 -0.00728046 -0.00187424   0.0140187   0.463695 -0.0125673   -9.79803  12648
              1.4001   -0.169199 -0.00141676   0.0636397 -0.00336236 -0.00960131   0.0151815 0 0 0 -0.186      0  0.086  0.0201263 0.00251349  0.0026668  0.000241608  1.18188e-06 -0.000116543   -0.0139108 -0.000255817    0.0125933    0.47012 -0.0141119   -9.79772  12652
             1.50095   -0.134112 -0.00694728   0.0503019 -0.000350093   -0.0093499    0.0153732 0 0 0 -0.186      0  0.086  0.0260534 0.00444089 0.00132826  0.000181009  1.05899e-05 -9.33566e-05     -0.01498 -5.90578e-05    0.0127315    0.47114 -0.0142997   -9.79767  12777
             1.60052   -0.137937 -0.00444173   0.0754069 -0.000286502  -0.00921792    0.0153669 0 0 0 -0.186      0  0.086   0.0199002  0.00471537 0.000127408  0.000185782  5.51395e-06 -0.000132659  -0.0118395 0.000482484   0.0128085  0.468126 -0.014824  -9.79781  12653
             1.70027   -0.189806 -0.00364137   0.0639382  0.00246774 -0.00926515   0.0168124 0 0 0 -0.186      0  0.086  0.0242554 0.00464448 0.00571946 0.000267046 4.26092e-06 -0.00011272 -0.0124667 0.00127628 0.00973392  0.468871 -0.015581  -9.79778  12638
              1.8009   -0.168228 -0.00482021    0.040381  0.00144575 -0.00928756   0.0167235 0 0 0 -0.186      0  0.086  0.0148937 0.00451197 0.00219539  0.000230092  5.68983e-06 -7.33468e-05 -0.00887011  0.00205717      0.0108   0.465376 -0.0163365   -9.79794  12777
             1.90046   -0.173039 -0.00560371   0.0867483  0.00126065 -0.00981568   0.0175925 0 0 0 -0.186      0  0.086  0.0106428 0.00214498 0.00459029  0.000234069  7.36697e-06 -0.000147342 -0.00717102  0.00333118  0.00940957   0.463815 -0.0175589   -9.79801  12634
             1.99994   -0.170212 -0.00571625   0.0639136 0.000569998 -0.00926193   0.0178413 0 0 0 -0.186      0  0.086 0.00609797 0.00542498 0.00318613  0.000228074  7.86878e-06 -0.000109616 -0.00555474  0.00304825  0.00960365   0.462258 -0.0172896   -9.79809  12654
             2.10086   -0.170836 -0.00543354   0.0815665 -0.000539957   -0.0105746    0.0182833 0 0 0 -0.186      0  0.086   0.00154544 -0.000841961   0.00299493  0.000224801   8.0092e-06 -0.000135877 -0.00406694  0.00516875   0.0093256   0.460848 -0.0193239   -9.79815  12762
             2.20038   -0.166653 -0.00832233   0.0688761 -0.00176563 -0.00955742   0.0176707 0 0 0 -0.186      0  0.086 -0.00234967  0.00525145   -0.001587   0.00021807  1.29827e-05 -0.000114982 -0.00299601  0.00411128   0.0107331   0.459758 -0.0183134    -9.7982  12652
              2.2999   -0.143384 -0.00818314   0.0794489 -0.00590721 -0.00977535   0.0176452 0 0 0 -0.186      0  0.086   -0.014235  0.00360395 -0.00126825  0.000179602   1.4472e-05 -0.000129874 -8.23689e-05   0.00490969    0.0102552   0.456993 -0.0190804   -9.79833  12646
             2.40077   -0.155765 -0.00559242   0.0727256 -0.00570582  -0.0111729   0.0186409 0 0 0 -0.186      0  0.086  -0.0090426 -0.00279194  0.00275495  0.000194082   9.5403e-06 -0.000118382 -0.00116455  0.00661816   0.0085421   0.458106 -0.0207144   -9.79827  12790
             2.50031   -0.176601 -0.00864804   0.0826809 -0.00752973  -0.0112245   0.0186751 0 0 0 -0.186      0  0.086   -0.0117784 -0.000466611     0.001112  0.000223953  1.46381e-05 -0.000132223 -0.000539717    0.0064715   0.00880376   0.457497 -0.0205747    -9.7983  12644
             2.60113 -0.154364 -0.011497 0.0561165 -0.00848111  -0.0107638   0.0184118 0 0 0 -0.186      0  0.086  -0.0111054  0.00287995 -0.00108001  0.000190181  1.84356e-05 -9.24558e-05 -0.000699645   0.00610663   0.00931135   0.457627 -0.0202254    -9.7983  12795
             2.70043   -0.174234 -0.00508114     0.07782 -0.00567263  -0.0113803   0.0186059 0 0 0 -0.186      0  0.086   0.00115469  0.000100945 -0.000812479  0.000216464  7.88745e-06 -0.000123008 -0.00308046  0.00691914  0.00906502  0.459913 -0.021001  -9.79819  12653
             2.80024   -0.173854 -0.00643539   0.0727151 -0.0052666 -0.0116849  0.0187111 0 0 0 -0.186      0  0.086   0.00259025 -2.64004e-05 -0.000343613  0.000213958  9.71253e-06 -0.000114611 -0.00322247  0.00721522  0.00880951  0.460059 -0.021284  -9.79818  12645
             2.90106   -0.173111 -0.00661981   0.0701036 -0.00454184  -0.0103202   0.0189154 0 0 0 -0.186      0  0.086  0.00430622  0.00698902 0.000366139  0.000211212  9.85262e-06 -0.000110158 -0.00344155  0.00621311  0.00842485   0.460285 -0.0203262   -9.79817  12784
             3.00063   -0.162824 -0.00727904   0.0808164 -0.00605591  -0.0101227   0.0188324 0 0 0 -0.186      0  0.086   -0.0012988    0.0061147 -0.000505368  0.000194368  1.06616e-05 -0.000124604 -0.00239165  0.00661277  0.00846909   0.459282 -0.0207081   -9.79822  12643
             3.10012   -0.149616 -0.00960219   0.0705576  -0.006484 -0.0100747  0.0188861 0 0 0 -0.186      0  0.086  -0.00177618   0.00470903 -0.000490455  0.000174271  1.37552e-05 -0.000109085  -0.002216 0.00705268 0.00829961  0.459122 -0.021128  -9.79823  12662
             3.20099   -0.166573 -0.00626261   0.0713273 -0.00715498  -0.0105743    0.019563 0 0 0 -0.186      0  0.086 -0.00317179  0.00162975  0.00222859  0.000196709  8.78518e-06 -0.000109123 -0.0019323 0.00774541 0.00738637   0.458892 -0.0217889   -9.79824  12774
             3.30056   -0.168704 -0.00605093   0.0717648 -0.00709446  -0.0108543    0.019434 0 0 0 -0.186      0  0.086   -0.0015737  0.000607731 -1.63537e-05  0.000198098  8.48614e-06 -0.000108792 -0.00211408  0.00808627  0.00780115   0.459047 -0.0221139   -9.79823  12626
             3.40004   -0.167664 -0.00638301    0.082695 -0.00816267  -0.0113681   0.0189007 0 0 0 -0.186      0  0.086   -0.0039757 -0.000911689  -0.00288973  0.000194669  8.95717e-06 -0.000123265 -0.00169871  0.00850453  0.00836903   0.458626 -0.0225124   -9.79825  12644
             3.50091  -0.144356 -0.0107428  0.0797125 -0.00616363  -0.0113724   0.0189105 0 0 0 -0.186      0  0.086  0.00331911 1.63979e-05 -0.00238512  0.000159307  1.47948e-05 -0.000118066 -0.00277318  0.00847844  0.00809451    0.45966 -0.0224876    -9.7982  12775
             3.60044  -0.186284 -0.0063782  0.0836435 -0.00472167  -0.0117448   0.0199205 0 0 0 -0.186      0  0.086   0.00678955 -0.000612876   0.00261252  0.000216409  8.43596e-06 -0.000122676 -0.00320639  0.00871615  0.00670841   0.460133 -0.0227148   -9.79818  12646
             3.69998   -0.155313 -0.00626707    0.086909 -0.00472588   -0.012128   0.0195226 0 0 0 -0.186      0  0.086   0.00542369  -0.00110578 -0.000662247  0.000171055  8.26647e-06 -0.000126219 -0.00291749   0.0089581  0.00739184   0.459829 -0.0229444   -9.79819  12643
              3.8009   -0.157875 -0.00760638    0.105636 -0.000404873   -0.0124605    0.0200425 0 0 0 -0.186      0  0.086   0.0173106 -0.00144965  0.00110425  0.000172945  9.99214e-06 -0.000151368 -0.00448773   0.0091142   0.0069036  0.461342 -0.023093  -9.79812  12776
             3.90041   -0.173345 -0.00461518   0.0724759 -0.00130484  -0.0123939   0.0204585 0 0 0 -0.186      0  0.086  0.00989401 0.000388659  0.00241628  0.000193021  5.90602e-06 -0.000104462 -0.00337257  0.00899414  0.00644089   0.460303 -0.0229798   -9.79817  12628
              3.9999   -0.172441 -0.00535709   0.0736363 -0.00066072  -0.0114281   0.0209289 0 0 0 -0.186      0  0.086 0.00909911 0.00513272 0.00334438  0.000190838  6.94723e-06 -0.000105271 -0.00320979   0.0084795  0.00614365   0.460162 -0.0224915   -9.79817  12627
             4.10079    -0.17051 -0.00646473    0.102788 -0.0015372 -0.0125295  0.0208924 0 0 0 -0.186      0  0.086  0.00426027 -0.00103572   0.0015141  0.000186237  8.78079e-06 -0.000143156 -0.00251469  0.00939987  0.00646987   0.459489 -0.0233649    -9.7982  12757
             4.20038   -0.183668 -0.00387079    0.089221 -0.00203533  -0.0128116   0.0210788 0 0 0 -0.186      0  0.086   0.00166207 -0.000908201   0.00149245  0.000201924  5.37162e-06 -0.000124499 -0.00215457  0.00951894  0.00638299   0.459151 -0.0234781   -9.79822  12633
             4.29983   -0.186816 -0.00463887   0.0997679 -0.0044542  -0.013099  0.0212205 0 0 0 -0.186      0  0.086  -0.00585485 -0.000885788   0.00143862  0.000204601  6.08071e-06 -0.000137219 -0.00119245  0.00962748  0.00627217   0.458245 -0.0235816   -9.79826  12624
              4.4007   -0.170057 -0.00813312   0.0737972 -0.00367642  -0.0129323   0.0210937 0 0 0 -0.186      0  0.086  -0.00172978    0.0010647 -0.000256875  0.000181068  1.07778e-05 -0.000102139 -0.00168294  0.00953489  0.00654716   0.458697 -0.0234935   -9.79824  12761
             4.50024   -0.196002 -0.00421189    0.103021 -0.00309407  -0.0124777   0.0220174 0 0 0 -0.186      0  0.086 0.000529845  0.00355638  0.00371914  0.000212989  5.86026e-06 -0.000139051 -0.00190734  0.00937528  0.00569032   0.458947 -0.0233422   -9.79823  12626
             4.59979   -0.183918 -0.00789465   0.0586045 0.000471433  -0.0122528   0.0221032 0 0 0 -0.186      0  0.086   0.011543 0.00393193 0.00145235  0.000195846   1.0874e-05 -8.10224e-05 -0.00309388  0.00948425  0.00605333   0.460052 -0.0234444   -9.79818  12623
             4.70069 -0.142518 -0.010448 0.0911305 -0.000741746    -0.011589    0.0211229 0 0 0 -0.186      0  0.086 -0.00138812  -0.0065921  -0.0109368  0.000163504  5.72308e-06 -0.000121609 -0.0023268 0.00935128  0.0069026   0.459291 -0.0233197   -9.79821  12746
             4.80014   0.101626 -0.0548979    0.28344 0.00451932 -0.0174535  0.0195883 0 0 0 -0.186      0  0.086    0.0907546   -0.0431834 -3.44772e-05  2.70013e-05  1.02801e-05 -0.000233488 -0.00349146   0.0110026  0.00750803   0.460362 -0.0248775   -9.79816  12635
               4.901   -0.12347  0.0579309 -0.0209028   0.017595 -0.0264448   0.024808 0 0 0 -0.186      0  0.086   0.349786  -0.115139 -0.0012967  0.000506379 -3.86769e-05 -0.000153924 -0.000777024    0.0119368   0.00375515   0.457968 -0.0257849   -9.79827  12826
             5.00059    0.581334   -0.325927 -0.00708917   0.0253113  -0.0431576 -0.00255232 0 0 0 -0.186      0  0.086  0.417957 -0.175599 -0.113336 -6.70337e-05 -0.000221714   -2.921e-05 0.0110915 0.0117424 0.0237647   0.445947 -0.0253761   -9.79882  12833
             5.10012   0.106773 0.00451785   0.232505  0.0680303 -0.0625966  0.0101808 0 0 0 -0.186      0  0.086  0.310347 -0.135074 0.0368904  0.000640209 -0.000374466 -0.000239522 0.00912152  0.0127115 0.00827151   0.448354 -0.0266562   -9.79871  12890
             5.20094 -0.124296  0.130781  0.211972  0.0961301 -0.0777123   0.019336 0 0 0 -0.186      0  0.086    0.24507 -0.0971892   0.105729  0.000880486  -0.00012577 -0.000182359 0.00901325  0.0138684 0.00251534   0.448641 -0.0279507   -9.79869  13021
             5.30052 0.0994799  -0.22639  0.336203   0.116421 -0.0835992   0.015921 0 0 0 -0.186      0  0.086    0.387446 -0.00150053  -0.0510386  0.000382398  6.37754e-05 -0.000208449  0.0113523  0.0134601 0.00870211    0.44621 -0.0273476   -9.79881  12867
             5.40134 -0.573178  0.474853  0.106828   0.181013 -0.0784713  0.0444699 0 0 0 -0.186      0  0.086  0.453279 0.0874378  0.174695   0.00104879 -0.000140318 -0.000411675 0.00638665  0.0119488 -0.0129936   0.451679 -0.0265486   -9.79856  12948
             5.50092   -0.36887 -0.0304512   0.366412   0.221046 -0.0761401  0.0455951 0 0 0 -0.186      0  0.086  0.368793 0.0702152  0.101114  0.000594406  0.000513485 -0.000441244   0.00614831    0.0146224 -0.000854328   0.451409 -0.0288384   -9.79857  12746
             5.60043 -0.620236   0.05402  0.155623   0.250956 -0.0703927  0.0469269 0 0 0 -0.186      0  0.086    0.386036   0.0919946 -0.00643193  0.000713505  0.000465615 -0.000245101  0.0080087  0.0156797 0.00356015   0.449464 -0.0298518   -9.79865  12725
             5.69993   -1.27048 -0.0575302  0.0406049   0.311883 -0.0555723  0.0466841 0 0 0 -0.186      0  0.086 0.609393 0.117547 0.038221  0.000433161  0.000341728 -0.000178415 0.00411197  0.0140086 0.00458969   0.453024 -0.0282471   -9.79849  12638
             5.80082  -0.271185 -0.0379259   0.014731   0.368522 -0.0354156  0.0492273 0 0 0 -0.186      0  0.086  0.441128  0.136968 0.0771388 -0.000351829 -0.000118482 -0.000111125  0.0033332  0.0106613 0.00666741   0.453599 -0.0251828   -9.79847  12845
             5.90036  -0.181509 -0.0206254  0.0207583   0.415034 -0.0266065  0.0544175 0 0 0 -0.186      0  0.086  0.382143  0.104133 0.0132391 -7.96133e-05 -0.000157977 -0.000138503 0.00126166  0.0125491 0.00763753   0.455527 -0.0269889   -9.79838  12710
             5.99992 -0.0277286 -0.0994284   0.148396   0.458324 -0.0232888  0.0526017 0 0 0 -0.186      0  0.086   0.446851   0.123075 -0.0346024   0.00021124 -0.000299513 -0.000185397 0.000160108   0.0160862  0.00891438   0.456529 -0.0303449   -9.79832  12692
             6.10075 -0.410475   0.10786  0.193315    0.518567 -0.00554505   0.0483606 0 0 0 -0.186      0  0.086 0.531062 0.219595 0.091899  0.000632762 -0.000436015 -0.000188347 -0.00189991   0.0158296   0.0110506  0.458389 -0.030157  -9.79824  12784
             6.20028  -0.916792 -0.0045483    0.29709  0.565507 0.0116226  0.050163 0 0 0 -0.186      0  0.086  0.408511  0.187051 0.0155338 0.000826244 0.000199946 -0.00021224 -0.00220955   0.0173485   0.0152938   0.458528 -0.0316056   -9.79823  12547
             6.29979   -0.376316 -0.00836122    0.290708  0.610015 0.0304204 0.0475399 0 0 0 -0.186      0  0.086    0.43317   0.154925 -0.0235014 0.000296956 0.000257434 -0.00029124 -0.00325582   0.0167498   0.0156088   0.459485 -0.0310489   -9.79818  12506
             6.40063  -0.322471 -0.0470303    0.20002  0.662535 0.0458506 0.0395486 0 0 0 -0.186      0  0.086  0.613381   0.14274 -0.101998  0.000439319   0.00012651 -0.000239799 -0.00397235   0.0168044   0.0172309   0.460069 -0.0311334   -9.79816  12631
             6.50021   -0.409611 -0.00869372    0.205128    0.7404 0.0565475 0.0307009 0 0 0 -0.186      0  0.086   0.626016  0.0886586 -0.0115936  0.000337522  6.90869e-05 -0.000163116 -0.00692422   0.0179757   0.0177778   0.462806 -0.0322004   -9.79802  12478
             6.60103 -0.416426 -0.047619  0.135167   0.79969 0.0609915 0.0355296 0 0 0 -0.186      0  0.086   0.48866 0.0376268   0.03564  0.000343832  0.000216825 -0.000210907 -0.00800893   0.0192878   0.0153452   0.463954 -0.0333496   -9.79796  12668
             6.70061  0.070263 0.0107323  0.225923  0.846219 0.0603632 0.0457945 0 0 0 -0.186      0  0.086   0.520788 0.00910197 -0.0402534  0.000153325  3.43959e-06 -0.000162812 -0.0075123  0.0203197 0.00834036   0.463846 -0.0341804   -9.79797  12593
              6.8001  0.0513402 -0.0354607   0.165391  0.904624 0.0581647 0.0429061 0 0 0 -0.186      0  0.086    0.710165 -0.00825137 -0.00343297  0.000467269 -0.000162728 -0.000223556 -0.00705518   0.0213194  0.00714891   0.463488 -0.0350972   -9.79798  12723
             6.90096 -0.442414  0.123756  0.192017  0.968678  0.055677 0.0529069 0 0 0 -0.186      0  0.086   0.538907 -0.0285043  0.0951726  0.000541382 -0.000214595 -0.000271597 -0.00676964   0.0216185  0.00380102  0.463361 -0.035394  -9.79799  12827
             7.00054 -0.282089  0.112925  0.405698   1.02077 0.0464919  0.057517 0 0 0 -0.186      0  0.086   0.458308 -0.0551233  0.0282726  0.000672996   0.00012002 -0.000336499 -0.0075292  0.0236766 0.00604387   0.463965 -0.0372628   -9.79795  12738
             7.10002 -0.160179   0.13254  0.466119   1.06859 0.0375509 0.0592263 0 0 0 -0.186      0  0.086    0.52798 -0.0816346  0.0202267  0.000742569   0.00012973 -0.000410876 -0.00728561   0.0244845  0.00577925    0.46376 -0.0380122   -9.79796  12731
             7.20093   -0.229499 -0.00973686    0.334477   1.11564  0.030161 0.0451293 0 0 0 -0.186      0  0.086  0.546979 -0.102902 0.0594606   0.00078494 -4.03202e-05 -0.000239609 -0.00510564   0.0239079   0.0176585   0.461089 -0.0373733   -9.79809  12926
             7.30045 -0.294548 -0.188265 0.0918278   1.15543 0.0216136 0.0420715 0 0 0 -0.186      0  0.086   0.405916 -0.0731598  0.0337361  0.000877864  0.000168176 -0.000205134 -0.00353059   0.0244873   0.0227064   0.459387 -0.0378736   -9.79816  12812
             7.39995 0.0120304 0.0290502  0.425811   1.19171 0.0126332 0.0486995 0 0 0 -0.186      0  0.086   0.449678 -0.0218594 -0.0346998  0.000696672 -0.000291863 -0.000341528 -0.00251358   0.0254372   0.0183724   0.458698 -0.0388316   -9.79819  12854
             7.50087 0.512568 0.122652 0.294344   1.25682 0.0115326 0.0573599 0 0 0 -0.186      0  0.086   0.593395 -0.0124657 0.00356155  0.000809745 -0.000271535 -0.000345205 -0.00483202   0.0253378   0.0116239    0.46109 -0.0387966   -9.79808  12999
             7.60039 -0.926908 -0.115561  0.314566   1.31716 0.0110941   0.06146 0 0 0 -0.186      0  0.086    0.485735 -0.00869012   0.0553272   0.00144419   0.00022294 -0.000203369 -0.00633079   0.0255002   0.0136915    0.46238 -0.0388459   -9.79802  12718
              7.6999  0.154588 -0.373596  0.315953    1.3569 0.0231474 0.0363065 0 0 0 -0.186      0  0.086   0.480349  0.0435772 -0.0970893  0.000602307  0.000206149 -0.000280439 -0.00521031   0.0225816   0.0299334   0.460438 -0.0359163   -9.79812  12775
             7.80078 -0.39121 0.175169 0.414669   1.42699 0.0280845 0.0438023 0 0 0 -0.186      0  0.086   0.601317  0.0143758 -0.0266019  0.000689757  3.27688e-05 -0.000333893 -0.00819463    0.021876   0.0203048   0.463607 -0.0352025   -9.79797  12756
             7.90031  -0.582561 -0.0713191   0.243516   1.47983 0.0311499 0.0431787 0 0 0 -0.186      0  0.086  0.476487 0.0268449 0.0317374   0.00100661   0.00018268 -0.000200584 -0.00808767   0.0218935   0.0213812    0.46346 -0.0352257   -9.79798  12519
             8.00113 -0.138683  0.164796  0.399216   1.53145 0.0302703 0.0479792 0 0 0 -0.186      0  0.086  0.478172 0.0167515 0.0197161  0.000755106  0.000434253 -0.000271182 -0.00919482   0.0230141   0.0196752   0.464596 -0.0361976   -9.79792  12621
             8.10032 0.091471 0.507688  0.38551    1.6064 0.0248548 0.0727092 0 0 0 -0.186      0  0.086    0.633282 -0.00642946   0.0716313    0.0007947    0.0006165 -0.000346004 -0.0130958  0.0253252 0.00708867   0.468984 -0.0380241   -9.79771  12379
             8.20019 -1.24834 0.235755 0.485871    1.66805 0.00684988  0.0896783 0 0 0 -0.186      0  0.086  0.501331 -0.078139   0.11063   0.00176728   0.00112647 -0.000393633  -0.013903  0.0301117 0.00365406   0.470142 -0.0423257   -9.79764  12255
             8.30106  -0.818433 -0.0638379   0.374552    1.69898 0.00484735  0.0745191 0 0 0 -0.186      0  0.086   0.406288 -0.0475004 -0.0291774   0.00145168   0.00134705 -0.000309545 -0.0115282  0.0289518  0.0151143   0.466875 -0.0415127   -9.79779  12349
             8.40038 -0.597463  0.212987  0.371666    1.74414 0.00142683    0.07531 0 0 0 -0.186      0  0.086   0.520643  -0.100252 -0.0796762   0.00144495   0.00103233 -0.000296694 -0.0115399  0.0281395  0.0123451   0.467106 -0.0406586   -9.79779  12206
             8.50012 -1.27065 0.222056 0.291032      1.7946 -0.00399412   0.0829106 0 0 0 -0.186      0  0.086   0.499218 -0.0705556   0.138618   0.00162155  0.000684872 -0.000181768 -0.0104456  0.0267076 0.00691825   0.466482 -0.0391081   -9.79782  12098
             8.59969 -0.731644 -0.253486  0.322071     1.82822 -0.00853534   0.0642248 0 0 0 -0.186      0  0.086   0.328262 -0.0491834  -0.021927   0.00156502    0.0010631 -0.000303587 -0.00953082   0.0255254   0.0218737   0.464551 -0.0391653   -9.79792  12085
             8.70057  0.0342991 -0.0796082   0.610144    1.84205 -0.0108652  0.0543293 0 0 0 -0.186      0  0.086     0.2243 -0.0303637 -0.0951757  0.000919135  0.000549191 -0.000377362 -0.0067992  0.0244947  0.0247777   0.461869 -0.0385922   -9.79804  12222
             8.80004  0.04265 0.226739 0.322872     1.90264 -0.00569519   0.0685684 0 0 0 -0.186      0  0.086   0.487181  0.0507647 -0.0423635  0.000901252 -0.000153862 -0.000165137 -0.0120846  0.0235664  0.0127857   0.467007 -0.0366315   -9.79781  12066
             8.90091 0.0608427  0.295301  0.503771     1.96453 -0.00353176   0.0682611 0 0 0 -0.186      0  0.086  0.444425 0.0836998   0.09032   0.00136275 -0.000151684  -0.00046271 -0.0144985  0.0244697  0.0147892   0.469187 -0.0374109    -9.7977  12153
             9.00044  -0.244895 -0.0370395   0.257978    2.00432 0.00300048   0.055975 0 0 0 -0.186      0  0.086   0.371205    0.06742 -0.0412426   0.00116017  0.000192486 -0.000287381 -0.0145685  0.0247629  0.0227874   0.469039 -0.0377021   -9.79771  11973
             9.09998  0.143488 -0.199055  0.437262   2.03994 0.0047061 0.0336537 0 0 0 -0.186      0  0.086  0.429803 0.0348114 -0.120253   0.00132752  3.84305e-05 -0.000354619 -0.0143532  0.0258364  0.0294838   0.468598 -0.0386029   -9.79772  12033
             9.20087 -0.0871738 -0.0438317   0.331932    2.09766 0.00778883  0.0369843 0 0 0 -0.186      0  0.086   0.604709 -0.0227359 -0.0889536   0.00115726  6.05285e-06 -0.000249292 -0.0152269  0.0252943  0.0210273   0.469762 -0.0382846   -9.79767  12105
             9.30042 -0.0058736   0.121207   0.466045    2.15914 0.00194722   0.055125 0 0 0 -0.186      0  0.086   0.475275 -0.0211732  0.0896441   0.00131784 -0.000164293 -0.000280221 -0.016406 0.0260131 0.0112748   0.471304 -0.0391491   -9.79759  11904
             9.39987  0.104776 0.0669051   0.43418     2.20845 -0.00314712   0.0661355 0 0 0 -0.186      0  0.086   0.442975 -0.0286867  0.0642037   0.00129892 -0.000144312 -0.000279124 -0.0172589  0.0267362  0.0102141   0.472148 -0.0397869   -9.79755  11893
              9.5008  -0.215125 -0.0385979   0.437475     2.26365 -0.00952983   0.0602641 0 0 0 -0.186      0  0.086   0.610931  -0.024898 -0.0450443    0.0015322 -0.000253681 -0.000255908 -0.0182302  0.0278372  0.0142268   0.472863 -0.0405978   -9.79751  11957
             9.60033 -0.340317  0.146861  0.252978     2.3282 -0.0125103  0.0635953 0 0 0 -0.186      0  0.086     0.571449 -0.000596372    0.0713362   0.00166926  -0.00029902 -0.000282785 -0.0184684  0.0281181  0.0124512    0.47318 -0.0408924    -9.7975  11743
             9.70118 -0.25464 0.178061 0.402891      2.3844 -0.00826997   0.0717734 0 0 0 -0.186      0  0.086  0.465306 0.0454623 0.0462761   0.00114896 -0.000142519 -0.000264169 -0.0192491  0.0270897  0.0106764  0.473928 -0.039978  -9.79746  11769
             9.80073 -0.148995 0.0717003  0.409213     2.41681 -0.00422079   0.0708789 0 0 0 -0.186      0  0.086   0.435777  0.0557593 -0.0241896   0.00129004 -0.000414013 -0.000319274 -0.0172807  0.0271112  0.0110265   0.472162 -0.0400832   -9.79755  11681
             9.90015 -0.561555 -0.024616  0.346135    2.45626 0.00434641  0.0609674 0 0 0 -0.186      0  0.086   0.562041  0.0878038 -0.0609749   0.00162002 -0.000485916 -0.000244353 -0.0159318  0.0265324  0.0135389   0.470799 -0.0396156   -9.79762  11629
             10.0011 -0.254717  -0.13526   0.48544   2.52393 0.0164474 0.0614424 0 0 0 -0.186      0  0.086  0.652514 0.0997168 0.0263617   0.00130462 -0.000578907 -0.000210013 -0.0163399  0.0256488  0.0120257   0.471205 -0.0388128    -9.7976  11807
             10.1007 -0.30553 0.216784 0.449389   2.58475 0.0231236 0.0788217 0 0 0 -0.186      0  0.086  0.477371 0.0572048  0.084199   0.00128273 -0.000536039 -0.000297336 -0.017026 0.0258226 0.0071402   0.472053 -0.0388448   -9.79756  11645
             10.2002 -0.585836 0.0509822  0.465523   2.63069 0.0200596  0.087634 0 0 0 -0.186      0  0.086    0.457404 -0.00801476  -0.0117404   0.00142979 -0.000335281 -0.000284005 -0.0170478   0.027168 0.00518847   0.472242 -0.0399798   -9.79754  11586
              10.301 -0.538969 -0.116766  0.337675   2.67617 0.0212512 0.0752364 0 0 0 -0.186      0  0.086    0.608944 -0.00529433  -0.0693215   0.00156456  -0.00043145 -0.000212402 -0.0161755  0.0267043 0.00892829   0.471228 -0.0397182   -9.79759  11776
             10.4006 -0.769744  0.419262  0.411852   2.74694 0.0198207   0.10218 0 0 0 -0.186      0  0.086  0.520567 0.0388756  0.114758   0.00161693 -0.000528048  -0.00030104  -0.0178067   0.0277554 -0.00332511   0.473405 -0.0402262   -9.79749  11542
             10.5001 -0.171468 0.0567747   0.20969   2.79141 0.0265127 0.0956363 0 0 0 -0.186      0  0.086   0.446647  0.0552226 -0.0157211   0.00113041 -0.000214744 -1.55628e-05  -0.017653  0.0273344 0.00381402   0.472813 -0.0400785   -9.79752  11534
             10.6009  -0.468073 -0.0860076   0.565693   2.84065 0.0205557 0.0739965 0 0 0 -0.186      0  0.086   0.542708 0.00840937 -0.0805864   0.00169597 -0.000103894 -0.000358565 -0.0181484  0.0298075  0.0117949   0.472775 -0.0424319   -9.79751  11719
             10.7005 -0.450538  0.269172  0.370789   2.90353 0.0231114 0.0788685 0 0 0 -0.186      0  0.086   0.648096 -0.0195698 -0.0104481   0.00147222 -0.000162792 -0.000180031 -0.0181588  0.0293255 0.00679216  0.473135 -0.041929  -9.79749  11493
                10.8 -0.236794  0.194546  0.431894   2.95308 0.0182246 0.0840326 0 0 0 -0.186      0  0.086   0.471128 -0.0126554  0.0359671   0.00137967 -2.96235e-05 -0.000262465 -0.0170353  0.0300689 0.00628929   0.472223 -0.0426138   -9.79753  11403
             10.9009 -0.318939  0.159361  0.421334   3.00053 0.0135983  0.083932 0 0 0 -0.186      0  0.086    0.45468 -0.0376263 -0.0166815   0.00148071  3.49738e-05 -0.000189487  -0.017377   0.030299 0.00756314   0.472427 -0.0428213   -9.79752  11504
             11.0004 -0.422653   0.12963  0.373951   3.05296 0.0157779 0.0792476 0 0 0 -0.186      0  0.086   0.612455  0.0252243 -0.0331566   0.00168547  4.88057e-05 -0.000166599 -0.0175572  0.0293601 0.00774711   0.472527 -0.0420005   -9.79752  11341
             11.0999 -0.54877 0.842574 0.152837  3.11303 0.018674  0.10895 0 0 0 -0.186      0  0.086  0.480165 0.0404052  0.217549   0.00156579  5.52281e-06 -0.000130895  -0.0176451   0.0287438 -0.00241952   0.473402 -0.0414478   -9.79748  11292
             11.2008 -0.717216  0.188276   0.36803   3.14671 0.0189478  0.111769 0 0 0 -0.186      0  0.086  0.384013 0.0124386 0.0659344   0.00169824   0.00039096 -0.000250679 -0.0164657  0.0294165 0.00292548   0.47191 -0.042084  -9.79755  11462
             11.3003 -0.971554 0.0206837  0.435414   3.18054 0.0164285 0.0920331 0 0 0 -0.186      0  0.086   0.439805 -0.0195547 -0.0788947   0.00207672  0.000391964 -0.000280546 -0.0162324  0.0302587  0.0122058    0.47075 -0.0429439    -9.7976  11331
             11.3999 -0.669569 0.0893373  0.324146   3.23641 0.0218624 0.0770697 0 0 0 -0.186      0  0.086    0.594764 -0.00594707  -0.0605144   0.00153868  0.000429431 -0.000217851 -0.0170583  0.0289777  0.0152525   0.471124 -0.0419127   -9.79759  11353
             11.5007 -0.164609  0.235409  0.332581   3.28868 0.0211884 0.0834868 0 0 0 -0.186      0  0.086  0.427352 -0.034713 0.0475265   0.00139049  0.000348761 -0.000206322 -0.0169295  0.0289327  0.0116066   0.471343 -0.0416663   -9.79758  11515
             11.6003 -0.911593 -0.301951   0.34644   3.32521 0.0189071 0.0586564 0 0 0 -0.186      0  0.086   0.339243  -0.017155 -0.0793803    0.0015973  0.000473646 -0.000177358 -0.0173282  0.0289482  0.0205987   0.470952 -0.0421864    -9.7976  11378
             11.7011 -0.0882648    0.12927   0.490808   3.37224 0.0170246 0.0637615 0 0 0 -0.186      0  0.086   0.467156 -0.0139174 -0.0786799   0.00105505  0.000124444 -0.000301178 -0.0183885  0.0290334  0.0133747    0.47234 -0.0418642   -9.79753  11578
             11.8007  -0.420351 0.00796228   0.402127   3.42972 0.0166262  0.066927 0 0 0 -0.186      0  0.086  0.483433 0.0237011 0.0634679   0.00160499  0.000270169 -0.000328171 -0.0193446  0.0291863  0.0113458   0.473267 -0.0418968   -9.79749  11451
             11.9002 -0.162519  0.262193   0.50193   3.47417  0.018635 0.0816805 0 0 0 -0.186      0  0.086  0.360588 0.0551439 0.0459479   0.00126658  0.000276123 -0.000339261 -0.0196449  0.0295317 0.00730545   0.473751 -0.0421524   -9.79746  11436
              12.001 -0.319969  0.211664  0.435664   3.51543 0.0178363 0.0923023 0 0 0 -0.186      0  0.086  0.394485 0.0529002 0.0426853  0.00146279 0.000201522 -0.00036155 -0.0201941  0.0309421 0.00457898   0.474446 -0.0433507   -9.79742  11553
             12.1006 -0.641651  0.209227  0.290075   3.57802 0.0215237 0.0981889 0 0 0 -0.186      0  0.086  0.597527 0.0498109   0.10627   0.00134794  0.000103482 -0.000228429 -0.0223369   0.031355 0.00447766   0.476297 -0.0436127   -9.79733  11369
             12.2001 -0.532575   0.11383  0.264876  3.63372 0.022246 0.105512 0 0 0 -0.186      0  0.086  0.453632 0.0498937   0.12938   0.00118126 -1.55822e-05 -0.000209304 -0.0225661  0.0323898 0.00692131   0.476382 -0.0444403   -9.79732  11401
              12.301  -1.03359 -0.210565  0.270469    3.6698 0.0240502    0.0955 0 0 0 -0.186      0  0.086  0.366346 0.0319048 0.0130264   0.00141378 -4.69171e-05 -0.000164924 -0.0221132  0.0334248  0.0142056   0.475559 -0.0452894   -9.79736  11594
             12.4005 -0.212487 -0.103711  0.474039   3.68823 0.0356424  0.103705 0 0 0 -0.186      0  0.086  0.388358  0.146232 0.0178974  0.000858543 -0.000283509 -0.000340878 -0.0194545  0.0326849  0.0106671   0.473488 -0.0447028   -9.79746  11464
             12.4999 -0.221169  0.457467  0.487912    3.7467 0.0519544  0.119034 0 0 0 -0.186      0  0.086 0.529127 0.187262  0.12311  0.000956552 -0.000541634 -0.000353002 -0.0208487  0.0329689 0.00604063   0.474857 -0.0447596    -9.7974  11506
             12.6009 -0.513475  -0.13946  0.666057   3.79965 0.0620773   0.10704 0 0 0 -0.186      0  0.086   0.405709  0.0860434 -0.0196864   0.00129632  6.57217e-06 -0.000354805 -0.0219144  0.0339491  0.0138519  0.475466 -0.045759  -9.79736  11762
             12.7004   -1.51726  0.0740499 -0.0574937   3.84707 0.0840421  0.117037 0 0 0 -0.186      0  0.086   0.495045    0.13684 -0.0423924   0.00110634 -0.000119395 -9.37542e-05 -0.0226288  0.0321585 0.00908524   0.476247 -0.0441123   -9.79733  11614
                12.8 0.540246 0.105626 0.767806    3.8972 0.0901118  0.115678 0 0 0 -0.186      0  0.086   0.638575  0.0849472 -0.0500847  0.000570485 -0.000222455 -0.000389567 -0.0217874  0.0328373  0.0082148   0.475621 -0.0446771   -9.79736  11648
             12.9009 -0.664395  0.448614  0.417062   3.96113 0.0877431  0.139465 0 0 0 -0.186      0  0.086    0.54595 -0.0123183   0.189965    0.0014414 -7.62618e-05 -0.000209036 -0.0216076  0.0345604 0.00216051   0.475877 -0.0459489   -9.79734  11703
             13.0003 -0.277491 -0.132064  0.454218   3.98959 0.0940598  0.128555 0 0 0 -0.186      0  0.086   0.399765 -0.0156911  0.0424152  0.000888941   3.6383e-06 -0.000345013 -0.0193309  0.0331532  0.0109507   0.473321 -0.0449282   -9.79747  11514
             13.0999   0.251962 -0.0137353    0.62442   4.03094 0.0931912  0.125034 0 0 0 -0.186      0  0.086  0.498868 -0.045021 -0.053937  0.000799041 -0.000319433 -0.000338632 -0.0192701  0.0328283  0.0123449   0.473163 -0.0446657   -9.79748  11441
             13.2007 -0.150342 -0.237117  0.569023   4.07703 0.0916811  0.126541 0 0 0 -0.186      0  0.086   0.570596 -0.0425709  0.0145204    0.0012028 -0.000223195 -0.000406742   -0.0178 0.0321828 0.0105472   0.471991 -0.0442421   -9.79754  11555
             13.3003 -0.338106 -0.101076  0.614707     4.122 0.0857939  0.136333 0 0 0 -0.186      0  0.086   0.416505 -0.0362983  0.0797953   0.00112598 -0.000399437 -0.000441463 -0.0170586  0.0324083 0.00793978   0.471479 -0.0445771   -9.79756  11331
             13.3999   -0.241829 -0.00375536    0.683044   4.16364 0.0793969  0.134108 0 0 0 -0.186      0  0.086   0.359844 -0.0387001 0.00497804  0.00109841 -0.00020763 -0.00042505 -0.0175925  0.0330503  0.0112088   0.471916 -0.0449319   -9.79754  11179
             13.5007 -0.103726 -0.178875  0.660649   4.20658 0.0723921  0.118045 0 0 0 -0.186      0  0.086   0.469824 -0.0766724 -0.0924294   0.00103453 -0.000158742 -0.000378878 -0.0181431  0.0334948  0.0156676   0.472327 -0.0450761   -9.79752  11205
             13.6002 0.0250577  -0.43617  0.702672    4.2653 0.0611724 0.0971242 0 0 0 -0.186      0  0.086    0.59282  -0.150919 -0.0970735   0.00101142 -0.000212769 -0.000359655 -0.0188984  0.0337909   0.019422   0.472901 -0.0450963   -9.79749  11053
             13.7011  0.12549 0.146024 0.630137   4.32468 0.0439012  0.129862 0 0 0 -0.186      0  0.086  0.465978 -0.163853 0.0983968   0.00108676 -0.000153077 -0.000405306 -0.0194434  0.0339685 0.00764769  0.473547 -0.045687  -9.79746  11096
             13.8006  0.158986 -0.179083  0.700781   4.37419 0.0324149  0.156431 0 0 0 -0.186      0  0.086  0.470438 -0.139948  0.105642  0.000651226   -0.0005251 -0.000425328 -0.0199785  0.0333092 0.00207432   0.473978 -0.0453208   -9.79744  10881
             13.9001 -0.433579 -0.321147  0.597244   4.42466 0.0193355  0.152751 0 0 0 -0.186      0  0.086   0.605585  -0.133071 0.00902381   0.00112435  -0.00069693 -0.000301448 -0.0197335  0.0335269  0.0054735   0.473826 -0.0454111   -9.79744  10726
              14.001  0.193826 -0.874974  0.282787   4.50435 0.0133893  0.106795 0 0 0 -0.186      0  0.086  0.718928 -0.111276 -0.164583  0.000730647 -0.000777118 -0.000135432 -0.0209645  0.0324957   0.020351   0.475044 -0.0439215   -9.79739  10739
             14.1006 -0.0111595  -0.944764    0.24558    4.56149 0.00879022  0.0797678 0 0 0 -0.186      0  0.086     0.5188 -0.0556941  -0.235093  0.000582968  -0.00069045 -1.37205e-05 -0.0202917   0.031763  0.0240411   0.474553 -0.0432352   -9.79742  10551
                14.2  0.655879 -0.432811  0.403127    4.59115 0.00337363  0.0935801 0 0 0 -0.186      0  0.086  0.462297 -0.025778 -0.115264  0.000352025  -0.00107354 -8.43199e-05 -0.0183793  0.0314756  0.0112793 0.472315 -0.04393 -9.79752  10495
             14.3009  0.580635 -0.447795  0.539776    4.64302 -0.0004541   0.104392 0 0 0 -0.186      0  0.086   0.610735 -0.0394439 -0.0467652  0.000215589  -0.00106375 -0.000255659  -0.018617  0.0312413 0.00433541   0.472011 -0.0443452   -9.79754  10593
             14.4005 -0.384318  0.281204   0.60256     4.7045 -0.0127219   0.146746 0 0 0 -0.186      0  0.086  0.546793 -0.113473    0.2295  0.000838375  -0.00106792 -0.000154996  -0.0194525   0.0316066 -0.00708231   0.471834 -0.0460435   -9.79754  10369
             14.5017 -0.190213 -0.537504  0.511319    4.74608 -0.0266393   0.166239 0 0 0 -0.186      0  0.086   0.437963 -0.0858634   0.209633  0.000930249 -0.000851598 -0.000237023  -0.0183231   0.0326837 -0.00612147   0.471001 -0.0468323   -9.79757  10556
             14.6009  0.419542 -0.564033  0.436277    4.77622 -0.0220153   0.185374 0 0 0 -0.186      0  0.086  0.475762 0.0113704  0.113911  0.000223116  -0.00138349 -8.36695e-05   -0.016693   0.0306033 -0.00658715   0.469568 -0.0452799   -9.79765  10398
             14.7004 0.637236 -1.00504  0.31216    4.81652 -0.0125054   0.173914 0 0 0 -0.186      0  0.086  0.625622 0.0244564 0.0182059  0.000185054  -0.00131358 -3.01575e-05 -0.0147015  0.0294228 4.7029e-05   0.468303 -0.0438703   -9.79772  10424
             14.8012 -0.736882  0.126909  0.466512    4.90206 -0.0241986   0.229602 0 0 0 -0.186      0  0.086   0.619731 -0.0313637   0.314601  0.000824731  -0.00154508 -0.000105782 -0.0181268  0.0304705 -0.0117131   0.470132 -0.0457019   -9.79762  10485
             14.9008 -0.349629 -0.548045   0.56405   4.95126 -0.028123  0.215783 0 0 0 -0.186      0  0.086   0.571179 -0.0598925  0.0977941  0.000680075  -0.00125884 -0.000213269   -0.0161652    0.0312977 -1.35674e-05   0.469613 -0.0451621   -9.79765  10350
             15.0003 0.0560911 -0.784883  0.655854    4.99441 -0.0255187   0.190954 0 0 0 -0.186      0  0.086   0.642706 -0.0734916 -0.0729053  0.000482811  -0.00103538 -0.000264043 -0.0136582  0.0302582 0.00854833   0.468217 -0.0436263   -9.79772  10329
             15.0998 -0.00432011   -0.650202    0.413505    5.05502 -0.0282108   0.177339 0 0 0 -0.186      0  0.086   0.603351 -0.0429873 0.00550929  0.000348905 -0.000963838  2.82622e-05 -0.0126978  0.0299049  0.0110625   0.467613 -0.0431909   -9.79775  10237
             15.2007   0.80844 -0.775047  0.571705    5.09604 -0.0256308   0.173085 0 0 0 -0.186      0  0.086    0.457514 -0.00545285  -0.0652266 -0.000294689 -0.000965387 -0.000180423 -0.0110786  0.0291316  0.0116068   0.466313 -0.0426286   -9.79782  10313
             15.3003   1.07829 -0.970686  0.353881    5.13069 -0.0176991   0.157725 0 0 0 -0.186      0  0.086  0.493997 0.0611422  -0.14368 -0.000550184  -0.00105715  8.03181e-05 -0.0094807  0.0281391  0.0132279   0.465124 -0.0417936   -9.79788  10133
             15.3998   1.30973 -0.867704  0.247935    5.18095 -0.0101369    0.14417 0 0 0 -0.186      0  0.086   0.567075   0.087351 -0.0976643 -0.000542679  -0.00113839  4.71726e-05 -0.00866584   0.0282425   0.0137413   0.464539 -0.0418539    -9.7979  10059
             15.5007  0.672098 -0.928845  0.377129     5.23135 -0.00584007    0.144976 0 0 0 -0.186      0  0.086   0.457802  0.0324507 -0.0531164  -0.00022794 -0.000965823 -8.90253e-05 -0.00863487   0.0283787   0.0116135   0.464239 -0.0423721   -9.79792  10105
             15.6001 0.822117 -0.82373 0.368649     5.27793 -0.00881711    0.160648 0 0 0 -0.186      0  0.086    0.474203 -0.00579425  -0.0168844 -0.000384437   -0.0010449 -5.39664e-05 -0.00931877   0.0285033  0.00561945   0.463936 -0.0438406   -9.79792  9916
             15.6997  1.08941 -1.01652 0.232007     5.33198 -0.00861188    0.169365 0 0 0 -0.186      0  0.086   0.668109 -0.0234828 0.00170723 -0.000544511  -0.00112157  8.35743e-05 -0.00955545   0.0276254  0.00254138   0.463645 -0.0439236   -9.79794  9855
             15.8002  0.659322 -0.862435  0.179957    5.39686 -0.0103344   0.190057 0 0 0 -0.186      0  0.086   0.542339 -0.0447828   0.143217 -0.000360347  -0.00106071  8.62014e-05   -0.0101911    0.0266656 -0.000808131  0.463582 -0.044063  -9.79794  9910
             15.9001 0.722051  -1.1487 0.212749    5.45332 -0.0111222   0.197239 0 0 0 -0.186      0  0.086    0.52702 -0.0214241  0.0520769 -0.000262646  -0.00103764  0.000107064  -0.0105235   0.0262068 0.000857052   0.464156 -0.0432621   -9.79792  9707
             16.0009 0.647944  -1.3388 0.179971     5.50188 -0.00219729     0.18407 0 0 0 -0.186      0  0.086   0.607636  0.0340537 -0.0479993 -0.000187251 -0.000976049  0.000120797 -0.00891247   0.0253271  0.00552655   0.463808 -0.0412997   -9.79794  9836
             16.1005   1.2177 -1.16842 0.296494      5.55459 -9.68439e-05     0.175442 0 0 0 -0.186      0  0.086  0.601143 0.0296538 0.0203988 -0.000124116  -0.00103823 -3.73512e-05 -0.00718353   0.0258605  0.00645271   0.462612 -0.0414158     -9.798  9619
             16.2014 0.993735 -1.28014 0.227148    5.60572 0.00984728   0.161293 0 0 0 -0.186      0  0.086     0.4862  0.0369816 -0.0710664 -0.000407852 -0.000783969  3.66994e-05 -0.00636061   0.0253202  0.00985256   0.462724 -0.0401268     -9.798  9697
             16.3007  1.64726 -1.24272 0.304788   5.64994 0.0206599  0.173567 0 0 0 -0.186      0  0.086   0.512518  0.0298352 -0.0628955  -0.00092916 -0.000952695 -1.46014e-05 -0.00649757   0.0232032  0.00441897  0.461767 -0.039756  -9.79804  9524
             16.4004  1.35399 -1.41353  0.19097   5.70669 0.0232198  0.180213 0 0 0 -0.186      0  0.086   0.702609 -0.0205009 -0.0270453 -0.000733695  -0.00103199  7.08609e-05 -0.00668226   0.0222821  0.00106494   0.461181 -0.0398932   -9.79807  9443
             16.5013  1.40105 -1.56886 0.331829   5.76875 0.0244821  0.172507 0 0 0 -0.186      0  0.086  0.614647 -0.038761 0.0477143 -0.00107206 -0.00079531 4.53733e-05 -0.00480956   0.0220339  0.00380067  0.460415 -0.038833  -9.79811  9465
             16.6008  0.709239 -0.905195  0.289283   5.82156 0.0189584  0.206766 0 0 0 -0.186      0  0.086   0.503021 -0.0880983   0.119765 -0.000292271 -0.000977849  6.35417e-05 -0.00569852   0.0203707 -0.00367424   0.459202 -0.0399866   -9.79816  9224
             16.7004  1.22753 -1.19285 0.251824   5.86874 0.0135918  0.211631 0 0 0 -0.186      0  0.086   0.526891 -0.0806508  0.0429454 -0.000541826 -0.000945148  0.000160658  -0.0052045   0.0200235 -0.00266067   0.459093 -0.0393639   -9.79817  9173
             16.8012  1.63735 -1.17176 0.379599   5.92462 0.0134707   0.21604 0 0 0 -0.186      0  0.086   0.684989 -0.0934889  0.0982899 -0.000597524 -0.000864797 -3.84749e-06 -0.00448956   0.0188482 -0.00254726   0.458594 -0.0384144    -9.7982  9291
             16.9008   1.24926 -0.893665  0.263988   5.97422 0.0122059  0.242962 0 0 0 -0.186      0  0.086   0.530994 -0.0723728    0.18912 -0.000499349 -0.000919673  7.30289e-05 -0.00339918   0.0171621 -0.00550508   0.457061 -0.0381401   -9.79827  9079
             17.0003  1.66391 -1.12056 0.271044   6.01449 0.0156537  0.228869 0 0 0 -0.186      0  0.086   0.453139 -0.0326913  0.0502939 -0.000716646 -0.000797738   7.6839e-05 -0.0011955   0.017419 0.00221892   0.457128 -0.0355148   -9.79828  9029
             17.0995   1.46968 -0.952393  0.316106   6.06222 0.0163407  0.233273 0 0 0 -0.186      0  0.086   0.573784  -0.040486 0.00450823 -0.000732929 -0.000862374  4.37813e-05 -0.00104354   0.0165985  0.00173508  0.456926 -0.035072  -9.79829  9004
             17.2007   1.22932 -0.914946  0.277648   6.12192 0.0151246  0.244554 0 0 0 -0.186      0  0.086   0.644165 -0.0615754   0.125621 -0.000480424  -0.00082472  9.24004e-05 -0.000541557    0.0155347 -0.000165168   0.456175 -0.0349828   -9.79832  9084
             17.3002   1.14504 -0.927539   0.18458    6.1743 0.0136291  0.240969 0 0 0 -0.186      0  0.086   0.490773 -0.0560842  0.0618944 -0.000463972 -0.000749254  5.75541e-05 0.000460739   0.0157261  0.00401669   0.45619 -0.033558  -9.79833  8917
              17.401   1.00904 -0.912566  0.337537   6.21237 0.0109218  0.240782 0 0 0 -0.186      0  0.086   0.469084 -0.0334467 -0.0193944 -0.000429456 -0.000789639  1.94844e-05 0.00182276  0.0152811  0.0045965   0.455263 -0.0329972   -9.79837  9033
             17.5006 0.900295 -1.09736 0.152793   6.26233 0.0198384  0.227596 0 0 0 -0.186      0  0.086   0.627617  0.0282973 -0.0822442 -0.000419182 -0.000773487  8.85648e-05 0.00231592  0.0139081 0.00677763   0.455298 -0.0312394   -9.79838  8873
             17.6001   1.33929 -0.684872    0.4273   6.31734 0.0279406  0.234867 0 0 0 -0.186      0  0.086  0.510423 0.0201994  0.032867 -0.000932694 -0.000675617 -4.13677e-06 0.00244591  0.0123741 0.00470665   0.454882 -0.0307281    -9.7984  8771
              17.701  0.878168 -0.738398  0.396856   6.36053 0.0325208  0.231958 0 0 0 -0.186      0  0.086     0.451716 -9.42938e-05   -0.0265959 -0.000461666 -0.000579148  3.32127e-05 0.00313703  0.0119349  0.0058569   0.454554 -0.0300524   -9.79842  8804
             17.8005  0.769808 -0.794102  0.398553   6.40493 0.0325783   0.22839 0 0 0 -0.186      0  0.086   0.544793 -0.0316185 -0.0893355 -0.000398369   -0.0005196 -1.97567e-05 0.00350443  0.0116059  0.0055534   0.454233 -0.0298984   -9.79843  8616
             17.9013  0.855976 -0.400354  0.599017   6.45857 0.0255943  0.225671 0 0 0 -0.186      0  0.086  0.564809 -0.109194 0.0247453 -0.000200014   -0.0005953 -6.41668e-05 0.00419419  0.0116002  0.0050817   0.453653 -0.0300408   -9.79846  8770
             18.0009 0.792642 -0.82657 0.296371   6.50466 0.0191426  0.222108 0 0 0 -0.186      0  0.086    0.461485  -0.0700126 0.000987979  -0.00020578 -0.000303718  2.07805e-05 0.00473777   0.011439 0.00652057     0.4534 -0.0295382   -9.79847  8700
             18.1004  0.818444 -0.827113   0.45801  6.54651 0.016261 0.223614 0 0 0 -0.186      0  0.086   0.498818 -0.0606885 -0.0512261 -0.000154651 -0.000373684  -3.9517e-05 0.00518775  0.0104699 0.00523212   0.452895 -0.0291866    -9.7985  8813
                18.2  1.04445  -0.8933 0.339311   6.60238 0.0237601  0.228735 0 0 0 -0.186      0  0.086   0.655555 0.00811946  0.0192905 -0.000269336 -0.000431351 -1.56263e-05 0.00503733 0.00830616 0.00249318    0.45262 -0.0282758   -9.79851  8923
             18.3009 0.0616452 -0.408907  0.487392   6.65328 0.0260574  0.261954 0 0 0 -0.186      0  0.086   0.481112 0.00202572    0.12297  0.000125155 -0.000463345 -6.59657e-05  0.00556941  0.00676584 -0.00453635   0.451334 -0.0289277   -9.79857  9185
             18.4004 0.913711 -0.80499 0.463148   6.69508 0.0316844  0.258239 0 0 0 -0.186      0  0.086   0.421069  0.0134555 0.00950994 -0.000263941 -0.000428057  -4.3657e-05 0.00608747 0.00641914 -0.0012092   0.451326 -0.0279032   -9.79857  9152
             18.4999   1.25765 -0.956053  0.280759   6.74035 0.0401777  0.244435 0 0 0 -0.186      0  0.086  0.531578 0.0240056 -0.051787 -0.000618435 -0.000444738   -7.188e-06 0.00629298  0.0057125 0.00205112   0.451522 -0.0266593   -9.79857  9256
             18.6008   1.15917 -0.972533  0.315524   6.79648 0.0418382  0.246925 0 0 0 -0.186      0  0.086   0.601711 -0.0173688  0.0461772 -0.000806526 -0.000631141  2.88586e-05  0.00673977  0.00544323 0.000745828   0.450998 -0.0268001   -9.79859  9583
             18.7003 1.92599  -1.307 0.34399   6.84993 0.0477474  0.250121 0 0 0 -0.186      0  0.086    0.459172 -0.00739479   0.0417711  -0.00123576 -0.000593199  4.28184e-06 0.00657074 0.00438171 0.00123395   0.451155 -0.0258982   -9.79859  9553
             18.7998   2.3013 -1.56108  0.28065   6.89122 0.0481148  0.260664 0 0 0 -0.186      0  0.086   0.446705 -0.0224167  0.0199241  -0.00141501 -0.000632873  0.000128078   0.00656509    0.0037692 -0.000790339   0.450748 -0.0260389    -9.7986  9677
             18.9007  2.02231 -1.73484 0.305767  6.93796 0.054036 0.253147 0 0 0 -0.186      0  0.086   0.578839  0.0208119 -0.0209968  -0.00129764 -0.000737096  6.05577e-05 0.00719876 0.00317459 0.00113467   0.450722 -0.0249716   -9.79861  9938
             19.0002   2.25399 -0.924388  0.899069   6.98695 0.0653513  0.267599 0 0 0 -0.186      0  0.086  0.460724 0.0561127 0.0954396  -0.00152781 -0.000658206  -0.00013987  0.00730276 0.000721154  -0.0018876    0.44973 -0.0244889   -9.79865  9887
              19.101  1.25507  -1.2751 0.304338   7.02983 0.0685023  0.282359 0 0 0 -0.186      0  0.086   0.425966 -0.0110827  0.0731904 -0.000789581 -0.000591986  1.04648e-05  0.00713178 0.000234072 -0.00356174   0.449337 -0.0249559   -9.79867  10064
             19.2006  1.74481 -1.13792 0.377816   7.07552 0.0671086  0.275683 0 0 0 -0.186      0  0.086    0.502496  -0.0535539 -0.00654155  -0.00100628 -0.000636266 -3.02806e-05    0.0075353   0.00105936 -0.000295938   0.450033 -0.0238386   -9.79864  9972
             19.3001  0.966298 -0.950648  0.387112   7.13783 0.0652796  0.277049 0 0 0 -0.186      0  0.086    0.70388 -0.0941891  0.0520147 -0.000981773 -0.000557023  1.07841e-05   0.00710838  0.000234114 -0.000401518   0.450259 -0.0232867   -9.79863  9997
             19.4006  1.50035 -0.72881 0.625293   7.20747 0.0526677  0.279959 0 0 0 -0.186      0  0.086  0.566342 -0.123642 0.0859311 -0.000900082 -0.000572877 -7.57782e-05  0.00659144 0.000737835 0.000834909   0.450964 -0.0230176    -9.7986  10179
             19.5005   1.06555 -0.903835  0.563063   7.25709 0.0436595  0.271958 0 0 0 -0.186      0  0.086   0.486293  -0.110664 -0.0152474 -0.000554681 -0.000392156 -1.90016e-05  0.00723576 0.000947948  0.00383939   0.451119 -0.0219367    -9.7986  10024
                19.6  0.842582 -0.813131  0.568069   7.30308 0.0347213  0.269225 0 0 0 -0.186      0  0.086  0.598096  -0.11752 0.0149373 -0.000210078 -0.000361344  3.03481e-05  0.00799791 0.000516811  0.00344179   0.450472 -0.0218571   -9.79863  10062
             19.7009  0.403754 -0.579985  0.553235   7.35873 0.0279066  0.265433 0 0 0 -0.186      0  0.086   0.532785 -0.0762827  0.0613589  0.000615813 -0.000314809 -0.000119292  0.00874067 0.000294265  0.00497481   0.450119 -0.0212461   -9.79864  10259
             19.8005  0.515564 -0.639667  0.357815   7.39519 0.0324998  0.268907 0 0 0 -0.186      0  0.086   0.417343 -0.0557849  -0.028639 -0.000101945 -0.000195704 -5.32836e-06  0.00971779 -0.00180208  0.00398543   0.449072 -0.0201975   -9.79869  10211
                19.9  0.899718 -0.859609   0.35402   7.43084 0.0383294  0.261932 0 0 0 -0.186      0  0.086   0.435812 -0.0643998  -0.100407 -0.000353816 -0.000224444  -3.4225e-06   0.0101658 -0.00368694  0.00440824  0.448573 -0.018843  -9.79872  10271
             20.0009  0.329427 -0.647382  0.395703 7.47898 0.03837 0.25918 0 0 0 -0.186      0  0.086   0.605288 -0.0701612 -0.0509309 -0.000408949  -0.00034232 -6.24793e-05   0.0105978 -0.00515243  0.00330347   0.448014 -0.0180579   -9.79875  10528
             20.1004   0.39239 -0.676528  0.656385   7.52772 0.0252165  0.264639 0 0 0 -0.186      0  0.086   0.419651 -0.0600459  0.0520744 -5.48039e-05 -0.000240238 -0.000111283   0.0109059 -0.00444037  0.00218373   0.447742 -0.0187356   -9.79876  10457
             20.1999 0.674834 -0.73441 0.606181   7.56479 0.0201799  0.265104 0 0 0 -0.186      0  0.086   0.380736  0.0031902 -0.0124906 -2.94506e-05 -0.000210052 -7.25354e-05   0.0112049 -0.00429725  0.00250962   0.447579 -0.0188296   -9.79877  10508
             20.3008  0.720766 -0.799832   0.48616   7.61539 0.0322373  0.257846 0 0 0 -0.186      0  0.086   0.541289   0.123957 -0.0520171   -0.0002812 -0.000297895 -4.18954e-05   0.0103745 -0.00528299  0.00332948   0.448118 -0.0179648   -9.79874  10785
             20.4003 -0.912112 0.0978886  0.439565   7.68267 0.0337541  0.266584 0 0 0 -0.186      0  0.086  0.512618 0.0933318 0.0884164  0.000689657 -0.000401232 -0.000101968  0.00922527 -0.00408173  0.00111652    0.44884 -0.0189013   -9.79871  10687
             20.5011 -0.435109 0.0995103  0.648771    7.7393 0.0343045  0.286271 0 0 0 -0.186      0  0.086  0.472636 0.0737418  0.182492  0.000798719 -0.000414671 -0.000177852  0.00820544 -0.00355644 -0.00174736   0.449353 -0.0194161   -9.79868  10907
             20.6007 -0.737442 -0.104087  0.687492   7.78281 0.0387476  0.301306 0 0 0 -0.186      0  0.086  0.500614 0.0703954   0.14094   0.00123508 -0.000443117 -0.000163576  0.00858816 -0.00357161 -0.00200954   0.449072 -0.0194662    -9.7987  10785
             20.7003 -0.589904 0.0680851  0.646323   7.83593 0.0471301  0.296064 0 0 0 -0.186      0  0.086  0.671876 0.0975606  0.148906    0.0010199 -0.000442893 -0.000136325  0.00916448 -0.00417543  0.00131369  0.448713 -0.019184  -9.79871  10835
             20.8011 -0.181329 -0.751022  0.557579   7.88774 0.0577816  0.267458 0 0 0 -0.186      0  0.086   0.491512  0.0886407 0.00897508  0.000761996 -0.000190157  -0.00010193  0.00985628 -0.00508291   0.0102735   0.448193 -0.0193483   -9.79874  11028
             20.9007 -0.00853717   -0.632982    0.610699   7.93031 0.0603839  0.252888 0 0 0 -0.186      0  0.086   0.419458   0.044126 -0.0827831  0.000750163 -0.000438643 -0.000122804  0.0101678 -0.0044247  0.0127721   0.448106 -0.0201174   -9.79874  10910
             21.0001 -0.197611 -0.304646  0.495944   7.97463 0.0575428  0.269551 0 0 0 -0.186      0  0.086   0.536115  0.0320774 -0.0349739  0.000849528  -0.00062778 -6.62542e-05  0.0107072 -0.0027613 0.00662217   0.447897 -0.0206231   -9.79875  10926
              21.101   0.34115 -0.273212  0.402314     8.031 0.0523013  0.257536 0 0 0 -0.186      0  0.086  0.510187 0.0437942 0.0636401  0.000781724 -0.000547524 -0.000107814    0.011044 -0.00179466  0.00936303   0.447938 -0.0215985   -9.79874  11148
             21.2006  -0.615393 -0.0174888   0.667239   8.06518 0.0423015  0.282449 0 0 0 -0.186      0  0.086    0.35848 0.00162878   0.100819   0.00100581  -0.00024914 -0.000145072   0.0123691 0.000186351  0.00502998   0.447159 -0.0227691   -9.79878  11047
             21.3001   -0.53122 -0.0611173   0.767606   8.09966 0.0397771  0.289232 0 0 0 -0.186      0  0.086    0.380897 -0.00805427   0.0252324   0.00117304 -0.000383019 -0.000213746   0.0124616 0.000475005  0.00505837   0.447135 -0.0229773   -9.79878  11118
             21.4009 -0.393321 -0.239691  0.802074   8.15619 0.0440348  0.265287 0 0 0 -0.186      0  0.086  0.569975 0.0559775 -0.108372  0.000981193 -0.000221653   -0.0002339    0.0108789 -0.000341119   0.00993675   0.448026 -0.0227497   -9.79874  11350
             21.5005 -1.10116 0.114806 0.794003  8.22073 0.038244 0.273255 0 0 0 -0.186      0  0.086  0.515104 0.0516036 0.0635482   0.00131787 -0.000289667 -0.000165334   0.010543 0.00147761 0.00778736   0.448611 -0.0235819   -9.79871  11256
                21.6 -1.77255 0.552672 0.567909    8.2672 0.0468803  0.297034 0 0 0 -0.186      0  0.086  0.361019 0.0364148 0.0814801   0.00181079 -0.000454396 -0.000158732  0.0102467 0.00102937 0.00409451   0.448878 -0.0225149    -9.7987  11324
             21.7006 -1.44318 0.351196 0.599499   8.30653 0.0498815  0.296586 0 0 0 -0.186      0  0.086   0.337624  0.0303517 0.00322402   0.00160923 -0.000306002 -7.71229e-05  0.00959356 0.000816566  0.00532173   0.449162 -0.0225873   -9.79868  11528
             21.8004 -1.37935 0.369741 0.557864   8.35893 0.0544949  0.294073 0 0 0 -0.186      0  0.086   0.538158  0.0733167 -0.0467637   0.00177875 -0.000335011 -6.34686e-05  0.00810398 0.000800984   0.0056687    0.45007 -0.0224315   -9.79864  11419
                21.9  -2.3977 0.976061 0.510237   8.42589 0.0489002  0.308447 0 0 0 -0.186      0  0.086 0.522825 0.102084 0.101378      0.00289 -0.000457584 -0.000110017  0.0075585 0.00372198  0.0026048   0.451386 -0.0230236   -9.79858  11456
             22.0008 -3.05088  1.11367 0.860936   8.46065 0.0522143  0.307953 0 0 0 -0.186      0  0.086  0.387378  0.112377 0.0411746   0.00286701 -0.000368097 -0.000353791 0.00889354 0.00421211 0.00447628   0.450311 -0.0243629   -9.79863  11619
             22.1004 -2.31266 0.931643 0.519987   8.5036 0.056506 0.303371 0 0 0 -0.186      0  0.086   0.417428    0.13447 0.00261783   0.00249339 -0.000187474  -9.7986e-05 0.00824243 0.00479694 0.00601862   0.450523 -0.0254882   -9.79862  11454
             22.1999 -2.76189  1.19145 0.576261   8.55791 0.0554572  0.315728 0 0 0 -0.186      0  0.086  0.621957  0.107854 0.0479319   0.00272547 -0.000306265 -0.000139398 0.00861689 0.00789433 0.00278894   0.451644 -0.0253616   -9.79856  11467
             22.3008 -2.76291 0.746166 0.530935   8.60876 0.0573156  0.304093 0 0 0 -0.186      0  0.086  0.454709 0.0967729 0.0421029   0.00251524 -8.48428e-05 -0.000106736 0.00884555 0.00729062 0.00685529   0.450418 -0.0279422   -9.79861  11586
             22.4002  -2.0783  0.60918 0.630358   8.64568 0.0590142  0.284377 0 0 0 -0.186      0  0.086   0.326057   0.101407 -0.0789211   0.00221374  6.82984e-05 -0.000131464 0.00825428 0.00646826  0.0115434   0.449451 -0.0309388   -9.79865  11375
             22.4998  -2.4795 0.687432 0.784609   8.68265 0.0568903  0.284553 0 0 0 -0.186      0  0.086   0.349375   0.110506 -0.0867484   0.00254306 -4.04413e-05 -0.000200035 0.00844846 0.00963046 0.00941107   0.450484 -0.0312668    -9.7986  11370
             22.6006 -2.51669 0.670449 0.733637  8.73501 0.063345 0.288541 0 0 0 -0.186      0  0.086   0.565089   0.161002 -0.0743856   0.00242409 -0.000138428 -0.000166144 0.00804611  0.0122735 0.00654548   0.451913 -0.0306878   -9.79854  11565
             22.7002 -2.75021  1.64657 0.562863   8.80214 0.0675243  0.296041 0 0 0 -0.186      0  0.086  0.483366  0.145683 0.0836937   0.00258542 -0.000282087 -0.000178494 0.00702307  0.0144901 0.00495859   0.453322 -0.0307172   -9.79847  11414
             22.7997 -3.33603  1.01727 0.580921   8.85187 0.0725712  0.309677 0 0 0 -0.186      0  0.086  0.418907  0.135565 0.0818869   0.00294533  -8.9342e-06 -0.000198095 0.00672346  0.0162949 0.00385686   0.454107 -0.0309788   -9.79843  11446
             22.9006 -2.22935 0.689287 0.677234   8.88936 0.0789458  0.287359 0 0 0 -0.186      0  0.086   0.493075   0.134857 -0.0900989   0.00252835  0.000155503 -0.000182851 0.00659734  0.0149972 0.00875468   0.452764 -0.0338049   -9.79849  11681
             22.9998 -3.43973  1.15615   0.5057   8.94944 0.0817482  0.286977 0 0 0 -0.186      0  0.086   0.664508   0.113222 -0.0334171   0.00274105  0.000163018 -5.64925e-05 0.00683244  0.0172939 0.00738604    0.45341 -0.0341732   -9.79846  11597
              23.101 -3.48926  1.41083 0.670546   9.00977 0.0847408  0.302859 0 0 0 -0.186      0  0.086  0.467606  0.103709 0.0743984   0.00313701  0.000117465 -0.000185707 0.00767293  0.0201317 0.00441463   0.454208 -0.0336234   -9.79842  11864
             23.2005 -3.60015  1.33003 0.605188   9.04735 0.0872223  0.318411 0 0 0 -0.186      0  0.086  0.297258 0.0798897 0.0776326   0.00309443  0.000234625 -0.000179082 0.00822712  0.0219775 0.00308183   0.454582 -0.0336742    -9.7984  11735
                23.3 -3.30284  1.37868 0.762505    9.0738 0.0841331  0.335154 0 0 0 -0.186      0  0.086  0.258811  0.078594 0.0337064   0.00302828  0.000268984 -0.000237678 0.00905383  0.0247384 0.00118099   0.455165 -0.0336903   -9.79838  11677
             23.4009 -2.94054  1.22934 0.559225  9.11915 0.087296   0.3553 0 0 0 -0.186      0  0.086  0.456576 0.0570216  0.113009   0.00293646  0.000325459 -0.000126068  0.00870068   0.0270884 -0.00133531   0.456596 -0.0326096   -9.79831  11857
             23.5002 -5.00087  1.84259 0.501791   9.16126 0.0790174   0.36734 0 0 0 -0.186      0  0.086  0.277497 0.0555391  0.125044   0.00356754  0.000395893 -5.28772e-05   0.00844387    0.0290466 -0.000697836   0.456978 -0.0343166   -9.79829  11603
             23.5999 -3.95702  1.90521 0.760276   9.20906 0.0761059  0.380963 0 0 0 -0.186      0  0.086  0.314265 0.0738824 0.0949446   0.00319666  0.000341678 -0.000156959   0.00637167    0.0306212 -0.000839487   0.458577 -0.0348034   -9.79821  11601
             23.7009 -4.86614  2.17609 0.755114   9.25796 0.0670908  0.372157 0 0 0 -0.186      0  0.086  0.520128 0.0411759  0.036054    0.0035958  0.000250313 -0.000198768  0.0049103  0.0311521 0.00164818   0.458724 -0.0373975    -9.7982  11730
             23.8004 -3.18456 0.152711 0.932071   9.31068 0.0678577  0.340793 0 0 0 -0.186      0  0.086   0.460305    0.11402 -0.0259318     0.002359  0.000991867 -0.000226408 0.00267148  0.0277866 0.00737528   0.457239 -0.0411463   -9.79825  11627
             23.9012 -2.14852  1.77755 0.720593   9.36035 0.0737901  0.340065 0 0 0 -0.186      0  0.086   0.310959   0.180289 -0.0566906   0.00209712  0.000507138 -0.000195451 0.00161237  0.0294614 0.00689368   0.458422 -0.0413841   -9.79819  11761
             24.0006 -3.94937  1.27239 0.727773   9.38643 0.0813437  0.351212 0 0 0 -0.186      0  0.086   0.307775    0.26761 -0.0282946   0.00320268  0.000642447 -0.000240463 0.00336065  0.0335589 0.00381029   0.459436 -0.0407465   -9.79815  11621
             24.1003 -3.38245  1.13848 0.901427  9.43238 0.101995 0.335196 0 0 0 -0.186      0  0.086   0.405896   0.365857 -0.0858366   0.00273851  0.000833636 -0.000238855 0.00191198  0.0343164 0.00564733    0.45985 -0.0427447   -9.79812  11693
             24.2011 -4.79866  1.75585 0.578382  9.47653 0.122759 0.343371 0 0 0 -0.186      0  0.086   0.26722    0.2197 -0.030532   0.00283907  0.000786192 -0.000231305 0.00168001  0.0371779 0.00438595     0.4611 -0.0431077   -9.79806  11969
             24.3007 -3.54608  2.05851  1.40664  9.51464 0.121195 0.341603 0 0 0 -0.186      0  0.086  0.379369 0.0966342 -0.061947   0.00261635  0.000756915 -0.000464517 0.00129075  0.0400479 0.00476508    0.46191 -0.0449929   -9.79801  11832
             24.4002 -4.20364  1.56683 0.695859  9.57118 0.116607  0.34633 0 0 0 -0.186      0  0.086   0.538558 -0.0210804 -0.0017042   0.00261657   0.00119189 -0.000319497 0.000807909    0.042767  0.00342528   0.463372 -0.0451196   -9.79795  11825
             24.4998 -3.1287 1.60415 1.36993   9.61651 0.0904023  0.386551 0 0 0 -0.186      0  0.086   0.343239 -0.0643701   0.158024   0.00279508   0.00154297 -0.000635283  0.00381022   0.0489084 -0.00220811   0.465468 -0.0436671   -9.79785  11764
             24.6006 -3.40854  1.22235 0.972658  9.66716 0.066881 0.394088 0 0 0 -0.186      0  0.086   0.296697 -0.0430761   0.118308   0.00300214    0.0016092 -0.000412124  0.00152141   0.0508462 -0.00046337    0.46671 -0.0458457   -9.79778  11858
             24.7001 -3.18392  1.35327  1.01868   9.70878 0.0524795  0.390755 0 0 0 -0.186      0  0.086    0.382285 -0.00172079   0.0133767   0.00279207   0.00148118 -0.000383244 0.000121253   0.0513729  0.00164069   0.466958 -0.0477867   -9.79776  11640
             24.7994 -3.26818   1.4516  1.02631   9.76328 0.0484748  0.382738 0 0 0 -0.186      0  0.086   0.484089  0.0775314 -0.0879565   0.00276752   0.00139114 -0.000430899 -0.00125069    0.051344  0.00334461   0.467164 -0.0490298   -9.79775  11642
             24.9006 -2.99957  1.04999  1.09531   9.81162 0.0406973  0.347152 0 0 0 -0.186      0  0.086   0.27149  0.024305 -0.161975    0.0021757   0.00141452 -0.000350024 -0.00350225   0.0504743  0.00882542   0.466542 -0.0531365   -9.79775  11891
             25.0001 -3.04791  1.03511 0.747545   9.84987 0.0403793   0.33387 0 0 0 -0.186      0  0.086  0.303897 0.0926467 -0.223476  0.00292974    0.001171 -0.00023831 -0.00446678   0.0520462  0.00881337   0.467568 -0.0536725    -9.7977  11846
             25.0996 -3.6175 1.14399 1.07807   9.90651 0.0368547  0.316248 0 0 0 -0.186      0  0.086 0.490859 0.127114 -0.15015   0.00281872   0.00110324 -0.000428131 -0.00592394   0.0542771  0.00880524 0.469025 -0.05447 -9.79763  11825
             25.2005  -3.1181 0.420427 0.936573   9.97753 0.0303364  0.283689 0 0 0 -0.186      0  0.086  0.486399  0.121737 -0.114403   0.00215554   0.00118353 -0.000350023 -0.00825333   0.0551883   0.0116346   0.469822 -0.0568584   -9.79758  12101
             25.2999 -3.58625  1.11651 0.947811   10.0227 0.0267007   0.28011 0 0 0 -0.186      0  0.086  0.317427 0.0875292 -0.127587   0.00239613  0.000523496 -0.000350852 -0.00820308    0.057781   0.0102125   0.470805 -0.0570052   -9.79753  11953
             25.4009 -2.90397 0.407511 0.889843   10.0618 0.0342039  0.260476 0 0 0 -0.186      0  0.086  0.348127  0.128052 -0.185027  0.00199853 0.000635009 -0.00019759 -0.00926869   0.0577077   0.0111036 0.471202  -0.0575 -9.79751  12130
             25.5004  -2.1482 0.989576  0.95386   10.1176 0.0380904   0.26493 0 0 0 -0.186      0  0.086   0.530093   0.151152 -0.0458128   0.00186179  0.000442375 -0.000270519 -0.00987067   0.0613791  0.00754596  0.473043 -0.056373  -9.79742  11999
             25.6012 -3.72678 0.845575 0.992739   10.1875 0.0327915  0.277415 0 0 0 -0.186      0  0.086  0.541428  0.117675 0.0931116    0.0026719  0.000406907 -0.000298399 -0.0103522   0.065549 0.00480011    0.47476 -0.0563776   -9.79734  12222
             25.7008 -3.21379  1.54799 0.882107  10.2417 0.041489 0.299091 0 0 0 -0.186      0  0.086  0.42347 0.186376  0.09225   0.00231141  0.000292767 -0.000282233 -0.0105561  0.0676501 0.00233299 0.475786 -0.05562  -9.7973  12090
             25.8003 -3.44308   1.3347 0.819961   10.2806 0.0483477  0.311296 0 0 0 -0.186      0  0.086  0.414941  0.170388 0.0539555   0.00242178  0.000499185 -0.000281845 -0.00993132   0.0695218  0.00156069   0.476052 -0.0561604   -9.79728  12145
             25.9011 -3.36151  1.61641 0.766287   10.3354 0.0563404  0.319796 0 0 0 -0.186      0  0.086  0.567927  0.173457 0.0446822    0.0024815  0.000528927 -0.000222246  -0.0102573   0.0711184 0.000740453   0.476808 -0.0563171   -9.79724  12341
             26.0007 -2.70798  2.14162  1.18467   10.3892 0.0641054  0.339531 0 0 0 -0.186      0  0.086 0.425494 0.178342 0.170975   0.00256299  0.000746445 -0.000408428  -0.00979826    0.0729115 -0.000669029   0.477383 -0.0562483   -9.79722  12133
             26.1003 -3.53354  1.44642 0.860123   10.4223 0.0727806  0.393003 0 0 0 -0.186      0  0.086     0.269 0.0410201  0.242611   0.00284002   0.00108837 -0.000314308 -0.00782033   0.0761852 -0.00572192   0.478844 -0.0543202   -9.79715  12189
             26.1998 -4.02963 0.898833 0.934745   10.4585 0.0746671  0.395109 0 0 0 -0.186      0  0.086 0.368354 0.110477 0.134269   0.00281313   0.00114161 -0.000275346 -0.00945202   0.0756082 -0.00287458   0.478481 -0.0560232   -9.79716  12151
             26.3006 -3.04972  1.27013  0.98293   10.5066 0.0670733  0.392143 0 0 0 -0.186      0  0.086  0.488019 0.0671216 0.0969382    0.0027175     0.001092 -0.000360418   -0.0103553    0.0762398 -0.000194398   0.478131 -0.0584198   -9.79717  12375
             26.4002 -3.90443  1.91882  1.02919   10.5555 0.0643908  0.408781 0 0 0 -0.186      0  0.086 0.342506 0.119063 0.126571   0.00302858   0.00104363 -0.000382067   -0.0105487    0.0782061 -0.000473947   0.478856 -0.0591469   -9.79713  12167
             26.4998 -3.16997  1.31876  1.01686   10.5928 0.0714216  0.405486 0 0 0 -0.186      0  0.086  0.275799  0.145599 0.0474852   0.00253915   0.00145085 -0.000398554 -0.0120227   0.077711 0.00219714   0.478542 -0.0609058   -9.79713  12149
             26.6006   -2.902   1.2717 0.991142   10.6364 0.0743016  0.405258 0 0 0 -0.186      0  0.086    0.372503    0.140419 0.000812726   0.00229147   0.00169727 -0.000382451 -0.0132587  0.0792087 0.00263149   0.479422 -0.0617945   -9.79708  12355
             26.7001 -3.13561  1.37845  1.13288   10.6919 0.0786445  0.407531 0 0 0 -0.186      0  0.086  0.498423  0.149729 0.0302588   0.00252802   0.00162601 -0.000455753 -0.0141276  0.0809877  0.0019066   0.480602 -0.0618851   -9.79702  12192
             26.8009 -2.94965  1.11106  1.09265   10.7357 0.0821962   0.39868 0 0 0 -0.186      0  0.086  0.278124  0.162899 0.0150116   0.00244234   0.00170515 -0.000447752 -0.0150492  0.0812249 0.00424096    0.48033 -0.0637969   -9.79702  12452
             26.9005 -3.12133  1.26436  1.19731   10.7737 0.0812342  0.386913 0 0 0 -0.186      0  0.086  0.237345  0.159683 -0.118154   0.00250619   0.00143072 -0.000467863 -0.0166703   0.082352 0.00605033    0.48087 -0.0655123   -9.79699  12302
             27.0014 -3.03403  1.03549  1.11395   10.8109 0.0894888  0.374782 0 0 0 -0.186      0  0.086   0.33791  0.163786 -0.161341   0.00234741   0.00135793 -0.000414115   -0.01765  0.0833145 0.00620275   0.481585 -0.0658986   -9.79695  12556
             27.1009 -3.0798 1.31919 1.03305   10.8782 0.0934659  0.367109 0 0 0 -0.186      0  0.086  0.526238  0.166904 -0.122522   0.00248538    0.0010916 -0.000391661  -0.019624  0.0859442 0.00512169  0.483606 -0.065907  -9.79685  12462
             27.2004 -4.07819  1.68435 0.944988   10.9338 0.0899886  0.356581 0 0 0 -0.186      0  0.086  0.355701  0.165795 -0.124734   0.00275154   0.00109476 -0.000259684 -0.0202667  0.0885718 0.00604168   0.484448 -0.0677551    -9.7968  12521
             27.2999 -3.57602  1.30917 0.830698   10.9827 0.0942052  0.334306 0 0 0 -0.186      0  0.086  0.344136  0.179077 -0.183357   0.00258495   0.00107355 -0.000258924 -0.022133 0.0895845 0.0080327   0.485136 -0.0693127   -9.79675  12715
             27.4008 -3.44834  1.56491  1.01983   11.0422 0.0919067  0.325948 0 0 0 -0.186      0  0.086  0.522915  0.130603 -0.134897   0.00260024  0.000951815 -0.000350566 -0.0232608  0.0927776 0.00679183   0.486891 -0.0697262   -9.79666  12988
             27.5004 -3.76993  1.33933  1.14299   11.1095 0.0861158  0.328337 0 0 0 -0.186      0  0.086    0.525036     0.13229 -0.00501251   0.00269414  0.000973387 -0.000356696 -0.0233383  0.0963247 0.00466132   0.488434 -0.0698397   -9.79658  12891
             27.5999  -3.3409  1.29131 0.832786   11.1552 0.0872638  0.332031 0 0 0 -0.186      0  0.086   0.364349    0.10079 0.00764433   0.00237243  0.000946554 -0.000263843 -0.0230602  0.0979445 0.00423657   0.488815 -0.0703485   -9.79656  13012
             27.7008 -3.35155  1.14887   1.0822   11.1951 0.0872229  0.332962 0 0 0 -0.186      0  0.086   0.367846  0.0962905 -0.0343929   0.00236146  0.000875797 -0.000325668 -0.0231585  0.0994621 0.00383742   0.489343 -0.0707453   -9.79653  13252
             27.8003 -3.08801 0.989023 0.831429   11.2342 0.0901952  0.317864 0 0 0 -0.186      0  0.086   0.489523    0.12345 -0.0867735  0.00212786 0.000800594 -0.00021566 -0.0231552  0.0996143 0.00541749  0.488915 -0.072129  -9.79654  13170
             27.8998 -2.11393 0.740001 0.939969  11.2923  0.09325 0.290343 0 0 0 -0.186      0  0.086  0.485357   0.12635 -0.022921  0.00194106 0.000926349 -0.00028328 -0.0245484  0.0988203 0.00868521   0.488533 -0.0741737   -9.79655  13326
             28.0007 -3.06453  1.04354  1.06812   11.3417 0.0948549  0.293753 0 0 0 -0.186      0  0.086   0.363153    0.10141 -0.0642275   0.00220832  0.000923556 -0.000279838 -0.0248037   0.101015 0.00705462   0.489553 -0.0740052    -9.7965  13583
             28.1002 -3.17227  1.00579 0.901088   11.3856 0.0968213  0.290871 0 0 0 -0.186      0  0.086   0.437942  0.0937996 -0.0889594   0.00223335  0.000835835 -0.000285182 -0.0251319   0.102603 0.00600659   0.490314 -0.0740212   -9.79646  13480
              28.201 -3.22689  1.19765  1.10563   11.4451 0.0977786  0.291523 0 0 0 -0.186      0  0.086   0.543684  0.0757049 -0.0581806   0.00235545  0.000799878 -0.000306133  -0.025776   0.104233 0.00470892   0.491298 -0.0738709   -9.79641  13758
             28.3006 -3.71968  1.27052 0.832217  11.4966  0.10346 0.293734 0 0 0 -0.186      0  0.086  0.431034  0.106812 0.0266997   0.00244608  0.000754927 -0.000201416 -0.0258842   0.105035 0.00422983   0.491638 -0.0739383   -9.79639  13620
             28.4001 -2.76683  1.08852   1.0248   11.537 0.100683 0.287964 0 0 0 -0.186      0  0.086   0.372719  0.0816869 -0.0595703  0.00201719  0.00111776 -0.00023479 -0.0259023   0.106283  0.0049532   0.491717 -0.0750528   -9.79638  13651
              28.501 -3.78044  1.69532  0.99389  11.5822 0.100013  0.30964 0 0 0 -0.186      0  0.086  0.540092 0.0999066 0.0202873   0.00269881  0.000900103 -0.000255236  -0.0247536    0.109612 0.000948064      0.493 -0.0741286   -9.79632  13866
             28.6006 -3.29579  1.98928 0.908823  11.6459 0.108697 0.324738 0 0 0 -0.186      0  0.086 0.498951 0.166551 0.205213   0.00264649   0.00108604 -0.000287438  -0.0254797    0.110394 0.000249389    0.49374 -0.0739181   -9.79629  13627
             28.7014 -4.12702  1.94268 0.996028   11.703 0.114497 0.371816 0 0 0 -0.186      0  0.086 0.440388 0.151552 0.206324   0.00269351   0.00150422 -0.000326821  -0.0252188    0.113748 -0.00369082   0.495699 -0.0727567    -9.7962  13803
             28.8009 -3.91082  1.76063 0.858118  11.7485 0.122216  0.38742 0 0 0 -0.186      0  0.086 0.498786 0.143821  0.13564   0.00250402   0.00157343 -0.000285427  -0.0252039    0.114315 -0.00303133   0.495559 -0.0735366    -9.7962  13633
             28.9005 -3.35757  1.77709 0.977066  11.8071 0.128348 0.393486 0 0 0 -0.186      0  0.086  0.545126 0.0822359  0.128025   0.00214149   0.00181685 -0.000318978  -0.0259952    0.114581 -0.00179732   0.495479 -0.0745532   -9.79619  13615
             28.9999 -3.22156  1.10522 0.963191 11.8616 0.12598 0.39249 0 0 0 -0.186      0  0.086  0.391454 0.0720829 0.0760401   0.00220941   0.00213963 -0.000327877   -0.0275222     0.115165 -0.000183628   0.49562 -0.075968  -9.79618  13624
             29.1009 -3.21799  1.00248  1.14783  11.9003 0.124213 0.395569 0 0 0 -0.186      0  0.086   0.351617  0.0698183 -0.0371568   0.00225491   0.00192753 -0.000377691   -0.0278271     0.116206 -1.93247e-06   0.495906 -0.0765747   -9.79616  13820
             29.2004 -3.2055 0.99125 1.06753  11.9485   0.1221 0.370239 0 0 0 -0.186      0  0.086   0.489742  0.0690941 -0.0974266   0.00223713   0.00168849 -0.000336803 -0.0298079   0.115672 0.00310173   0.495437 -0.0785607   -9.79617  13652
             29.2999 -2.51679  1.12677 0.956313  11.9966  0.12944 0.366282 0 0 0 -0.186      0  0.086 0.392532 0.138228 0.060912  0.00203531  0.00169102 -0.00036217 -0.0299737   0.115839 0.00340571   0.495439 -0.0788545   -9.79616  13646
             29.4008 -3.65786  1.29179  1.11363  12.0408 0.127112 0.384244 0 0 0 -0.186      0  0.086  0.312271  0.147336 0.0797055  0.00248762   0.0015212 -0.00043995 -0.0302154   0.119009  0.0012287   0.496917 -0.0787499   -9.79609  13825
             29.5003  -2.9475  1.14471 0.977717  12.0773 0.126571 0.378627 0 0 0 -0.186      0  0.086  0.361901   0.12861 0.0139813    0.0022917   0.00139079 -0.000352445 -0.0309054   0.120035 0.00246215   0.497088 -0.0800139   -9.79607  13671
             29.6011 -3.85582  1.34443 0.960078  12.1356 0.122285  0.37795 0 0 0 -0.186      0  0.086    0.496769    0.085329 -0.00501126   0.00251472    0.0012406 -0.000325001 -0.0322334   0.122033 0.00257839  0.498094 -0.080853  -9.79601  13837
             29.7007 -2.64865   0.7877 0.844733  12.1776 0.132964 0.378738 0 0 0 -0.186      0  0.086  0.333152  0.123525 0.0659159   0.00180926   0.00129385 -0.000314239 -0.0324054   0.122028 0.00292526   0.498083 -0.0810611   -9.79601  13700
             29.8002 -2.94864 0.151421   1.0252  12.2272 0.126904   0.3296 0 0 0 -0.186      0  0.086   0.38137  0.133451 -0.156303   0.00175287    0.0011572 -0.000296666 -0.0355402    0.12107 0.00913516   0.497806 -0.0843872     -9.796  13713
             29.9011 -1.70549 0.150404  1.07771  12.2656 0.140358 0.307193 0 0 0 -0.186      0  0.086  0.470005  0.157748 -0.193263   0.00116844    0.0011207 -0.000333224 -0.0352935   0.120756 0.00980811   0.497481 -0.0847054   -9.79601  13887
             30.0006 -2.07869  0.75518  1.01772 12.3386 0.14698   0.307 0 0 0 -0.186      0  0.086   0.485702   0.114018 -0.0394187    0.0017298   0.00105049 -0.000391178 -0.0377007   0.122464 0.00796021   0.499283 -0.0841608   -9.79592  13696
             30.1001 -3.28617  1.11223 0.872618  12.3807 0.140058 0.335301 0 0 0 -0.186      0  0.086  0.385078 0.0568912  -0.01073   0.00210737  0.000921339 -0.000317857 -0.0365922   0.126332 0.00294386   0.500148 -0.0838518   -9.79588  13690
              30.201 -1.61608 0.386873 0.760584  12.4162 0.143232 0.337775 0 0 0 -0.186      0  0.086    0.403923   0.0350859 0.000424532   0.00144764   0.00114324 -0.000224481 -0.0361475   0.126842 0.00211049   0.500144 -0.0837956   -9.79588  13891
             30.3006  -2.7916  1.11695 0.876093   12.474  0.13749 0.342828 0 0 0 -0.186      0  0.086    0.576441   -0.018026 -0.00291208   0.00195387  0.000987839 -0.000323772  -0.037055   0.128247 0.00115369   0.500941 -0.0840267   -9.79584  13679
                30.4 -2.78996  1.38274  1.11617  12.5373 0.135914 0.380288 0 0 0 -0.186      0  0.086   0.486758 0.00351779   0.215852   0.00197615  0.000864122 -0.000360927  -0.0375161    0.129478 -0.00241148   0.502018 -0.0832462   -9.79579  13685
             30.4996 -2.84084 0.588196  1.05345    12.58 0.134043 0.395425 0 0 0 -0.186      0  0.086  0.414058 0.0498913  0.114197    0.0019387   0.00103092 -0.000321919  -0.0373373    0.129631 -0.00168956   0.501787 -0.0836196    -9.7958  13679
             30.6005 -1.82074 0.247242  1.15797  12.6303 0.140894 0.375419 0 0 0 -0.186      0  0.086  0.556846 0.0822686 -0.002676   0.00139386   0.00117348 -0.000337467 -0.0385937   0.128041 0.00250029   0.501146 -0.0844541   -9.79583  13894
                30.7 -2.59883   1.2242 0.926087  12.6798 0.143109 0.335217 0 0 0 -0.186      0  0.086   0.444975   0.096134 -0.0563243   0.00189763   0.00107677 -0.000337876 -0.0392676   0.126898 0.00844049   0.499862 -0.0862925   -9.79588  13623
             30.8009 -3.00973   1.0197  1.01713  12.7253 0.145379 0.359746 0 0 0 -0.186      0  0.086   0.383744  0.0865943 -0.0288305   0.00201904   0.00106858 -0.000356284 -0.0387495   0.129225 0.00365657   0.50116 -0.085586  -9.79582  13840
             30.9004 -2.86858 0.951807 0.941915  12.7592 0.151582 0.352278 0 0 0 -0.186      0  0.086   0.382471  0.0939383 -0.0800429   0.00185518   0.00108316 -0.000347301 -0.0383122   0.129412 0.00431627   0.500823 -0.0859993   -9.79583  13641
             31.0013 -2.55606  1.08141  1.07107  12.8136 0.154207 0.356539 0 0 0 -0.186      0  0.086  0.587448  0.059527 -0.029188  0.00181704 0.000970633 -0.00037956 -0.0384727   0.130712 0.00253159   0.501543 -0.0858476   -9.79579  13851
             31.1008 -2.46532 0.298477 0.987399  12.8744 0.157473 0.357246 0 0 0 -0.186      0  0.086  0.460304 0.0913032 0.0270311   0.00159859   0.00121122 -0.000349047 -0.0393517   0.131331 0.00258445   0.502041 -0.0860448   -9.79577  13649
             31.2007 -2.12787 0.266191  1.04793  12.9062  0.16043 0.337965 0 0 0 -0.186      0  0.086  0.378798 0.0932509 -0.075784   0.00147781   0.00113785 -0.000311922  -0.038552   0.131036 0.00562048   0.500918 -0.0873341   -9.79581  13650
             31.3012 -2.44906 0.520517 0.915756  12.9478 0.170546 0.342576 0 0 0 -0.186      0  0.086   0.509064   0.116327 -0.0694869   0.00143689  0.000899231 -0.000303668 -0.0380441   0.131883 0.00344313   0.501252 -0.0869115    -9.7958  13834
             31.4007 -1.46256 0.285726  1.17522  13.0057 0.166086 0.341086 0 0 0 -0.186      0  0.086  0.501543 0.0850792 0.0291553    0.0014765  0.000900482 -0.000410697 -0.0381699   0.133978 0.00278256   0.501715 -0.0876389   -9.79577  13662
             31.5002 -2.58095 0.370703  0.99295   13.055 0.168626 0.330732 0 0 0 -0.186      0  0.086  0.372904 0.0980042 0.0214805   0.00167752  0.000927331 -0.000337116 -0.0390154   0.134288 0.00476353   0.501868 -0.0883524   -9.79575  13662
             31.6011 -2.91424  1.07567 0.968569  13.0914 0.170515 0.332734 0 0 0 -0.186      0  0.086   0.388395  0.0528808 -0.0269188   0.00178121  0.000483482 -0.000375902 -0.0386542   0.135056 0.00411405    0.50188 -0.0885604   -9.79575  13841
             31.7006 -2.27825 0.482055  1.09563   13.142 0.166841 0.320473 0 0 0 -0.186      0  0.086  0.594486 0.0116919 -0.112807   0.00154117  0.000596695 -0.000377096 -0.0390958   0.135599 0.00483387   0.502085 -0.0889918   -9.79574  13674
             31.8001 -2.75954 0.477717  1.02802  13.2074 0.169791 0.329582 0 0 0 -0.186      0  0.086  0.511282 0.0460853 0.0844864   0.00144415  0.000541259 -0.000347981 -0.039654  0.136267 0.0026955   0.502655 -0.0885206   -9.79571  13677
             31.8997 -1.03035 0.752012   1.2688  13.2513 0.166226  0.32235 0 0 0 -0.186      0  0.086   0.419672  0.0755978 -0.0709266  0.00126041  0.00035192 -0.00039364 -0.0395945   0.136567 0.00481651   0.502474 -0.0894177   -9.79571  13664
             32.0006 -2.38909 0.384106 0.901601  13.2993 0.182289 0.365745 0 0 0 -0.186      0  0.086 0.527339 0.130652  0.08832   0.00158816  0.000596772 -0.000329975  -0.0391463    0.137972 -0.00227177  0.503173 -0.087797  -9.79569  13876
             32.1001 -1.24168 0.168422     1.35  13.3715 0.193822  0.36255 0 0 0 -0.186      0  0.086  0.639826  0.169626 0.0923202   0.00144463  0.000504448 -0.000409574   -0.0407426     0.138298 -0.000687199   0.503789 -0.0882343   -9.79566  13648
             32.1996  -2.0063 -0.46559  1.24405  13.4278 0.209045 0.351636 0 0 0 -0.186      0  0.086  0.480535  0.172985 0.0447159    0.0014797  0.000939802 -0.000336745 -0.0410948   0.138116 0.00241751    0.50358 -0.0889547   -9.79566  13577
             32.3005 -1.84279 0.289411  1.20105  13.4709 0.213861 0.329666 0 0 0 -0.186      0  0.086    0.48501   0.107355 -0.0324154   0.00148237  0.000563992 -0.000393202 -0.0407144   0.138498 0.00601443   0.503122 -0.0901261   -9.79567  13748
                32.4 -1.95304 0.354764  1.32359  13.5256 0.201097  0.31277 0 0 0 -0.186      0  0.086   0.670454 -0.0115292  -0.120531   0.00171997  0.000432444 -0.000398377 -0.0403826   0.140262  0.0074018   0.503196 -0.0913236   -9.79566  13564
             32.5009 -1.52488 0.792309  1.27383  13.6027 0.190815 0.307638 0 0 0 -0.186      0  0.086   0.616904 -0.0321797 -0.0486662   0.00146083  0.000625157 -0.000440618 -0.0411425   0.141401 0.00703466   0.503776 -0.0916105   -9.79563  13731
             32.6004 -1.53412 0.585501  1.05226  13.6367  0.17821 0.358284 0 0 0 -0.186      0  0.086 0.418158 -0.10447 0.180013  0.00181452 0.000621385 -0.00041909  -0.0380961    0.144038 -0.00118437   0.503616 -0.0913941   -9.79564  13518
             32.7013 -2.61139 0.243408  1.25872  13.6789 0.167964 0.396663 0 0 0 -0.186      0  0.086   0.487154 -0.0484859   0.187745   0.00214996  0.000580125 -0.000448174  -0.0377225    0.145215 -0.00506541   0.504047 -0.0911101   -9.79562  13704
             32.8008 -2.22073 0.728752 0.781051  13.7324 0.159719 0.375224 0 0 0 -0.186      0  0.086  0.592148 0.0109156 0.0654355   0.00207411  0.000349766 -0.000303921 -0.0380871   0.144451 0.00102834   0.503525 -0.0921913   -9.79563  13526
             32.9004 -2.91618  1.13804 0.729628  13.7807 0.152794 0.376935 0 0 0 -0.186      0  0.086    0.44915 -0.0419557  0.0605304   0.00177521  0.000262097 -0.000385328 -0.0373786   0.144668  0.0021554   0.503139 -0.0927069   -9.79565  13547
             32.9999 -2.04181 0.876177   1.1356  13.8294 0.142896 0.348004 0 0 0 -0.186      0  0.086   0.413811 -0.0168574 -0.0816073   0.00172363  0.000588109 -0.000408304 -0.0388502   0.143985 0.00755299   0.503005 -0.0941178   -9.79564  13534
             33.1007 -2.18939 0.659952  1.20652   13.877 0.140427 0.324513 0 0 0 -0.186      0  0.086    0.524312 -0.00337485   -0.170265   0.00183753  0.000957519 -0.000432075   -0.03945    0.14371 0.00925056   0.502912 -0.0945697   -9.79564  13693
             33.2003 -2.14137 0.969999  1.18104  13.9372 0.143827 0.346224 0 0 0 -0.186      0  0.086  0.506971 0.0398499 0.0456683   0.00178008  0.000985633 -0.000415205 -0.0391521   0.144821 0.00438784  0.504112 -0.093369  -9.79559  13524
             33.3011 -2.51989  1.08735  1.03492  13.9745 0.143334 0.372147 0 0 0 -0.186      0  0.086  0.364322 0.0555035  0.164436   0.00199269  0.000909101 -0.000403464 -0.0376751   0.146295 0.00156731   0.504395 -0.0931896   -9.79558  13741
             33.4007 -2.55604 0.647624  1.19324  14.0134   0.1487 0.382117 0 0 0 -0.186      0  0.086  0.402621  0.103963 0.0917506   0.00192835   0.00101364 -0.000437544 -0.0379032   0.146605 0.00168509   0.504504 -0.0933446   -9.79557  13545
             33.5002 -2.14815 0.639323  1.13851   14.061 0.161758 0.388407 0 0 0 -0.186      0  0.086  0.533442  0.150561 0.0820458   0.00179274  0.000829385 -0.000420373 -0.0379301   0.146722 0.00186231  0.504489 -0.093457  -9.79557  13563
             33.5997 -2.96608 0.679932  1.08422   14.102 0.172199 0.393125 0 0 0 -0.186      0  0.086   0.39107 0.0764559 0.0957728   0.00205732  0.000594224 -0.000334169 -0.0371793   0.146902 0.00266728   0.504037 -0.0939144   -9.79559  13542
             33.6992 -2.74069  1.03229  3.30252  14.1378  0.16756 0.367329 0 0 0 -0.186      0  0.086     0.30336 -0.00365463   0.0261271   0.00170925  0.000744633 -0.000644921 -0.0379282   0.146647 0.00869384   0.503329 -0.0957231   -9.79561  13512
             33.7987 -3.70707  1.51942  5.89491  14.1822 0.171346 0.329858 0 0 0 -0.186      0  0.086   0.426501 -0.0563666  -0.146364   0.00149319  0.000939071 -0.000854319 -0.0402126    0.14474  0.0143951   0.502853 -0.0965709   -9.79563  13382
             33.8983 -3.52597  1.97229  9.37471  14.2403 0.164203 0.257657 0 0 0 -0.186      0  0.086   0.479933 -0.0925269  -0.282053  0.00119838 0.000948056 -0.00103258 -0.0437751    0.14188  0.0234284   0.501352 -0.0985032   -9.79568  13261
             33.9979 -3.39846  2.31958  14.2691  14.2758 0.167644 0.235817 0 0 0 -0.186      0  0.086   0.393316 -0.0791168  -0.269585 0.000702852  0.00121055 -0.00136613 -0.0444593   0.139803  0.0219514   0.499391 -0.0981188   -9.79579  13262
             34.0987 -3.83614  1.78393  20.1205  14.3217 0.181861  0.19092 0 0 0 -0.186      0  0.086  0.442472 0.0900075 -0.398943 0.000578696  0.00119118 -0.00151102 -0.0502666   0.138888  0.0237913   0.494973 -0.0960475   -9.79603  13415
             34.1996 -3.7304 1.93896 26.0531  14.3887 0.221411  0.14693 0 0 0 -0.186      0  0.086  0.727816   0.30141 -0.446597 -0.000147958  0.000872446  -0.00160746 -0.0597102   0.142908  0.0235157   0.488183 -0.0887014   -9.79644  13462
             34.3005 -2.2794 2.06427 31.3792   14.4647  0.271026 0.0630419 0 0 0 -0.186      0  0.086  0.696334  0.459834 -0.559903 -0.000615188  0.000846382  -0.00150212 -0.0689793   0.139264  0.0280662   0.479248 -0.0901047   -9.79687  13451
             34.4013 -3.34437   2.3039  37.6506   14.5156  0.304698 0.0452918 0 0 0 -0.186      0  0.086  0.461171  0.349186 -0.421475 -0.000593892  0.000761446  -0.00171753 -0.0602659   0.135576  0.0233905    0.48627 -0.0950077   -9.79648  13558
             34.5008 -1.9425 2.00498 43.0215   14.5233  0.345849 0.0417528 0 0 0 -0.186      0  0.086   0.29822  0.361062 -0.348926 -0.00139213 0.000857242 -0.00162355 -0.0623055   0.109774  0.0172892   0.47977 -0.119176  -9.79654  13400
             34.6017 -3.00261  2.23573  49.0629    14.5426   0.404879 0.00965916 0 0 0 -0.186      0  0.086  0.330067  0.543553 -0.304509 -0.00130122 0.000626797 -0.00168803 -0.0785316   0.101075  0.0160791  0.462855 -0.125534  -9.79727  13559
             34.7025 -4.13827  1.97295  53.8665    14.5359   0.484967 -0.0217183 0 0 0 -0.186      0  0.086 0.0982394   0.57009 -0.253374 -0.00178407  0.00107987 -0.00148853 -0.106409  0.070504 0.0143705  0.432654 -0.152497  -9.79827  13614
              34.802 -1.64867  2.33558  60.8547   14.5355  0.526546 -0.023839 0 0 0 -0.186      0  0.086 0.0439615  0.438854 -0.202561 -0.00283377 0.000372132  -0.0018913 -0.0970369  0.0567486  0.0111393 0.440591 -0.16664 -9.79768  13461
             34.9016 -1.44591  2.44946  65.9783    14.5298    0.57495 -0.0213105 0 0 0 -0.186      0  0.086 -0.0487615   0.538764  -0.186312 -0.00259038 8.47962e-05 -0.00169129 -0.0975614  0.0507168 0.00734933  0.439506 -0.172515  -9.79763  13468
             35.0011 -1.2369 2.11266 69.6861    14.5135   0.648543 0.00150554 0 0 0 -0.186      0  0.086 -0.0620052   0.741884  -0.028891  -0.00251832 -0.000258631  -0.00145584   -0.111935   0.0470246 0.000505443  0.42494 -0.17545 -9.79822  13430
              35.102 -2.86026  1.69939  72.6543   14.5132  0.708453 0.0285955 0 0 0 -0.186      0  0.086 0.00759148   0.540678   0.105561  -0.00185701 -0.000317586   -0.0012547  -0.0989631   0.0456321 -0.00253396  0.437505 -0.177429  -9.79763  13630
             35.2015 -1.48528  1.76367  74.7417   14.5099  0.759474 0.0512732 0 0 0 -0.186      0  0.086 0.00297855   0.451758   0.132591  -0.00225839 -0.000726972  -0.00113393   -0.103196   0.0422345 -0.00376409  0.433216 -0.180638  -9.79776  13518
             35.3024 -0.800994   1.95995   75.5959   14.5251  0.793224 0.0912436 0 0 0 -0.186      0  0.086 0.133377 0.462245 0.239244  -0.00208758  -0.00114581 -0.000877882  -0.0803784   0.0459726 -0.00617089  0.455677 -0.177675   -9.7968  13715
             35.4019 -1.14602   1.7437  75.7325  14.5412 0.849533 0.149332 0 0 0 -0.186      0  0.086 0.239958 0.602404  0.35848  -0.00177522   -0.0013365 -0.000646893 -0.0844278  0.0448975 -0.0110747  0.451624 -0.178727  -9.79697  13582
             35.5015 -1.08101  1.98741  75.6771  14.5507 0.898917 0.182638 0 0 0 -0.186      0  0.086  0.17433 0.452441 0.457138 -0.00162944 -0.00168089 -0.00062529 -0.0907722  0.0238329 -0.0107598  0.444955 -0.199264  -9.79688  13568
             35.6012 -0.632684   2.07598   75.6127   14.548 0.938028 0.208096 0 0 0 -0.186      0  0.086 0.111218  0.40879 0.359379  -0.00145936  -0.00152461 -0.000551416   -0.104171 -0.00187335  -0.0089122  0.431334 -0.224239  -9.79695  13529
             35.7005  -1.247 1.80781 75.6782  14.5599  0.98895 0.202982 0 0 0 -0.186      0  0.086 0.129053 0.562659  0.22007  -0.00119743  -0.00136469 -0.000560536    -0.1088 0.00358685 -0.0035593  0.426869 -0.218751  -9.79727  13423
                35.8 -2.34836  2.02247  75.4005  14.5603  1.04809 0.219471 0 0 0 -0.186      0  0.086 0.0486086  0.501906  0.190245 -0.000659903  -0.00117205 -0.000553627    -0.12256 -0.00347291 -0.00391138  0.413234 -0.225486   -9.7977  13347
             35.8996 -1.57653  2.12177  75.7393  14.5774  1.08658 0.202175 0 0 0 -0.186      0  0.086   0.16893  0.420039 0.0161205  -0.00131043  -0.00107821 -0.000695168    -0.108694 -0.000114483   0.00237878  0.426914 -0.222313  -9.79718  13300
             35.9991 -1.19543   2.0144  75.7185  14.6093   1.1287 0.164165 0 0 0 -0.186      0  0.086  0.340601  0.493828 -0.153437  -0.00150015 -0.000891075 -0.000645437 -0.0998055 0.00829169 0.00881235  0.435813 -0.214112  -9.79697  13329
                36.1 -1.3486 2.14936 75.6902  14.6478   1.1764 0.153459 0 0 0 -0.186      0  0.086   0.359436   0.452051 -0.0241684  -0.00166082 -0.000996022 -0.000653968 -0.0948253 0.00851347 0.00849718  0.440705 -0.213982  -9.79676  13447
             36.1995 -0.628782   2.04276   75.7273  14.6789  1.21524 0.153141 0 0 0 -0.186      0  0.086   0.276894    0.37764 -0.0530585  -0.00148335 -0.000942841 -0.000637082 -0.0932953 0.00672608 0.00791464 0.442169 -0.21577 -9.79665  13330
             36.3004 -1.29972  1.73898  75.6815   14.704  1.26351 0.146889 0 0 0 -0.186      0  0.086  0.225465  0.526515 -0.120042 -0.00133761 -0.00114934 -0.00059947 -0.0971824  0.0115085 0.00728743  0.438438 -0.211022  -9.79692  13509
             36.3999 -0.759574   1.82598   75.5484  14.7154  1.31532 0.121155 0 0 0 -0.186      0  0.086   0.136663    0.52628 -0.0774492  -0.00130597  -0.00134641 -0.000596664 -0.0999193 0.00143126 0.00881563 0.435565 -0.22083 -9.79684  13250
             36.5008 -0.964868   1.65514    75.599  14.7323  1.35343 0.106516 0 0 0 -0.186      0  0.086   0.14226  0.388687 -0.128166  -0.00159317  -0.00120767 -0.000618093   -0.0925409 -2.24054e-05   0.00942459   0.44278 -0.222376  -9.79648  13405
             36.6002 -1.40194  1.56489  75.6526   14.743  1.39236 0.113521 0 0 0 -0.186      0  0.086   0.186695   0.421913 -0.0919147  -0.00152062  -0.00112572 -0.000644457  -0.0955133 -0.00556398  0.00611702  0.439747 -0.227803  -9.79649  13139
             36.7011 -0.937712    1.4535   75.8172   14.763  1.44859 0.114964 0 0 0 -0.186      0  0.086   0.276199   0.564074 -0.0477073  -0.00153332  -0.00136418 -0.000636097    -0.10306 -0.00442288  0.00411239   0.43236 -0.226583  -9.79685  13302
             36.8007 -1.04991  1.57707  75.5583 14.7776 1.49952 0.13783 0 0 0 -0.186      0  0.086 0.159294 0.457457  0.15232  -0.00127733  -0.00150492 -0.000560184   -0.108323  -0.0112323 0.000620799  0.427062 -0.233216  -9.79692  12984
             36.9002  -1.8532 0.955058  75.6725  14.8022  1.52649 0.150281 0 0 0 -0.186      0  0.086 0.179333  0.38172 0.112061 -0.00118462 -0.00155483 -0.00059884 -0.0928978 -0.0135244 0.00165644  0.442143 -0.235718  -9.79619  12889
             37.0011 -1.37916  1.06994  75.6394  14.8132  1.58457 0.187428 0 0 0 -0.186      0  0.086  0.17358 0.591175 0.159463  -0.00134696  -0.00178446 -0.000584449   -0.105433  -0.0127106 -0.00325932  0.429871 -0.234796  -9.79676  13039
             37.1004 -1.88094 0.921433  75.4994  14.8274  1.66351 0.207732 0 0 0 -0.186      0  0.086 0.178858 0.721348 0.147418  -0.00109456  -0.00194525 -0.000564383   -0.116509  -0.0102895 -0.00393895  0.419063 -0.232235  -9.79729  12777
             37.2001 -1.61855  1.39551  75.5856  14.8391  1.71022 0.207017 0 0 0 -0.186      0  0.086 0.137926 0.499857 0.155486 -0.00127127 -0.00206172  -0.0006093    -0.109573   -0.0216574 -0.000872023  0.425628 -0.243409  -9.79674  12706
              37.301 -0.979841   1.28659   75.4759  14.8496  1.74985 0.203907 0 0 0 -0.186      0  0.086  0.122085  0.420271 0.0292079   -0.0014636  -0.00178895 -0.000595055  -0.106009 -0.0266274 0.00126686  0.429022 -0.248277  -9.79647  12836
             37.4006 -2.03299  1.52304  75.4578 14.8647  1.7902 0.21357 0 0 0 -0.186      0  0.086  0.185471  0.531954 0.0299497  -0.00104028  -0.00186488 -0.000592159  -0.102069  -0.029372 0.00047118  0.432827 -0.251056  -9.79623  12608
             37.5001 -1.23397  1.77184  75.4383 14.8871 1.83255  0.1952 0 0 0 -0.186      0  0.086  0.186154  0.437819 0.0166031  -0.00172337  -0.00166534 -0.000550622 -0.0936397 -0.0337876 0.00394398  0.440995 -0.255437  -9.79575  12598
             37.5996 -1.31056  1.54929  75.8179  14.8964  1.87111 0.186068 0 0 0 -0.186      0  0.086   0.0945622    0.364419 -0.00806198  -0.00140409  -0.00145207 -0.000638214 -0.0966175 -0.0395892 0.00552458  0.437972 -0.261005  -9.79574  12595
             37.7005 -0.891773   1.37915   75.9032  14.9067  1.89331 0.157545 0 0 0 -0.186      0  0.086 0.0758233  0.249016 -0.289637  -0.00110422   -0.0013147 -0.000536227 -0.0892754  -0.045457 0.00907257  0.445048 -0.266786  -9.79527  12701
                37.8 -0.489813   1.19924   75.8272  14.8921  1.91947 0.148745 0 0 0 -0.186      0  0.086 0.0159711   0.39576 -0.257886 -0.00129686 -0.00112033 -0.00059484 -0.0945704 -0.0603532 0.00692323  0.439578 -0.281282  -9.79511  12421
             37.8995 -2.94239  1.73078   75.966  14.9169  1.96139 0.183954 0 0 0 -0.186      0  0.086   0.109576   0.334676 0.00906905  -0.00056939  -0.00110844 -0.000502885 -0.0877583 -0.0463026 0.00114579  0.446506 -0.267807  -9.79517  12392
             38.0004 -1.04603  1.64948   75.438  14.9119  1.99897 0.149241 0 0 0 -0.186      0  0.086  0.156762  0.291034 -0.117689    -0.001625 -0.000995727 -0.000508322 -0.0984182 -0.0531741 0.00607447  0.435947 -0.274202  -9.79547  12611
             38.0999 -1.23497  2.01856  75.7326  14.9301   2.0459 0.133256 0 0 0 -0.186      0  0.086  0.288769  0.447419 -0.133831  -0.00155345 -0.000800231 -0.000577977  -0.105216  -0.049745 0.00646481  0.429374 -0.270721  -9.79586  12334
             38.2008 -1.89548  1.89956  75.8611  14.9581  2.09808 0.109892 0 0 0 -0.186      0  0.086   0.271578   0.442119 -0.0493784  -0.00142617 -0.000698917 -0.000481395  -0.109088 -0.0487198 0.00785789   0.42562 -0.269615  -9.79605  12537
             38.3004 -1.0321 1.88953 75.6454  14.9683  2.14842 0.102029 0 0 0 -0.186      0  0.086   0.148253    0.39589 -0.0678159  -0.00148536 -0.000467505 -0.000449421  -0.117943 -0.0509112 0.00738379  0.416927 -0.271585  -9.79637  12285
             38.4012 -1.50641  1.81794  75.6155  14.9755  2.19228 0.112709 0 0 0 -0.186      0  0.086    0.07451   0.470844 -0.0839488   -0.0011132 -0.000547655 -0.000459912  -0.119231  -0.051957 0.00399258   0.41563 -0.272642   -9.7964  12449
             38.5007 -1.06496  1.65534  75.7156   14.986  2.24404 0.106968 0 0 0 -0.186      0  0.086 0.0890533  0.550766 -0.166267  -0.00118227 -0.000559527 -0.000498692  -0.116348 -0.0496737 0.00346234  0.418491 -0.270487  -9.79634  12231
             38.6003 -1.56202  1.59481  75.6572     14.99   2.29423 0.0949902 0 0 0 -0.186      0  0.086  0.0742541   0.426618 -0.0256583  -0.00131016 -0.000569491 -0.000520214  -0.118497  -0.051239 0.00385299  0.416361 -0.271957  -9.79639  12203
             38.6998 -0.650191   1.59356   75.8078   14.9905   2.33695 0.0726438 0 0 0 -0.186      0  0.086 0.0892127  0.396046 -0.145445  -0.0017115 -0.00061251 -0.00055565  -0.123486 -0.0543589 0.00559004  0.411433 -0.274848  -9.79651  12132
             38.8007 -1.52628  1.66798  75.6352   15.0083   2.38532 0.0845185 0 0 0 -0.186      0  0.086   0.194183   0.545397 -0.0830656  -0.00126165 -0.000744488 -0.000466188  -0.123463 -0.0516496 0.00158087  0.411506 -0.272305  -9.79658  12276
             38.9001 -1.62384  1.64874  75.5756   15.0239   2.44317 0.0871003 0 0 0 -0.186      0  0.086  0.189087  0.468767 0.0619068  -0.00141299 -0.000546674 -0.000466323  -0.126386  -0.052952 0.00028679  0.408625 -0.273536  -9.79667  12078
              39.001 -1.54487  1.66916   75.752  15.0367  2.49335 0.113416 0 0 0 -0.186      0  0.086 0.143223 0.398113 0.131821  -0.00130907 -0.000627035 -0.000492322   -0.131244  -0.0521823 -0.00293848  0.403906 -0.272755  -9.79688  12230
             39.1006 -1.69377  1.44173  75.6696  15.0364  2.53879 0.113571 0 0 0 -0.186      0  0.086 0.0615538  0.437888 0.0492093  -0.00134841 -0.000633146 -0.000470058   -0.137736  -0.0559037 -0.00187428 0.397497 -0.27619 -9.79705  12033
             39.2001 -1.18616  1.55392  75.6789  15.0286  2.58709 0.102901 0 0 0 -0.186      0  0.086 0.0549506  0.597181  0.140952  -0.00151774 -0.000769139 -0.000471141     -0.14102   -0.0630644 -0.000133924  0.394131 -0.283019  -9.79699  11966
              39.301 -2.69536  1.91702  75.7237 15.0301 2.65376 0.15514 0 0 0 -0.186      0  0.086 0.0755165  0.468945  0.140312  -0.00100245  -0.00037109 -0.000460999   -0.146815  -0.0607093 -0.00604449  0.388536 -0.280759  -9.79728  12173
             39.4005 -1.47696  1.57178  75.7001  15.0332  2.69389 0.152966 0 0 0 -0.186      0  0.086 0.0645106  0.392713 0.0528411  -0.00139473 -0.000539782 -0.000470992   -0.146606  -0.0631347 -0.00343981  0.388688 -0.283043  -9.79721  11961
                39.5 -1.21267  1.54952  75.6748 15.0368 2.73346 0.12512 0 0 0 -0.186      0  0.086   0.119136   0.483223 -0.0593504  -0.00146178 -0.000524346 -0.000453824  -0.147263 -0.0658072 0.00102746  0.388007 -0.285486  -9.79716  11890
             39.6009 -1.82186  1.35927  75.6596   15.0552    2.7847 0.0992067 0 0 0 -0.186      0  0.086   0.149493   0.513623 -0.0455306  -0.00155338 -0.000493461 -0.000404588  -0.144707 -0.0645335 0.00388084   0.39054 -0.284231   -9.7971  12038
             39.7002 -1.22896  1.71299  75.6473   15.0594   2.83151 0.0957248 0 0 0 -0.186      0  0.086  0.0866039   0.384555 -0.0137964  -0.00174233 -0.000474334 -0.000429626  -0.148691 -0.0673551 0.00377879  0.386597 -0.286864  -9.79718  11818
             39.7999 -1.41393  1.55874  75.7936  15.0703  2.87706 0.090311 0 0 0 -0.186      0  0.086  0.103306  0.407058 -0.119323  -0.00138141 -0.000216338 -0.000447893 -0.151358 -0.063813 0.0036941  0.384104 -0.283366  -9.79738  11820
             39.9008 -1.59164  1.56228  75.7365   15.0743   2.93172 0.0794746 0 0 0 -0.186      0  0.086 0.0594075  0.571574 -0.114786  -0.00138742 -0.000323651 -0.000422414   -0.15473 -0.0634934 0.00313376   0.38084 -0.282981  -9.79752  11949
             40.0003 -2.0363 1.79036 75.7757   15.0765   2.98033 0.0828834 0 0 0 -0.186      0  0.086 6.76195e-05    0.419264  -0.0419812   -0.0010342 -0.000210623 -0.000429993  -0.153982 -0.0643766 0.00173096  0.381535 -0.283895  -9.79746  11638
             40.1012 -1.54853  1.47147  75.8244   15.0805   3.02645 0.0793996 0 0 0 -0.186      0  0.086  0.0332964   0.379984 -0.0772398  -0.00141061 -0.000200706 -0.000443448  -0.155649 -0.0611344 0.00148296  0.380011 -0.280719  -9.79762  11824
             40.2008 -1.24266  1.61444  75.7971   15.0815   3.07057 0.0736478 0 0 0 -0.186      0  0.086  0.0796724   0.487221 -0.0569012  -0.00152708 -0.000363867 -0.000431682   -0.158032  -0.0622565 0.000962612 0.377668 -0.28175 -9.79768  11622
             40.3003 -1.75907  1.79443  75.8567   15.0854   3.13378 0.0742003 0 0 0 -0.186      0  0.086   0.134516   0.584068 -0.0354031  -0.00139167 -0.000324931 -0.000421744     -0.16229   -0.0629641 -0.000356398  0.373519 -0.282348  -9.79782  11483
             40.4011 -1.06407  1.73128  75.8788   15.0976   3.18281 0.0720979 0 0 0 -0.186      0  0.086   0.119277   0.383183 0.00766539  -0.00175342 -0.000323112 -0.000409166    -0.162711   -0.0625987 -0.000238031  0.373123 -0.281979  -9.79784  11552
             40.5007 -1.07971  1.73418  75.8741   15.1137   3.22018 0.0830312 0 0 0 -0.186      0  0.086     0.158261     0.353899 -3.30332e-05  -0.00156496  -0.00030005 -0.000389118    -0.16255  -0.0606933 -0.00200296  0.373326 -0.280196  -9.79789  11316
             40.6002 -1.19637  1.55371  75.9147   15.1334   3.26435 0.0797471 0 0 0 -0.186      0  0.086   0.209697    0.47768 -0.0267781  -0.00139013  -0.00032406 -0.000412047   -0.163751  -0.0582426 -0.00191121  0.372241 -0.277793    -9.798  11204
              40.701 -1.80613  1.90927  75.6125   15.1403   3.32447 0.0908305 0 0 0 -0.186      0  0.086 0.142589 0.452375   0.1409 -0.000970844 -0.000291374 -0.000391084   -0.170938  -0.0616085 -0.00330686  0.365187 -0.280853  -9.79818  11074
             40.8006 -1.52564  1.65524  75.7972 15.1661 3.36133 0.10363 0 0 0 -0.186      0  0.086  0.204918  0.351107 0.0296341  -0.00133494  -0.00021964 -0.000454469   -0.167053  -0.0582784 -0.00333232  0.369045 -0.277766  -9.79812  10945
             40.9001 -1.41891  1.64671   75.767   15.1871   3.39375 0.0958149 0 0 0 -0.186      0  0.086   0.242516   0.355526 -0.0325414  -0.00123047 -0.000278185 -0.000444078    -0.16654  -0.0592261 -0.00195285  0.369513 -0.278658  -9.79808  10828
              41.001 -1.23653  1.89964  75.7383   15.2149   3.44372 0.0782275 0 0 0 -0.186      0  0.086   0.341977   0.542429 -0.0726562  -0.00132092 -0.000365299 -0.000422581    -0.169151    -0.058142 -0.000559997 0.367037 -0.27749  -9.7982  10780
             41.1005 -1.22237  1.74354  75.6091   15.2406   3.50257 0.0783767 0 0 0 -0.186      0  0.086   0.234438   0.437982 0.00437217  -0.00129105 -0.000215729 -0.000381356   -0.173485  -0.0583419 -0.00140727  0.362849 -0.277558  -9.79836  10568
                41.2 -1.83231  1.50957  75.6913   15.2576    3.5455 0.0799268 0 0 0 -0.186      0  0.086   0.178974   0.349249 -0.0204722  -0.00105627 -0.000123702 -0.000424264   -0.176234  -0.0590861 -0.00185864  0.360173 -0.278191  -9.79844  10532
             41.3009 -1.39598  1.80664   75.713   15.2653   3.58902 0.0697726 0 0 0 -0.186      0  0.086   0.115832   0.430471 -0.0775217  -0.00134272 -0.000239836 -0.000419097   -0.180352   -0.060381 -0.00150993 0.356163 -0.27928 -9.79855  10663
             41.4005 -0.587508   2.23869   75.5784   15.2714   3.64532 0.0874728 0 0 0 -0.186      0  0.086  0.143569  0.535646 0.0567965   -0.0015404 -0.000282146 -0.000415022   -0.183049  -0.0612115 -0.00468461  0.353519 -0.280063  -9.79863  10484
                41.5 -1.25028   2.0902  75.8646   15.2835    3.6796 0.0936056 0 0 0 -0.186      0  0.086 0.0982545  0.352381 0.0907549  -0.00139051 -0.000217019 -0.000536617   -0.17947 -0.0635049 -0.0038083   0.35688 -0.282374  -9.79844  10415
             41.6009 -0.444077   2.39324   76.0001   15.2771   3.73617 0.0866336 0 0 0 -0.186      0  0.086 0.0123436  0.367007 0.0130158  -0.00194081 -0.000142373 -0.000606214   -0.189624  -0.0626874 -0.00221707  0.347165 -0.281177  -9.79882  10550
             41.7004 -0.745276   2.44923   75.8113   15.2768   3.78169 0.0814047 0 0 0 -0.186      0  0.086  0.0549785   0.504563 -0.0518035  -0.00176824 -0.000124383 -0.000516662   -0.191724  -0.0629583 -0.00173378  0.345142 -0.281348  -9.79889  10410
             41.7999 -0.368853   3.01215   75.9416   15.2875   3.83091 0.0614028 0 0 0 -0.186      0  0.086  0.0974036   0.459798 -0.0039604   -0.0019453  -0.00027069 -0.000481449    -0.19087  -0.0626267 0.000442377  0.345992 -0.281027  -9.79887  10316
             41.9008 -0.344821   2.35751    75.804    15.288   3.87728 0.0453381 0 0 0 -0.186      0  0.086  0.0703094   0.332052 -0.0263181  -0.00197103  6.47579e-05 -0.000459729  -0.195893 -0.0638378 0.00253044  0.341143 -0.281972  -9.79901  10590
             42.0003 -0.918496   2.13849   75.8332   15.3069   3.91867 0.0536831 0 0 0 -0.186      0  0.086    0.15588    0.38002 -0.0276202  -0.00166991 -3.85616e-05 -0.000475812  -0.196095 -0.0582759 0.00062727  0.341156 -0.276656  -9.79916  10449
             42.1011 -0.807845   1.89775   75.8412   15.3301   3.97272 0.0438409 0 0 0 -0.186      0  0.086   0.213997   0.569482 -0.0630468  -0.00146987 -1.19503e-05 -0.000446024    -0.19773    -0.05436 0.000987351  0.339748 -0.272846  -9.79932  10638
             42.2007 -1.81999  2.04198  75.5908   15.3563   4.04312 0.0491248 0 0 0 -0.186      0  0.086  0.248091  0.587507 0.0205761  -0.00139812 -0.000123829  -0.00043641    -0.199917   -0.0518258 -0.000242007  0.337755 -0.270345  -9.79945  10502
             42.3003 -0.557145    2.4353   75.7516   15.3767   4.08674 0.0639576 0 0 0 -0.186      0  0.086 0.221194 0.373372 0.027175  -0.00183684 -0.000204891 -0.000496093    -0.19852  -0.0537214 -0.00176515  0.339005 -0.272229  -9.79936  10582
             42.4011 -0.232676   2.17436   75.7366    15.391   4.12276 0.0673102 0 0 0 -0.186      0  0.086    0.16712   0.324047 -0.0764176 -0.00175846 -0.00021713 -0.00049988   -0.199502  -0.0545215 -0.00195279  0.338031 -0.272953  -9.79937  10860
             42.5003 -1.60897  2.63048  75.6629   15.4024   4.16483 0.0649641 0 0 0 -0.186      0  0.086  0.135327  0.454822 0.0565767  -0.00135805 -0.000257355 -0.000493446   -0.201567  -0.0550709 -0.00220356  0.336032 -0.273392  -9.79943  10631
             42.6001 -1.95882  2.16321  75.8559    15.416   4.20857 0.0588425 0 0 0 -0.186      0  0.086  0.129572  0.366748 0.0860539  -0.00189057 -0.000203577 -0.000506899   -0.202209  -0.0553334 -0.00104435  0.335415 -0.273599  -9.79944  10717
              42.701 -0.941717     2.066   75.6397   15.4178   4.24237 0.0489616 0 0 0 -0.186      0  0.086  0.0730547   0.254595 -0.0112386  -0.00200024 -0.000242615 -0.000488681   -0.205448  -0.0576835 0.000817523  0.332236 -0.275664   -9.7995  10951
             42.8006 -1.35015  1.63095  75.7004   15.4238   4.27177 0.0312227 0 0 0 -0.186      0  0.086 0.0350981  0.324366  -0.11285  -0.00151696 -0.000112474 -0.000462651  -0.206483 -0.0569275 0.00237562    0.3313 -0.274872  -9.79955  10829
             42.9001 -0.570641   2.18376   75.9243   15.4217   4.31574 0.0265074 0 0 0 -0.186      0  0.086   0.052579   0.520011 -0.0555447  -0.00157168 -0.000331109 -0.000507109  -0.208044 -0.0577139  0.0016302  0.329769 -0.275561  -9.79958  10785
             43.0007 -1.84481  2.57635  75.7219   15.4241   4.37723 0.0541724 0 0 0 -0.186      0  0.086 0.0631821  0.442127 0.0765838  -0.00138973 -0.000209146 -0.000451986   -0.211258  -0.0572172 -0.00222281  0.326699 -0.275018   -9.7997  10948
             43.1005 -0.651948   2.52808   75.8464  15.4298  4.41769 0.056436 0 0 0 -0.186      0  0.086    0.0714716     0.353322 -0.000975201  -0.00192049 -0.000254144 -0.000517148  -0.211838 -0.0572714 -0.0021063  0.326145 -0.275039  -9.79972  10922
                43.2 -0.819703   2.26292    75.858   15.4389   4.45791 0.0376038 0 0 0 -0.186      0  0.086   0.109215   0.416911 -0.0530901  -0.00175983 -7.50045e-05 -0.000514894   -0.213416  -0.0561755 0.000164052  0.324724 -0.273876   -9.7998  10920
             43.3009 -0.367329   2.21947   75.8584  15.4471   4.5165 0.012496 0 0 0 -0.186      0  0.086   0.162596   0.557021 -0.0155532   -0.0018337  5.34077e-05 -0.000522003   -0.21727 -0.0559919  0.0020849  0.321094 -0.273478  -9.79993  11129
             43.4004 -0.701153   2.25284   75.7036    15.461   4.57732 0.0225271 0 0 0 -0.186      0  0.086   0.156292   0.429964 0.00364813  -0.00163794  8.79967e-05 -0.000476874    -0.22047  -0.0545625 0.000716982  0.318113 -0.271989  -9.80007  10988
             43.4999 -0.741947    2.2263   75.8721   15.4703   4.62381 0.0231005 0 0 0 -0.186      0  0.086   0.155286   0.381213 -0.0218464   -0.0016276  4.91105e-06 -0.000516157   -0.223265  -0.0551608 0.000458961 0.315429 -0.27242 -9.80014  11009
             43.6008 -0.509084    2.2568   75.8213   15.4869   4.67336 0.0217289 0 0 0 -0.186      0  0.086    0.20134   0.520866 -0.0600087  -0.00168033 -6.67577e-05 -0.000453352    -0.225045   -0.0540062 -8.45266e-05  0.313797 -0.271245  -9.80023  11287
             43.7005 -0.0462533     2.3713    75.6804  15.5084  4.73897 0.026975 0 0 0 -0.186      0  0.086   0.191457   0.557537 -0.0337406  -0.00178881 -0.000183263 -0.000471604   -0.226723  -0.0524828 -0.00128701  0.312278 -0.269735  -9.80032  11332
             43.7996 -0.593588   2.68225   75.9198   15.5278   4.77814 0.0562528 0 0 0 -0.186      0  0.086 0.176164  0.38112 0.105968  -0.00162489 -0.000221058 -0.000507137   -0.223984  -0.0535497 -0.00435019  0.314798 -0.270923   -9.8002  11389
             43.9007 0.189196  2.13383  75.7166   15.5382   4.82251 0.0460624 0 0 0 -0.186      0  0.086   0.152827   0.350632 -0.0545141  -0.00191848 -5.63168e-05 -0.000482601   -0.226847  -0.0534392 -0.00238718  0.312105 -0.270646   -9.8003  11755
             44.0003 -0.454431   2.15759   75.7852  15.5536  4.87154 0.048715 0 0 0 -0.186      0  0.086   0.243743   0.522918 -0.0617459   -0.0016809 -0.000259863 -0.000480523    -0.22907  -0.0530816 -0.00336415  0.310019 -0.270199  -9.80038  11690
             44.0998 -0.91679  2.10683  75.8133  15.5769  4.92781 0.052344 0 0 0 -0.186      0  0.086 0.210842 0.458737 0.106046  -0.00160036 -0.000310373 -0.000438753   -0.229896   -0.052596 -0.00362675  0.309266 -0.269699  -9.80041  11790
             44.2007 -0.0992351    2.02235    75.8514   15.5975     4.971 0.0714341 0 0 0 -0.186      0  0.086  0.163804  0.382959 0.0953643  -0.00174467 -0.000413668 -0.000451477   -0.229673  -0.0520464 -0.00482822  0.309505 -0.269207  -9.80042  12088
             44.3002 -0.72907  1.62066  75.9195    15.613   5.01504 0.0882505 0 0 0 -0.186      0  0.086  0.134682  0.477745 0.0533811  -0.00146863 -0.000524728 -0.000467727   -0.230447  -0.0514924 -0.00587166  0.308807 -0.268656  -9.80046  12006
              44.401 -0.00855436     1.93865     75.8581    15.629   5.07738 0.0867626 0 0 0 -0.186      0  0.086  0.110627  0.584282 0.0306857  -0.00149724 -0.000632925  -0.00038063    -0.23195  -0.0499923 -0.00502404  0.307478 -0.267147  -9.80054  12243
             44.5006 -0.552566   1.57298   75.9664   15.6301   5.12826 0.0847977 0 0 0 -0.186      0  0.086  0.0972715   0.431612 -0.0297195  -0.00164355 -0.000337604 -0.000421025   -0.233158  -0.0519507 -0.00435385  0.306226 -0.268903  -9.80053  12073
             44.6001 -0.543213   1.45638    75.818   15.6298   5.17086 0.0847513 0 0 0 -0.186      0  0.086   0.103484   0.426487 -0.0695871  -0.00150646 -0.000647296 -0.000370315   -0.234562  -0.0540102 -0.00478304  0.304783 -0.270761  -9.80052  12146
             44.7009 -1.02102  1.31623  75.8205   15.6354   5.21445 0.0672283 0 0 0 -0.186      0  0.086  0.129043  0.518379 -0.117321   -0.0012666 -0.000618827 -0.000379647   -0.234857  -0.0559584 -0.00353449  0.304389 -0.272542  -9.80049  12400
             44.8007 -1.25988  1.21224  75.9064   15.6517   5.28006 0.0517226 0 0 0 -0.186      0  0.086  0.147424   0.59757 -0.109513  -0.00109826 -0.000628915 -0.000378095  -0.236367 -0.0547501 -0.0035608 0.303046 -0.27132 -9.80056  12288
                44.9 -0.9481 1.61758 75.7039   15.6638   5.32728 0.0768539 0 0 0 -0.186      0  0.086  0.167396  0.382594 0.0971693  -0.00119695 -0.000696109 -0.000353229   -0.235866  -0.0554053 -0.00651542  0.303471 -0.272046  -9.80053  12365
             45.0009 -0.50061   1.9496  75.8147   15.6897   5.36674 0.0994493 0 0 0 -0.186      0  0.086  0.225392  0.446904 0.0771985  -0.00136924 -0.000905263 -0.000321683   -0.233929  -0.0533945 -0.00825783  0.305408 -0.270342  -9.80052  12629
             45.1005 -0.978513   1.50928   75.7369   15.7099   5.41587 0.0966094 0 0 0 -0.186      0  0.086 0.272967 0.580497 0.123886  -0.00119369 -0.000872515 -0.000351721   -0.234029  -0.0545015 -0.00725384  0.305246 -0.271338  -9.80049  12456
             45.1999 -1.11518  1.66587  75.9058  15.7355  5.46492 0.116984 0 0 0 -0.186      0  0.086 0.190239 0.440534 0.085844  -0.00110592 -0.000785297 -0.000372508   -0.233056   -0.054168 -0.00813654  0.306175 -0.271117  -9.80047  12188
             45.3005 -0.987113   1.30912   75.7999  15.7522  5.50814 0.094047 0 0 0 -0.186      0  0.086   0.117807   0.398316 -0.0586961   -0.0011584  -0.00077944 -0.000343625   -0.233649  -0.0537331 -0.00487121  0.305659 -0.270573   -9.8005  12207
             45.4004 -1.47395  1.42281  75.6793   15.7571   5.55562 0.0861885 0 0 0 -0.186      0  0.086  0.141651  0.519333 -0.101456 -0.00105124 -0.00085755 -0.00029025   -0.235695  -0.0551723 -0.00489162  0.303654 -0.271779  -9.80053  11873
             45.4999 -1.81013  1.09751  76.0113   15.7733   5.61807 0.0756232 0 0 0 -0.186      0  0.086   0.162544   0.599884 -0.0143273  -0.00104462 -0.000936225  -0.00036501   -0.236295  -0.0544664 -0.00489751  0.303142 -0.271082  -9.80057  11823
             45.6008 -1.61257 0.967848  75.9987    15.794   5.67139 0.0556876 0 0 0 -0.186      0  0.086   0.136267   0.442352 -0.0437373  -0.00106504 -0.000716227  -0.00031807   -0.235953  -0.0526088 -0.00261258  0.303599 -0.269303   -9.8006  11941
             45.7003 -0.916554    1.6979   76.0174  15.8001  5.71448 0.085284 0 0 0 -0.186      0  0.086  0.0991131    0.43515 -0.0175363  -0.00115942 -0.000921802 -0.000303412   -0.236649  -0.0544473 -0.00699098  0.302796 -0.271121  -9.80058  11704
             45.7998 -1.32249  1.33851  76.0183   15.8058   5.76073 0.0903419 0 0 0 -0.186      0  0.086  0.0961573   0.589475 0.00235945  -0.00103189 -0.000870988 -0.000296425   -0.236266  -0.0561168 -0.00793396   0.30303 -0.272732  -9.80052  11718
             45.9007  -1.259 2.24984 75.8391  15.8079  5.81352 0.121938 0 0 0 -0.186      0  0.086 0.0538685  0.480594   0.21519   -0.0012072 -0.000908195 -0.000338344    -0.2366 -0.0589096 -0.0102725  0.302509 -0.275387  -9.80047  11882
             46.0002 -1.08828  1.65866  75.7936  15.8181  5.85286 0.141655 0 0 0 -0.186      0  0.086 0.0788052  0.417921  0.153898  -0.00131196 -0.000768032 -0.000327995  -0.235191 -0.0587094 -0.0103874  0.303829 -0.275304  -9.80043  11769
             46.0995 -1.03456  1.72886  75.7575  15.8258  5.89951 0.157501 0 0 0 -0.186      0  0.086  0.12214 0.498144 0.142681  -0.00146734 -0.000828744  -0.00032599  -0.236099 -0.0587963 -0.0103705 0.302982 -0.27532 -9.80045  11873
             46.2006 -1.74832  1.40336   75.771 15.8455 5.96171 0.15555 0 0 0 -0.186      0  0.086 0.172651 0.678427  0.10055  -0.00103176 -0.000710208 -0.000294339   -0.236234  -0.0576297 -0.00860902  0.302952 -0.274172  -9.80049  12245
             46.3001 -1.34427  1.38937  75.6992  15.8548  6.01522 0.140657 0 0 0 -0.186      0  0.086  0.127056  0.490843 0.0973987  -0.00117706  -0.00073067 -0.000287228   -0.236024  -0.0598076 -0.00532309  0.303006 -0.276088  -9.80043  12160
             46.3997 -1.38346  1.34411  75.7901   15.869  6.05258 0.114902 0 0 0 -0.186      0  0.086   0.108156   0.412109 -0.0389432  -0.00115814 -0.000617315 -0.000266811  -0.234618  -0.060506 -0.0018844  0.304277 -0.276721  -9.80037  12235
             46.5005 -0.668141   1.54714   75.8199   15.8764   6.09663 0.0932458 0 0 0 -0.186      0  0.086  0.128174  0.539883 -0.153568  -0.00143937 -0.000747168 -0.000276707  -0.234973 -0.0618841 -0.0004474  0.303855 -0.277914  -9.80035  12462
                46.6 -1.21525  1.59258  75.8422   15.9037   6.14412 0.0481878 0 0 0 -0.186      0  0.086   0.165531   0.480763 -0.0449093 -0.000720574  -0.00063568 -0.000302106  -0.232556 -0.0606406 0.00367639  0.306209 -0.276817  -9.80031  12222
             46.7009 -1.17086   1.5323  75.8604   15.9191   6.18205 0.0403475 0 0 0 -0.186      0  0.086  0.149058  0.372556 -0.138959  -0.00123272 -0.000493162 -0.000307616  -0.231741  -0.061362 0.00343162  0.306901 -0.277551  -9.80027  12440
             46.8005 -0.768662    1.4933   75.8067   15.9269   6.21641 0.0452361 0 0 0 -0.186      0  0.086    0.1621  0.383327 -0.139305  -0.00133388 -0.000577097 -0.000335705  -0.232201 -0.0633725 0.00118242  0.306304 -0.279434  -9.80023  12233
             46.9013 -0.752222   1.87201   75.7732   15.9482   6.26193 0.0570125 0 0 0 -0.186      0  0.086   0.257534    0.53549 -0.0402513  -0.00140762  -0.00065285 -0.000305254   -0.231589  -0.0634806 -0.00132584  0.306841 -0.279662  -9.80021  12384
             47.0009 -0.337322   1.63821   75.7219   15.9664   6.31436 0.0592767 0 0 0 -0.186      0  0.086  0.180875  0.408073 0.0764322  -0.00146065  -0.00059586 -0.000317168   -0.233037  -0.0631497 -0.00132918  0.305539 -0.279244  -9.80026  12132
             47.1004 -0.0439709    1.93228    75.8019   15.9806   6.34957 0.0751273 0 0 0 -0.186      0  0.086  0.132426   0.40061 0.0284242  -0.00161119 -0.000638947 -0.000296718   -0.232406   -0.064066 -0.00243016   0.30604 -0.280165  -9.80022  12119
             47.1999 -0.84289  1.62723   75.707   15.9865   6.39438 0.0783413 0 0 0 -0.186      0  0.086 0.0944689  0.557703 0.0188575  -0.00131339 -0.000648429  -0.00031762   -0.232905  -0.0653192 -0.00260174   0.30548 -0.281273  -9.80021  12102
             47.3007 -0.556158   1.69475   75.6991   15.9826   6.46221 0.0550812 0 0 0 -0.186      0  0.086 0.0389256  0.528233 0.0532452  -0.00101244 -0.000498749  -0.00031574   -0.236673  -0.0668521 0.000589396 0.301902 -0.28228 -9.80029  12280
             47.4003 -0.932413   1.61701   75.8282   15.9907   6.50565 0.0600675 0 0 0 -0.186      0  0.086   0.038009   0.411907 -0.0294041  -0.00130357 -0.000324559 -0.000313742   -0.235381  -0.0662364 0.000192414  0.303136 -0.281837  -9.80026  12076
             47.4998 -1.24001  1.67838  75.7548   15.9933   6.54408 0.0687738 0 0 0 -0.186      0  0.086  0.0683257   0.422646 -0.0529285  -0.00121617 -0.000459094 -0.000354531   -0.235282  -0.0671296 -0.00120496  0.303151 -0.282691  -9.80024  12052
             47.6007 -1.62369  1.62181  77.5514  16.0152  6.59109 0.069118 0 0 0 -0.186      0  0.086  0.182795  0.543081 0.0693661  -0.00123275 -0.000397009 -0.000633014   -0.234023   -0.065353 -0.00133241  0.304452 -0.281185  -9.80024  12188
             47.7002 -1.79567  1.75969  79.2636   16.0102   6.63047 0.0915035 0 0 0 -0.186      0  0.086 0.103199 0.365153 0.134783   -0.0013991 -0.000372781 -0.000719243   -0.235033  -0.0707995 -0.00240422  0.303071 -0.286083  -9.80014  11935
             47.7984 -2.79331  1.48692   83.027   16.0162   6.67402 0.0939459 0 0 0 -0.186      0  0.086 0.0586317  0.382093  0.044909  -0.00108565 -0.000177523   -0.0010367   -0.236968  -0.0700832 -0.00144426  0.301371 -0.285254  -9.80022  11723
             47.8993 -3.73285  1.28577    87.54   16.0115   6.73582 0.0842857 0 0 0 -0.186      0  0.086 -0.0359893   0.610489 -0.0485813  -0.00099558 -0.000145408  -0.00118439     -0.24074   -0.0694649 -0.000431311  0.297985 -0.284418  -9.80035  12084
             47.9988 -3.87012  2.13092  92.6787   15.9865   6.77613 0.0764179 0 0 0 -0.186      0  0.086 -0.179034  0.483905 0.0488606  -0.00108706 -0.000327975  -0.00132542   -0.239867  -0.0765369 0.000335018  0.298573 -0.290931  -9.80014  11866
             48.0984 -4.21216  2.07964  98.7433   15.9659   6.82875 0.0851689 0 0 0 -0.186      0  0.086 -0.159328  0.404499  0.044101  -0.00150883 -0.000292972  -0.00136271    -0.242491   -0.0761242 -0.000233603  0.296149 -0.290553  -9.80022  11979
             48.1993 -3.64673  2.17944  104.353  15.9352   6.8798 0.107997 0 0 0 -0.186      0  0.086 -0.257892  0.449398 0.0594068  -0.00145319 -0.000559697   -0.0013875   -0.246126  -0.0766903 -0.00245857  0.292756 -0.291307   -9.8003  12206
             48.3001 -4.06014  2.63826  109.888  15.8961  6.93254 0.123759 0 0 0 -0.186      0  0.086 -0.357083  0.578681  0.145455  -0.00165762 -0.000682242  -0.00136135   -0.248318   -0.078301 -0.00364837  0.290828 -0.293027  -9.80031  12292
             48.4009 -3.83706  3.10393  115.521  15.8492  6.97501 0.135262 0 0 0 -0.186      0  0.086 -0.389934  0.436362  0.148025  -0.00177115 -0.000823912   -0.0013443   -0.248923  -0.0825948 -0.00341485  0.290793 -0.297058  -9.80019  12388
             48.5018 -3.32261  3.43748  121.883  15.8092  7.01185 0.111001 0 0 0 -0.186      0  0.086  -0.358216   0.307268 -0.0909409  -0.00134371 -0.000963715  -0.00144482    -0.24917  -0.0844668 0.000187323     0.291 -0.298585  -9.80014  12507
             48.6023 -2.16253  3.30795  125.456  15.7772  7.02197 0.116639 0 0 0 -0.186      0  0.086   -0.196402   0.0638334 -0.00374513  -0.00204402 -0.000586053  -0.00109497   -0.248338   -0.087493 -0.00134852  0.292253 -0.301309  -9.80001  12554
             48.7022 -0.6328 3.31292 129.198  15.7764  7.02093 0.106089 0 0 0 -0.186      0  0.086   -0.114293 -0.00900517  -0.0613214  -0.00186853 -0.000444231 -0.000969866   -0.244054  -0.0863561 0.000611005  0.295954 -0.299271  -9.79997  12270
              48.803 -0.317118   2.75604   131.146   15.7589   7.00874 0.0646275 0 0 0 -0.186      0  0.086 -0.206871 -0.123358 -0.254805  -0.00144852 -0.000220398  -0.00073233  -0.244031 -0.0885436 0.00372922 0.296601 -0.30108 -9.79989  12345
             48.9026 0.369643  2.67613   132.05   15.7555   6.99335 0.0438165 0 0 0 -0.186      0  0.086 -0.204745    -0.149 -0.216512  -0.00172192 -2.83341e-05 -0.000512773  -0.236872 -0.0859206 0.00366447  0.302336 -0.296932  -9.79984  12110
             49.0021 0.577934  2.44277  132.418   15.7561   6.99048 0.0378562 0 0 0 -0.186      0  0.086 -0.140189 -0.128317  -0.11501 -0.00181316 0.000132138  -0.0003946  -0.230088 -0.0786029 0.00232783  0.306426 -0.288653  -9.79996  12063
             49.1017 -0.22533  3.34433  131.467   15.7706   6.97559 0.0704958 0 0 0 -0.186      0  0.086 -0.0165177  -0.155918 -0.0301757   -0.0017678  0.000152387 -0.000164085   -0.218523  -0.0745457 -0.00119628  0.315515 -0.281984  -9.79987  12122
             49.2012 0.0806785   2.36324   132.255  15.7774   6.9674 0.077365 0 0 0 -0.186      0  0.086  0.0197574  -0.197478 -0.0150791  -0.00194523  0.000382863 -0.000334759   -0.216714   -0.070573 -0.00240364   0.31601 -0.277994  -9.79997  12031
             49.3007 -0.564105   2.52582   131.963   15.7966   6.95771 0.0445407 0 0 0 -0.186      0  0.086   0.111838  -0.199799 -0.0690828  -0.00169484  0.000120548 -0.000245855  -0.212262 -0.0646251 0.00136326  0.318431 -0.271431  -9.80007  12001
             49.4003 0.212191  2.38373  132.108   15.8168   6.94213 0.0717198 0 0 0 -0.186      0  0.086  0.181119 -0.196775   0.15269  -0.00209915  2.71614e-05 -0.000259134   -0.208836  -0.0608862 -0.00231753  0.320377 -0.267245  -9.80012  12003
             49.4998 -0.0215092      2.391    132.134   15.8281   6.94311 0.0745836 0 0 0 -0.186      0  0.086  0.110772 -0.066367 0.0380224  -0.00174179 -0.000103628 -0.000307691   -0.211734  -0.0561126 -0.00175945  0.316511 -0.263829  -9.80034  11969
             49.5993 0.160184   2.3024  131.504   15.8334   6.94413 0.0798892 0 0 0 -0.186      0  0.086    0.11181 -0.0107552  0.0370442  -0.00191445 -3.21147e-05 -0.000186044   -0.213904  -0.0552158 -0.00202168 0.314335 -0.26364 -9.80042  11972
             49.7002 -0.17345   2.6323   130.72  15.8035  6.97468 0.072628 0 0 0 -0.186      0  0.086 -0.0981548   0.119946 0.00269764  -0.00157424 -0.000375579  -0.00042085    -0.22842  -0.0508045 -0.00155485  0.300247 -0.263709  -9.80086  12150
              49.801 -0.353575   2.36663   128.419   15.7786   7.01181 0.0558538 0 0 0 -0.186      0  0.086  -0.266168   0.275963 -0.0582632  -0.00138536 -0.000481741 -0.000326677   -0.233022  -0.0457603 0.000118985 0.294833 -0.26048 -9.80111  12170
             49.9019 0.864021  1.95566  124.632   15.7405   7.04941 0.0776318 0 0 0 -0.186      0  0.086 -0.396159  0.273468 0.0356521  -0.00178747 -0.000210336 -1.79668e-05   -0.235206  -0.0443538 -0.00314766  0.292477 -0.259877  -9.80119  12219
             50.0015 1.99545 1.54031  119.77   15.7409   7.07291 0.0862588 0 0 0 -0.186      0  0.086 -0.267652  0.287966 0.0570581  -0.00191078 -1.85313e-05  0.000358736   -0.223454    -0.04127 -0.00338549  0.302166 -0.254128  -9.80105  12098
             50.1023 0.0809596   1.54596    114.08   15.7474   7.09664 0.0504007 0 0 0 -0.186      0  0.086 -0.193988   0.24882 -0.103794 -0.000776077 -0.000263725  0.000634748  -0.212882 -0.0380219 0.00119862  0.310881 -0.248592  -9.80092  12369
             50.2001  1.2266 1.66044 111.312  15.7547  7.12021 0.032571 0 0 0 -0.186      0  0.086  -0.15054 0.0714277  0.115872  -0.00148754 -7.57467e-05  0.000275154   -0.20748 -0.0318893 0.00309097  0.314372 -0.241897  -9.80098  12072
                50.3 -1.31655  1.99907  108.633   15.7421   7.12103 0.0372408 0 0 0 -0.186      0  0.086 0.00440133  0.0311633 0.00358271  -0.00102065 -0.000406778  -4.6871e-05  -0.208284 -0.0337311 0.00328421  0.314013 -0.243702  -9.80094  12499
             50.3983 -0.851702   1.84913   107.219   15.7476   7.13337 0.0470611 0 0 0 -0.186      0  0.086 0.0204215 0.0892383 0.0326393  -0.00140491 -0.000526855 -0.000195544  -0.208209 -0.0313342  0.0021347  0.313662 -0.241555  -9.80101  12544
             50.4977 -0.943455   2.01478   106.165   15.7417   7.14327 0.0706269 0 0 0 -0.186      0  0.086 -0.165432  0.231101 0.0935451  -0.00123179 -0.000594071 -0.000238078    -0.207654   -0.0326054 -7.77715e-05  0.314358 -0.242629  -9.80096  12899
             50.5973 -1.13987  2.15848  106.149   15.7162   7.16961 0.0902462 0 0 0 -0.186      0  0.086 -0.178137  0.259233  0.282645  -0.00125979 -0.000412893 -0.000206756      -0.2091   -0.0338785 -0.000614199   0.31321 -0.243975  -9.80096  13166
             50.6981 -0.474405   2.18843   106.825    15.702   7.19378 0.0980492 0 0 0 -0.186      0  0.086 -0.0540677   0.266311   0.148121  -0.00116992 -0.000301823 -0.000414764    -0.21038  -0.0357897 0.000599307  0.312274 -0.245815  -9.80095  13690
              50.799 -2.75222  2.53501  106.498  15.6905  7.22067 0.103894 0 0 0 -0.186      0  0.086 0.0345539  0.370846 0.0365943   -0.0010455 -0.000360085 -0.000371042   -0.211911  -0.0390065 0.000881082  0.311233 -0.248853   -9.8009  13902
             50.8999 -3.17049  2.15941  105.463   15.6933   7.26617 0.0809634 0 0 0 -0.186      0  0.086 0.0128951  0.498381 0.0142309 -0.000845215 -0.000554158 -0.000251222  -0.212355 -0.0398204 0.00358844  0.310943 -0.249564  -9.80089  13989
             51.0007 -1.74669  2.12701  106.266   15.6991   7.31306 0.0644021 0 0 0 -0.186      0  0.086  0.0318712   0.388724 -0.0391363  -0.00117143  -0.00034877 -0.000430569   -0.21234 -0.0391899 0.00551197  0.310926 -0.248947  -9.80091  14132
             51.1016 -0.783844   2.05486   106.336   15.6959   7.35624 0.0453092 0 0 0 -0.186      0  0.086 -0.0844189   0.404798  -0.132697  -0.00111846 -0.000311768 -0.000335896  -0.213231 -0.0383049 0.00675885  0.310067 -0.248208  -9.80096  14239
             51.2025 -1.47327  2.09603  106.201   15.6763   7.40246 0.0268744 0 0 0 -0.186      0  0.086 -0.262005  0.571402  -0.19495 -0.000668756 -0.000500907 -0.000327222  -0.213745 -0.0387751 0.00693891  0.309656 -0.248674  -9.80096  14303
              51.302 -0.61194  2.19635  106.299   15.6502   7.46456 0.0339073 0 0 0 -0.186      0  0.086  -0.32948  0.557334 0.0411602 -0.000608355 -0.000398683 -0.000368108  -0.213363 -0.0378554 0.00444016  0.309854 -0.247884  -9.80097  14068
             51.4015 -2.00786  2.29142  106.327    15.624     7.516 0.0445565 0 0 0 -0.186      0  0.086 -0.300413  0.424596 0.0511732   3.0462e-06 -0.000483815 -0.000412827  -0.213309 -0.0366728 0.00321107   0.30976 -0.246856    -9.801  13909
              51.501 -1.77376  2.20362  106.171   15.5923   7.56048 0.0541136 0 0 0 -0.186      0  0.086 -0.324003  0.469385 0.0144323 -0.000424441 -0.000463542 -0.000398495  -0.214046 -0.0365977   0.002135   0.30907 -0.246892  -9.80102  13787
             51.6006 -1.59849  2.05451  106.191   15.5632   7.61885 0.0551326 0 0 0 -0.186      0  0.086  -0.365405     0.6854 -0.0333293 -0.000652396 -0.000517987 -0.000385546   -0.21376  -0.035594 0.00171175  0.309218 -0.245982  -9.80104  13654
             51.7015 -2.87367  2.34275  106.047    15.534   7.69993 0.0813601 0 0 0 -0.186      0  0.086 -0.271135  0.611395  0.170301 -3.74474e-05 -0.000573535 -0.000378888    -0.213931   -0.0320784 -0.000999858  0.308663 -0.242958  -9.80113  13722
             51.7996 -1.85318  2.26788  106.362  15.5281  7.74957 0.108518 0 0 0 -0.186      0  0.086 -0.137417  0.486847  0.228077  -0.00029499 -0.000662415 -0.000378125   -0.210206  -0.0301425 -0.00158425  0.311783 -0.240896  -9.80108  13273
             51.9005 -2.01995   2.1594  106.214  15.5106  7.78879 0.101342 0 0 0 -0.186      0  0.086 -0.241295  0.469821  0.066759 -0.000354113  -0.00077419 -0.000340875  -0.209104 -0.0311507 0.00107373  0.312931 -0.241584  -9.80103  13554
             51.9997 -0.837711   1.90906   106.324   15.4801   7.84423 0.0895269 0 0 0 -0.186      0  0.086  -0.34633  0.624059 0.0117768 -0.000961587 -0.000647545 -0.000352209  -0.209661 -0.0318178 0.00254716  0.312539 -0.242172  -9.80103  13295
             52.0996 -1.3825 1.98714 106.145    15.452   7.89188 0.0797753 0 0 0 -0.186      0  0.086 -0.277312  0.432561 0.0350925 -0.000878531 -0.000461801 -0.000329063  -0.208369  -0.032895 0.00435794  0.313833 -0.242934  -9.80097  13210
             52.2005 -1.47495  2.05969   106.33   15.4292   7.92956 0.0777466 0 0 0 -0.186      0  0.086  -0.204474   0.377448 -0.0430063 -0.000837992  -0.00054274 -0.000374891  -0.207798 -0.0332264 0.00488886  0.314382 -0.243154  -9.80094  13318
                52.3 -1.56913  2.00326  106.237   15.4237   7.96868 0.0698039 0 0 0 -0.186      0  0.086  -0.129165   0.460338 -0.0647139  -0.0006851 -0.00056388 -0.00037893  -0.205442 -0.0316641 0.00533769   0.31634 -0.241539  -9.80092  13100
             52.4009 -1.69358  2.10066  106.358   15.4198   8.03728 0.0654039 0 0 0 -0.186      0  0.086 -0.0998551   0.731102 0.00693918 -0.000725374 -0.000492519 -0.000425897  -0.205203 -0.0286491 0.00503402  0.316278 -0.238868  -9.80099  13280
             52.5003 -1.00299  2.21075  106.145   15.4139   8.10655 0.0758468 0 0 0 -0.186      0  0.086 -0.0682867   0.572959  0.0104221  -0.00104123 -0.000428401 -0.000414502  -0.204893 -0.0275167 0.00331394  0.316419 -0.237894  -9.80101  13093
             52.6013 -1.11883  1.87362  106.435   15.4195   8.15612 0.0604086 0 0 0 -0.186      0  0.086 -0.0486812   0.463731  -0.101268 -0.000768467 -0.000505059 -0.000469645  -0.202798 -0.0267228  0.0050119  0.318233 -0.236957  -9.80097  13283
             52.7008 -1.68011  1.83266  106.429   15.4183   8.20671 0.0374292 0 0 0 -0.186      0  0.086 -0.0884771   0.562743  -0.202629 -0.000662674  -0.00047975 -0.000467856  -0.202054 -0.0256716 0.00601582 0.318817 -0.23594 -9.80098  13045
             52.8002 -0.0438066    2.01779    106.221   15.4047   8.26419 0.0347613 0 0 0 -0.186      0  0.086  -0.111844   0.580739 -0.0449913 -0.000976883  -0.00029746 -0.000441776  -0.202138 -0.0265167 0.00420582  0.318784 -0.236735  -9.80096  13089
             52.9011 -2.46563  1.82393  106.472    15.409   8.31631 0.0367609 0 0 0 -0.186      0  0.086  -0.0429593    0.414973 -0.00382182 -0.000194152 -0.000398369 -0.000439975  -0.200339 -0.0235887 0.00311146  0.320102 -0.234036  -9.80098  13158
             53.0005 -1.5035 2.07622 106.331   15.3952    8.3608 0.0516481 0 0 0 -0.186      0  0.086 -0.0904349   0.464811 0.00581187 -0.000700249 -0.000321516 -0.000421237  -0.201961 -0.0239784 0.00091171  0.318671 -0.234573  -9.80102  12983
             53.1003 -1.56389  2.36582  106.339   15.3781   8.42416 0.0596948 0 0 0 -0.186      0  0.086 -0.130604   0.64177 0.0365207 -0.000729034 -0.000222669 -0.000411747    -0.203992   -0.0230659 -0.000145686  0.316792 -0.233978  -9.80109  12999
             53.2011 -1.13007  2.51927  106.292     15.37   8.49323 0.0808046 0 0 0 -0.186      0  0.086 -0.100597  0.504239 0.0967751 -0.000820771   3.0013e-05 -0.000375617   -0.204493  -0.0206764 -0.00194467  0.316119 -0.231983  -9.80116  13319
             53.3007 -0.821378    2.1493   106.493   15.3626   8.53916 0.0765601 0 0 0 -0.186      0  0.086   -0.0715133     0.459095 -0.000735379 -0.000890958 -6.34144e-05 -0.000416612  -0.204403 -0.0209967 -0.0001701  0.316267 -0.232208  -9.80115  13233
             53.4001 -1.37676  2.00592  106.475  15.3584  8.59117 0.064805 0 0 0 -0.186      0  0.086  -0.100496   0.577389 -0.0725173 -0.000689878  -0.00013448  -0.00039636   -0.203861  -0.0199869 0.000952339  0.316688 -0.231256  -9.80116  13240
              53.501 -0.250495   2.19457   106.451   15.3425   8.65283 0.0555105 0 0 0 -0.186      0  0.086  -0.11554  0.553582 0.0722615 -0.000892844 -5.88201e-05 -0.000447139  -0.204849 -0.0208972 0.00169896  0.315914 -0.232111  -9.80116  13523
             53.6006 -1.08324  2.30799  106.401   15.3337   8.70151 0.0765556 0 0 0 -0.186      0  0.086 -0.0975938   0.418802  0.0586549   -0.0007738 -0.000127785 -0.000449529    -0.204611   -0.0202424 -0.000302994  0.316029 -0.231566  -9.80117  13406
             53.7001 -1.4169 2.26851 106.298    15.329   8.73953 0.0788318 0 0 0 -0.186      0  0.086  -0.103041   0.408949 0.00386666 -0.000765721 -8.89662e-05  -0.00044182    -0.20353  -0.0199998 8.44212e-06  0.316958 -0.231262  -9.80115  13480
             53.8009 -0.64742  1.81297  106.383   15.3222   8.78748 0.0685939 0 0 0 -0.186      0  0.086 -0.149182  0.512636  0.129081 -0.000908228 -2.83509e-05 -0.000427719   -0.20317 -0.0197398 0.00145189  0.317278 -0.230979  -9.80115  13745
             53.9005 -0.561672   2.16515   106.261   15.3094   8.84341 0.0812618 0 0 0 -0.186      0  0.086 -0.0925615   0.421741  0.0865282 -0.000842077 -7.85574e-05 -0.000374122  -0.204799 -0.0186568 0.00088738  0.315772 -0.230182  -9.80121  13636
             54.0013 -1.28434   1.7544  106.371   15.3064    8.8834 0.0685841 0 0 0 -0.186      0  0.086  -0.0976267    0.390071 -0.00328842 -0.000638087 -0.000159585 -0.000407829  -0.203983 -0.0178786  0.0032193  0.316466 -0.229398  -9.80121  13768
             54.1009 -1.27026   1.8909  106.386   15.2917   8.93111 0.0572688 0 0 0 -0.186      0  0.086  -0.193626   0.546555 -0.0700103 -0.000674172  -0.00032779 -0.000387611  -0.204693   -0.01747 0.00393528  0.315834 -0.229084  -9.80124  13585
             54.2004 -1.28982  2.69655  105.951   15.2584   8.98368 0.0803141 0 0 0 -0.186      0  0.086 -0.266944  0.418536 0.0928587 -0.000727906  -0.00021209 -0.000357135   -0.206709  -0.0190237 0.000333169  0.314143 -0.230652  -9.80125  13488
             54.3013 -0.67221  1.69503  106.117   15.2407   9.02748 0.0772332 0 0 0 -0.186      0  0.086 -0.172031  0.363019 0.0293417  -0.00102677  3.47785e-06 -0.000435304  -0.206956 -0.0178538 0.00108479  0.313861 -0.229647  -9.80129  13778
             54.4008 -0.487751   2.02137   106.455   15.2287    9.0706 0.0644654 0 0 0 -0.186      0  0.086  -0.234962   0.473308 -0.0185345 -0.000719868 -0.000198071  -0.00041593  -0.206708 -0.0164439 0.00281989  0.314012 -0.228378  -9.80131  13659
             54.5003 -0.665223   2.17777   106.577   15.2088   9.12717 0.0711684 0 0 0 -0.186      0  0.086 -0.180575  0.559651  0.057143  -0.00050418 -6.06558e-05 -0.000431994  -0.206607  -0.015511 0.00181533  0.314022 -0.227592  -9.80133  13706
             54.6012 -0.976255   2.01113   106.445   15.1881   9.17667 0.0568435 0 0 0 -0.186      0  0.086  -0.142334   0.378927 0.00336081 -0.000369843  0.000118488 -0.000453277  -0.207476 -0.0159476 0.00434467  0.313343 -0.227979  -9.80134  13916
             54.7007 0.0662822    2.1937   106.581  15.1825  9.20965 0.076734 0 0 0 -0.186      0  0.086 -0.0759721   0.337353 -0.0238707 -0.000531767  3.47667e-05 -0.000414722  -0.206588 -0.0154344 0.00190746 0.314033 -0.22752 -9.80133  13559
             54.8003 -1.20575  1.98829   106.18   15.1741   9.25296 0.0680374 0 0 0 -0.186      0  0.086  -0.115222   0.473521 -0.0679602 -0.000334019 -7.93446e-05 -0.000334374  -0.207036 -0.0146705 0.00247208  0.313609 -0.226889  -9.80136  13767
             54.8998 -1.99312  2.01061  106.049   15.1664   9.30801 0.0550939 0 0 0 -0.186      0  0.086 -0.0996455   0.467368 -0.0879457 -0.000466494 -0.000168545 -0.000364151  -0.207005 -0.0132899 0.00321995  0.313559 -0.225696  -9.80139  13682
             55.0007 -1.61793   1.9433  106.327   15.1558   9.34342 0.0549339 0 0 0 -0.186      0  0.086 -0.0521235   0.246039 -0.0302583 -0.000696586 -0.000188513 -0.000401171   -0.20706 -0.0133852 0.00266313  0.313508 -0.225792  -9.80139  13934
             55.1002 -0.469498   2.00938   106.173   15.1411   9.36668 0.0538557 0 0 0 -0.186      0  0.086  -0.163437   0.157543 -0.0178582 -0.000608485 -0.000266095 -0.000356187  -0.208312 -0.0136566 0.00245653  0.312453 -0.226108  -9.80141  13827
             55.1997 -1.17402  1.73645  106.314   15.1291   9.38187 0.0458868 0 0 0 -0.186      0  0.086   -0.188451     0.07592 -0.00104119 -0.000299083 -0.000237363 -0.000389619  -0.208335 -0.0124931 0.00314836  0.312376 -0.225105  -9.80144  13800
             55.3006 -1.92004  1.79859    106.2    15.116   9.38637 0.0281787 0 0 0 -0.186      0  0.086   -0.148364 0.000414479  -0.0893213 -0.000336844 -0.000398807 -0.000335592  -0.207624 -0.0121394 0.00501886  0.312991 -0.224719  -9.80143  13892
             55.4001 -1.71605  2.01603  106.187   15.108  9.38122 0.023194 0 0 0 -0.186      0  0.086 -0.0664074  -0.104314  -0.158236 -0.000597455 -0.000539253 -0.000351675  -0.207181 -0.0118514 0.00418538  0.313338 -0.224468  -9.80142  13651
             55.4997 -0.733839   2.03065   106.427     15.1  9.37781 0.032359 0 0 0 -0.186      0  0.086 -0.0862756  -0.107671 -0.0533098  -0.00072726 -0.000515875 -0.000365424   -0.20827 -0.0107841 0.00148271  0.312306 -0.223706  -9.80147  13681
             55.6005 -1.26364  1.94615   106.58   15.0918   9.37478 0.0447806 0 0 0 -0.186      0  0.086  -0.0131247 0.000981909  -0.0124535 -0.000298132 -8.98196e-05 -0.000362012    -0.209053   -0.0102584 -0.000104047  0.311584 -0.223354  -9.80151  13863
                55.7 -1.3132 2.34267 106.478  15.0938  9.37656 0.062766 0 0 0 -0.186      0  0.086   0.05548 0.0540653 0.0412287  -0.00035494 -0.000108953 -0.000323947   -0.208695  -0.0103801 -0.00230299   0.31185 -0.223495  -9.80149  13660
             55.8009 -0.988734    2.1604   106.544   15.0963   9.38474 0.0731443 0 0 0 -0.186      0  0.086    0.0582 0.0545521 0.0528379 -0.00034215 0.000120436 -0.00031747   -0.209501   -0.010409 -0.00301229  0.311156 -0.223585  -9.80151  13860
             55.9004 -0.567706   2.02768   106.707   15.0962   9.39105 0.0828521 0 0 0 -0.186      0  0.086 0.0333348 0.0435734 0.0736636 -0.000370437  0.000230621 -0.000340022   -0.210398  -0.0108648 -0.00348108  0.310415 -0.224031  -9.80153  13617
             55.9999 -0.274494   1.98062    106.75   15.0965   9.39962 0.0852385 0 0 0 -0.186      0  0.086 0.0154954 0.0361378 0.0584093 -0.000340141  0.000240228 -0.000333356   -0.211338  -0.0104294 -0.00299429   0.30961 -0.223711  -9.80156  13581
             56.1008 -0.230523   2.05528   106.727   15.0943   9.40515 0.0876501 0 0 0 -0.186      0  0.086 -0.00266566   0.0209813   0.0502967 -0.000219021  0.000233404  -0.00030109    -0.21211  -0.0104236 -0.00260954  0.308968 -0.223745  -9.80158  13693
             56.2004 -0.158333   1.99231   106.658  15.0977  9.40821 0.089937 0 0 0 -0.186      0  0.086  0.00503076 -0.00171258   0.0402254 -0.000265949  0.000294034 -0.000277778   -0.211851 -0.00966306 -0.00228756   0.30915 -0.223089  -9.80159  13558
             56.3012 -0.945867   2.04949   106.577   15.0993   9.41271 0.0889767 0 0 0 -0.186      0  0.086  0.00885509 -0.00760789   0.0261339 -0.000182274  0.000255419 -0.000288781   -0.212301 -0.00868316  -0.0017364  0.308728 -0.222289  -9.80162  13816
             56.4007 -1.32019   2.1061  106.532   15.1034   9.41575 0.0866673 0 0 0 -0.186      0  0.086  0.0171041  -0.016388 0.00832741 -0.000238107  0.000218264 -0.000289321   -0.212434 -0.00764019 -0.00121487   0.30857 -0.221421  -9.80164  13709
             56.5003 -1.30711  2.11441  106.514   15.1017   9.41571 0.0843178 0 0 0 -0.186      0  0.086  0.00197719  -0.0322493 0.000380772 -0.000389598  0.000224981 -0.000320253    -0.213121  -0.00758697 -0.000882455 0.307998 -0.22141 -9.80166  13668
             56.6012 -1.10652  2.11244  106.488   15.1034   9.41695 0.0844479 0 0 0 -0.186      0  0.086    0.0127028   -0.0329128 -0.000288716 -0.000490269  0.000250935 -0.000301876    -0.213524   -0.0066866 -0.000933329  0.307618 -0.220683  -9.80169  13832
             56.7007 -1.03447  2.13563   106.55  15.1039  9.41942 0.084995 0 0 0 -0.186      0  0.086  0.0117964 -0.0309409 0.00195559 -0.000476445   0.00025804 -0.000322225   -0.214314  -0.0058574 -0.00105108   0.30692 -0.220037  -9.80173  13681
             56.8002 -1.05903  2.15651   106.52   15.1059   9.41998 0.0852902 0 0 0 -0.186      0  0.086  0.0200683  -0.036029 0.00220506 -0.000441821  0.000261123 -0.000306631   -0.214717 -0.00513867 -0.00107841  0.306553 -0.219462  -9.80175  13684
              56.901 -1.13451  2.15592  106.582   15.108  9.42177 0.082842 0 0 0 -0.186      0  0.086   0.0254503   -0.033728 -0.00759462 -0.000417214  0.000253581 -0.000316299    -0.215415  -0.00428022 -0.000815776  0.305942 -0.218781  -9.80179  13837
             57.0006 -1.11679  2.14117  106.593   15.1091   9.42224 0.0833386 0 0 0 -0.186      0  0.086    0.018384  -0.0358461 -0.00828629 -0.000423892  0.000257236 -0.000330982    -0.21606 -0.00377664 -0.00100528  0.305382 -0.218399  -9.80181  13684
             57.1001 -1.14116  2.11744  106.562   15.1085   9.42331 0.0858213 0 0 0 -0.186      0  0.086  0.0162011 -0.0362306 0.00119258 -0.000443955  0.000264515 -0.000311672   -0.216935 -0.00333962 -0.00137985  0.304633 -0.218087  -9.80184  13679
              57.201 -1.10926  2.11389  106.435   15.1054   9.42271 0.0855644 0 0 0 -0.186      0  0.086 0.00331559 -0.0418415 0.00204148 -0.000466272  0.000260612 -0.000272633   -0.217944 -0.00336117 -0.00136216  0.303801 -0.218151  -9.80187  13832
             57.3005 -1.15105  2.13122  106.531   15.1066   9.42305 0.0847355 0 0 0 -0.186      0  0.086    0.010096  -0.0424811 -0.00201967 -0.000440184   0.00024747 -0.000299084   -0.218436 -0.00258095 -0.00126954 0.303367 -0.21753 -9.80189  13681
             57.3997 -1.09344  2.08596  106.496   15.1071   9.42339 0.0850991 0 0 0 -0.186      0  0.086    0.0142155   -0.0412223 -0.000376401 -0.000475763  0.000273376 -0.000282567    -0.21904 -0.00192749 -0.00135711  0.302843 -0.217021  -9.80192  13666
             57.5009 -1.08703  2.12078  106.543   15.1078   9.42423 0.0844075 0 0 0 -0.186      0  0.086   0.0186426  -0.0376882 -0.00279912  -0.00047602  0.000251632 -0.000302153   -0.219765 -0.00131203 -0.00131615  0.302225 -0.216547  -9.80195  13795
             57.6005 -1.09122  2.14235  106.547   15.1104   9.42491 0.0849828 0 0 0 -0.186      0  0.086    0.026488   -0.037343 0.000282753 -0.000471186  0.000237804 -0.000303502    -0.220221 -0.000584695  -0.00143293  0.301822 -0.215973  -9.80198  13691
                57.7 -1.08766  2.11591   106.55   15.1096   9.42477 0.0851896 0 0 0 -0.186      0  0.086   0.0186802  -0.0394841 0.000711856 -0.000473399  0.000248773 -0.000303956    -0.221081 -0.000424131  -0.00149278  0.301112 -0.215878    -9.802  13670
             57.8009 -1.08025  2.13205  106.553   15.1086   9.42263 0.0848896 0 0 0 -0.186      0  0.086    0.0140784   -0.0477406 -0.000688284 -0.000477568  0.000238652 -0.000304985    -0.221712 -0.000429829  -0.00148028  0.300598 -0.215907  -9.80202  13821
             57.9007 -1.10437  2.14318  106.519     15.11   9.42268 0.0834171 0 0 0 -0.186      0  0.086   0.0193943   -0.043888 -0.00568472 -0.000459853  0.000232663 -0.000284326   -0.222299 0.000227272 -0.00135334    0.3001 -0.215393  -9.80204  13664
             57.9999 -1.09359  2.12864  106.569   15.1099   9.42217 0.0841935 0 0 0 -0.186      0  0.086   0.0167231  -0.0446318 -0.00148839  -0.00046278  0.000241434 -0.000311426   -0.223008  0.00056282 -0.00153601 0.299508 -0.21515 -9.80207  13663
             58.1008 -1.1173 2.15679 106.551   15.1123   9.42052 0.0834145 0 0 0 -0.186      0  0.086   0.0249345  -0.0484676 -0.00375767 -0.000447159  0.000224801 -0.000300531    -0.22332  0.00106443 -0.00148168  0.299241 -0.214754  -9.80208  13822
             58.2003 -1.12812  2.14188  106.548   15.1101   9.42053 0.0830518 0 0 0 -0.186      0  0.086   0.0127278  -0.0454149 -0.00414987 -0.000438583  0.000234558  -0.00029739   -0.224433  0.00124179 -0.00153737  0.298332 -0.214651  -9.80211  13665
             58.3011 -1.11849  2.13441  106.553   15.1119    9.4209 0.0840551 0 0 0 -0.186      0  0.086   0.0196385  -0.0417243 0.000451023 -0.000441672  0.000238384 -0.000299197   -0.224957   0.0019871 -0.00172359 0.297882 -0.21407 -9.80214  13802
             58.4005 -1.11132  2.15401  106.539    15.112   9.42161 0.0815404 0 0 0 -0.186      0  0.086   0.0172059   -0.038003 -0.00852836 -0.000444819  0.000226195 -0.000289998   -0.225775  0.00245959 -0.00147172  0.297213 -0.213712  -9.80217  13669
             58.5002 -1.11094  2.13646  106.573   15.1122   9.42175 0.0839207 0 0 0 -0.186      0  0.086  0.0169066 -0.0373389 0.00215768 -0.000442261   0.00023624 -0.000308581   -0.226424  0.00286361 -0.00186977  0.296671 -0.213415  -9.80219  13679
             58.6011 -1.13165  2.13549  106.579    15.113   9.42112 0.0847983 0 0 0 -0.186      0  0.086   0.018211 -0.0402765 0.00422115 -0.000428553  0.000235142 -0.000311021   -0.226945  0.00322831 -0.00197056 0.296239 -0.21314 -9.80221  13818
             58.7006 -1.08834   2.1285  106.555  15.1122  9.42002 0.085077 0 0 0 -0.186      0  0.086  0.0139216 -0.0444648 0.00278793 -0.000449279  0.000236885  -0.00029647   -0.227641  0.00337619 -0.00198914  0.295676 -0.213043  -9.80223  13661
             58.8001 -1.08655  2.13824  106.558    15.115   9.41857 0.0850086 0 0 0 -0.186      0  0.086  0.0249983 -0.0461097 0.00218017 -0.000445084  0.000227188 -0.000297034   -0.227869  0.00395807 -0.00195664   0.29548 -0.212583  -9.80224  13670
             58.9012 -1.10917  2.14557  106.545 15.1149 9.41954 0.08391 0 0 0 -0.186      0  0.086   0.0174999  -0.0391868 -0.00246146 -0.000429241  0.000223093 -0.000289138   -0.228814  0.00442315 -0.00185348  0.294715 -0.212236  -9.80227  13826
             59.0006 -1.12028  2.13162  106.575   15.1142   9.41787 0.0849929 0 0 0 -0.186      0  0.086  0.0130737 -0.0458895 0.00167484 -0.000423383   0.00022905 -0.000304381  -0.229403 0.00451288 -0.0020328  0.294239 -0.212184  -9.80229  13663
             59.1001 -1.11393  2.11914   106.54   15.111  9.41991 0.084077 0 0 0 -0.186      0  0.086  0.00116271  -0.0335831 -0.00228109 -0.000425316  0.000229939 -0.000283957   -0.230638  0.00487254 -0.00196776  0.293248 -0.211929  -9.80232  13670
             59.2009 -1.09469  2.12997  106.545   15.1106   9.42175 0.0842875 0 0 0 -0.186      0  0.086  0.00425487   -0.028595 -0.00122141 -0.000433646  0.000221409 -0.000285994   -0.231288  0.00550634 -0.00204933  0.292716 -0.211443  -9.80235  13821
             59.3005 -1.09734  2.15269  106.538   15.1074   9.42259 0.0823098 0 0 0 -0.186      0  0.086 -0.00658727   -0.028208 -0.00785127  -0.00043047  0.000206692 -0.000281173   -0.232136  0.00562971 -0.00188241  0.292044 -0.211363  -9.80237  13676
                59.4 -1.09214  2.10773  106.554  15.1055  9.42314 0.082763 0 0 0 -0.186      0  0.086 -0.00583058  -0.0295603 -0.00407826 -0.000432283  0.000231331 -0.000288644   -0.232673  0.00595972 -0.00204423  0.291609 -0.211117  -9.80239  13660
             59.5009 -1.14587  2.12271  106.526    15.106   9.42319 0.0821578 0 0 0 -0.186      0  0.086  0.00292844  -0.0315004 -0.00447429 -0.000400319  0.000221185 -0.000271844   -0.232941  0.00647594 -0.00203477  0.291389 -0.210715  -9.80241  13802
             59.6004 -1.1013 2.14689 106.557   15.1085   9.42465 0.0834855 0 0 0 -0.186      0  0.086  0.0148829 -0.0278161 0.00156292 -0.000421587  0.000208424  -0.00028935   -0.233211  0.00729895 -0.00224636  0.291158 -0.210076  -9.80243  13681
             59.7001 -1.08811  2.12623  106.584   15.1087    9.4214 0.0874419 0 0 0 -0.186      0  0.086  0.0144711 -0.0436682  0.0146716 -0.000428659  0.000219361 -0.000303521   -0.233376  0.00718699 -0.00268091  0.291021 -0.210175  -9.80243  13656
             59.8008 -1.08579  2.12512  106.563   15.1101   9.42097 0.0874111 0 0 0 -0.186      0  0.086   0.019686 -0.0417412 0.00940268 -0.000429536  0.000219886 -0.000290593   -0.233854  0.00769379 -0.00253044  0.290641 -0.209783  -9.80245  13814
             59.9003 -1.10658  2.14737  106.555   15.1101   9.42204 0.0861206 0 0 0 -0.186      0  0.086  0.0164988 -0.0357527 0.00168413 -0.000416063  0.000207507 -0.000284825   -0.234667  0.00815504 -0.00231489  0.290002 -0.209432  -9.80248  13683
             60.0012 -1.1095 2.12339 106.561   15.1108   9.42151 0.0879422 0 0 0 -0.186      0  0.086  0.0167623 -0.0378578 0.00712467  -0.00041288  0.000221095 -0.000287379   -0.235141  0.00847812 -0.00252206  0.289622 -0.209191  -9.80249  13787
             60.1007 -1.08814   2.1199   106.53   15.1108   9.42158 0.0863394 0 0 0 -0.186      0  0.086    0.015224  -0.0370104 -0.00107223 -0.000424356  0.000222282 -0.000268375   -0.235792  0.00880307 -0.00228944  0.289115 -0.208944  -9.80251  13675
             60.2001 -1.09347  2.15246   106.54   15.1098   9.42126 0.0861497 0 0 0 -0.186      0  0.086   0.0105782  -0.0374793 -0.00159448 -0.000419577   0.00020248 -0.000273979   -0.236477  0.00898593 -0.00231041  0.288578 -0.208812  -9.80253  13661
             60.2998 -1.12643   2.1355  106.545    15.107   9.42101 0.0867452 0 0 0 -0.186      0  0.086 -0.000170905   -0.0380974  0.000794149 -0.000399039  0.000210785 -0.000275831   -0.237312  0.00904811 -0.00243184  0.287925 -0.208778  -9.80255  13665
             60.4007 -1.03644  2.13283  106.532   15.109  9.42165 0.086714 0 0 0 -0.186      0  0.086   0.0174909  -0.0255685 -0.00446368 -0.000418327   0.00020814 -0.000268729   -0.237627  0.00977356 -0.00243552  0.287675 -0.208219  -9.80257  13857
             60.5001 -0.975407   1.95989   106.723   15.1084   9.43175 0.0746445 0 0 0 -0.186      0  0.086 -0.0235653   0.127672 -0.0330101 -0.000515683  0.000201667 -0.000310788    -0.23877   0.0103709 -0.00108653  0.286813 -0.207746   -9.8026  13700
              60.601 -1.1859 2.04878 106.248   15.1028   9.46107 0.0689494 0 0 0 -0.186      0  0.086 -0.0331125   0.429278  -0.091552 -0.000426152  9.39257e-05 -0.000215237  -0.239365   0.010636 -0.0012925  0.286347 -0.207552  -9.80262  13911
             60.7005 -0.899614   1.96985    106.62   15.0951   9.51514 0.0527937 0 0 0 -0.186      0  0.086   -0.081229    0.405876 -0.00363532 -0.000399914 -7.68406e-05 -0.000304445    -0.240666    0.0112748 -0.000416568  0.285357 -0.207056  -9.80266  13799
             60.8001 -0.461249   2.07806   106.651    15.089   9.55434 0.0561789 0 0 0 -0.186      0  0.086 -0.0472489   0.340151  0.0159483 -0.000456811 -8.75735e-05 -0.000285396    -0.240898    0.0116795 -0.000686137  0.285172 -0.206751  -9.80267  13728
             60.9009 -1.34216  1.77971  106.479   15.0832   9.59181 0.0523055 0 0 0 -0.186      0  0.086 -0.0955413   0.373151 -0.0503341 -0.000100818 -6.46964e-05 -0.000239603    -0.241076    0.0123346 -0.000362155  0.285039 -0.206244  -9.80269  14003
             61.0005 -1.09962  1.73631  106.759   15.0694   9.63416 0.0480682 0 0 0 -0.186      0  0.086   -0.20553   0.542468 -0.0617848 -0.000254387 -0.000176515 -0.000295165    -0.240921    0.0122075 -0.000600744  0.285154 -0.206344  -9.80268  13763
                61.1 -1.22371  1.95184  106.576  15.0444  9.68571 0.053993 0 0 0 -0.186      0  0.086 -0.229283  0.439347 0.0301186 -0.000202047 -6.44435e-05 -0.000239636    -0.24104   0.0119293 -0.00142926   0.28505 -0.206572  -9.80268  13698
             61.1995 -1.23562  2.13357  106.626   15.0269   9.72315 0.0655501 0 0 0 -0.186      0  0.086   -0.201777    0.360321 -0.00128988  -0.00041349 -0.000145143  -0.00024861   -0.240291   0.0121954 -0.00254021  0.285604 -0.206385  -9.80267  13648
             61.3005 -1.0414 1.91458 106.726   15.0127   9.76369 0.0630835 0 0 0 -0.186      0  0.086  -0.169225   0.445533 -0.0685716 -0.000382137 -0.000126174 -0.000283187   -0.239952   0.0130052 -0.00249146  0.285864 -0.205766  -9.80267  13776
             61.3999 -1.71309  1.75816  106.666   14.9969   9.82537 0.0477474 0 0 0 -0.186      0  0.086  -0.18717  0.599129 -0.139423 -0.000233401 -0.000153487 -0.000272108   -0.240416   0.0143956 -0.00130217  0.285534 -0.204687  -9.80271  13309
             61.5008 -0.84941  1.54191  106.678   14.9798   9.87885 0.0332715 0 0 0 -0.186      0  0.086  -0.148708   0.442048 -0.0230025 -0.000494106 -6.63925e-05  -0.00029565    -0.240685    0.0142922 -0.000111346  0.285353 -0.204743  -9.80271  13703
             61.6004 -1.10211  1.65116  106.744 14.9717 9.92242 0.02581 0 0 0 -0.186      0  0.086  -0.103756   0.404207 -0.0722805 -0.000438355 -0.000251726  -0.00028266   -0.240522   0.0149867 0.000355373  0.285487 -0.204207  -9.80272  13476
             61.7012 -1.37082  1.63528  106.788   14.9586   9.96479 0.0131755 0 0 0 -0.186      0  0.086 -0.150974  0.496572 -0.122267 -0.000294165 -0.000498944 -0.000285149   -0.240411   0.0147504 0.000535575  0.285574 -0.204382  -9.80271  13540
             61.8008 -1.22658  1.57721  106.762   14.9382   10.0211 0.0115198 0 0 0 -0.186      0  0.086 -0.172167  0.580631 -0.108082 -0.000282143   -0.0005415  -0.00026183   -0.240572   0.0147651 -0.00078732   0.28543 -0.204399  -9.80272  13221
             61.9003 -1.82463  1.68586  106.731    14.9224    10.0726 0.00728701 0 0 0 -0.186      0  0.086  -0.159318   0.439656 -0.0716089 -9.33377e-05 -0.000507843  -0.00028525      -0.2405    0.0152203 -0.000963229  0.285483 -0.204061  -9.80272  13236
             62.0011 -1.11414  1.87259  106.647   14.8988   10.1186 0.0149364 0 0 0 -0.186      0  0.086 -0.193659    0.4504 -0.057612 -0.000447744 -0.000418596 -0.000273614   -0.241519   0.0148545 -0.00284681  0.284682 -0.204379  -9.80274  13306
             62.1007 -1.26465   1.9419  106.706  14.8793  10.1712 0.019675 0 0 0 -0.186      0  0.086  -0.212454   0.622893 -0.0642689 -0.000395018 -0.000467289 -0.000283988   -0.241565   0.0150627 -0.00418847  0.284624 -0.204255  -9.80274  13007
             62.2002 -1.53573  1.96229    106.9   14.8718   10.2322 0.0350785 0 0 0 -0.186      0  0.086 -0.0866617    0.52355   0.171717 -0.000216163 -0.000343074 -0.000285958   -0.240507   0.0163964 -0.00538034  0.285401 -0.203289  -9.80274  12796
             62.2997 -1.44165  1.68874  106.675  14.8615  10.2703 0.053021 0 0 0 -0.186      0  0.086 -0.0318086   0.407378   0.156021 -0.000303765  -0.00036531 -0.000221075  -0.240063  0.0156063 -0.0057247  0.285719 -0.203887  -9.80272  12759
             62.3993 -1.13365   1.9046  106.853  14.8554   10.306 0.060797 0 0 0 -0.186      0  0.086 -0.101618  0.409892 0.0774521 -0.000314096 -0.000499033 -0.000253183  -0.239613  0.0153966 -0.0052944  0.286062 -0.204035   -9.8027  12575
             62.5002 -0.992212    1.4829    106.76   14.8324   10.3535 0.0454387 0 0 0 -0.186      0  0.086 -0.224731  0.573687 -0.039449 -0.000525649 -0.000422751 -0.000230152    -0.24058    0.014367 -0.00310023  0.285381 -0.204741  -9.80271  12506
             62.5996 0.14502 1.59024 107.107   14.8095   10.4201 0.0422127 0 0 0 -0.186      0  0.086 -0.239235  0.555731 0.0790318  -0.00058541 -0.000377432 -0.000296174   -0.241425   0.0150117 -0.00274518 0.284768 -0.20425 -9.80274  12081
             62.7005 -0.987503   1.64437   106.698   14.7795   10.4575 0.0270275 0 0 0 -0.186      0  0.086  -0.242209   0.373298 -0.0678144 -0.000419251 -0.000433872 -0.000283123   -0.241289   0.0131575 -0.00100814   0.28488 -0.205582  -9.80271  12195
                62.8 -0.799014   1.44452   106.539    14.7629    10.4946 0.00734653 0 0 0 -0.186      0  0.086 -0.215275  0.400999 -0.109542 -0.000539379 -0.000596452 -0.000259167   -0.240752   0.0136035 8.37056e-05  0.285298 -0.205233   -9.8027  11935
             62.9009 -1.23787  1.58297   106.49     14.7453     10.5483 -0.00809556 0 0 0 -0.186      0  0.086  -0.251662   0.626095 -0.0608037  -0.00051793  -0.00064418 -0.000224821  -0.240655  0.0144976 0.00018032  0.285382 -0.204573  -9.80271  11892
             63.0005 -1.52609  1.43936  106.616   14.7223   10.6091 -0.024777 0 0 0 -0.186      0  0.086  -0.245224   0.562828 -0.0391895 -0.000511446 -0.000793636 -0.000275339  -0.240303  0.0145351 0.00119011  0.285652 -0.204527  -9.80271  11553
             63.1013 -1.15285  1.67224  106.699    14.7044    10.6684 -0.0117497 0 0 0 -0.186      0  0.086   -0.146857    0.455521 -0.00814465 -0.000509192 -0.000786606 -0.000250148    -0.240942    0.0157943 -0.000786892  0.285184 -0.203642  -9.80274  11759
             63.2008 -1.19911  1.59252  106.757    14.6912    10.7087 -0.0035322 0 0 0 -0.186      0  0.086  -0.142982    0.42378 -0.0340215 -0.000418464 -0.000854962 -0.000257039   -0.240577   0.0156814 -0.00200571  0.285435 -0.203758  -9.80273  11599
             63.3004 -1.20934  1.53446  106.705    14.6794    10.7549 -0.0107345 0 0 0 -0.186      0  0.086   -0.17804   0.539597 -0.0786593 -0.000440028   -0.0008681 -0.000251788   -0.240221   0.0160537 -0.00183059  0.285704 -0.203488  -9.80273  11499
             63.4013 -0.870966   1.70496   106.562    14.6548    10.8182 -0.0060101 0 0 0 -0.186      0  0.086 -0.225623  0.546585 0.0886402 -0.000498052 -0.000683658 -0.000241677   -0.241184   0.0160426 -0.00290335  0.284988 -0.203508  -9.80275  11658
             63.5008 -0.2026 1.62721 106.533    14.6348    10.8579 0.00100311 0 0 0 -0.186      0  0.086 -0.191562  0.421104 0.0879596 -0.000917098 -0.000579083 -0.000203264   -0.240537   0.0150505 -0.00329864  0.285432 -0.204247  -9.80272  11416
             63.6003 -0.873873   1.94938   106.497   14.6193   10.9005 0.0110387 0 0 0 -0.186      0  0.086 -0.174117  0.480468 0.0274094 -0.000604182 -0.000640556  -0.00022968   -0.240395   0.0151242 -0.00392028  0.285528 -0.204209  -9.80272  11380
             63.7011 -0.358433   1.60425   107.028    14.615   10.9567 0.0191596 0 0 0 -0.186      0  0.086 -0.109388  0.603481   0.06392 -0.000542936 -0.000531089 -0.000306106   -0.239389   0.0161075 -0.00435159  0.286273 -0.203524  -9.80271  11597
             63.8003 -0.265149   1.65247   106.645   14.6145   11.0018 0.0241809 0 0 0 -0.186      0  0.086 -0.0333567   0.369063   0.117758 -0.000186633 -0.000415943 -0.000222019   -0.238014   0.0166199 -0.00357007  0.287285 -0.203167  -9.80269  11223
             63.9002 -0.328893   2.01673   106.648   14.6223   11.0217 0.0442445 0 0 0 -0.186      0  0.086 0.0646035  0.201002 0.0757348 -0.000229716 -0.000468686 -0.000277879   -0.236509   0.0165923 -0.00487015  0.288357 -0.203232  -9.80265  11172
             63.9998 -1.08145  1.76432  106.683   14.6276   11.0354 0.0423133 0 0 0 -0.186      0  0.086  0.122924 0.0806926 0.0594275 -0.000237863 -0.000456462 -0.000294371   -0.236895   0.0160629 -0.00373386  0.288076 -0.203591  -9.80265  11303
             64.1006 -0.459496   1.61917   107.038   14.6456   11.0403 0.0375367 0 0 0 -0.186      0  0.086  0.135871 0.0188427 0.0356579 -0.000274177 -0.000394542 -0.000342241   -0.236561    0.016283 -0.00236132  0.288333 -0.203423  -9.80265  11452
             64.2001 -0.632733   1.63515   106.852   14.6555   11.0386 0.0230351 0 0 0 -0.186      0  0.086  0.0912238 -0.0481759 -0.0610644 -0.000186179 -0.000462527 -0.000264817    -0.236646    0.0160452 -0.000851723  0.288281 -0.203572  -9.80265  11253
             64.2997 -0.520622   1.59198   106.891    14.6641    11.0328 0.00543902 0 0 0 -0.186      0  0.086 0.0753302  -0.07151  -0.10799 -0.000171567 -0.000506629 -0.000258849   -0.236633   0.0160768 0.000276824  0.288302 -0.203534  -9.80265  11249
             64.4006 -1.60297  1.55701  107.491    14.6678    11.0339 -0.0160465 0 0 0 -0.186      0  0.086  0.0871264   0.199074 -0.0877167 -9.25729e-05 -0.000594992 -0.000385478  -0.237061   0.015612 0.00149172  0.287996 -0.203839  -9.80265  11476
             64.5001 -1.84316  1.94927  109.315   14.6687   11.0683 0.0048913 0 0 0 -0.186      0  0.086 -0.00873117    0.216954   0.0197229 -0.000452615 -0.000342516 -0.000586398   -0.238218   0.0166067 -0.00077812  0.287173 -0.203146  -9.80269  11320
             64.5996 -1.04119  1.82299  112.168    14.6755    11.0922 -0.0125484 0 0 0 -0.186      0  0.086  -0.037978   0.223265 -0.0889321  -0.00074279 -0.000682204 -0.000623671    -0.23766    0.017453 0.000877799   0.28761 -0.202521  -9.80269  11278
             64.6991 -2.05545  2.05325  116.007   14.6633   11.1117 -0.045445 0 0 0 -0.186      0  0.086 -0.181424  0.278202 -0.211994 -0.000519224 -0.000978769 -0.000743632  -0.237538  0.0166178 0.00316059  0.287739 -0.203068  -9.80268  11192
             64.7987 -1.62733  2.06771  120.972    14.6228    11.1497 -0.0645278 0 0 0 -0.186      0  0.086 -0.475154   0.49275 -0.234761 -0.000863347  -0.00125523 -0.000875795  -0.238807  0.0158488 0.00261489  0.286835 -0.203675  -9.80269  10854
             64.8996  -2.358 2.70527 126.197    14.5358    11.1875 -0.0731589 0 0 0 -0.186      0  0.086  -0.583882   0.381331 -0.0420946 -0.000827016  -0.00141333  -0.00104247  -0.241928  0.0114909 0.00175126  0.284851 -0.207087  -9.80268  10884
             65.0004 -1.28933  2.29021  131.261    14.4563    11.2027 -0.0647828 0 0 0 -0.186      0  0.086  -0.608202   0.232228 -0.0460539 -0.00121309 -0.00121318 -0.00103863    -0.243404   0.00739596 -6.40232e-05 0.284231 -0.21033 -9.80262  10757
             65.0999 -1.31193  2.20876  135.786    14.3967    11.2157 -0.0675909 0 0 0 -0.186      0  0.086  -0.637144   0.206922 -0.0428386  -0.00104286  -0.00130548 -0.000976892   -0.242608  0.00644809 -0.00037775 0.284978 -0.21089 -9.80259  10716
             65.2008 -0.572044   2.10602   140.538  14.3286  11.2214 -0.05215 0 0 0 -0.186      0  0.086 -0.755929  0.207614 0.0596141  -0.00123208   -0.0013605 -0.000982088   -0.241046  0.00438287 -0.00238278  0.286534 -0.212096  -9.80252  10735
             65.3013 -1.51007  2.22269  145.246     14.267    11.2269 -0.0548498 0 0 0 -0.186      0  0.086  -0.523014   0.162532 0.00686182  -0.00116522  -0.00150791 -0.000933388   -0.239642  0.00239201 -0.00131064  0.288151 -0.213077  -9.80245  10600
             65.4012 0.107741  2.13692  150.609    14.2234    11.2186 -0.0656134 0 0 0 -0.186      0  0.086  -0.371392  0.0281952 -0.0511833 -0.00164145 -0.00151988 -0.00108217   -0.238566 -0.00104149 1.81645e-05    0.2901 -0.215076  -9.80235  10550
              65.502 1.06035 2.16392  154.13    14.2019    11.2085 -0.0706137 0 0 0 -0.186      0  0.086  -0.259424 -0.0492252 -0.0799638 -0.00130847 -0.00159724 -0.00096294    -0.236359  -0.00259492 -1.67139e-05  0.292199 -0.215308  -9.80228  10653
             65.6016 0.599896  1.98467  156.364    14.1937    11.1971 -0.0589996 0 0 0 -0.186      0  0.086   -0.18121 -0.0820314 0.00396808 -0.000791768   -0.0014892 -0.000780189   -0.233421 -0.00325087 -0.00156058  0.294405 -0.214574  -9.80223  10659
             65.7025 0.519067  1.88737  157.524     14.197    11.1977 -0.0490666 0 0 0 -0.186      0  0.086 -0.0914119 -0.0878688  -0.086254 -0.000593168  -0.00155779 -0.000596921   -0.229686 -0.00103961 -0.00300057  0.295851 -0.211509  -9.80226  10644
              65.802 0.726796  1.82804  158.048    14.2017    11.1954 -0.0307034 0 0 0 -0.186      0  0.086 -0.0469064   -0.11585  0.0397728 -0.000547825  -0.00142525 -0.000459979   -0.226905  0.00070332 -0.00536831  0.296791 -0.209143  -9.80228  10588
             65.9015 0.338872   1.5451  157.724    14.2029    11.1917 -0.0421094 0 0 0 -0.186      0  0.086 -0.018034 -0.118631 0.0203754 -0.000517734  -0.00124074 -0.000358178   -0.226128  0.00238055 -0.00389359  0.296497 -0.207696  -9.80232  10515
              66.001 -0.165451   2.37052   157.461    14.213   11.1929 -0.034485 0 0 0 -0.186      0  0.086 0.00714124 -0.0945255    0.05233 -0.000473701  -0.00162041 -0.000317575   -0.224128  0.00459934 -0.00424174  0.296666 -0.205341  -9.80236  10495
             66.1006 0.343718  1.69119  156.981     14.231     11.199 -0.0377862 0 0 0 -0.186      0  0.086 -0.0181388 -0.0408908 -0.0157008 -0.000802542  -0.00146674 -0.000248426    -0.22006  0.00712598 -0.00378177  0.297967 -0.201767   -9.8024  10484
             66.2001 0.365767  1.77346  156.174    14.2303    11.2051 -0.0353205 0 0 0 -0.186      0  0.086 -0.0583949 -0.0240109  0.0159515 -0.000894964  -0.00143625 -0.000149163   -0.219176  0.00918597 -0.00412563  0.297507 -0.200062  -9.80245  10478
             66.2997 0.144356  1.86334  155.469    14.2341    11.2111 -0.0417176 0 0 0 -0.186      0  0.086  -0.0417605   0.0186188 -0.00969441 -0.000828118  -0.00150424 -0.000136058 -0.217199  0.010519 -0.003415  0.298095 -0.198258  -9.80246  10480
             66.3991 0.215562  1.82367  155.353    14.2353    11.2176 -0.0484701 0 0 0 -0.186      0  0.086  -0.031686  0.0476985 -0.0226488 -0.000858967  -0.00149737 -0.000229472   -0.216149   0.0111903 -0.00284133  0.298431 -0.197323  -9.80247  10478
                66.5 0.100211  1.90023  155.285    14.2341    11.2226 -0.0575483 0 0 0 -0.186      0  0.086 -0.0342053  0.0563184 -0.0413577 -0.000849016  -0.00153734 -0.000235791   -0.215763   0.0110648 -0.00220151  0.298736 -0.197206  -9.80247  10491
             66.5996 -0.0261934    2.01648    155.282    14.2342    11.2272 -0.0667187 0 0 0 -0.186      0  0.086 -0.0198726  0.0440446 -0.0473263 -0.000868212  -0.00158119 -0.000241907  -0.215172  0.0107992 -0.0016416  0.299235 -0.197082  -9.80245  10509
             66.6991 0.463554  1.62538  155.065    14.2266    11.2282 -0.0724387 0 0 0 -0.186      0  0.086  -0.153386   0.141322 -0.0383393 -0.000949236  -0.00158454 -0.000166325   -0.215395  0.00956419 -0.00142747  0.299673 -0.197956  -9.80242  10545
             66.7999 0.970495 0.895222   155.54    14.1973    11.2464 -0.0694629 0 0 0 -0.186      0  0.086  -0.459027    0.17191 -0.0751543 -0.000824878  -0.00137095 -0.000251078   -0.215359   0.0102215 -0.00241139  0.299385 -0.197542  -9.80244  10549
             66.8995    1.02337 -0.0539447    155.115    14.1365    11.2551 -0.0528611 0 0 0 -0.186      0  0.086 -0.507742  0.146891  0.155254 -0.000974727  -0.00123384 -0.000184852   -0.217241   0.0084105 -0.00449116 0.299022 -0.19958 -9.80241  10412
             67.0003 0.224931  0.66318  155.228    14.0904    11.2511 -0.0535796 0 0 0 -0.186      0  0.086 -0.386089 0.0358448 0.0865975  -0.00107175  -0.00129125 -0.000205174   -0.218169  0.00507277 -0.00312647  0.299973 -0.202082  -9.80233  10238
             67.1012  2.27003 0.376226  155.382    14.0625    11.2487 -0.0744234 0 0 0 -0.186      0  0.086  -0.291818   0.053274 -0.0430877  -0.00135538  -0.00145529 -0.000249773   -0.216792  0.00331804 -0.00106471 0.301644 -0.20252 -9.80227  10169
             67.2008 0.393384  1.21239  155.137     14.039    11.2503 -0.0432154 0 0 0 -0.186      0  0.086  -0.147202 -0.0152976   0.205059 -0.000554557  -0.00160061  -0.00015361   -0.216602  0.00388411 -0.00394711  0.301517 -0.202101  -9.80228  10113
             67.3003  1.30224 0.262529  155.951    14.0537    11.2479 -0.0460916 0 0 0 -0.186      0  0.086 0.0689998 0.0155026 0.0163316 -0.000774309  -0.00122987 -0.000346174   -0.213099  0.00338684 -0.00249041  0.303937 -0.200792  -9.80223  10063
             67.3996 0.686527 0.201647  156.758    14.0568    11.2425 -0.0393173 0 0 0 -0.186      0  0.086  0.0774519 -0.0113234  0.0141049 -0.000672585  -0.00133257 -0.000355175   -0.214076    0.002182 -0.00306623  0.303877 -0.201992  -9.80221  10096
             67.5006   1.25051 -0.195857   157.043    14.0656    11.2331 -0.0376716 0 0 0 -0.186      0  0.086  0.0783712 -0.0339212  0.0373548  -0.00103822  -0.00128377 -0.000285516   -0.214045 0.000767812 -0.00294092  0.304541 -0.202855  -9.80217  10119
             67.6002   1.49696 -0.491382   157.139   14.0738   11.2293 -0.046158 0 0 0 -0.186      0  0.086  0.0647479 -0.0265511 0.00950332   -0.0011274  -0.00122548 -0.000210415    -0.21389 0.000599746  -0.0018077  0.304703 -0.202884  -9.80217  10103
              67.701  1.51106 -0.58656  157.242    14.0803    11.2259 -0.0533114 0 0 0 -0.186      0  0.086  0.0484205 -0.0218674 0.00252569  -0.00110618  -0.00123536 -0.000212625    -0.213807  0.000395017 -0.000983385  0.304839 -0.202969  -9.80216  10060
             67.8006   1.58109 -0.540774   157.269     14.085    11.2232 -0.0554252 0 0 0 -0.186      0  0.086   0.0342751 -0.00928464 -0.00307035    -0.001116  -0.00123318 -0.000212046     -0.21373  0.000185838 -0.000740822  0.304979 -0.203062  -9.80215  10058
                67.9   1.53285 -0.543024   157.288    14.0845    11.2222 -0.0519573 0 0 0 -0.186      0  0.086 0.00775166 0.00150769 0.00264579  -0.00106499  -0.00121617 -0.000232043   -0.214231 8.48012e-05 -0.00111317  0.304723 -0.203356  -9.80216  10090
              68.001   1.50198 -0.502936    157.18    14.0889    11.2193 -0.0500662 0 0 0 -0.186      0  0.086 0.00635227 0.00211447 0.00843932  -0.00104228  -0.00124186 -0.000193931    -0.213567 -0.000528355  -0.00123625  0.305417 -0.203422  -9.80213  10092
             68.1005   1.50608 -0.525399   157.168    14.0922    11.2201 -0.0547147 0 0 0 -0.186      0  0.086  0.00355915   0.0189831 -0.00931543  -0.00101778  -0.00124053 -0.000210562    -0.213046 -0.000591409 -0.000748218 0.305756 -0.20322 -9.80213  10084
                68.2   1.52649 -0.568503   157.127    14.0946     11.218 -0.0530793 0 0 0 -0.186      0  0.086 -0.00306783   0.0112242  0.00108318   -0.0010137  -0.00123039 -0.000216162    -0.212639  -0.00133336 -0.000946341  0.306351 -0.203482   -9.8021  10091
             68.3009   1.46943 -0.489355   157.134    14.0962    11.2188 -0.0541631 0 0 0 -0.186      0  0.086 -0.00726185   0.0215745 -0.00119276 -0.000962024  -0.00128281 -0.000221705    -0.212257  -0.00152821 -0.000831348  0.306671 -0.203425  -9.80209  10084
             68.4005   1.44293 -0.396249   157.132    14.0981    11.2208 -0.0533677 0 0 0 -0.186      0  0.086 -0.0105381  0.0272603 0.00286962  -0.00093035  -0.00132685 -0.000225872    -0.211721  -0.00159866 -0.000895786  0.307033 -0.203221  -9.80209  10074
                68.5   1.41883 -0.385256   157.121    14.1019    11.2231 -0.0565935 0 0 0 -0.186      0  0.086 -0.00502031   0.0343559 -0.00698426 -0.000913752  -0.00132323 -0.000219845     -0.21086  -0.00179059 -0.000560758   0.30764 -0.202944  -9.80207  10081
             68.6008    1.3909 -0.405908   157.069   14.1028   11.2207 -0.053854 0 0 0 -0.186      0  0.086 -0.0129673  0.0218324 0.00407636 -0.000900408   -0.0013074    -0.000194    -0.210577  -0.00283404 -0.000831626  0.308291 -0.203447  -9.80204  10085
             68.7004   1.37494 -0.436491   157.158   14.1008   11.2205 -0.055951 0 0 0 -0.186      0  0.086   -0.023378   0.0184094 -0.00486086 -0.000920677  -0.00129661 -0.000221863    -0.210653  -0.00326336 -0.000584997  0.308433 -0.203742  -9.80203  10087
             68.7999   1.47066 -0.467858    157.06    14.0998    11.2219 -0.0577085 0 0 0 -0.186      0  0.086  -0.0274814   0.0282498 -0.00679895 -0.000971207  -0.00127538  -0.00017331    -0.210377  -0.00341962 -0.000450115  0.308669 -0.203712  -9.80203  10101
             68.9008   1.50282 -0.480809   157.106    14.0993     11.224 -0.0593696 0 0 0 -0.186      0  0.086  -0.0280431   0.0313408 -0.00743812 -0.000992542  -0.00126542 -0.000189158    -0.209979  -0.00362542 -0.000350241  0.309002 -0.203656  -9.80202  10108
             69.0003   1.47472 -0.503392   157.093   14.0983   11.2226 -0.055745 0 0 0 -0.186      0  0.086  -0.027982  0.0235881 0.00513215 -0.000982436   -0.0012451 -0.000183721   -0.209687 -0.00439417 -0.00072471   0.30953 -0.203988  -9.80199  10116
             69.0998   1.51095 -0.531181   157.058    14.0984    11.2203 -0.0553692 0 0 0 -0.186      0  0.086 -0.0234176  0.0175369  0.0050451  -0.00100832  -0.00122357 -0.000158614    -0.209235  -0.00520864 -0.000672874  0.310167 -0.204276  -9.80197  10113
             69.2007   1.37631 -0.395053   157.171    14.0996    11.2206 -0.0595385 0 0 0 -0.186      0  0.086  -0.0179833   0.0179228 -0.00813381 -0.000946468  -0.00129161 -0.000217316    -0.208676  -0.00552613 -0.000216777  0.310637 -0.204219  -9.80195  10120
             69.3002   1.40034 -0.418024   157.046    14.1012      11.22 -0.0654473 0 0 0 -0.186      0  0.086 -0.0160545  0.0178812 -0.0229956  -0.00097131  -0.00127494 -0.000149867   -0.208109 -0.00595796 0.000289527  0.311162 -0.204226  -9.80194  10116
             69.4011   1.44207 -0.469989    157.07    14.1021    11.2226 -0.0687485 0 0 0 -0.186      0  0.086 -0.0135708   0.032575 -0.0249267  -0.00100007  -0.00124528 -0.000162747   -0.207686 -0.00594355 0.000382771  0.31141 -0.20403 -9.80193  10108
             69.5006  1.39223 -0.40251  157.121    14.1012    11.2236 -0.0688255 0 0 0 -0.186      0  0.086 -0.0177705  0.0335543 -0.0175112 -0.000974503   -0.0012847 -0.000189997   -0.207593 -0.00636276 0.000175154 0.311655 -0.20424 -9.80192  10105
             69.6001   1.37796 -0.415801   157.064   14.1012   11.2246 -0.070243 0 0 0 -0.186      0  0.086  -0.018138   0.034877 -0.0167378 -0.000969276  -0.00127518 -0.000158011   -0.207285  -0.0067792 0.000163477  0.312023 -0.204353  -9.80191  10102
              69.701   1.42937 -0.391388   157.061    14.1024    11.2245 -0.0674192 0 0 0 -0.186      0  0.086  -0.0132497   0.0316467 -0.00290215  -0.00100992  -0.00128068 -0.000155487    -0.206816   -0.0073985 -0.000240056  0.312585 -0.204516  -9.80188  10121
             69.8005  1.38489 -0.37887  157.038    14.1027     11.225 -0.0662977 0 0 0 -0.186      0  0.086  -0.015032  0.0342558 0.00327716 -0.000997506  -0.00128469 -0.000141342    -0.206531  -0.00787767 -0.000340524  0.312967 -0.204677  -9.80187  10110
             69.9001   1.36882 -0.371064   157.053    14.1029    11.2259 -0.0679767 0 0 0 -0.186      0  0.086 -0.0133343  0.0375777 -0.0024099 -0.000992235  -0.00128801 -0.000149327    -0.206259  -0.00836746 -0.000134393  0.313339 -0.204851  -9.80185  10114
             70.0009   1.39959 -0.424793    157.05    14.1042     11.224 -0.0647899 0 0 0 -0.186      0  0.086 -0.00944111    0.030028   0.0075005  -0.00100098  -0.00125594 -0.000148373    -0.205869  -0.00931538 -0.000423985  0.313988 -0.205246  -9.80182  10116
             70.1005   1.35989 -0.397857    157.04    14.1023    11.2248 -0.0676493 0 0 0 -0.186      0  0.086  -0.0212079   0.0283907 -0.00327441 -0.000973695  -0.00126758 -0.000141766    -0.205967  -0.00970863 -5.93165e-05  0.314092 -0.205523  -9.80182  10116
                70.2   1.38185 -0.395504   157.004    14.1012    11.2251 -0.0698798 0 0 0 -0.186      0  0.086  -0.0249551   0.0278438 -0.00810108 -0.000987157  -0.00126487 -0.000120855   -0.205785  -0.0101483 0.000146366  0.314386 -0.205706   -9.8018  10114
             70.3008   1.34525 -0.393728   157.054     14.103    11.2244 -0.0662468 0 0 0 -0.186      0  0.086 -0.0138733  0.0285895 0.00529086 -0.000966398  -0.00126297 -0.000148289    -0.205109   -0.0107564 -0.000252382  0.315058 -0.205775  -9.80178  10114
             70.4004   1.41056 -0.465344   157.036    14.1053    11.2242 -0.0625038 0 0 0 -0.186      0  0.086 -0.00552568   0.0281235   0.0152061 -0.000996695  -0.00121957 -0.000138829    -0.204541   -0.0112818 -0.000536624  0.315627 -0.205842  -9.80176  10114
             70.4999   1.43819 -0.333476   157.047   14.1059   11.2228 -0.062986 0 0 0 -0.186      0  0.086 -0.00952854   0.0209671  0.00966471  -0.00100612  -0.00128883 -0.000142888   -0.204353  -0.0119763 -0.00031765   0.31603 -0.206172  -9.80174  10117
             70.6008    1.3644 -0.428943   157.016    14.1072    11.2242 -0.0626509 0 0 0 -0.186      0  0.086 -0.00783552   0.0279572  0.00819162 -0.000966673  -0.00123071 -0.000126251    -0.203979   -0.0121587 -0.000249322 0.316329 -0.20612 -9.80173  10116
             70.7003   1.39879 -0.392816   157.055     14.107    11.2223 -0.0616941 0 0 0 -0.186      0  0.086 -0.0110418  0.0228357 0.00880574 -0.000982543  -0.00124582 -0.000147088    -0.203878   -0.0129208 -0.000224172   0.31671 -0.206528  -9.80171  10110
             70.7999   1.40082 -0.394115   157.042    14.1068    11.2215 -0.0628019 0 0 0 -0.186      0  0.086 -0.0144118  0.0215223   0.003028 -0.000976287  -0.00124135 -0.000139876    -0.203732   -0.0134364 -1.68951e-05  0.31701 -0.20677  -9.8017  10115
             70.9007   1.41977 -0.377839   157.046    14.1048    11.2212 -0.0645217 0 0 0 -0.186      0  0.086  -0.0244208   0.0203491 -0.00229674 -0.000981491  -0.00124544 -0.000141468   -0.203773  -0.0138519 0.000194477  0.317155 -0.207032  -9.80169  10112
             71.0002   1.36798 -0.354577   157.047    14.1044    11.2228 -0.0673007 0 0 0 -0.186      0  0.086  -0.0242421   0.0279783 -0.00927149 -0.000952013  -0.00125545 -0.000141311   -0.203447  -0.0139987 0.000433852  0.317405 -0.206981  -9.80168  10109
             71.0998   1.33427 -0.389316   157.039    14.1049    11.2221 -0.0660093 0 0 0 -0.186      0  0.086  -0.0193533   0.0271549 -0.00248179 -0.000931281  -0.00123275 -0.000136857   -0.203014  -0.0145593 0.000256385  0.317898 -0.207128  -9.80166  10114
             71.2007   1.38954 -0.415845   157.029   14.1034   11.2218 -0.061212 0 0 0 -0.186      0  0.086 -0.0224415   0.026079  0.0125525 -0.000955854  -0.00121475 -0.000131346    -0.202921   -0.0150499 -0.000182772  0.318166 -0.207377  -9.80165  10113
             71.3002   1.44723 -0.504596   157.046    14.1036    11.2214 -0.0602161 0 0 0 -0.186      0  0.086 -0.0195658    0.02332  0.0122596 -0.000984281  -0.00116214 -0.000141436    -0.202546     -0.01553 -0.000137581  0.318585 -0.207501  -9.80163  10110
              71.401   1.38218 -0.506832   157.024    14.1041    11.2218 -0.0591625 0 0 0 -0.186      0  0.086 -0.0153131  0.0258155  0.0123792 -0.000946306   -0.0011578 -0.000129027    -0.202188   -0.0158643 -0.000105421  0.318933 -0.207548  -9.80162  10119
             71.5003   1.41474 -0.499957   157.042    14.1047    11.2223 -0.0602511 0 0 0 -0.186      0  0.086 -0.0120438  0.0279536 0.00611263 -0.000962081  -0.00115792 -0.000138714   -0.201869  -0.0162334 0.000129992  0.319267 -0.207631   -9.8016  10116
             71.6001   1.44651 -0.460489    157.04    14.1054    11.2222 -0.0604755 0 0 0 -0.186      0  0.086 -0.0101973  0.0266635 0.00410289  -0.00097695  -0.00117662 -0.000136485   -0.201592   -0.016703 0.000231011  0.31962 -0.20779 -9.80159  10114
             71.7009   1.41109 -0.442023   157.018    14.1047    11.2217 -0.0624862 0 0 0 -0.186      0  0.086  -0.0152024   0.0229464 -0.00267107 -0.000953554  -0.00118299 -0.000123109  -0.201527 -0.0172291 0.00048685 0.319867 -0.20807 -9.80158  10125
             71.8005   1.42794 -0.499636   157.035    14.1033    11.2224 -0.0638094 0 0 0 -0.186      0  0.086  -0.0195066   0.0270254 -0.00529791 -0.000959902   -0.0011475 -0.000133015   -0.201484  -0.0175127 0.000604013  0.320005 -0.208218  -9.80157  10114
                71.9  1.37981 -0.40682  157.002    14.1036    11.2218 -0.0651456 0 0 0 -0.186      0  0.086    -0.01639   0.0249944 -0.00746539 -0.000929649   -0.0011953 -0.000112945   -0.201153  -0.0180445 0.000703512  0.320412 -0.208391  -9.80155  10106
             72.0009   1.39078 -0.387689   157.008    14.1026    11.2224 -0.0674097 0 0 0 -0.186      0  0.086 -0.0206348  0.0259992  -0.011377 -0.000932689  -0.00120217 -0.000115893   -0.201036  -0.0183792 0.000865737  0.320612 -0.208538  -9.80154  10077
             72.1004   1.40195 -0.349049   157.006    14.1008    11.2229 -0.0710973 0 0 0 -0.186      0  0.086 -0.0267275  0.0264757 -0.0183279 -0.000935631  -0.00121969 -0.000113916  -0.200956 -0.0187342 0.00112778  0.320796 -0.208711  -9.80153  10081
             72.1999   1.46037 -0.453809   157.046    14.1002    11.2236 -0.0686705 0 0 0 -0.186      0  0.086   -0.023163   0.0303548 -0.00526964  -0.00096528  -0.00115723 -0.000137304  -0.200635 -0.0190583 0.00073982  0.321121 -0.208768  -9.80152  10069
             72.3008   1.44368 -0.476115   157.038    14.1011     11.223 -0.0657932 0 0 0 -0.186      0  0.086 -0.0151552  0.0277156 0.00511719 -0.000952635  -0.00114014 -0.000132731   -0.200181  -0.0196248 0.000440261  0.321616 -0.208911   -9.8015  10058
             72.4004   1.42883 -0.433598   157.033    14.1031     11.223 -0.0647305 0 0 0 -0.186      0  0.086 -0.00687331   0.0266064  0.00742221 -0.000941523  -0.00115886 -0.000129369   -0.199674  -0.0200427 0.000405684  0.322077 -0.208949  -9.80148  10055
             72.4999   1.40023 -0.445726   157.007    14.1062    11.2226 -0.0654069 0 0 0 -0.186      0  0.086 0.00123513  0.0234313 0.00378427  -0.00092255  -0.00114763 -0.000114654   -0.199144  -0.0205112 0.000558263  0.322567 -0.209006  -9.80147  10070
             72.6008   1.38443 -0.405527   157.015    14.1052    11.2217 -0.0665239 0 0 0 -0.186      0  0.086  -0.00820903      0.02065 -0.000495688   -0.0009111  -0.00116601 -0.000118053  -0.199271 -0.0210096 0.00072543  0.322687 -0.209343  -9.80146  10072
             72.7003    1.4095 -0.435818   157.023    14.1055    11.2222 -0.0653896 0 0 0 -0.186      0  0.086 -0.00881838   0.0239339  0.00341947 -0.000922106  -0.00114572 -0.000122851   -0.199095  -0.0212834 0.000628008 0.322898 -0.20943 -9.80145  10081
