0.400855 -0.000145 0.000124 0.000407 0.000990 -0.003211 0.002659 0.000000 0.000000 0.000000 0.000751 -0.000696 0.000766 0.000000 0.000000 0.000000 0.000000 0.000000 -0.000000 -0.000000 0.000000 -0.000000 0.312720 -0.035346 -9.803950 
0.500274 -0.001134 0.000992 0.000973 -0.013673 0.002658 0.006138 0.000000 0.000000 0.000000 -0.146632 0.059276 0.034979 0.000000 0.000000 0.000000 0.000098 -0.000090 -0.000057 0.000037 -0.000015 -0.000009 0.312684 -0.035331 -9.803951 
0.599812 -0.001579 0.001375 0.002228 -0.032361 0.010551 0.008158 0.000000 0.000000 0.000000 -0.171338 0.072985 0.026359 0.000000 0.000000 0.000000 0.000144 -0.000131 -0.000185 0.000511 -0.000005 0.000519 0.312213 -0.035339 -9.803966 
0.700708 -0.001909 0.001644 0.002842 -0.043560 0.015357 0.008799 0.000000 0.000000 0.000000 -0.142141 0.062724 0.016096 0.000000 0.000000 0.000000 0.000168 -0.000148 -0.000241 -0.001712 0.000006 0.003564 0.314253 -0.035340 -9.803901 
0.800258 -0.002057 0.001750 0.002481 -0.040988 0.012687 0.010303 0.000000 0.000000 0.000000 -0.076160 0.032495 0.014203 0.000000 0.000000 0.000000 0.000171 -0.000141 -0.000190 -0.012765 0.001956 0.005794 0.324804 -0.037190 -9.803550 
0.899778 -0.001661 0.001316 0.002855 -0.041705 0.012933 0.011235 0.000000 0.000000 0.000000 -0.047917 0.024585 0.010766 0.000000 0.000000 0.000000 0.000125 -0.000090 -0.000221 -0.020079 0.002783 0.008277 0.331752 -0.037965 -9.803315 
1.000639 -0.002224 0.001863 0.002594 -0.041349 0.014542 0.011173 0.000000 0.000000 0.000000 -0.023604 0.024408 0.004254 0.000000 0.000000 0.000000 0.000179 -0.000142 -0.000191 -0.027897 0.001754 0.012766 0.339111 -0.036947 -9.803067 
1.100133 -0.001962 0.001559 0.002263 -0.040836 0.016502 0.011016 0.000000 0.000000 0.000000 -0.006837 0.025078 0.000374 0.000000 0.000000 0.000000 0.000151 -0.000110 -0.000156 -0.032321 0.001730 0.014775 0.343292 -0.036909 -9.802921 
1.199703 -0.001619 0.001245 0.002914 -0.039751 0.017838 0.010611 0.000000 0.000000 0.000000 0.005869 0.021967 -0.002935 0.000000 0.000000 0.000000 0.000116 -0.000079 -0.000218 -0.034526 0.003660 0.016122 0.345368 -0.038757 -9.802841 
1.300571 -0.001577 0.001251 0.003091 -0.039758 0.016412 0.010566 0.000000 0.000000 0.000000 0.008873 0.007312 -0.003223 0.000000 0.000000 0.000000 0.000107 -0.000074 -0.000231 -0.031993 0.010493 0.015367 0.342980 -0.045334 -9.802897 
1.399754 -0.001763 0.001423 0.003077 -0.038035 0.011916 0.010390 0.000000 0.000000 0.000000 0.016377 -0.014125 -0.004078 0.000000 0.000000 0.000000 0.000118 -0.000086 -0.000226 -0.031963 0.019063 0.015042 0.342990 -0.053572 -9.802855 
1.500957 -0.001923 0.001597 0.003069 -0.032026 0.006678 0.009487 0.000000 0.000000 0.000000 0.037964 -0.029674 -0.007634 0.000000 0.000000 0.000000 0.000131 -0.000102 -0.000224 -0.037477 0.024276 0.016332 0.348256 -0.058556 -9.802641 
1.600458 -0.002443 0.002130 0.002740 -0.029181 0.002516 0.009722 0.000000 0.000000 0.000000 0.032269 -0.026913 0.000175 0.000000 0.000000 0.000000 0.000133 -0.000106 -0.000203 -0.035552 0.026080 0.014248 0.346491 -0.060304 -9.802693 
1.700036 -0.005661 -0.000291 -0.001903 -0.026570 0.003878 0.007273 0.000000 0.000000 0.000000 0.106306 -0.007310 -0.004822 0.000000 0.000000 0.000000 0.000225 -0.000122 0.000014 -0.033392 0.022268 0.018869 0.344236 -0.056629 -9.802794 
1.800895 0.000862 0.000850 0.009692 -0.015392 0.019202 0.012005 0.000000 0.000000 0.000000 0.363362 0.118630 -0.031421 0.000000 0.000000 0.000000 -0.000269 -0.000341 -0.000484 -0.020218 0.006746 0.004590 0.332097 -0.041812 -9.803287 
1.900196 -0.008369 0.004902 0.002155 0.023138 0.044842 0.016609 0.000000 0.000000 0.000000 0.487135 0.194531 0.058718 0.000000 0.000000 0.000000 -0.000279 -0.001412 -0.000353 -0.011778 -0.000978 -0.009995 0.324503 -0.034438 -9.803570 
1.999950 -0.001600 0.007478 0.009004 0.065614 0.055487 0.032650 0.000000 0.000000 0.000000 0.393712 0.118345 0.148907 0.000000 0.000000 0.000000 -0.000732 -0.001183 -0.000982 -0.010281 0.004733 -0.023210 0.323510 -0.039900 -9.803583 
2.099441 0.002381 0.002573 0.004917 0.089479 0.078368 0.029259 0.000000 0.000000 0.000000 0.295396 0.129365 0.019972 0.000000 0.000000 0.000000 -0.000664 -0.000360 -0.000482 0.001466 -0.005854 0.000074 0.311381 -0.029876 -9.804011 
2.200302 -0.005694 0.005970 0.003530 0.110386 0.096539 0.028924 0.000000 0.000000 0.000000 0.137440 0.208487 0.101258 0.000000 0.000000 0.000000 -0.000049 -0.000273 -0.000408 0.002463 -0.006747 0.004996 0.310228 -0.029033 -9.804050 
2.299897 -0.006629 0.001559 0.003537 0.125979 0.091710 0.022584 0.000000 0.000000 0.000000 -0.026970 0.040073 -0.029919 0.000000 0.000000 0.000000 -0.000096 0.000162 -0.000224 -0.004640 0.011982 0.029630 0.316218 -0.046934 -9.803789 
2.399378 -0.006105 0.003707 0.018908 0.106845 0.096870 0.031125 0.000000 0.000000 0.000000 -0.141093 -0.003081 0.008801 0.000000 0.000000 0.000000 -0.000580 -0.000133 -0.000727 0.004833 0.009614 0.007421 0.308017 -0.044769 -9.804061 
2.500235 -0.005125 0.007297 0.027765 0.085692 0.101751 0.027483 0.000000 0.000000 0.000000 -0.178444 -0.018501 0.005123 0.000000 0.000000 0.000000 -0.000448 -0.000292 -0.000759 0.007928 0.004845 0.015595 0.304673 -0.040278 -9.804184 
2.599800 -0.003631 0.007404 0.031925 0.084984 0.097541 0.018046 0.000000 0.000000 0.000000 -0.116032 -0.024660 -0.037428 0.000000 0.000000 0.000000 -0.000114 0.000008 -0.000632 -0.004109 0.005184 0.031577 0.315567 -0.040292 -9.803840 
2.700680 -0.004227 0.004777 0.032865 0.083185 0.085632 0.023610 0.000000 0.000000 0.000000 -0.076657 -0.048765 -0.008801 0.000000 0.000000 0.000000 0.000215 0.000200 -0.000534 -0.009258 0.011132 0.017154 0.321300 -0.045686 -9.803630 
2.800231 -0.004303 0.003139 0.032589 0.081762 0.077728 0.030713 0.000000 0.000000 0.000000 -0.041899 -0.050511 0.020659 0.000000 0.000000 0.000000 0.000330 0.000262 -0.000471 -0.012268 0.013062 0.004952 0.324753 -0.047278 -9.803509 
2.899725 -0.004575 0.003172 0.033162 0.081392 0.067740 0.036803 0.000000 0.000000 0.000000 -0.015252 -0.061481 0.039633 0.000000 0.000000 0.000000 0.000425 0.000172 -0.000523 -0.013456 0.016408 -0.000605 0.326423 -0.050380 -9.803438 
3.000590 -0.004714 0.003223 0.033219 0.080542 0.060845 0.040100 0.000000 0.000000 0.000000 -0.000293 -0.057926 0.036437 0.000000 0.000000 0.000000 0.000486 0.000124 -0.000532 -0.013335 0.017062 0.000129 0.326359 -0.051023 -9.803436 
3.100121 -0.003840 0.002479 0.033030 0.080073 0.054622 0.041682 0.000000 0.000000 0.000000 0.010148 -0.059821 0.029670 0.000000 0.000000 0.000000 0.000489 0.000128 -0.000558 -0.012655 0.017417 0.002934 0.325666 -0.051446 -9.803457 
3.199667 -0.003066 0.002064 0.032670 0.079268 0.048707 0.042368 0.000000 0.000000 0.000000 0.015516 -0.058511 0.020300 0.000000 0.000000 0.000000 0.000523 0.000089 -0.000530 -0.011343 0.017488 0.005634 0.324351 -0.051679 -9.803500 
3.300514 -0.003219 0.002551 0.033625 0.077306 0.044050 0.041917 0.000000 0.000000 0.000000 0.009370 -0.052405 0.009768 0.000000 0.000000 0.000000 0.000589 0.000054 -0.000601 -0.009394 0.017013 0.008908 0.322349 -0.051475 -9.803567 
3.400060 -0.003826 0.003082 0.032854 0.077365 0.040926 0.041339 0.000000 0.000000 0.000000 0.015856 -0.043750 0.005167 0.000000 0.000000 0.000000 0.000669 0.000032 -0.000541 -0.008871 0.016009 0.010978 0.321660 -0.050587 -9.803594 
3.499580 -0.003748 0.002436 0.033032 0.076502 0.040201 0.040978 0.000000 0.000000 0.000000 0.014975 -0.028284 -0.004302 0.000000 0.000000 0.000000 0.000690 0.000079 -0.000552 -0.007814 0.014223 0.011624 0.320413 -0.049032 -9.803643 
3.600402 -0.003839 0.002532 0.033098 0.072867 0.040638 0.039955 0.000000 0.000000 0.000000 0.003004 -0.011136 -0.004167 0.000000 0.000000 0.000000 0.000725 0.000034 -0.000553 -0.005512 0.012818 0.012200 0.318043 -0.047997 -9.803725 
3.699944 -0.003537 0.002182 0.032918 0.071493 0.043939 0.038439 0.000000 0.000000 0.000000 0.003589 0.012420 -0.009142 0.000000 0.000000 0.000000 0.000685 0.000045 -0.000555 -0.005024 0.010975 0.013092 0.317323 -0.046318 -9.803757 
3.800833 -0.003743 0.002435 0.032830 0.071704 0.044460 0.038789 0.000000 0.000000 0.000000 0.004806 0.015306 -0.005428 0.000000 0.000000 0.000000 0.000670 0.000021 -0.000560 -0.004772 0.011510 0.011732 0.317192 -0.046855 -9.803758 
3.900327 -0.003289 0.002284 0.032736 0.069851 0.046227 0.038601 0.000000 0.000000 0.000000 -0.002082 0.017235 -0.003945 0.000000 0.000000 0.000000 0.000633 0.000019 -0.000540 -0.003698 0.011504 0.011350 0.316190 -0.046982 -9.803790 
3.999910 -0.002934 0.001860 0.032599 0.066142 0.049656 0.038544 0.000000 0.000000 0.000000 -0.012005 0.027135 -0.001986 0.000000 0.000000 0.000000 0.000608 0.000039 -0.000532 -0.002287 0.010944 0.010923 0.314805 -0.046629 -9.803836 
4.100718 -0.003055 0.002058 0.032581 0.063662 0.050630 0.038156 0.000000 0.000000 0.000000 -0.016409 0.026948 -0.003410 0.000000 0.000000 0.000000 0.000613 0.000024 -0.000526 -0.001500 0.011963 0.011127 0.314186 -0.047687 -9.803851 
4.200262 -0.004516 0.001197 0.030511 0.071656 0.047510 0.037694 0.000000 0.000000 0.000000 0.082997 0.048486 -0.015960 0.000000 0.000000 0.000000 0.000637 -0.000006 -0.000555 -0.003759 0.014021 0.011432 0.316555 -0.049351 -9.803767 
4.301172 -0.014373 0.001788 0.005549 0.080152 0.055205 0.002292 0.000000 0.000000 0.000000 0.086335 0.041859 -0.172489 0.000000 0.000000 0.000000 0.000703 -0.000342 0.000029 -0.004868 0.012743 0.047283 0.316580 -0.048036 -9.803772 
4.400690 0.001655 0.001612 -0.013967 0.086190 0.057295 0.005305 0.000000 0.000000 0.000000 0.112365 0.045953 -0.083890 0.000000 0.000000 0.000000 -0.000065 -0.000341 -0.000064 -0.002698 0.013883 0.026937 0.315116 -0.049180 -9.803814 
4.501560 0.003182 0.005569 -0.050359 0.093381 0.050839 0.014977 0.000000 0.000000 0.000000 0.191798 0.028071 0.060159 0.000000 0.000000 0.000000 0.000359 -0.000232 0.000247 0.001749 0.019606 0.009726 0.311450 -0.054556 -9.803902 
4.601082 0.002543 0.002202 -0.092949 0.107570 0.041955 0.035235 0.000000 0.000000 0.000000 0.150449 0.016929 0.106372 0.000000 0.000000 0.000000 0.000786 0.000235 0.000353 0.004179 0.025196 -0.002526 0.308960 -0.059567 -9.803952 
4.700590 0.005685 -0.005997 -0.153703 0.118225 0.030027 0.036396 0.000000 0.000000 0.000000 0.138839 -0.021990 0.043611 0.000000 0.000000 0.000000 0.001196 0.000602 0.000844 0.005212 0.032269 0.005728 0.305669 -0.065120 -9.804020 
4.801433 0.004954 -0.005781 -0.217475 0.137295 0.004097 0.041944 0.000000 0.000000 0.000000 0.278204 -0.128447 0.039221 0.000000 0.000000 0.000000 0.001558 0.000480 0.000914 0.003373 0.042532 0.005636 0.302049 -0.073462 -9.804073 
4.901005 0.000479 -0.001345 -0.290553 0.181035 -0.021746 0.042203 0.000000 0.000000 0.000000 0.357662 -0.187072 0.074332 0.000000 0.000000 0.000000 0.001768 0.000518 0.001214 -0.001282 0.046519 0.012240 0.302496 -0.078381 -9.804021 
5.000525 0.018636 -0.008017 -0.370447 0.199690 -0.060743 0.033365 0.000000 0.000000 0.000000 0.185744 -0.202708 -0.068295 0.000000 0.000000 0.000000 0.001836 0.000954 0.001001 -0.005605 0.060929 0.023492 0.290455 -0.084930 -9.804331 
5.100092 0.021400 -0.012263 -0.465142 0.213141 -0.102596 0.038017 0.000000 0.000000 0.000000 0.155557 -0.225983 -0.051018 0.000000 0.000000 0.000000 0.002703 0.001008 0.001429 -0.013452 0.072078 0.012407 0.279994 -0.091994 -9.804571 
5.199605 0.026032 -0.010621 -0.557790 0.227348 -0.137986 0.037270 0.000000 0.000000 0.000000 0.279206 -0.291211 0.004746 0.000000 0.000000 0.000000 0.003630 0.000862 0.001342 -0.019870 0.082110 0.011412 0.268702 -0.094507 -9.804864 
5.299129 0.020089 -0.004496 -0.627098 0.254002 -0.162305 0.053698 0.000000 0.000000 0.000000 0.257452 -0.265403 0.135855 0.000000 0.000000 0.000000 0.004657 0.000726 0.000864 -0.017760 0.082152 0.000634 0.268738 -0.093121 -9.804876 
5.398682 -0.000362 -0.000267 -0.658302 0.262721 -0.131975 0.054487 0.000000 0.000000 0.000000 0.157049 -0.106707 0.052775 0.000000 0.000000 0.000000 0.004583 0.001221 -0.001150 0.025507 0.073190 0.009775 0.300217 -0.066726 -9.804178 
5.498194 0.000683 -0.001387 -0.700788 0.282401 -0.133910 0.053442 0.000000 0.000000 0.000000 0.176502 -0.165082 -0.026956 0.000000 0.000000 0.000000 0.003759 0.001149 -0.000820 0.036673 0.066906 0.012221 0.312409 -0.063985 -9.803815 
5.597747 0.001254 -0.000960 -0.724270 0.305076 -0.157658 0.050843 0.000000 0.000000 0.000000 0.248512 -0.350026 0.026534 0.000000 0.000000 0.000000 0.003385 0.000660 -0.000749 0.038559 0.065945 0.010382 0.314392 -0.063640 -9.803754 
5.697231 -0.000058 -0.000264 -0.738583 0.330160 -0.193077 0.053769 0.000000 0.000000 0.000000 0.151103 -0.215123 0.081906 0.000000 0.000000 0.000000 0.003026 0.000855 -0.000436 0.033372 0.062618 0.012693 0.312451 -0.069206 -9.803778 
5.798135 0.021964 -0.007490 -0.726127 0.348424 -0.228205 0.066557 0.000000 0.000000 0.000000 0.140028 -0.219333 0.010158 0.000000 0.000000 0.000000 0.002684 0.000883 -0.000809 0.022809 0.055962 0.009041 0.307792 -0.080324 -9.803841 
5.898974 -0.012134 0.000010 -0.738989 0.382237 -0.234487 0.044277 0.000000 0.000000 0.000000 0.309029 -0.209735 -0.103227 0.000000 0.000000 0.000000 0.002966 0.000833 -0.000491 0.040920 0.043336 0.025622 0.329397 -0.081742 -9.803127 
5.999827 0.002317 -0.002695 -0.731803 0.425113 -0.268043 0.032973 0.000000 0.000000 0.000000 0.359348 -0.237486 -0.016492 0.000000 0.000000 0.000000 0.002612 0.000547 -0.000676 0.033684 0.036896 0.027336 0.326649 -0.090785 -9.803139 
6.100718 -0.001399 0.003268 -0.731299 0.479695 -0.295632 0.055591 0.000000 0.000000 0.000000 0.312257 -0.137541 0.076244 0.000000 0.000000 0.000000 0.002635 0.000771 -0.000718 0.031641 0.017542 0.010563 0.334671 -0.108407 -9.802690 
6.201535 -0.004432 0.003455 -0.732994 0.525625 -0.314441 0.066171 0.000000 0.000000 0.000000 0.361232 -0.147002 -0.004217 0.000000 0.000000 0.000000 0.002568 0.000919 -0.000668 0.029596 0.005104 0.006058 0.339102 -0.120041 -9.802402 
6.301102 0.002490 -0.003989 -0.730445 0.569560 -0.339767 0.052323 0.000000 0.000000 0.000000 0.467133 -0.268431 -0.009848 0.000000 0.000000 0.000000 0.002454 0.001008 -0.000762 0.023945 0.001765 0.015812 0.335912 -0.125546 -9.802443 
6.401972 -0.001117 0.000543 -0.733505 0.618605 -0.375228 0.050805 0.000000 0.000000 0.000000 0.342365 -0.162305 0.001894 0.000000 0.000000 0.000000 0.002457 0.001268 -0.000615 0.013371 -0.003526 0.017926 0.329507 -0.135305 -9.802530 
6.501146 0.025846 -0.006467 -0.726993 0.645788 -0.414403 0.068524 0.000000 0.000000 0.000000 0.238357 -0.231107 -0.008218 0.000000 0.000000 0.000000 0.002581 0.001112 -0.000826 -0.004871 -0.004534 0.008597 0.314450 -0.145569 -9.802878 
6.600998 -0.000288 0.003164 -0.732227 0.685017 -0.438013 0.082416 0.000000 0.000000 0.000000 0.351142 -0.271077 0.047107 0.000000 0.000000 0.000000 0.003298 0.001169 -0.000837 -0.003379 -0.012303 0.000589 0.319514 -0.151555 -9.802623 
6.700561 -0.001727 0.001996 -0.725772 0.728652 -0.481094 0.073694 0.000000 0.000000 0.000000 0.429973 -0.317104 -0.066564 0.000000 0.000000 0.000000 0.003174 0.001134 -0.001049 -0.014241 -0.013737 0.008575 0.311117 -0.158126 -9.802790 
6.799755 -0.008908 0.000174 -0.731683 0.782690 -0.514242 0.052952 0.000000 0.000000 0.000000 0.360572 -0.224341 -0.089989 0.000000 0.000000 0.000000 0.003292 0.001382 -0.000709 -0.018502 -0.024362 0.021158 0.313007 -0.169001 -9.802548 
6.900941 -0.001159 -0.006687 -0.731724 0.816119 -0.537393 0.028298 0.000000 0.000000 0.000000 0.323953 -0.216724 -0.206381 0.000000 0.000000 0.000000 0.003153 0.001327 -0.000720 -0.021802 -0.023597 0.029222 0.309904 -0.169856 -9.802632 
7.000462 -0.004181 -0.003564 -0.730825 0.859232 -0.563420 0.016493 0.000000 0.000000 0.000000 0.473668 -0.305000 -0.191413 0.000000 0.000000 0.000000 0.003091 0.001129 -0.000767 -0.022446 -0.026226 0.022863 0.310660 -0.172547 -9.802561 
7.100024 0.000630 0.007366 -0.727685 0.906256 -0.599808 0.051181 0.000000 0.000000 0.000000 0.365147 -0.253232 0.127364 0.000000 0.000000 0.000000 0.002705 0.000627 -0.001067 -0.024427 -0.027348 -0.005963 0.309438 -0.175057 -9.802555 
7.199532 -0.001354 0.004439 -0.731008 0.948477 -0.631939 0.069164 0.000000 0.000000 0.000000 0.302264 -0.217312 0.141963 0.000000 0.000000 0.000000 0.002791 0.000510 -0.000853 -0.030165 -0.033218 -0.008542 0.307592 -0.182991 -9.802468 
7.300381 0.001539 0.003096 -0.728893 0.987529 -0.662389 0.075656 0.000000 0.000000 0.000000 0.341375 -0.217949 0.060492 0.000000 0.000000 0.000000 0.002881 0.000680 -0.000927 -0.036157 -0.037574 -0.005421 0.304794 -0.189667 -9.802429 
7.399954 0.002882 0.000720 -0.728527 1.044656 -0.699140 0.063860 0.000000 0.000000 0.000000 0.543265 -0.326566 -0.012654 0.000000 0.000000 0.000000 0.002609 0.000512 -0.000927 -0.041336 -0.045980 0.003464 0.304807 -0.199206 -9.802239 
7.500808 -0.002212 0.004641 -0.734327 1.097577 -0.738884 0.070287 0.000000 0.000000 0.000000 0.420172 -0.268592 0.027821 0.000000 0.000000 0.000000 0.002833 0.000912 -0.000741 -0.046876 -0.047412 0.001088 0.300864 -0.203305 -9.802277 
7.600310 0.000582 0.000187 -0.735437 1.136782 -0.774825 0.063266 0.000000 0.000000 0.000000 0.375269 -0.285013 -0.050528 0.000000 0.000000 0.000000 0.002842 0.000781 -0.000731 -0.053983 -0.046533 0.005774 0.294546 -0.206063 -9.802411 
7.699879 0.000917 0.001512 -0.732858 1.174503 -0.810346 0.062525 0.000000 0.000000 0.000000 0.461875 -0.363278 -0.070632 0.000000 0.000000 0.000000 0.002898 0.000683 -0.000726 -0.057414 -0.044699 0.002844 0.290667 -0.206341 -9.802521 
7.800760 -0.004817 0.003863 -0.734730 1.228921 -0.851466 0.067259 0.000000 0.000000 0.000000 0.518047 -0.425417 -0.087013 0.000000 0.000000 0.000000 0.002865 0.000732 -0.000642 -0.056993 -0.045691 -0.001769 0.291410 -0.207088 -9.802483 
7.900231 -0.009052 0.001648 -0.732063 1.258166 -0.888449 0.051843 0.000000 0.000000 0.000000 0.298098 -0.313692 -0.059239 0.000000 0.000000 0.000000 0.003013 0.000890 -0.000792 -0.059272 -0.038221 0.006469 0.285891 -0.201710 -9.802758 
7.999771 0.001078 0.001910 -0.729090 1.274343 -0.916423 0.059382 0.000000 0.000000 0.000000 0.203577 -0.279729 -0.055397 0.000000 0.000000 0.000000 0.002589 0.000890 -0.000770 -0.058833 -0.033393 -0.001550 0.283670 -0.197628 -9.802905 
8.100640 -0.001823 0.002186 -0.729583 1.304467 -0.956101 0.057307 0.000000 0.000000 0.000000 0.284709 -0.355601 -0.070213 0.000000 0.000000 0.000000 0.002856 0.000803 -0.000732 -0.062564 -0.037546 -0.004264 0.282594 -0.203092 -9.802825 
8.200217 0.002431 0.000148 -0.732205 1.338926 -1.007720 0.049024 0.000000 0.000000 0.000000 0.321910 -0.428607 0.056339 0.000000 0.000000 0.000000 0.003264 0.000765 -0.000748 -0.068094 -0.039075 -0.001591 0.278771 -0.207122 -9.802850 
8.301058 0.002735 0.004237 -0.728451 1.373717 -1.039697 0.065603 0.000000 0.000000 0.000000 0.271664 -0.299368 0.091221 0.000000 0.000000 0.000000 0.002945 0.000938 -0.000914 -0.063570 -0.042603 -0.007695 0.284222 -0.207935 -9.802676 
8.400602 -0.002755 0.005040 -0.728087 1.402456 -1.063289 0.074938 0.000000 0.000000 0.000000 0.307265 -0.270407 0.021369 0.000000 0.000000 0.000000 0.003064 0.000990 -0.001033 -0.060680 -0.043716 -0.009210 0.287170 -0.207435 -9.802601 
8.500136 -0.004829 0.006000 -0.727233 1.428188 -1.090997 0.077029 0.000000 0.000000 0.000000 0.366964 -0.368958 0.064377 0.000000 0.000000 0.000000 0.003102 0.000873 -0.001040 -0.058693 -0.040222 -0.009536 0.287045 -0.203496 -9.802687 
8.600990 0.001639 0.001559 -0.731519 1.458278 -1.118935 0.072745 0.000000 0.000000 0.000000 0.271523 -0.231476 0.044702 0.000000 0.000000 0.000000 0.003232 0.000916 -0.000850 -0.057835 -0.038922 -0.004135 0.287237 -0.201825 -9.802716 
8.700491 0.001950 0.001986 -0.729647 1.481176 -1.146624 0.074849 0.000000 0.000000 0.000000 0.234536 -0.184954 -0.004176 0.000000 0.000000 0.000000 0.003137 0.001023 -0.000916 -0.062381 -0.037805 -0.003795 0.282881 -0.203211 -9.802814 
8.800055 -0.001364 0.002704 -0.729884 1.506320 -1.175036 0.065426 0.000000 0.000000 0.000000 0.316328 -0.241337 -0.086201 0.000000 0.000000 0.000000 0.003083 0.000908 -0.000889 -0.067512 -0.037206 -0.001037 0.278364 -0.205268 -9.802901 
8.899590 0.001976 0.001450 -0.730815 1.540401 -1.202243 0.055827 0.000000 0.000000 0.000000 0.382123 -0.274356 -0.020025 0.000000 0.000000 0.000000 0.002906 0.000804 -0.000865 -0.068179 -0.035715 -0.000362 0.277061 -0.204346 -9.802957 
9.000401 -0.012433 0.007551 -0.729698 1.565474 -1.233395 0.057840 0.000000 0.000000 0.000000 0.259763 -0.172922 0.008574 0.000000 0.000000 0.000000 0.003712 0.000864 -0.000871 -0.074549 -0.031605 -0.000434 0.269651 -0.204178 -9.803167 
9.099829 -0.004024 0.002578 -0.727461 1.586367 -1.250209 0.051337 0.000000 0.000000 0.000000 0.227835 -0.163192 -0.077827 0.000000 0.000000 0.000000 0.003133 0.000702 -0.001027 -0.076342 -0.029562 0.001400 0.267148 -0.203340 -9.803253 
9.199517 -0.006938 0.005608 -0.727430 1.634680 -1.285041 0.049167 0.000000 0.000000 0.000000 0.410251 -0.302384 -0.070671 0.000000 0.000000 0.000000 0.003121 0.000505 -0.001074 -0.081616 -0.036820 -0.001169 0.266447 -0.212175 -9.803085 
9.300339 -0.004972 0.007986 -0.725450 1.670285 -1.325558 0.063416 0.000000 0.000000 0.000000 0.324293 -0.269206 0.082286 0.000000 0.000000 0.000000 0.002786 0.000572 -0.001088 -0.086340 -0.034313 -0.009826 0.261167 -0.212738 -9.803215 
9.399635 -0.003699 0.005140 -0.730767 1.707429 -1.361199 0.071889 0.000000 0.000000 0.000000 0.251908 -0.225396 0.052754 0.000000 0.000000 0.000000 0.002924 0.000555 -0.000941 -0.091266 -0.037613 -0.009311 0.258781 -0.218014 -9.803162 
9.500762 0.000711 0.004125 -0.725614 1.740106 -1.395572 0.073337 0.000000 0.000000 0.000000 0.301222 -0.268983 -0.030878 0.000000 0.000000 0.000000 0.002842 0.000531 -0.001072 -0.096191 -0.039643 -0.008432 0.255755 -0.222224 -9.803147 
9.600255 -0.001854 0.003279 -0.728671 1.781698 -1.439027 0.063594 0.000000 0.000000 0.000000 0.474794 -0.413868 -0.068613 0.000000 0.000000 0.000000 0.002861 0.000332 -0.000960 -0.101438 -0.040789 -0.005626 0.252042 -0.225819 -9.803161 
9.699835 -0.012064 0.010766 -0.726784 1.825082 -1.481486 0.076585 0.000000 0.000000 0.000000 0.383603 -0.278412 0.054921 0.000000 0.000000 0.000000 0.003174 0.000643 -0.001010 -0.104896 -0.040181 -0.011018 0.248770 -0.227239 -9.803212 
9.800687 -0.008246 0.006441 -0.728812 1.864432 -1.510140 0.076118 0.000000 0.000000 0.000000 0.366028 -0.238753 -0.018447 0.000000 0.000000 0.000000 0.002909 0.000591 -0.000927 -0.106422 -0.040888 -0.009614 0.247905 -0.228578 -9.803202 
9.900232 -0.007758 0.005609 -0.728617 1.904079 -1.536108 0.068926 0.000000 0.000000 0.000000 0.445269 -0.304424 -0.080611 0.000000 0.000000 0.000000 0.002869 0.000444 -0.000953 -0.106845 -0.040949 -0.008581 0.247608 -0.228819 -9.803204 
10.001081 -0.005146 0.006130 -0.727363 1.948419 -1.571044 0.067199 0.000000 0.000000 0.000000 0.447081 -0.327256 0.002918 0.000000 0.000000 0.000000 0.002755 0.000301 -0.000912 -0.107426 -0.039245 -0.010619 0.246214 -0.227760 -9.803264 
10.100592 0.003348 0.002734 -0.729780 1.991141 -1.603033 0.067907 0.000000 0.000000 0.000000 0.324902 -0.247957 0.030684 0.000000 0.000000 0.000000 0.002222 0.000438 -0.000948 -0.108914 -0.040642 -0.009887 0.245719 -0.229667 -9.803232 
10.200154 0.001105 0.003528 -0.728660 2.018941 -1.633164 0.067703 0.000000 0.000000 0.000000 0.303863 -0.256730 -0.037669 0.000000 0.000000 0.000000 0.002348 0.000342 -0.000891 -0.111856 -0.039145 -0.010480 0.242510 -0.229960 -9.803305 
10.301014 0.000944 0.002254 -0.726129 2.048614 -1.665627 0.058118 0.000000 0.000000 0.000000 0.404884 -0.354501 -0.079821 0.000000 0.000000 0.000000 0.002464 0.000264 -0.001079 -0.113867 -0.037258 -0.009100 0.239913 -0.229401 -9.803382 
10.400506 0.008117 0.002261 -0.729519 2.097558 -1.711378 0.061973 0.000000 0.000000 0.000000 0.420823 -0.336960 0.008843 0.000000 0.000000 0.000000 0.002538 0.000219 -0.001034 -0.117043 -0.038386 -0.013845 0.237730 -0.232078 -9.803372 
10.500051 -0.000032 0.004236 -0.730690 2.126604 -1.742336 0.074276 0.000000 0.000000 0.000000 0.313047 -0.266614 0.010958 0.000000 0.000000 0.000000 0.002551 0.000476 -0.000874 -0.118509 -0.035748 -0.018702 0.234970 -0.230755 -9.803470 
10.599611 -0.000057 0.001028 -0.730085 2.159687 -1.783007 0.065063 0.000000 0.000000 0.000000 0.332157 -0.335093 -0.060752 0.000000 0.000000 0.000000 0.002732 0.000526 -0.000889 -0.123681 -0.035947 -0.015978 0.230941 -0.233526 -9.803500 
10.700424 -0.005394 0.010227 -0.730637 2.193874 -1.823943 0.084790 0.000000 0.000000 0.000000 0.428338 -0.442498 0.089315 0.000000 0.000000 0.000000 0.002848 0.000580 -0.000922 -0.124700 -0.034821 -0.025661 0.229083 -0.233332 -9.803548 
10.800019 -0.002723 0.004413 -0.730843 2.229764 -1.863012 0.081648 0.000000 0.000000 0.000000 0.321793 -0.336971 0.025653 0.000000 0.000000 0.000000 0.002655 0.000645 -0.000889 -0.124693 -0.033570 -0.021481 0.228625 -0.232202 -9.803586 
10.900863 -0.005150 0.003489 -0.728862 2.254143 -1.888548 0.071450 0.000000 0.000000 0.000000 0.235721 -0.237467 -0.050224 0.000000 0.000000 0.000000 0.002666 0.000638 -0.000915 -0.123920 -0.032396 -0.017436 0.228819 -0.230745 -9.803616 
11.000370 -0.004562 0.005820 -0.730991 2.285653 -1.913033 0.069704 0.000000 0.000000 0.000000 0.284958 -0.244060 -0.073504 0.000000 0.000000 0.000000 0.002706 0.000535 -0.000810 -0.123990 -0.034614 -0.019238 0.229833 -0.232651 -9.803547 
11.099933 -0.005307 0.006481 -0.729814 2.327176 -1.947184 0.068969 0.000000 0.000000 0.000000 0.463459 -0.336426 0.015347 0.000000 0.000000 0.000000 0.002787 0.000498 -0.000892 -0.125748 -0.036069 -0.021661 0.229055 -0.234806 -9.803514 
11.200754 -0.013156 0.014010 -0.726327 2.380939 -1.993154 0.094572 0.000000 0.000000 0.000000 0.379106 -0.272573 0.098351 0.000000 0.000000 0.000000 0.002987 0.000740 -0.001036 -0.130586 -0.038572 -0.029043 0.226151 -0.239517 -9.803467 
11.300284 -0.013276 0.011252 -0.728555 2.419704 -2.028927 0.093399 0.000000 0.000000 0.000000 0.346998 -0.258852 -0.022457 0.000000 0.000000 0.000000 0.003126 0.000774 -0.000898 -0.134850 -0.038571 -0.025479 0.222746 -0.241627 -9.803493 
11.399867 -0.016024 0.010827 -0.729196 2.466036 -2.065414 0.083427 0.000000 0.000000 0.000000 0.489253 -0.360204 -0.080466 0.000000 0.000000 0.000000 0.003249 0.000753 -0.000860 -0.137366 -0.040289 -0.022530 0.221625 -0.244254 -9.803454 
11.500713 0.002333 0.005686 -0.723977 2.521937 -2.112169 0.077777 0.000000 0.000000 0.000000 0.507938 -0.355431 -0.015692 0.000000 0.000000 0.000000 0.002645 0.000948 -0.000889 -0.139567 -0.040949 -0.022739 0.220164 -0.245942 -9.803444 
11.600219 -0.007527 0.009790 -0.728809 2.563748 -2.148974 0.088237 0.000000 0.000000 0.000000 0.378602 -0.276751 0.039206 0.000000 0.000000 0.000000 0.002841 0.000979 -0.000900 -0.141944 -0.039584 -0.026015 0.217499 -0.246167 -9.803498 
11.699746 -0.007971 0.008020 -0.729551 2.589281 -2.179984 0.088350 0.000000 0.000000 0.000000 0.321176 -0.278617 -0.008330 0.000000 0.000000 0.000000 0.002755 0.000990 -0.000835 -0.144020 -0.036391 -0.025899 0.214152 -0.244637 -9.803610 
11.800647 -0.000531 0.003010 -0.729627 2.613931 -2.207267 0.077676 0.000000 0.000000 0.000000 0.401523 -0.351482 -0.076709 0.000000 0.000000 0.000000 0.002554 0.001059 -0.000738 -0.143620 -0.033560 -0.023568 0.213034 -0.242046 -9.803699 
11.900136 -0.002116 0.005144 -0.732967 2.658609 -2.243043 0.070705 0.000000 0.000000 0.000000 0.409201 -0.346444 0.038030 0.000000 0.000000 0.000000 0.002614 0.000996 -0.000852 -0.142892 -0.034126 -0.022888 0.213931 -0.242111 -9.803678 
11.999672 0.001109 0.003028 -0.729090 2.692468 -2.282499 0.073010 0.000000 0.000000 0.000000 0.308389 -0.262925 0.020059 0.000000 0.000000 0.000000 0.002397 0.001144 -0.000848 -0.146527 -0.033440 -0.023202 0.210613 -0.243436 -9.803717 
12.100557 -0.005760 0.008311 -0.730658 2.718572 -2.309010 0.079518 0.000000 0.000000 0.000000 0.297222 -0.245011 -0.003776 0.000000 0.000000 0.000000 0.002657 0.001023 -0.000823 -0.147522 -0.032059 -0.025545 0.209026 -0.242877 -9.803765 
12.200115 -0.005013 0.008705 -0.727165 2.753783 -2.342720 0.088432 0.000000 0.000000 0.000000 0.362302 -0.333499 0.062804 0.000000 0.000000 0.000000 0.002856 0.000883 -0.000902 -0.148623 -0.032353 -0.028591 0.208185 -0.243755 -9.803761 
12.300951 0.001126 0.001818 -0.732008 2.774417 -2.352798 0.089510 0.000000 0.000000 0.000000 0.245926 -0.147199 0.094268 0.000000 0.000000 0.000000 0.002465 0.000704 -0.000699 -0.144471 -0.029831 -0.025697 0.210349 -0.239491 -9.803820 
12.400458 0.007332 0.000048 -0.731353 2.795626 -2.364207 0.090886 0.000000 0.000000 0.000000 0.208003 -0.103505 0.050362 0.000000 0.000000 0.000000 0.002027 0.000468 -0.000751 -0.144210 -0.029703 -0.023805 0.210560 -0.239215 -9.803822 
12.500037 0.006693 0.000019 -0.727746 2.823166 -2.385824 0.080868 0.000000 0.000000 0.000000 0.328032 -0.186321 -0.064303 0.000000 0.000000 0.000000 0.001916 0.000017 -0.000876 -0.146909 -0.030253 -0.020111 0.208800 -0.241002 -9.803816 
12.600895 0.008998 -0.001320 -0.729801 2.866452 -2.419031 0.079098 0.000000 0.000000 0.000000 0.458100 -0.301917 0.109265 0.000000 0.000000 0.000000 0.002038 -0.000005 -0.000825 -0.149481 -0.031011 -0.020411 0.207098 -0.242954 -9.803804 
12.700615 0.004263 0.003820 -0.726581 2.904941 -2.460501 0.106533 0.000000 0.000000 0.000000 0.348257 -0.274977 0.081749 0.000000 0.000000 0.000000 0.002218 -0.000067 -0.000883 -0.154028 -0.029814 -0.026136 0.202476 -0.244385 -9.803865 
12.799953 0.005883 -0.006216 -0.731629 2.948563 -2.493023 0.087849 0.000000 0.000000 0.000000 0.347650 -0.240059 -0.019854 0.000000 0.000000 0.000000 0.002016 0.000035 -0.000629 -0.155941 -0.032168 -0.017927 0.202693 -0.247218 -9.803789 
12.899455 0.004202 0.000371 -0.732833 2.996572 -2.533147 0.078357 0.000000 0.000000 0.000000 0.464438 -0.369015 -0.077427 0.000000 0.000000 0.000000 0.002077 -0.000207 -0.000638 -0.159127 -0.034228 -0.016514 0.201295 -0.250530 -9.803734 
13.000306 -0.001658 0.006478 -0.730252 3.052417 -2.567772 0.087789 0.000000 0.000000 0.000000 0.511587 -0.407505 0.039512 0.000000 0.000000 0.000000 0.001799 -0.000009 -0.000688 -0.156705 -0.035531 -0.020879 0.203615 -0.250365 -9.803690 
13.099842 0.004100 -0.002471 -0.729440 3.095094 -2.600761 0.086893 0.000000 0.000000 0.000000 0.365546 -0.314177 0.098327 0.000000 0.000000 0.000000 0.001668 0.000147 -0.000793 -0.156770 -0.034881 -0.019116 0.203343 -0.249852 -9.803709 
13.199385 -0.000774 0.004114 -0.724279 3.126526 -2.640983 0.111405 0.000000 0.000000 0.000000 0.337640 -0.336088 0.102889 0.000000 0.000000 0.000000 0.002024 -0.000253 -0.000953 -0.159969 -0.033656 -0.024493 0.199801 -0.250574 -9.803763 
13.300238 0.000900 -0.003297 -0.725260 3.166477 -2.683469 0.119064 0.000000 0.000000 0.000000 0.460266 -0.438391 0.072568 0.000000 0.000000 0.000000 0.001827 -0.000313 -0.000924 -0.161330 -0.033850 -0.024392 0.198814 -0.251436 -9.803761 
13.399766 0.010969 -0.004155 -0.728122 3.215227 -2.730511 0.105906 0.000000 0.000000 0.000000 0.435728 -0.433627 0.085411 0.000000 0.000000 0.000000 0.001575 -0.000273 -0.000845 -0.161366 -0.034149 -0.016785 0.199383 -0.251650 -9.803744 
13.500702 0.013445 -0.003786 -0.728388 3.259133 -2.766554 0.109622 0.000000 0.000000 0.000000 0.371350 -0.323620 -0.012290 0.000000 0.000000 0.000000 0.001401 -0.000094 -0.000761 -0.160681 -0.035331 -0.016824 0.200543 -0.252238 -9.803705 
13.600207 0.007118 0.000795 -0.731834 3.291445 -2.797066 0.114781 0.000000 0.000000 0.000000 0.357530 -0.348755 0.003703 0.000000 0.000000 0.000000 0.001729 -0.000266 -0.000616 -0.160397 -0.034540 -0.018841 0.200207 -0.251468 -9.803732 
13.700793 0.011259 -0.001537 -0.727632 3.331992 -2.834756 0.109476 0.000000 0.000000 0.000000 0.480385 -0.467895 -0.046578 0.000000 0.000000 0.000000 0.001679 -0.000069 -0.000769 -0.159762 -0.034698 -0.017818 0.200880 -0.251253 -9.803724 
13.800586 0.006155 0.002504 -0.731413 3.374423 -2.879820 0.114240 0.000000 0.000000 0.000000 0.400674 -0.430415 0.071530 0.000000 0.000000 0.000000 0.001571 -0.000050 -0.000600 -0.159582 -0.033560 -0.019550 0.200276 -0.250263 -9.803761 
13.900131 0.010518 -0.001979 -0.732891 3.411188 -2.910724 0.118544 0.000000 0.000000 0.000000 0.354504 -0.359641 0.046841 0.000000 0.000000 0.000000 0.001104 -0.000058 -0.000560 -0.157164 -0.033773 -0.018728 0.202378 -0.249162 -9.803746 
14.000996 0.011740 -0.003106 -0.729392 3.434221 -2.933105 0.109974 0.000000 0.000000 0.000000 0.361688 -0.356716 -0.049816 0.000000 0.000000 0.000000 0.001434 0.000077 -0.000645 -0.154227 -0.031404 -0.015853 0.203735 -0.245704 -9.803806 
14.100487 0.009870 -0.003604 -0.733040 3.470600 -2.958900 0.102402 0.000000 0.000000 0.000000 0.506231 -0.366799 -0.047524 0.000000 0.000000 0.000000 0.001300 0.000032 -0.000593 -0.151328 -0.030465 -0.015664 0.205564 -0.243446 -9.803824 
14.200055 0.007878 -0.000149 -0.732301 3.512894 -2.991783 0.112240 0.000000 0.000000 0.000000 0.369943 -0.309019 0.027729 0.000000 0.000000 0.000000 0.001256 0.000223 -0.000649 -0.150670 -0.030127 -0.018250 0.205657 -0.242863 -9.803836 
14.300897 0.004096 0.000393 -0.730333 3.541062 -3.013856 0.121967 0.000000 0.000000 0.000000 0.310210 -0.251460 0.014072 0.000000 0.000000 0.000000 0.001202 0.000289 -0.000611 -0.149425 -0.028952 -0.020892 0.205776 -0.241305 -9.803872 
14.400419 0.001264 -0.000623 -0.733041 3.587982 -3.050734 0.125109 0.000000 0.000000 0.000000 0.391981 -0.359395 -0.071813 0.000000 0.000000 0.000000 0.001367 0.000052 -0.000588 -0.151141 -0.031779 -0.022356 0.205736 -0.244466 -9.803795 
14.499992 0.007262 -0.006933 -0.730983 3.633662 -3.088085 0.110070 0.000000 0.000000 0.000000 0.486041 -0.450300 -0.029101 0.000000 0.000000 0.000000 0.001041 -0.000029 -0.000580 -0.150444 -0.031636 -0.019333 0.206487 -0.243978 -9.803791 
14.599520 0.027369 -0.010889 -0.732742 3.667215 -3.102480 0.119994 0.000000 0.000000 0.000000 0.292562 -0.241457 0.072592 0.000000 0.000000 0.000000 0.000487 0.000039 -0.000606 -0.145326 -0.031133 -0.021266 0.210116 -0.240923 -9.803789 
14.700328 0.024645 -0.009544 -0.725402 3.678636 -3.118006 0.135423 0.000000 0.000000 0.000000 0.204649 -0.279234 0.037844 0.000000 0.000000 0.000000 0.001113 -0.000013 -0.000785 -0.143802 -0.028440 -0.024169 0.209684 -0.237983 -9.803871 
14.799911 -0.013576 -0.002195 -0.732320 3.711333 -3.143664 0.125429 0.000000 0.000000 0.000000 0.347610 -0.333685 0.001769 0.000000 0.000000 0.000000 0.001937 -0.000120 -0.000775 -0.143015 -0.029570 -0.020731 0.211218 -0.238488 -9.803825 
14.899400 0.032858 -0.023629 -0.729082 3.768310 -3.188553 0.110094 0.000000 0.000000 0.000000 0.418554 -0.409066 -0.088170 0.000000 0.000000 0.000000 0.000360 -0.000431 -0.000686 -0.143800 -0.033391 -0.016850 0.212938 -0.241966 -9.803703 
15.000551 0.023768 -0.017354 -0.736382 3.823493 -3.223245 0.103874 0.000000 0.000000 0.000000 0.393149 -0.293200 -0.050459 0.000000 0.000000 0.000000 0.000467 -0.000345 -0.000461 -0.143035 -0.036733 -0.016051 0.215351 -0.244216 -9.803594 
15.099796 0.029388 -0.022311 -0.733792 3.877709 -3.265300 0.103299 0.000000 0.000000 0.000000 0.415050 -0.344555 -0.053154 0.000000 0.000000 0.000000 0.000169 -0.000339 -0.000563 -0.145105 -0.040237 -0.017567 0.215397 -0.248041 -9.803497 
15.200687 0.033273 -0.027166 -0.729879 3.911446 -3.286867 0.087274 0.000000 0.000000 0.000000 0.473246 -0.440661 -0.133562 0.000000 0.000000 0.000000 -0.000207 -0.000483 -0.000625 -0.141120 -0.038406 -0.016371 0.217709 -0.244540 -9.803534 
15.300214 0.031298 -0.027898 -0.728758 3.984323 -3.357535 0.063444 0.000000 0.000000 0.000000 0.509745 -0.516254 -0.093779 0.000000 0.000000 0.000000 -0.000099 -0.000809 -0.000598 -0.144636 -0.042585 -0.013174 0.217571 -0.249775 -9.803405 
15.401080 0.032512 -0.028921 -0.734025 4.023132 -3.387426 0.075296 0.000000 0.000000 0.000000 0.384053 -0.417832 -0.003772 0.000000 0.000000 0.000000 -0.000249 -0.000957 -0.000488 -0.140893 -0.042228 -0.017739 0.219557 -0.247348 -9.803423 
15.500534 0.038999 -0.036262 -0.733670 4.063065 -3.430125 0.072308 0.000000 0.000000 0.000000 0.399774 -0.471079 -0.095011 0.000000 0.000000 0.000000 -0.000011 -0.000970 -0.000367 -0.140814 -0.042903 -0.017415 0.220026 -0.247856 -9.803399 
15.600188 0.031489 -0.033209 -0.736067 4.104748 -3.461422 0.041535 0.000000 0.000000 0.000000 0.556371 -0.532517 -0.171385 0.000000 0.000000 0.000000 -0.000170 -0.001298 -0.000345 -0.136424 -0.041400 -0.012484 0.223645 -0.244695 -9.803397 
15.699752 0.029275 -0.030407 -0.737891 4.139435 -3.509425 0.035289 0.000000 0.000000 0.000000 0.448474 -0.518635 0.003430 0.000000 0.000000 0.000000 0.000131 -0.001265 -0.000366 -0.135906 -0.037055 -0.013997 0.221507 -0.240883 -9.803540 
15.800554 0.024881 -0.026270 -0.733488 4.166563 -3.550159 0.040381 0.000000 0.000000 0.000000 0.342101 -0.459527 -0.030019 0.000000 0.000000 0.000000 0.000052 -0.001175 -0.000466 -0.134696 -0.034676 -0.016661 0.220679 -0.238172 -9.803625 
15.900084 0.022719 -0.028603 -0.736148 4.198128 -3.584898 0.038046 0.000000 0.000000 0.000000 0.373157 -0.518723 -0.080284 0.000000 0.000000 0.000000 0.000216 -0.001391 -0.000386 -0.131950 -0.034682 -0.017759 0.222599 -0.236684 -9.803617 
15.999617 0.028131 -0.029018 -0.735947 4.236367 -3.611094 0.034648 0.000000 0.000000 0.000000 0.463026 -0.572076 0.007208 0.000000 0.000000 0.000000 -0.000097 -0.001381 -0.000357 -0.125139 -0.034841 -0.018883 0.227773 -0.233235 -9.803581 
16.100425 0.028564 -0.027764 -0.733719 4.287182 -3.655737 0.033419 0.000000 0.000000 0.000000 0.373782 -0.469714 -0.003868 0.000000 0.000000 0.000000 -0.000109 -0.001310 -0.000476 -0.122305 -0.037448 -0.017826 0.231497 -0.233915 -9.803478 
16.200006 0.019476 -0.024721 -0.734739 4.308454 -3.697176 0.027824 0.000000 0.000000 0.000000 0.299388 -0.434399 -0.032144 0.000000 0.000000 0.000000 0.000332 -0.001420 -0.000418 -0.121831 -0.034347 -0.017023 0.230446 -0.231285 -9.803565 
16.300866 0.022046 -0.025943 -0.734500 4.340208 -3.735256 0.033082 0.000000 0.000000 0.000000 0.391557 -0.503995 -0.053958 0.000000 0.000000 0.000000 0.000319 -0.001549 -0.000380 -0.119959 -0.034680 -0.019482 0.231631 -0.230430 -9.803557 
16.400359 0.028892 -0.031287 -0.737263 4.379691 -3.759056 0.037213 0.000000 0.000000 0.000000 0.512197 -0.525028 0.015770 0.000000 0.000000 0.000000 -0.000035 -0.001528 -0.000346 -0.113523 -0.034190 -0.021443 0.236040 -0.226605 -9.803541 
16.499934 0.020768 -0.017681 -0.738039 4.435531 -3.803039 0.053915 0.000000 0.000000 0.000000 0.450577 -0.426361 0.080035 0.000000 0.000000 0.000000 0.000264 -0.001632 -0.000300 -0.112464 -0.036388 -0.023052 0.237705 -0.227679 -9.803476 
16.599425 0.029257 -0.031267 -0.738497 4.472940 -3.831330 0.042542 0.000000 0.000000 0.000000 0.415079 -0.398804 0.001609 0.000000 0.000000 0.000000 0.000206 -0.001542 -0.000278 -0.109793 -0.034713 -0.019150 0.239577 -0.225212 -9.803487 
16.700290 0.027359 -0.030556 -0.738655 4.520155 -3.862547 0.036163 0.000000 0.000000 0.000000 0.551365 -0.514935 -0.045217 0.000000 0.000000 0.000000 -0.000098 -0.001689 -0.000306 -0.106979 -0.034979 -0.017970 0.242085 -0.224037 -9.803453 
16.799871 0.019509 -0.021971 -0.738606 4.550981 -3.902322 0.045718 0.000000 0.000000 0.000000 0.455636 -0.509105 0.106174 0.000000 0.000000 0.000000 0.000696 -0.001542 -0.000250 -0.105027 -0.029880 -0.019812 0.240717 -0.218947 -9.803601 
16.899349 0.027916 -0.029039 -0.736675 4.581524 -3.936058 0.049217 0.000000 0.000000 0.000000 0.323677 -0.414450 0.022956 0.000000 0.000000 0.000000 0.000150 -0.001487 -0.000313 -0.102692 -0.028134 -0.019178 0.241741 -0.216421 -9.803632 
17.000260 0.026648 -0.029630 -0.737310 4.603054 -3.950739 0.042912 0.000000 0.000000 0.000000 0.280105 -0.352426 -0.051622 0.000000 0.000000 0.000000 0.000085 -0.001660 -0.000274 -0.097498 -0.026880 -0.018222 0.245269 -0.212838 -9.803623 
17.099782 0.030495 -0.033040 -0.737969 4.632449 -3.983305 0.041978 0.000000 0.000000 0.000000 0.388338 -0.448669 -0.068524 0.000000 0.000000 0.000000 -0.000100 -0.001646 -0.000225 -0.096282 -0.026759 -0.019436 0.245969 -0.212054 -9.803622 
17.200640 0.029553 -0.032080 -0.737325 4.670358 -4.028770 0.033565 0.000000 0.000000 0.000000 0.443463 -0.541558 -0.072515 0.000000 0.000000 0.000000 0.000205 -0.001683 -0.000361 -0.095157 -0.024967 -0.018789 0.246024 -0.210122 -9.803663 
17.300214 0.023102 -0.025629 -0.737573 4.704712 -4.068377 0.032554 0.000000 0.000000 0.000000 0.340701 -0.422491 -0.012006 0.000000 0.000000 0.000000 0.000407 -0.001548 -0.000280 -0.093473 -0.024119 -0.019067 0.246844 -0.208581 -9.803675 
17.401043 0.029702 -0.026123 -0.734337 4.741784 -4.101442 0.041727 0.000000 0.000000 0.000000 0.355767 -0.390800 0.014961 0.000000 0.000000 0.000000 0.000370 -0.001443 -0.000440 -0.091792 -0.025494 -0.021522 0.248440 -0.208628 -9.803634 
17.500563 0.016262 -0.019592 -0.735331 4.773971 -4.130151 0.044145 0.000000 0.000000 0.000000 0.450902 -0.499755 -0.012654 0.000000 0.000000 0.000000 0.000892 -0.001526 -0.000376 -0.088900 -0.024658 -0.022472 0.250070 -0.206431 -9.803639 
17.600120 0.032506 -0.024110 -0.731666 4.824846 -4.169450 0.061147 0.000000 0.000000 0.000000 0.506666 -0.501503 0.155053 0.000000 0.000000 0.000000 0.000407 -0.001385 -0.000389 -0.085646 -0.025746 -0.024597 0.252777 -0.205459 -9.803590 
17.700961 0.030138 -0.016577 -0.734541 4.860122 -4.199423 0.100037 0.000000 0.000000 0.000000 0.353266 -0.379888 0.219018 0.000000 0.000000 0.000000 0.000496 -0.001187 -0.000367 -0.082868 -0.024928 -0.029383 0.253752 -0.203173 -9.803612 
17.800461 0.015143 -0.015682 -0.733048 4.888830 -4.228073 0.110748 0.000000 0.000000 0.000000 0.311475 -0.378654 0.125238 0.000000 0.000000 0.000000 0.000942 -0.001068 -0.000440 -0.080899 -0.024392 -0.027626 0.255211 -0.201780 -9.803603 
17.900033 0.024595 -0.020092 -0.732459 4.932754 -4.268809 0.103171 0.000000 0.000000 0.000000 0.447539 -0.472572 0.043929 0.000000 0.000000 0.000000 0.000491 -0.001001 -0.000434 -0.080366 -0.025969 -0.023932 0.256954 -0.202760 -9.803537 
18.000901 0.036863 -0.008874 -0.736199 4.984146 -4.308201 0.128883 0.000000 0.000000 0.000000 0.424986 -0.383557 0.158287 0.000000 0.000000 0.000000 0.000334 -0.000887 -0.000345 -0.078648 -0.027645 -0.027104 0.258692 -0.203053 -9.803486 
18.100382 0.022086 -0.014834 -0.733919 4.996580 -4.328075 0.141367 0.000000 0.000000 0.000000 0.298374 -0.297180 0.116384 0.000000 0.000000 0.000000 0.000814 -0.000638 -0.000380 -0.076754 -0.022837 -0.027401 0.257511 -0.198445 -9.803611 
18.199952 0.015729 -0.009501 -0.735444 5.005505 -4.349317 0.153007 0.000000 0.000000 0.000000 0.275629 -0.329339 0.072094 0.000000 0.000000 0.000000 0.001141 -0.000696 -0.000350 -0.075830 -0.018915 -0.027950 0.256036 -0.195022 -9.803718 
18.300825 0.011312 -0.004561 -0.736334 5.033459 -4.385126 0.160358 0.000000 0.000000 0.000000 0.385057 -0.447928 0.069261 0.000000 0.000000 0.000000 0.001078 -0.000637 -0.000392 -0.075401 -0.017893 -0.027956 0.255810 -0.194029 -9.803744 
18.400310 0.014487 -0.003973 -0.732557 5.061731 -4.429134 0.182562 0.000000 0.000000 0.000000 0.255587 -0.369158 0.167332 0.000000 0.000000 0.000000 0.001417 -0.000537 -0.000444 -0.075789 -0.017012 -0.029920 0.254826 -0.193594 -9.803778 
18.499882 0.021337 -0.010754 -0.730110 5.091304 -4.457086 0.183447 0.000000 0.000000 0.000000 0.240001 -0.281525 0.119015 0.000000 0.000000 0.000000 0.000829 -0.000719 -0.000521 -0.074582 -0.018309 -0.026232 0.256751 -0.193875 -9.803722 
18.599387 0.021274 -0.014571 -0.735092 5.128963 -4.480901 0.154492 0.000000 0.000000 0.000000 0.349745 -0.328062 -0.052718 0.000000 0.000000 0.000000 0.000510 -0.000897 -0.000328 -0.073201 -0.020584 -0.018377 0.259578 -0.194724 -9.803631 
18.700233 0.021952 -0.016690 -0.734894 5.175858 -4.516807 0.128270 0.000000 0.000000 0.000000 0.520999 -0.415657 -0.067575 0.000000 0.000000 0.000000 0.000662 -0.000924 -0.000344 -0.072601 -0.021356 -0.014530 0.260705 -0.194931 -9.803597 
18.799818 0.013327 -0.005223 -0.736344 5.226160 -4.558393 0.148420 0.000000 0.000000 0.000000 0.431051 -0.330390 -0.061018 0.000000 0.000000 0.000000 0.000976 -0.000898 -0.000378 -0.073409 -0.021960 -0.020140 0.260014 -0.195840 -9.803597 
18.900652 0.016887 -0.011090 -0.736568 5.256514 -4.587699 0.137078 0.000000 0.000000 0.000000 0.360466 -0.287790 -0.115940 0.000000 0.000000 0.000000 0.000859 -0.000949 -0.000334 -0.073336 -0.019834 -0.019339 0.258986 -0.194232 -9.803657 
19.000172 0.017938 -0.008597 -0.739207 5.289563 -4.617194 0.132746 0.000000 0.000000 0.000000 0.450359 -0.344584 -0.107541 0.000000 0.000000 0.000000 0.000783 -0.000910 -0.000320 -0.073225 -0.018720 -0.020856 0.258348 -0.193352 -9.803691 
19.099738 0.013607 -0.018067 -0.735972 5.339314 -4.655151 0.109032 0.000000 0.000000 0.000000 0.559736 -0.433297 -0.151243 0.000000 0.000000 0.000000 0.000940 -0.000944 -0.000372 -0.072655 -0.018626 -0.018573 0.258896 -0.192976 -9.803684 
19.200555 0.030365 -0.017429 -0.733304 5.398818 -4.692636 0.112169 0.000000 0.000000 0.000000 0.462228 -0.328669 0.043612 0.000000 0.000000 0.000000 0.000546 -0.001071 -0.000384 -0.072007 -0.020846 -0.019567 0.260473 -0.194274 -9.803616 
19.300125 0.015380 -0.015349 -0.732649 5.420430 -4.713810 0.107846 0.000000 0.000000 0.000000 0.347608 -0.296455 -0.032623 0.000000 0.000000 0.000000 0.001088 -0.001042 -0.000373 -0.070278 -0.016976 -0.018545 0.259758 -0.190504 -9.803709 
19.399668 0.014863 -0.022896 -0.734713 5.454850 -4.741757 0.087336 0.000000 0.000000 0.000000 0.435203 -0.370738 -0.116885 0.000000 0.000000 0.000000 0.001005 -0.001156 -0.000299 -0.069311 -0.016375 -0.015694 0.260386 -0.189578 -9.803711 
19.500526 0.031659 -0.026205 -0.735231 5.508817 -4.781629 0.088553 0.000000 0.000000 0.000000 0.578752 -0.516797 -0.013099 0.000000 0.000000 0.000000 0.000584 -0.001274 -0.000322 -0.068405 -0.017100 -0.017924 0.261232 -0.189576 -9.803688 
19.600142 0.017420 -0.010814 -0.737976 5.550879 -4.818026 0.119560 0.000000 0.000000 0.000000 0.369699 -0.430839 -0.083302 0.000000 0.000000 0.000000 0.000814 -0.001247 -0.000253 -0.066877 -0.015947 -0.023829 0.261151 -0.187734 -9.803726 
19.699558 0.024733 -0.016810 -0.722008 5.578660 -4.844106 0.118369 0.000000 0.000000 0.000000 0.303512 -0.315566 -0.004294 0.000000 0.000000 0.000000 0.000517 -0.001093 -0.000448 -0.064619 -0.014823 -0.023917 0.262169 -0.185699 -9.803737 
19.800409 0.025178 -0.022963 -0.722959 5.623314 -4.876583 0.113585 0.000000 0.000000 0.000000 0.453304 -0.343587 -0.040860 0.000000 0.000000 0.000000 0.000598 -0.000773 -0.000359 -0.064379 -0.016897 -0.023220 0.263536 -0.187080 -9.803674 
19.899981 0.018348 -0.014846 -0.730079 5.669629 -4.909200 0.115926 0.000000 0.000000 0.000000 0.496050 -0.414925 -0.098505 0.000000 0.000000 0.000000 0.000438 -0.001040 -0.000081 -0.062964 -0.016620 -0.025118 0.264171 -0.186052 -9.803677 
20.000848 0.014595 -0.012009 -0.723277 5.712575 -4.947671 0.121041 0.000000 0.000000 0.000000 0.360582 -0.336266 0.086283 0.000000 0.000000 0.000000 0.000641 -0.000928 -0.000297 -0.063043 -0.016658 -0.025795 0.264064 -0.186109 -9.803679 
20.100337 0.017784 -0.011979 -0.725809 5.738078 -4.957909 0.131802 0.000000 0.000000 0.000000 0.346006 -0.254311 0.054258 0.000000 0.000000 0.000000 0.000851 -0.000832 -0.000288 -0.059526 -0.015469 -0.026774 0.265714 -0.183267 -9.803688 
20.199917 0.026290 -0.021656 -0.724695 5.777893 -4.966139 0.125442 0.000000 0.000000 0.000000 0.523180 -0.250156 0.009531 0.000000 0.000000 0.000000 0.000496 -0.000952 -0.000278 -0.056437 -0.015632 -0.025164 0.268054 -0.181619 -9.803655 
20.300759 0.023386 -0.014185 -0.723663 5.841765 -4.991456 0.149048 0.000000 0.000000 0.000000 0.463936 -0.273528 0.209564 0.000000 0.000000 0.000000 0.000596 -0.000830 -0.000335 -0.055509 -0.018583 -0.027364 0.270174 -0.183048 -9.803570 
20.399956 0.015612 -0.009805 -0.727905 5.870819 -5.014627 0.162348 0.000000 0.000000 0.000000 0.337327 -0.322311 0.138028 0.000000 0.000000 0.000000 0.000995 -0.000987 -0.000244 -0.054612 -0.016485 -0.026910 0.269603 -0.181122 -9.803621 
20.499840 0.014846 -0.008913 -0.726071 5.907508 -5.053033 0.172022 0.000000 0.000000 0.000000 0.356293 -0.443559 0.099468 0.000000 0.000000 0.000000 0.000897 -0.001061 -0.000300 -0.054944 -0.016888 -0.026219 0.269687 -0.181593 -9.803610 
20.600711 0.025760 -0.015587 -0.726817 5.946203 -5.104296 0.170693 0.000000 0.000000 0.000000 0.444393 -0.654826 0.092090 0.000000 0.000000 0.000000 0.000513 -0.000831 -0.000286 -0.054384 -0.016630 -0.024353 0.270091 -0.181112 -9.803608 
20.700246 0.024921 -0.015072 -0.721923 5.981870 -5.164653 0.161578 0.000000 0.000000 0.000000 0.343494 -0.572071 0.099468 0.000000 0.000000 0.000000 0.000316 -0.000575 -0.000268 -0.053615 -0.015785 -0.021391 0.270386 -0.180108 -9.803618 
20.799777 0.034276 -0.010368 -0.728700 6.010298 -5.200398 0.202308 0.000000 0.000000 0.000000 0.277837 -0.464109 0.156700 0.000000 0.000000 0.000000 0.000348 -0.000510 -0.000193 -0.050513 -0.016493 -0.027028 0.272299 -0.178806 -9.803589 
20.900831 0.024581 -0.011163 -0.722402 6.043834 -5.244284 0.201936 0.000000 0.000000 0.000000 0.366878 -0.511986 0.028242 0.000000 0.000000 0.000000 0.000798 -0.000265 -0.000322 -0.049610 -0.017214 -0.025048 0.273527 -0.178738 -9.803556 
21.000167 0.028154 -0.005607 -0.726498 6.084975 -5.293915 0.219236 0.000000 0.000000 0.000000 0.416166 -0.527590 0.122221 0.000000 0.000000 0.000000 0.000942 -0.000242 -0.000246 -0.048689 -0.017632 -0.027188 0.274119 -0.178541 -9.803543 
21.099689 0.014346 0.005138 -0.722900 6.116983 -5.329759 0.227092 0.000000 0.000000 0.000000 0.342145 -0.376201 0.150891 0.000000 0.000000 0.000000 0.001480 -0.000263 -0.000296 -0.046870 -0.016939 -0.025755 0.275083 -0.176975 -9.803545 
21.200551 0.017914 0.007605 -0.725511 6.155509 -5.357800 0.240594 0.000000 0.000000 0.000000 0.356281 -0.323242 0.095118 0.000000 0.000000 0.000000 0.001258 0.000005 -0.000259 -0.045473 -0.018056 -0.025776 0.276640 -0.176905 -9.803502 
21.300097 0.006228 0.017848 -0.723431 6.190736 -5.390223 0.256927 0.000000 0.000000 0.000000 0.471014 -0.427547 0.089116 0.000000 0.000000 0.000000 0.001698 0.000009 -0.000331 -0.044742 -0.017330 -0.027277 0.276565 -0.176118 -9.803519 
21.400730 0.011030 0.023422 -0.722507 6.242128 -5.442291 0.274491 0.000000 0.000000 0.000000 0.411368 -0.395360 0.195685 0.000000 0.000000 0.000000 0.001560 0.000224 -0.000293 -0.045855 -0.017846 -0.028069 0.276100 -0.177174 -9.803513 
21.500435 0.003138 0.020087 -0.723843 6.271643 -5.479582 0.300970 0.000000 0.000000 0.000000 0.282428 -0.337999 0.192448 0.000000 0.000000 0.000000 0.001937 0.000383 -0.000290 -0.045868 -0.016830 -0.029343 0.275473 -0.176675 -9.803539 
21.599998 0.009512 0.012764 -0.721398 6.297817 -5.512566 0.297421 0.000000 0.000000 0.000000 0.302881 -0.360264 0.042648 0.000000 0.000000 0.000000 0.001714 0.000344 -0.000325 -0.046314 -0.016597 -0.026052 0.275014 -0.176352 -9.803558 
21.699267 0.009165 0.013147 -0.719742 6.335107 -5.550623 0.299941 0.000000 0.000000 0.000000 0.373186 -0.422513 0.035420 0.000000 0.000000 0.000000 0.001910 0.000282 -0.000437 -0.046153 -0.016891 -0.025134 0.275257 -0.176317 -9.803552 
21.800355 0.009067 0.011872 -0.728892 6.371489 -5.581705 0.296423 0.000000 0.000000 0.000000 0.300701 -0.269131 0.021672 0.000000 0.000000 0.000000 0.001658 0.000389 -0.000136 -0.046003 -0.017146 -0.022924 0.275382 -0.176081 -9.803552 
21.899956 0.013351 0.006884 -0.721328 6.393693 -5.602856 0.285470 0.000000 0.000000 0.000000 0.283173 -0.218665 -0.028990 0.000000 0.000000 0.000000 0.001892 0.000455 -0.000370 -0.045935 -0.016003 -0.020790 0.274600 -0.175020 -9.803593 
21.999428 0.007666 0.007346 -0.724372 6.423393 -5.625997 0.257273 0.000000 0.000000 0.000000 0.377028 -0.273600 -0.113406 0.000000 0.000000 0.000000 0.001717 0.000430 -0.000288 -0.046579 -0.015798 -0.016832 0.273794 -0.174734 -9.803621 
22.100282 0.005106 0.016717 -0.720403 6.467183 -5.663766 0.263246 0.000000 0.000000 0.000000 0.384184 -0.279592 0.033036 0.000000 0.000000 0.000000 0.001617 0.000371 -0.000409 -0.047495 -0.015749 -0.019320 0.273373 -0.175553 -9.803618 
22.199451 0.000729 0.017384 -0.716285 6.492078 -5.693961 0.268630 0.000000 0.000000 0.000000 0.255523 -0.244419 0.037566 0.000000 0.000000 0.000000 0.001681 0.000285 -0.000353 -0.048445 -0.014251 -0.019536 0.271905 -0.175193 -9.803665 
22.300698 0.004509 0.015289 -0.692786 6.529292 -5.723249 0.267796 0.000000 0.000000 0.000000 0.313853 -0.209442 -0.012902 0.000000 0.000000 0.000000 0.001445 0.000287 -0.000546 -0.049274 -0.016134 -0.019254 0.272499 -0.176819 -9.803620 
22.400252 -0.000465 0.020076 -0.706071 6.567655 -5.742315 0.270387 0.000000 0.000000 0.000000 0.432590 -0.267936 -0.031025 0.000000 0.000000 0.000000 0.001553 0.000174 -0.000186 -0.048658 -0.016566 -0.020009 0.273196 -0.176774 -9.803601 
22.501118 0.013445 0.015806 -0.704657 6.612171 -5.777985 0.269653 0.000000 0.000000 0.000000 0.385219 -0.261685 0.077886 0.000000 0.000000 0.000000 0.001266 0.000340 -0.000268 -0.049690 -0.016275 -0.019799 0.272412 -0.177252 -9.803614 
22.600642 -0.002292 0.031062 -0.700517 6.641883 -5.803026 0.281409 0.000000 0.000000 0.000000 0.279451 -0.171278 0.004969 0.000000 0.000000 0.000000 0.001817 0.000414 -0.000320 -0.050120 -0.015460 -0.021128 0.271778 -0.177262 -9.803632 
22.700001 0.000254 0.026572 -0.699599 6.657146 -5.826009 0.299553 0.000000 0.000000 0.000000 0.227170 -0.183396 0.065172 0.000000 0.000000 0.000000 0.002104 0.000325 -0.000347 -0.050638 -0.013198 -0.024122 0.270308 -0.176847 -9.803680 
22.801039 0.002742 0.010673 -0.698875 6.685360 -5.853623 0.292299 0.000000 0.000000 0.000000 0.336362 -0.325679 -0.008694 0.000000 0.000000 0.000000 0.001785 0.000656 -0.000295 -0.051766 -0.013177 -0.022634 0.269584 -0.177392 -9.803690 
22.900687 0.008222 0.028019 -0.703197 6.725552 -5.894854 0.292393 0.000000 0.000000 0.000000 0.298454 -0.218042 -0.002687 0.000000 0.000000 0.000000 0.001765 0.000459 -0.000252 -0.053531 -0.013634 -0.022401 0.269024 -0.178762 -9.803680 
23.000115 -0.002656 0.027109 -0.703029 6.760185 -5.927225 0.316829 0.000000 0.000000 0.000000 0.233344 -0.218564 0.067463 0.000000 0.000000 0.000000 0.001999 0.000591 -0.000286 -0.055211 -0.014020 -0.025708 0.268902 -0.180549 -9.803651 
23.099615 0.001220 0.019976 -0.710195 6.810466 -5.956440 0.304495 0.000000 0.000000 0.000000 0.447306 -0.252312 -0.040305 0.000000 0.000000 0.000000 0.001457 0.000684 0.000047 -0.057036 -0.016826 -0.023478 0.269664 -0.182757 -9.803589 
23.200222 0.014399 0.021855 -0.709159 6.853264 -6.000964 0.302062 0.000000 0.000000 0.000000 0.485558 -0.321882 -0.030777 0.000000 0.000000 0.000000 0.001546 0.000626 -0.000123 -0.059066 -0.015081 -0.023676 0.267560 -0.183305 -9.803637 
23.300037 -0.002168 0.029300 -0.701690 6.891093 -6.030329 0.308836 0.000000 0.000000 0.000000 0.304716 -0.228703 0.007450 0.000000 0.000000 0.000000 0.001267 0.000906 -0.000103 -0.059726 -0.014009 -0.023911 0.266553 -0.183246 -9.803665 
23.399572 0.004253 0.022779 -0.705496 6.931470 -6.061229 0.336317 0.000000 0.000000 0.000000 0.412713 -0.258142 0.050598 0.000000 0.000000 0.000000 0.001712 0.000919 -0.000109 -0.060718 -0.013776 -0.028063 0.266400 -0.184485 -9.803646 
23.499108 -0.000705 0.025687 -0.706692 6.979366 -6.100878 0.322549 0.000000 0.000000 0.000000 0.521400 -0.338973 -0.020283 0.000000 0.000000 0.000000 0.001735 0.000816 -0.000145 -0.062906 -0.013541 -0.025046 0.264838 -0.185256 -9.803674 
23.599921 0.007754 0.021318 -0.699682 7.027785 -6.142335 0.321446 0.000000 0.000000 0.000000 0.528042 -0.306556 0.114207 0.000000 0.000000 0.000000 0.001601 0.000953 -0.000300 -0.063532 -0.012247 -0.024309 0.263598 -0.184878 -9.803714 
23.699458 -0.001839 0.028173 -0.703301 7.070079 -6.172994 0.329432 0.000000 0.000000 0.000000 0.373235 -0.206592 0.058929 0.000000 0.000000 0.000000 0.001771 0.000893 -0.000270 -0.064117 -0.011902 -0.023766 0.263021 -0.184990 -9.803728 
23.800306 -0.008721 0.024150 -0.701754 7.094586 -6.196323 0.309523 0.000000 0.000000 0.000000 0.293934 -0.241122 -0.037417 0.000000 0.000000 0.000000 0.001729 0.000820 -0.000240 -0.064689 -0.010900 -0.019791 0.261620 -0.184204 -9.803780 
23.901218 0.017331 0.022560 -0.702821 7.132338 -6.233874 0.324041 0.000000 0.000000 0.000000 0.399026 -0.392273 0.098608 0.000000 0.000000 0.000000 0.001247 0.000797 -0.000248 -0.065626 -0.010695 -0.022753 0.261411 -0.185190 -9.803767 
24.000751 -0.011294 0.036638 -0.704374 7.173655 -6.277679 0.339843 0.000000 0.000000 0.000000 0.318516 -0.320368 0.150178 0.000000 0.000000 0.000000 0.002222 0.000794 -0.000239 -0.066566 -0.010666 -0.023525 0.261044 -0.185911 -9.803763 
24.100266 -0.000486 0.028173 -0.700237 7.207533 -6.305537 0.350922 0.000000 0.000000 0.000000 0.282029 -0.212093 0.070173 0.000000 0.000000 0.000000 0.001581 0.001041 -0.000302 -0.066979 -0.011370 -0.023243 0.261276 -0.186469 -9.803746 
24.201146 0.008355 0.025727 -0.700902 7.232665 -6.322299 0.355629 0.000000 0.000000 0.000000 0.282796 -0.198641 0.033962 0.000000 0.000000 0.000000 0.001569 0.001060 -0.000303 -0.066556 -0.011134 -0.022914 0.261270 -0.186030 -9.803755 
24.300670 -0.015618 0.053576 -0.701334 7.267876 -6.368124 0.368471 0.000000 0.000000 0.000000 0.317198 -0.376726 0.019899 0.000000 0.000000 0.000000 0.002538 0.000635 -0.000258 -0.068924 -0.010420 -0.024168 0.259881 -0.187455 -9.803765 
24.400160 -0.036333 0.056658 -0.698488 7.291649 -6.398557 0.352653 0.000000 0.000000 0.000000 0.186457 -0.288436 0.111466 0.000000 0.000000 0.000000 0.002902 0.000576 -0.000303 -0.069683 -0.009984 -0.020757 0.258727 -0.187173 -9.803801 
24.501069 -0.008416 0.048337 -0.700294 7.321492 -6.428495 0.350848 0.000000 0.000000 0.000000 0.268237 -0.272911 0.046518 0.000000 0.000000 0.000000 0.002061 0.000890 -0.000343 -0.070793 -0.010670 -0.020335 0.258601 -0.188133 -9.803786 
24.600622 -0.014228 0.042322 -0.699815 7.359738 -6.465848 0.361525 0.000000 0.000000 0.000000 0.396779 -0.294442 0.016115 0.000000 0.000000 0.000000 0.002411 0.000919 -0.000355 -0.071929 -0.010707 -0.021875 0.258480 -0.189193 -9.803768 
24.700171 -0.025978 0.066060 -0.699460 7.399556 -6.491488 0.374785 0.000000 0.000000 0.000000 0.324222 -0.175538 0.100124 0.000000 0.000000 0.000000 0.002815 0.000464 -0.000381 -0.072133 -0.010940 -0.022591 0.258734 -0.189571 -9.803754 
24.799662 -0.020803 0.058658 -0.699852 7.437014 -6.510506 0.377328 0.000000 0.000000 0.000000 0.363153 -0.157046 0.025075 0.000000 0.000000 0.000000 0.002749 0.000701 -0.000395 -0.072994 -0.011357 -0.021919 0.258432 -0.190176 -9.803751 
24.900528 -0.022387 0.061070 -0.699202 7.478492 -6.540219 0.369907 0.000000 0.000000 0.000000 0.504384 -0.251274 -0.020022 0.000000 0.000000 0.000000 0.002902 0.000605 -0.000375 -0.074903 -0.010807 -0.020560 0.256783 -0.190894 -9.803780 
25.000079 -0.026326 0.065016 -0.700553 7.533976 -6.588219 0.361511 0.000000 0.000000 0.000000 0.544050 -0.252148 0.024276 0.000000 0.000000 0.000000 0.002904 0.000604 -0.000303 -0.077868 -0.010293 -0.019576 0.254797 -0.192393 -9.803803 
25.099612 -0.016321 0.056575 -0.701054 7.568248 -6.617656 0.384011 0.000000 0.000000 0.000000 0.406951 -0.164821 0.051493 0.000000 0.000000 0.000000 0.002612 0.000700 -0.000375 -0.078105 -0.007548 -0.021853 0.253802 -0.191955 -9.803837 
25.200409 -0.022471 0.056076 -0.699745 7.609578 -6.647334 0.374258 0.000000 0.000000 0.000000 0.416687 -0.190743 -0.020916 0.000000 0.000000 0.000000 0.002611 0.000603 -0.000331 -0.080311 -0.007806 -0.019795 0.252159 -0.192988 -9.803859 
25.299994 -0.012668 0.056914 -0.701223 7.650916 -6.675124 0.387110 0.000000 0.000000 0.000000 0.528115 -0.319650 0.037058 0.000000 0.000000 0.000000 0.002499 0.000492 -0.000312 -0.080153 -0.005981 -0.021963 0.251947 -0.192669 -9.803871 
25.400834 -0.032273 0.078871 -0.703935 7.692551 -6.711372 0.397117 0.000000 0.000000 0.000000 0.463852 -0.160537 0.146064 0.000000 0.000000 0.000000 0.003192 0.000346 -0.000247 -0.081017 -0.003828 -0.022540 0.250403 -0.192470 -9.803914 
25.500337 -0.025728 0.055730 -0.694736 7.731349 -6.737837 0.389516 0.000000 0.000000 0.000000 0.367519 -0.126216 0.019018 0.000000 0.000000 0.000000 0.002542 0.000714 -0.000430 -0.083463 -0.003727 -0.019667 0.248103 -0.193269 -9.803957 
25.599909 -0.002427 0.046582 -0.700231 7.776341 -6.764526 0.381210 0.000000 0.000000 0.000000 0.521119 -0.201187 -0.026160 0.000000 0.000000 0.000000 0.001867 0.000995 -0.000328 -0.085409 -0.003818 -0.018476 0.246825 -0.194260 -9.803970 
25.700765 -0.011718 0.054612 -0.703291 7.822713 -6.807353 0.397109 0.000000 0.000000 0.000000 0.524938 -0.254863 0.052095 0.000000 0.000000 0.000000 0.002505 0.000823 -0.000203 -0.087105 -0.001111 -0.020885 0.245300 -0.194850 -9.803996 
25.800267 -0.014334 0.048638 -0.702382 7.860779 -6.831938 0.399651 0.000000 0.000000 0.000000 0.358531 -0.107270 0.085269 0.000000 0.000000 0.000000 0.002327 0.001078 -0.000302 -0.088090 -0.000040 -0.019753 0.243748 -0.194751 -9.804037 
25.899800 -0.017599 0.056941 -0.699067 7.883215 -6.847911 0.399944 0.000000 0.000000 0.000000 0.286278 -0.056135 -0.020929 0.000000 0.000000 0.000000 0.002486 0.000821 -0.000365 -0.088783 0.001499 -0.019008 0.242178 -0.194363 -9.804084 
25.999331 -0.014291 0.037534 -0.702312 7.919309 -6.873954 0.374403 0.000000 0.000000 0.000000 0.400951 -0.175337 -0.103729 0.000000 0.000000 0.000000 0.001930 0.001080 -0.000272 -0.091787 0.000899 -0.015725 0.240122 -0.195753 -9.804106 
26.100231 0.008354 0.035454 -0.702133 7.964978 -6.909291 0.344956 0.000000 0.000000 0.000000 0.409713 -0.184882 -0.041074 0.000000 0.000000 0.000000 0.001564 0.001040 -0.000324 -0.094479 0.000442 -0.012660 0.238234 -0.196976 -9.804128 
26.199766 -0.031521 0.055501 -0.692363 7.991739 -6.940690 0.351614 0.000000 0.000000 0.000000 0.207426 -0.184978 -0.093112 0.000000 0.000000 0.000000 0.002385 0.000996 -0.000409 -0.095930 0.002399 -0.014334 0.236865 -0.197442 -9.804152 
26.300597 -0.028862 0.071045 -0.702168 8.017010 -6.974944 0.358585 0.000000 0.000000 0.000000 0.341350 -0.309453 -0.077146 0.000000 0.000000 0.000000 0.002600 0.000596 -0.000212 -0.096922 0.004024 -0.016798 0.236127 -0.197909 -9.804160 
26.400125 -0.017425 0.052656 -0.700504 8.063082 -7.014920 0.350054 0.000000 0.000000 0.000000 0.446880 -0.374194 -0.058562 0.000000 0.000000 0.000000 0.002152 0.000986 -0.000304 -0.098010 0.003259 -0.016806 0.236175 -0.198920 -9.804139 
26.499690 -0.015595 0.055552 -0.701771 8.094324 -7.050113 0.357904 0.000000 0.000000 0.000000 0.324065 -0.217509 0.049730 0.000000 0.000000 0.000000 0.002867 0.000960 -0.000247 -0.098117 0.004908 -0.017808 0.235386 -0.198529 -9.804165 
26.600508 -0.030990 0.063079 -0.702303 8.121657 -7.076810 0.340091 0.000000 0.000000 0.000000 0.317743 -0.117943 -0.031165 0.000000 0.000000 0.000000 0.002847 0.000760 -0.000247 -0.100162 0.005103 -0.015020 0.233501 -0.199190 -9.804197 
26.700093 -0.016315 0.058169 -0.696843 8.162081 -7.111417 0.345209 0.000000 0.000000 0.000000 0.456776 -0.170821 -0.072120 0.000000 0.000000 0.000000 0.002515 0.001021 -0.000329 -0.102228 0.005321 -0.016583 0.233047 -0.200753 -9.804176 
26.800943 -0.033449 0.062607 -0.706899 8.212968 -7.150034 0.332780 0.000000 0.000000 0.000000 0.483769 -0.268835 -0.143854 0.000000 0.000000 0.000000 0.002802 0.000792 -0.000159 -0.104674 0.005992 -0.015744 0.231305 -0.201863 -9.804195 
26.900432 -0.044960 0.088157 -0.695519 8.238699 -7.178108 0.335144 0.000000 0.000000 0.000000 0.347512 -0.159680 -0.084019 0.000000 0.000000 0.000000 0.003377 0.000234 -0.000439 -0.104968 0.009380 -0.016803 0.229429 -0.200907 -9.804258 
27.000019 -0.037762 0.076871 -0.701565 8.290442 -7.222580 0.302690 0.000000 0.000000 0.000000 0.448057 -0.190205 -0.220972 0.000000 0.000000 0.000000 0.003318 0.000465 -0.000250 -0.109932 0.007926 -0.013561 0.226976 -0.203907 -9.804253 
27.100831 -0.047217 0.085082 -0.701374 8.340174 -7.260558 0.292957 0.000000 0.000000 0.000000 0.645832 -0.300849 -0.137433 0.000000 0.000000 0.000000 0.003398 0.000415 -0.000273 -0.110936 0.009602 -0.014686 0.226008 -0.204151 -9.804271 
27.200364 -0.026250 0.050099 -0.698356 8.404878 -7.294577 0.281622 0.000000 0.000000 0.000000 0.557862 -0.178577 -0.043501 0.000000 0.000000 0.000000 0.002045 0.001259 -0.000307 -0.111731 0.009648 -0.015194 0.225896 -0.204765 -9.804260 
27.299932 -0.036194 0.061189 -0.706560 8.444572 -7.324133 0.286445 0.000000 0.000000 0.000000 0.401709 -0.149326 -0.081741 0.000000 0.000000 0.000000 0.002647 0.000748 -0.000103 -0.112992 0.012053 -0.016634 0.224603 -0.204985 -9.804286 
27.400830 -0.019637 0.037374 -0.700969 8.481923 -7.342439 0.271087 0.000000 0.000000 0.000000 0.425977 -0.125432 -0.129103 0.000000 0.000000 0.000000 0.001840 0.001159 -0.000239 -0.113832 0.012611 -0.016088 0.223637 -0.205168 -9.804304 
27.500290 -0.023200 0.044257 -0.702491 8.518002 -7.374235 0.271505 0.000000 0.000000 0.000000 0.504930 -0.260433 -0.037524 0.000000 0.000000 0.000000 0.002017 0.000882 -0.000191 -0.115100 0.015384 -0.017785 0.222169 -0.205222 -9.804336 
27.599830 -0.030648 0.057657 -0.701290 8.554769 -7.407966 0.270922 0.000000 0.000000 0.000000 0.363443 -0.158426 -0.028840 0.000000 0.000000 0.000000 0.002290 0.000683 -0.000257 -0.116154 0.017465 -0.018356 0.220654 -0.205142 -9.804372 
27.700676 -0.023488 0.048892 -0.701776 8.574626 -7.430240 0.273261 0.000000 0.000000 0.000000 0.273580 -0.113753 -0.024343 0.000000 0.000000 0.000000 0.002225 0.000589 -0.000224 -0.116878 0.019665 -0.019042 0.219226 -0.204808 -9.804411 
27.800212 -0.025302 0.051267 -0.701036 8.593163 -7.458633 0.258366 0.000000 0.000000 0.000000 0.291235 -0.226393 -0.093647 0.000000 0.000000 0.000000 0.002252 0.000621 -0.000256 -0.118508 0.020960 -0.017482 0.217155 -0.205060 -9.804452 
27.899789 -0.030245 0.068524 -0.699376 8.627769 -7.498509 0.255603 0.000000 0.000000 0.000000 0.328344 -0.304871 -0.109228 0.000000 0.000000 0.000000 0.002736 0.000268 -0.000296 -0.120061 0.021422 -0.018003 0.216395 -0.205919 -9.804451 
28.000622 -0.052359 0.079333 -0.706707 8.651584 -7.536569 0.251697 0.000000 0.000000 0.000000 0.183430 -0.247411 0.002842 0.000000 0.000000 0.000000 0.003282 0.000194 -0.000153 -0.121731 0.022802 -0.018577 0.215037 -0.206503 -9.804468 
28.100183 -0.037846 0.067773 -0.701888 8.670043 -7.573477 0.243198 0.000000 0.000000 0.000000 0.304165 -0.227887 -0.129246 0.000000 0.000000 0.000000 0.003064 0.000515 -0.000082 -0.123287 0.023993 -0.018703 0.213713 -0.207032 -9.804486 
28.199678 -0.034704 0.064918 -0.703417 8.708950 -7.604847 0.247723 0.000000 0.000000 0.000000 0.415219 -0.330165 -0.057932 0.000000 0.000000 0.000000 0.002823 0.000480 -0.000194 -0.123705 0.024581 -0.020953 0.214044 -0.207463 -9.804470 
28.300532 -0.036248 0.074243 -0.700316 8.746043 -7.631906 0.270947 0.000000 0.000000 0.000000 0.345528 -0.143829 0.079560 0.000000 0.000000 0.000000 0.003099 0.000633 -0.000235 -0.123457 0.025757 -0.023272 0.214370 -0.207277 -9.804466 
28.400113 -0.045355 0.071859 -0.703239 8.781754 -7.655820 0.272472 0.000000 0.000000 0.000000 0.351890 -0.124173 0.053887 0.000000 0.000000 0.000000 0.003172 0.000567 -0.000235 -0.125151 0.025881 -0.022735 0.213382 -0.208177 -9.804469 
28.500963 -0.028057 0.056834 -0.701004 8.819737 -7.675535 0.262800 0.000000 0.000000 0.000000 0.450848 -0.184037 0.027472 0.000000 0.000000 0.000000 0.002400 0.000879 -0.000358 -0.126336 0.025669 -0.021128 0.212304 -0.208669 -9.804482 
28.600251 -0.035490 0.074442 -0.697771 8.853629 -7.702648 0.281051 0.000000 0.000000 0.000000 0.414380 -0.131149 0.124192 0.000000 0.000000 0.000000 0.002736 0.000739 -0.000342 -0.126644 0.027959 -0.022732 0.211533 -0.208291 -9.804507 
28.700043 -0.058195 0.051604 -0.701282 8.882629 -7.723284 0.246532 0.000000 0.000000 0.000000 0.381781 -0.050509 -0.015839 0.000000 0.000000 0.000000 0.002645 0.001005 -0.000258 -0.129344 0.027696 -0.017085 0.207962 -0.208916 -9.804570 
28.800897 -0.026991 0.041915 -0.702510 8.913661 -7.745253 0.202055 0.000000 0.000000 0.000000 0.411652 -0.081133 -0.205659 0.000000 0.000000 0.000000 0.001575 0.000779 -0.000304 -0.132190 0.027701 -0.012230 0.204553 -0.209733 -9.804624 
28.900389 -0.026485 0.051679 -0.702356 8.955697 -7.780200 0.193324 0.000000 0.000000 0.000000 0.551065 -0.188873 -0.133010 0.000000 0.000000 0.000000 0.001950 0.000441 -0.000280 -0.134274 0.030084 -0.013972 0.203059 -0.210422 -9.804640 
29.001247 -0.036360 0.068363 -0.699697 9.003914 -7.814496 0.209701 0.000000 0.000000 0.000000 0.469792 -0.111812 -0.052587 0.000000 0.000000 0.000000 0.002340 0.000245 -0.000308 -0.135434 0.032528 -0.018129 0.202818 -0.210837 -9.804636 
29.100727 -0.034040 0.054615 -0.701852 9.039063 -7.844169 0.222836 0.000000 0.000000 0.000000 0.410307 -0.136071 -0.017680 0.000000 0.000000 0.000000 0.002128 0.000327 -0.000300 -0.137064 0.034992 -0.020600 0.201605 -0.211259 -9.804652 
29.200312 -0.030975 0.054471 -0.698511 9.068611 -7.867917 0.224142 0.000000 0.000000 0.000000 0.442863 -0.176247 -0.045537 0.000000 0.000000 0.000000 0.002030 0.000239 -0.000396 -0.137644 0.037112 -0.020876 0.200171 -0.210858 -9.804690 
29.299899 -0.032506 0.052796 -0.696642 9.119870 -7.901709 0.218496 0.000000 0.000000 0.000000 0.564821 -0.236327 -0.076957 0.000000 0.000000 0.000000 0.001853 0.000247 -0.000453 -0.139190 0.037536 -0.020395 0.199148 -0.211597 -9.804695 
29.399395 -0.024870 0.042317 -0.701333 9.172274 -7.935633 0.188131 0.000000 0.000000 0.000000 0.453810 -0.160010 -0.078253 0.000000 0.000000 0.000000 0.001447 0.000454 -0.000356 -0.141706 0.036990 -0.016597 0.197203 -0.212907 -9.804706 
29.500253 -0.028022 0.037845 -0.698573 9.212114 -7.958716 0.171610 0.000000 0.000000 0.000000 0.434010 -0.145687 -0.130900 0.000000 0.000000 0.000000 0.001464 0.000544 -0.000395 -0.142713 0.037717 -0.016005 0.196180 -0.213204 -9.804720 
29.599773 -0.026143 0.038612 -0.701052 9.254580 -7.988217 0.152764 0.000000 0.000000 0.000000 0.535985 -0.214213 -0.180927 0.000000 0.000000 0.000000 0.001478 0.000364 -0.000330 -0.144223 0.038753 -0.015662 0.194881 -0.213737 -9.804735 
29.700641 -0.026960 0.036474 -0.701514 9.299873 -8.026540 0.139634 0.000000 0.000000 0.000000 0.494023 -0.285632 -0.087981 0.000000 0.000000 0.000000 0.001607 0.000339 -0.000377 -0.145209 0.040368 -0.015734 0.193552 -0.213782 -9.804760 
29.800241 -0.030543 0.048100 -0.703019 9.332340 -8.059361 0.144453 0.000000 0.000000 0.000000 0.362735 -0.216392 -0.055992 0.000000 0.000000 0.000000 0.001758 0.000375 -0.000294 -0.145723 0.042213 -0.017875 0.192822 -0.213607 -9.804778 
29.901067 -0.033531 0.054791 -0.701667 9.356857 -8.090036 0.165470 0.000000 0.000000 0.000000 0.312885 -0.216820 -0.049840 0.000000 0.000000 0.000000 0.002074 0.000247 -0.000351 -0.146451 0.044426 -0.021482 0.192141 -0.213520 -9.804793 
30.000609 -0.027302 0.050438 -0.699935 9.384464 -8.123615 0.176994 0.000000 0.000000 0.000000 0.404512 -0.307998 0.030480 0.000000 0.000000 0.000000 0.002012 0.000397 -0.000378 -0.147093 0.046000 -0.023248 0.191407 -0.213477 -9.804809 
30.100131 -0.037094 0.045844 -0.695842 9.420673 -8.166321 0.179738 0.000000 0.000000 0.000000 0.335896 -0.325326 0.107788 0.000000 0.000000 0.000000 0.002071 0.000599 -0.000394 -0.148463 0.046548 -0.023055 0.190518 -0.214100 -9.804812 
30.200992 -0.031771 0.040553 -0.698808 9.443984 -8.192416 0.185141 0.000000 0.000000 0.000000 0.245009 -0.203809 0.108716 0.000000 0.000000 0.000000 0.001904 0.000568 -0.000337 -0.148319 0.047140 -0.022510 0.190052 -0.213751 -9.804829 
30.300529 -0.025229 0.043004 -0.697329 9.464979 -8.218852 0.198602 0.000000 0.000000 0.000000 0.288317 -0.210477 0.053062 0.000000 0.000000 0.000000 0.001893 0.000274 -0.000332 -0.148870 0.048001 -0.023210 0.189539 -0.213843 -9.804837 
30.400064 -0.030575 0.032194 -0.697814 9.507318 -8.255017 0.200099 0.000000 0.000000 0.000000 0.470365 -0.363068 0.039668 0.000000 0.000000 0.000000 0.001786 0.000295 -0.000339 -0.150323 0.047474 -0.022926 0.189282 -0.214896 -9.804819 
30.499594 -0.026457 0.039036 -0.701219 9.555198 -8.295800 0.179804 0.000000 0.000000 0.000000 0.443098 -0.310985 -0.004247 0.000000 0.000000 0.000000 0.001699 0.000150 -0.000358 -0.151124 0.047119 -0.019743 0.188305 -0.215366 -9.804827 
30.600441 -0.029460 0.042954 -0.696903 9.595220 -8.337394 0.183469 0.000000 0.000000 0.000000 0.397651 -0.213874 0.003749 0.000000 0.000000 0.000000 0.001686 0.000189 -0.000386 -0.152891 0.048030 -0.020431 0.187348 -0.216166 -9.804828 
30.699955 -0.024211 0.041262 -0.702439 9.623668 -8.365024 0.176584 0.000000 0.000000 0.000000 0.415247 -0.238354 -0.057775 0.000000 0.000000 0.000000 0.001642 0.000168 -0.000334 -0.153287 0.049567 -0.019994 0.186157 -0.215884 -9.804857 
30.799485 -0.032438 0.042584 -0.696057 9.661316 -8.404019 0.175424 0.000000 0.000000 0.000000 0.510837 -0.305611 0.045234 0.000000 0.000000 0.000000 0.001791 0.000112 -0.000372 -0.154228 0.051029 -0.020477 0.185074 -0.215983 -9.804875 
30.900236 -0.023168 0.035203 -0.698613 9.710261 -8.429527 0.162622 0.000000 0.000000 0.000000 0.436834 -0.164096 0.032274 0.000000 0.000000 0.000000 0.001410 0.000234 -0.000359 -0.154635 0.050320 -0.017804 0.184699 -0.216386 -9.804874 
30.999900 -0.024685 0.032907 -0.694365 9.747260 -8.456251 0.167620 0.000000 0.000000 0.000000 0.437221 -0.157557 0.004239 0.000000 0.000000 0.000000 0.001456 0.000254 -0.000444 -0.155864 0.051407 -0.017803 0.183633 -0.216778 -9.804885 
31.100885 -0.026160 0.031395 -0.699467 9.787238 -8.486770 0.165428 0.000000 0.000000 0.000000 0.548496 -0.240390 0.010095 0.000000 0.000000 0.000000 0.001336 0.000187 -0.000312 -0.157020 0.052949 -0.017319 0.182209 -0.216967 -9.804907 
31.200267 -0.019051 0.025207 -0.699302 9.843607 -8.518161 0.140363 0.000000 0.000000 0.000000 0.513673 -0.197419 -0.070610 0.000000 0.000000 0.000000 0.001394 0.000296 -0.000385 -0.158182 0.052702 -0.014329 0.181340 -0.217669 -9.804908 
31.301200 -0.031150 0.025789 -0.698860 9.883302 -8.548133 0.150872 0.000000 0.000000 0.000000 0.424041 -0.159003 -0.031842 0.000000 0.000000 0.000000 0.001369 0.000205 -0.000380 -0.159342 0.054465 -0.016873 0.180396 -0.217853 -9.804921 
31.400705 -0.013232 0.019752 -0.700557 9.913176 -8.572547 0.147206 0.000000 0.000000 0.000000 0.437854 -0.251332 -0.047936 0.000000 0.000000 0.000000 0.001163 -0.000111 -0.000351 -0.159461 0.056067 -0.017042 0.179414 -0.217411 -9.804949 
31.500226 -0.025783 0.020480 -0.697695 9.965642 -8.611309 0.157586 0.000000 0.000000 0.000000 0.538700 -0.335050 0.001566 0.000000 0.000000 0.000000 0.001259 -0.000121 -0.000387 -0.160655 0.056344 -0.019191 0.179178 -0.217981 -9.804941 
31.599767 -0.020634 0.013408 -0.700497 10.000209 -8.643838 0.139715 0.000000 0.000000 0.000000 0.366717 -0.203893 -0.057400 0.000000 0.000000 0.000000 0.000975 -0.000036 -0.000352 -0.160754 0.057637 -0.016222 0.177989 -0.217759 -9.804967 
31.700637 -0.026796 0.012037 -0.694117 10.031152 -8.665868 0.127346 0.000000 0.000000 0.000000 0.350795 -0.187022 -0.087710 0.000000 0.000000 0.000000 0.000984 -0.000171 -0.000452 -0.160717 0.058091 -0.014996 0.177589 -0.217665 -9.804977 
31.800128 -0.012606 0.010882 -0.697065 10.064828 -8.697415 0.113908 0.000000 0.000000 0.000000 0.447798 -0.294136 -0.094835 0.000000 0.000000 0.000000 0.000739 -0.000295 -0.000363 -0.161613 0.059127 -0.014280 0.176614 -0.217928 -9.804988 
31.899702 -0.020073 0.014198 -0.700386 10.114881 -8.731367 0.102727 0.000000 0.000000 0.000000 0.429068 -0.300525 -0.037617 0.000000 0.000000 0.000000 0.001046 -0.000114 -0.000397 -0.162108 0.058964 -0.013877 0.176532 -0.218314 -9.804981 
32.000506 -0.027384 0.035777 -0.693544 10.148848 -8.766815 0.129896 0.000000 0.000000 0.000000 0.343644 -0.243077 0.100471 0.000000 0.000000 0.000000 0.001328 -0.000353 -0.000505 -0.163218 0.059988 -0.018306 0.175772 -0.218249 -9.804996 
32.100088 -0.012998 0.014083 -0.696758 10.185151 -8.797310 0.112032 0.000000 0.000000 0.000000 0.376365 -0.315549 -0.008348 0.000000 0.000000 0.000000 0.001068 -0.000012 -0.000438 -0.163534 0.059558 -0.014950 0.175792 -0.218859 -9.804982 
32.199585 -0.020740 0.023697 -0.697610 10.227475 -8.842239 0.130371 0.000000 0.000000 0.000000 0.433101 -0.439428 0.122799 0.000000 0.000000 0.000000 0.001353 -0.000093 -0.000404 -0.164591 0.059775 -0.018332 0.175516 -0.219190 -9.804980 
32.300438 -0.020130 0.026071 -0.693338 10.270030 -8.878471 0.151986 0.000000 0.000000 0.000000 0.373251 -0.308680 0.138647 0.000000 0.000000 0.000000 0.001339 -0.000024 -0.000480 -0.164415 0.059593 -0.020175 0.175779 -0.219028 -9.804979 
32.400008 -0.016746 0.021259 -0.693837 10.297508 -8.898723 0.167119 0.000000 0.000000 0.000000 0.342025 -0.228139 0.089884 0.000000 0.000000 0.000000 0.001395 0.000019 -0.000440 -0.163259 0.060251 -0.020149 0.175702 -0.218142 -9.805000 
32.499535 -0.023861 0.027278 -0.695892 10.341082 -8.924365 0.181426 0.000000 0.000000 0.000000 0.511389 -0.273860 0.108248 0.000000 0.000000 0.000000 0.001497 -0.000061 -0.000391 -0.163701 0.060251 -0.021184 0.175663 -0.218363 -9.804996 
32.600360 -0.011815 0.019726 -0.697775 10.394016 -8.954168 0.150597 0.000000 0.000000 0.000000 0.519555 -0.202382 0.002998 0.000000 0.000000 0.000000 0.001627 0.000079 -0.000384 -0.163908 0.059992 -0.015366 0.175267 -0.218771 -9.804994 
32.699946 -0.029662 0.040451 -0.697167 10.441008 -8.985097 0.134594 0.000000 0.000000 0.000000 0.441522 -0.150194 -0.020562 0.000000 0.000000 0.000000 0.001912 0.000182 -0.000400 -0.165489 0.060322 -0.013188 0.174470 -0.219675 -9.804988 
32.800792 -0.029920 0.042079 -0.697715 10.473302 -9.013342 0.129229 0.000000 0.000000 0.000000 0.394561 -0.213148 -0.052153 0.000000 0.000000 0.000000 0.001763 0.000360 -0.000385 -0.166304 0.061841 -0.013160 0.173339 -0.219738 -9.805006 
32.900297 -0.017922 0.027194 -0.696323 10.503819 -9.044971 0.144687 0.000000 0.000000 0.000000 0.406434 -0.365990 0.009351 0.000000 0.000000 0.000000 0.001393 0.000680 -0.000424 -0.166080 0.063381 -0.016354 0.172930 -0.219193 -9.805026 
32.999867 -0.027025 0.032335 -0.693747 10.534651 -9.087810 0.167980 0.000000 0.000000 0.000000 0.332664 -0.330829 0.182046 0.000000 0.000000 0.000000 0.001613 0.000627 -0.000447 -0.166531 0.064931 -0.019425 0.172399 -0.219068 -9.805038 
33.099355 -0.027831 0.023900 -0.697418 10.556135 -9.127802 0.179960 0.000000 0.000000 0.000000 0.261822 -0.251429 0.129376 0.000000 0.000000 0.000000 0.001619 0.000683 -0.000356 -0.167590 0.066269 -0.018870 0.171218 -0.219310 -9.805053 
33.200241 -0.022034 0.016950 -0.695117 10.584083 -9.156175 0.188830 0.000000 0.000000 0.000000 0.368129 -0.287247 0.036779 0.000000 0.000000 0.000000 0.001415 0.000592 -0.000445 -0.167705 0.066667 -0.018905 0.170958 -0.219269 -9.805059 
33.299791 -0.013177 0.019048 -0.697694 10.628231 -9.197718 0.178964 0.000000 0.000000 0.000000 0.450687 -0.346886 0.006445 0.000000 0.000000 0.000000 0.001458 0.000310 -0.000430 -0.168902 0.066706 -0.016764 0.170287 -0.220007 -9.805054 
33.399291 -0.023478 0.013762 -0.695059 10.674228 -9.240717 0.185291 0.000000 0.000000 0.000000 0.400585 -0.265109 0.130650 0.000000 0.000000 0.000000 0.001465 0.000606 -0.000508 -0.170780 0.066729 -0.016793 0.169773 -0.221102 -9.805038 
33.500160 -0.018070 0.018555 -0.695570 10.710673 -9.268226 0.160881 0.000000 0.000000 0.000000 0.414721 -0.227925 -0.015339 0.000000 0.000000 0.000000 0.001483 0.000356 -0.000510 -0.170897 0.066768 -0.011971 0.169195 -0.221410 -9.805041 
33.599708 -0.023652 0.021702 -0.696221 10.750307 -9.295013 0.156889 0.000000 0.000000 0.000000 0.510376 -0.306065 -0.036775 0.000000 0.000000 0.000000 0.001554 0.000262 -0.000449 -0.170630 0.067413 -0.012249 0.168914 -0.221060 -9.805054 
33.700574 -0.019548 0.023005 -0.700302 10.812498 -9.331202 0.178691 0.000000 0.000000 0.000000 0.470139 -0.253268 0.093256 0.000000 0.000000 0.000000 0.001228 0.000395 -0.000365 -0.172292 0.067142 -0.016410 0.169001 -0.221780 -9.805036 
33.800112 -0.023240 0.015412 -0.693762 10.841000 -9.353784 0.198912 0.000000 0.000000 0.000000 0.368741 -0.194892 0.139719 0.000000 0.000000 0.000000 0.001318 0.000233 -0.000466 -0.171680 0.068969 -0.017588 0.168203 -0.220823 -9.805071 
33.899640 -0.019162 0.017235 -0.695661 10.873939 -9.373914 0.181452 0.000000 0.000000 0.000000 0.446775 -0.166778 -0.027211 0.000000 0.000000 0.000000 0.001312 0.000027 -0.000394 -0.171355 0.069438 -0.012774 0.167564 -0.220996 -9.805078 
34.000555 -0.007617 0.018700 -0.694677 10.919550 -9.398323 0.180475 0.000000 0.000000 0.000000 0.547115 -0.274507 0.010416 0.000000 0.000000 0.000000 0.001299 -0.000050 -0.000415 -0.171277 0.070443 -0.012703 0.166992 -0.220692 -9.805095 
34.100038 -0.013750 0.038113 -0.693302 10.961588 -9.423261 0.175251 0.000000 0.000000 0.000000 0.415372 -0.176388 0.037130 0.000000 0.000000 0.000000 0.002147 -0.000285 -0.000366 -0.170683 0.071213 -0.011344 0.166610 -0.220276 -9.805111 
34.200884 -0.032178 0.021091 -0.697842 11.014545 -9.451852 0.175146 0.000000 0.000000 0.000000 0.395938 -0.173313 -0.025062 0.000000 0.000000 0.000000 0.001874 0.000330 -0.000294 -0.172935 0.070094 -0.011249 0.166706 -0.221881 -9.805073 
34.300386 -0.026196 0.022501 -0.699135 11.062261 -9.481148 0.141592 0.000000 0.000000 0.000000 0.407987 -0.277822 -0.152721 0.000000 0.000000 0.000000 0.001490 0.000230 -0.000298 -0.174410 0.069100 -0.006650 0.166616 -0.223185 -9.805045 
34.401261 -0.027690 0.024619 -0.698530 11.098302 -9.525593 0.123754 0.000000 0.000000 0.000000 0.476695 -0.410673 -0.135111 0.000000 0.000000 0.000000 0.001603 -0.000112 -0.000315 -0.174944 0.070354 -0.005918 0.165686 -0.223204 -9.805060 
34.500812 -0.015090 0.011989 -0.693194 11.133227 -9.566479 0.122044 0.000000 0.000000 0.000000 0.365275 -0.361431 -0.071009 0.000000 0.000000 0.000000 0.000983 0.000075 -0.000422 -0.174791 0.071579 -0.008291 0.165272 -0.222659 -9.805080 
34.600318 -0.012436 0.012577 -0.692813 11.159514 -9.591435 0.133601 0.000000 0.000000 0.000000 0.336783 -0.280391 -0.042365 0.000000 0.000000 0.000000 0.001333 -0.000144 -0.000386 -0.173579 0.072620 -0.010900 0.165266 -0.221503 -9.805106 
34.701227 -0.024491 0.001391 -0.695644 11.197451 -9.615355 0.138602 0.000000 0.000000 0.000000 0.521689 -0.303742 -0.006272 0.000000 0.000000 0.000000 0.001572 0.000008 -0.000326 -0.172920 0.073110 -0.012575 0.165273 -0.220864 -9.805120 
34.800757 -0.016964 0.007943 -0.696013 11.244376 -9.645956 0.134385 0.000000 0.000000 0.000000 0.455805 -0.252569 0.106416 0.000000 0.000000 0.000000 0.001522 -0.000274 -0.000388 -0.172691 0.073536 -0.011490 0.165049 -0.220741 -9.805127 
34.900248 -0.021796 0.010717 -0.694253 11.285761 -9.674252 0.135521 0.000000 0.000000 0.000000 0.377541 -0.213958 -0.011236 0.000000 0.000000 0.000000 0.001427 -0.000213 -0.000433 -0.173271 0.073700 -0.010747 0.164815 -0.221128 -9.805122 
34.999810 -0.025725 0.023628 -0.668794 11.305616 -9.695746 0.138696 0.000000 0.000000 0.000000 0.320457 -0.249313 -0.003268 0.000000 0.000000 0.000000 0.001475 -0.000526 -0.000647 -0.172149 0.075378 -0.011238 0.164109 -0.220018 -9.805159 
35.099314 -0.019083 0.013487 -0.627101 11.348635 -9.729985 0.134558 0.000000 0.000000 0.000000 0.372391 -0.403591 0.033432 0.000000 0.000000 0.000000 0.001051 -0.000192 -0.000846 -0.172948 0.074591 -0.010691 0.164427 -0.220697 -9.805138 
35.198841 -0.032654 0.017460 -0.572094 11.391953 -9.755286 0.120154 0.000000 0.000000 0.000000 0.313343 -0.314156 0.000636 0.000000 0.000000 0.000000 0.001013 0.000117 -0.000948 -0.172208 0.072982 -0.008112 0.165318 -0.220733 -9.805123 
35.298374 -0.035157 0.005310 -0.487027 11.445347 -9.777383 0.108569 0.000000 0.000000 0.000000 0.419275 -0.270229 -0.097877 0.000000 0.000000 0.000000 0.000422 0.000335 -0.001225 -0.173315 0.070885 -0.007098 0.166650 -0.220713 -9.805100 
35.397901 -0.023189 -0.001146 -0.392289 11.498384 -9.789905 0.102375 0.000000 0.000000 0.000000 0.515762 -0.289243 -0.249365 0.000000 0.000000 0.000000 -0.000378 0.000103 -0.001375 -0.173464 0.069254 -0.008413 0.166638 -0.219620 -9.805125 
35.498810 -0.010228 0.014780 -0.293176 11.530144 -9.808883 0.098138 0.000000 0.000000 0.000000 0.583290 -0.341791 -0.183161 0.000000 0.000000 0.000000 -0.000542 -0.000695 -0.001418 -0.170031 0.065934 -0.010306 0.162947 -0.221344 -9.805148 
35.599650 -0.037424 0.022660 -0.199680 11.603497 -9.813054 0.081480 0.000000 0.000000 0.000000 0.536865 -0.148434 -0.093307 0.000000 0.000000 0.000000 -0.000377 -0.000795 -0.001408 -0.174258 0.063462 -0.009286 0.160918 -0.217691 -9.805264 
35.700527 -0.023874 0.018535 -0.102433 11.672568 -9.800749 0.064719 0.000000 0.000000 0.000000 0.552079 -0.009401 -0.050373 0.000000 0.000000 0.000000 -0.001119 -0.000938 -0.001529 -0.180795 0.061325 -0.008490 0.157319 -0.212484 -9.805436 
35.799706 -0.024352 0.025997 0.003565 11.728180 -9.780184 0.036941 0.000000 0.000000 0.000000 0.623976 0.058887 -0.125379 0.000000 0.000000 0.000000 -0.001173 -0.001118 -0.001656 -0.185519 0.053554 -0.006147 0.149194 -0.212268 -9.805568 
35.900914 -0.031396 0.021422 0.097403 11.800618 -9.767360 0.061001 0.000000 0.000000 0.000000 0.749708 0.116350 -0.014109 0.000000 0.000000 0.000000 -0.001554 -0.001299 -0.001588 -0.188705 0.053097 -0.011481 0.146811 -0.209907 -9.805655 
36.001751 -0.009352 0.026233 0.205241 11.821686 -9.743790 0.058759 0.000000 0.000000 0.000000 0.478451 0.115700 -0.000655 0.000000 0.000000 0.000000 -0.002268 -0.001385 -0.001796 -0.184936 0.022564 -0.010786 0.126135 -0.231308 -9.805461 
36.101269 -0.012468 0.023834 0.306822 11.859398 -9.712316 0.055515 0.000000 0.000000 0.000000 0.470824 0.269471 -0.067284 0.000000 0.000000 0.000000 -0.002003 -0.001624 -0.001649 -0.190715 0.010437 -0.011062 0.113751 -0.234824 -9.805529 
36.200855 -0.012706 0.019538 0.404471 11.897829 -9.660988 0.052125 0.000000 0.000000 0.000000 0.566668 0.492002 -0.141229 0.000000 0.000000 0.000000 -0.001903 -0.001895 -0.001592 -0.198986 -0.005353 -0.012870 0.097183 -0.239385 -9.805597 
36.301714 -0.016603 0.019226 0.504318 11.947265 -9.593054 0.034299 0.000000 0.000000 0.000000 0.572002 0.538232 0.002759 0.000000 0.000000 0.000000 -0.001872 -0.002261 -0.001682 -0.207896 -0.021215 -0.012461 0.080258 -0.243965 -9.805637 
36.401251 -0.003137 0.025018 0.608244 11.983276 -9.535476 0.027468 0.000000 0.000000 0.000000 0.415452 0.448065 -0.014641 0.000000 0.000000 0.000000 -0.002917 -0.002357 -0.001700 -0.215297 -0.037841 -0.012565 0.063904 -0.250433 -9.805594 
36.500791 -0.002743 0.024725 0.702192 11.995352 -9.490065 0.053521 0.000000 0.000000 0.000000 0.321731 0.430796 0.071878 0.000000 0.000000 0.000000 -0.002586 -0.002930 -0.001615 -0.216313 -0.063986 -0.017864 0.045633 -0.268182 -9.805227 
36.601651 -0.027076 0.013319 0.802831 12.024440 -9.450761 0.069751 0.000000 0.000000 0.000000 0.485052 0.456803 0.141523 0.000000 0.000000 0.000000 -0.002136 -0.003209 -0.001650 -0.212176 -0.073313 -0.019008 0.042420 -0.277574 -9.804980 
36.701149 -0.018339 0.015425 0.881318 12.045953 -9.385013 0.051344 0.000000 0.000000 0.000000 0.314266 0.567753 0.077206 0.000000 0.000000 0.000000 -0.002989 -0.003506 -0.001413 -0.228017 -0.101100 -0.014940 0.013086 -0.287386 -9.804780 
36.802017 -0.000817 0.027404 0.958706 12.066767 -9.345173 0.070940 0.000000 0.000000 0.000000 0.233071 0.394186 0.174375 0.000000 0.000000 0.000000 -0.002951 -0.003153 -0.001322 -0.221595 -0.108884 -0.016356 0.012736 -0.297191 -9.804489 
36.901566 -0.004136 0.021313 1.006025 12.068300 -9.312775 0.058066 0.000000 0.000000 0.000000 0.041874 0.454335 -0.028294 0.000000 0.000000 0.000000 -0.002117 -0.003154 -0.001018 -0.217820 -0.122773 -0.012344 0.006776 -0.309777 -9.804105 
37.002383 0.017385 0.033050 1.034951 12.048972 -9.249867 0.042160 0.000000 0.000000 0.000000 -0.106851 0.689827 -0.043368 0.000000 0.000000 0.000000 -0.001951 -0.003137 -0.000724 -0.229278 -0.140941 -0.011285 -0.013056 -0.316142 -9.803895 
37.101954 -0.027777 0.033044 1.050864 12.035637 -9.181811 0.132852 0.000000 0.000000 0.000000 -0.058003 0.589378 0.405156 0.000000 0.000000 0.000000 -0.000543 -0.003235 -0.000391 -0.231727 -0.150320 -0.025470 -0.020740 -0.321727 -9.803700 
37.201456 -0.017585 0.024809 1.039746 12.031347 -9.149333 0.156544 0.000000 0.000000 0.000000 0.054706 0.415618 0.344235 0.000000 0.000000 0.000000 -0.001068 -0.002879 -0.000258 -0.212168 -0.151604 -0.021890 -0.006859 -0.334623 -9.803288 
37.301026 -0.004843 0.028348 1.041688 12.057905 -9.150543 0.133411 0.000000 0.000000 0.000000 0.352066 0.211532 0.111932 0.000000 0.000000 0.000000 -0.001397 -0.002558 -0.000308 -0.175898 -0.141877 -0.012325 0.026416 -0.349301 -9.802743 
37.400505 -0.005611 0.025460 1.044515 12.125159 -9.135927 0.106052 0.000000 0.000000 0.000000 0.526858 0.241778 -0.174825 0.000000 0.000000 0.000000 -0.001202 -0.002460 -0.000381 -0.164358 -0.124731 -0.006263 0.045583 -0.343336 -9.802883 
37.500090 -0.015168 0.022224 1.045148 12.191474 -9.110996 0.073085 0.000000 0.000000 0.000000 0.434562 0.231779 -0.111758 0.000000 0.000000 0.000000 -0.000840 -0.002508 -0.000359 -0.163467 -0.111622 -0.002408 0.054240 -0.333976 -9.803163 
37.599338 -0.015521 0.018647 1.039897 12.200784 -9.096194 0.039213 0.000000 0.000000 0.000000 0.242356 0.219286 -0.176828 0.000000 0.000000 0.000000 -0.000896 -0.002157 -0.000367 -0.163918 -0.134607 0.001407 0.039982 -0.350953 -9.802638 
37.699173 0.004121 0.044032 1.046950 12.226557 -9.058256 0.000778 0.000000 0.000000 0.000000 0.144144 0.371469 -0.316963 0.000000 0.000000 0.000000 -0.001074 -0.002085 -0.000428 -0.171426 -0.131123 0.003406 0.036438 -0.343767 -9.802907 
37.800029 -0.022771 0.028824 1.043341 12.245504 -9.016531 0.010463 0.000000 0.000000 0.000000 0.084100 0.289605 -0.093966 0.000000 0.000000 0.000000 -0.000335 -0.001876 -0.000378 -0.175770 -0.125604 -0.002174 0.036471 -0.337012 -9.803141 
37.899505 -0.004373 0.028416 1.021960 12.229023 -8.953618 0.011562 0.000000 0.000000 0.000000 -0.034071 0.342074 -0.091765 0.000000 0.000000 0.000000 -0.000990 -0.001759 -0.000379 -0.207333 -0.140794 -0.005669 0.003449 -0.329230 -9.803473 
38.000368 0.003161 0.029193 1.023762 12.249148 -8.933366 0.012319 0.000000 0.000000 0.000000 0.161731 0.262303 -0.114880 0.000000 0.000000 0.000000 -0.000933 -0.002098 -0.000415 -0.198000 -0.129988 -0.007528 0.017029 -0.326831 -9.803539 
38.099854 -0.011819 0.023280 1.024133 12.287717 -8.900410 0.013563 0.000000 0.000000 0.000000 0.379637 0.344754 -0.033739 0.000000 0.000000 0.000000 -0.000709 -0.002266 -0.000404 -0.196520 -0.118710 -0.009313 0.025001 -0.319309 -9.803770 
38.199443 -0.010735 0.028959 1.026585 12.344984 -8.863720 0.063140 0.000000 0.000000 0.000000 0.388264 0.233256 0.194330 0.000000 0.000000 0.000000 -0.000245 -0.002406 -0.000358 -0.196516 -0.104201 -0.016476 0.033821 -0.308536 -9.804088 
38.299010 -0.006421 0.024131 1.027565 12.376867 -8.828182 0.068876 0.000000 0.000000 0.000000 0.291530 0.243236 0.088273 0.000000 0.000000 0.000000 -0.000775 -0.002543 -0.000350 -0.206394 -0.104522 -0.015197 0.026247 -0.302711 -9.804293 
38.399867 0.000175 0.025632 1.025402 12.409451 -8.771558 0.070030 0.000000 0.000000 0.000000 0.310236 0.401719 0.008981 0.000000 0.000000 0.000000 -0.000901 -0.002504 -0.000290 -0.225075 -0.102043 -0.015055 0.013818 -0.289409 -9.804720 
38.499364 0.004429 0.025354 1.022085 12.441690 -8.707736 0.060561 0.000000 0.000000 0.000000 0.356833 0.577607 -0.046212 0.000000 0.000000 0.000000 -0.000967 -0.002709 -0.000276 -0.235764 -0.102252 -0.014077 0.005733 -0.282989 -9.804915 
38.600227 0.002805 0.026440 1.025308 12.465131 -8.652917 0.056734 0.000000 0.000000 0.000000 0.285374 0.404481 0.065474 0.000000 0.000000 0.000000 -0.001085 -0.002657 -0.000363 -0.241215 -0.108539 -0.013279 -0.002176 -0.284299 -9.804879 
38.699761 -0.005574 0.026034 1.026475 12.494974 -8.604711 0.068040 0.000000 0.000000 0.000000 0.301799 0.401734 0.035407 0.000000 0.000000 0.000000 -0.000726 -0.002673 -0.000298 -0.246942 -0.107063 -0.014712 -0.005543 -0.279698 -9.805010 
38.800632 -0.001159 0.025442 1.025726 12.535458 -8.567320 0.055107 0.000000 0.000000 0.000000 0.453733 0.479091 -0.071178 0.000000 0.000000 0.000000 -0.000784 -0.002851 -0.000314 -0.242462 -0.104487 -0.012744 -0.000613 -0.280524 -9.804988 
38.900208 -0.008013 0.029781 1.024646 12.580526 -8.522058 0.062713 0.000000 0.000000 0.000000 0.452113 0.371276 0.093910 0.000000 0.000000 0.000000 -0.000900 -0.002763 -0.000308 -0.240796 -0.106044 -0.014082 -0.000345 -0.282714 -9.804925 
39.001058 -0.002960 0.033444 1.026814 12.615904 -8.491220 0.072182 0.000000 0.000000 0.000000 0.360596 0.284799 0.062770 0.000000 0.000000 0.000000 -0.000686 -0.002585 -0.000317 -0.239781 -0.108326 -0.014271 -0.000994 -0.285029 -9.804858 
39.100575 -0.005426 0.021826 1.023326 12.638555 -8.465920 0.059957 0.000000 0.000000 0.000000 0.272248 0.326936 -0.055588 0.000000 0.000000 0.000000 -0.000536 -0.002506 -0.000250 -0.239013 -0.113189 -0.012190 -0.003388 -0.289086 -9.804739 
39.200110 -0.002875 0.026324 1.023432 12.655581 -8.426073 0.048148 0.000000 0.000000 0.000000 0.285050 0.473688 -0.059017 0.000000 0.000000 0.000000 -0.000672 -0.002479 -0.000242 -0.241070 -0.119347 -0.011616 -0.008684 -0.292375 -9.804638 
39.299606 -0.022286 0.022191 1.007856 12.680948 -8.377505 0.052238 0.000000 0.000000 0.000000 0.225366 0.393034 0.065297 0.000000 0.000000 0.000000 -0.000030 -0.002525 -0.000237 -0.244169 -0.120668 -0.011837 -0.011793 -0.291452 -9.804662 
39.400471 -0.008496 0.024429 0.995587 12.690243 -8.352240 0.043257 0.000000 0.000000 0.000000 0.177136 0.266681 -0.030739 0.000000 0.000000 0.000000 -0.000232 -0.002483 -0.000315 -0.241235 -0.126960 -0.009910 -0.013461 -0.297883 -9.804467 
39.500050 -0.007807 0.023055 0.996115 12.712059 -8.328098 0.033440 0.000000 0.000000 0.000000 0.259616 0.321642 -0.080845 0.000000 0.000000 0.000000 -0.000281 -0.002477 -0.000306 -0.239280 -0.126405 -0.009071 -0.011666 -0.298669 -9.804445 
39.599570 -0.009503 0.022691 1.000374 12.748493 -8.292935 0.023294 0.000000 0.000000 0.000000 0.368841 0.323092 -0.060043 0.000000 0.000000 0.000000 -0.000156 -0.002397 -0.000324 -0.238800 -0.123973 -0.008837 -0.009814 -0.297174 -9.804492 
39.700396 -0.012159 0.019072 0.998451 12.773958 -8.255345 0.000915 0.000000 0.000000 0.000000 0.216046 0.203961 -0.023497 0.000000 0.000000 0.000000 -0.000395 -0.002439 -0.000344 -0.244299 -0.124133 -0.006620 -0.013928 -0.293879 -9.804587 
39.799961 -0.016785 0.019596 1.002316 12.814309 -8.235608 -0.004462 0.000000 0.000000 0.000000 0.273055 0.248850 -0.119909 0.000000 0.000000 0.000000 0.000097 -0.002465 -0.000307 -0.242083 -0.116098 -0.007121 -0.007355 -0.289364 -9.804728 
39.899463 -0.016207 0.013156 0.996422 12.836435 -8.195155 -0.028049 0.000000 0.000000 0.000000 0.296932 0.404343 -0.178859 0.000000 0.000000 0.000000 -0.000235 -0.002559 -0.000306 -0.247329 -0.118191 -0.006098 -0.012479 -0.287644 -9.804774 
40.000320 -0.017732 0.020652 0.996240 12.872532 -8.146132 -0.006015 0.000000 0.000000 0.000000 0.266565 0.412884 0.078932 0.000000 0.000000 0.000000 -0.000016 -0.002492 -0.000293 -0.249864 -0.115779 -0.010815 -0.012927 -0.284365 -9.804869 
40.099907 -0.006509 0.021299 0.997622 12.899220 -8.101683 0.004663 0.000000 0.000000 0.000000 0.220180 0.352883 0.031954 0.000000 0.000000 0.000000 -0.000612 -0.002438 -0.000369 -0.253302 -0.114015 -0.011873 -0.014371 -0.280962 -9.804965 
40.200764 -0.010757 0.021974 0.995687 12.923113 -8.063839 0.012429 0.000000 0.000000 0.000000 0.262364 0.382253 0.014475 0.000000 0.000000 0.000000 -0.000356 -0.002626 -0.000293 -0.254245 -0.113914 -0.012697 -0.015013 -0.280314 -9.804982 
40.300323 -0.022638 0.019482 0.996498 12.963635 -8.020552 0.015836 0.000000 0.000000 0.000000 0.401941 0.532912 0.138701 0.000000 0.000000 0.000000 -0.000203 -0.002621 -0.000323 -0.253303 -0.110459 -0.012976 -0.012196 -0.278384 -9.805041 
40.401149 -0.011352 0.021226 0.994409 13.008779 -7.966544 0.021141 0.000000 0.000000 0.000000 0.330977 0.428744 0.131557 0.000000 0.000000 0.000000 -0.000763 -0.002397 -0.000328 -0.254547 -0.107787 -0.012253 -0.011435 -0.275663 -9.805119 
40.500655 -0.003733 0.024450 0.997732 13.034629 -7.941837 0.022032 0.000000 0.000000 0.000000 0.263375 0.262598 0.051869 0.000000 0.000000 0.000000 -0.000665 -0.002508 -0.000358 -0.250734 -0.109858 -0.010898 -0.009914 -0.279514 -9.805012 
40.600168 -0.006143 0.023881 0.997412 13.054040 -7.916851 0.019760 0.000000 0.000000 0.000000 0.220398 0.253244 0.012112 0.000000 0.000000 0.000000 -0.000428 -0.002553 -0.000288 -0.251055 -0.111654 -0.010164 -0.011243 -0.280611 -9.804979 
40.699904 -0.009814 0.024980 0.997369 13.080014 -7.886184 0.027123 0.000000 0.000000 0.000000 0.294875 0.401374 0.047922 0.000000 0.000000 0.000000 -0.000342 -0.002560 -0.000298 -0.250552 -0.110932 -0.011094 -0.010448 -0.280409 -9.804986 
40.800600 -0.023072 0.027647 0.995929 13.111009 -7.843992 0.033214 0.000000 0.000000 0.000000 0.195455 0.360950 0.038306 0.000000 0.000000 0.000000 -0.000302 -0.002523 -0.000308 -0.251476 -0.108731 -0.011320 -0.009762 -0.278244 -9.805048 
40.900143 -0.006977 0.025629 0.994532 13.125553 -7.810419 0.023799 0.000000 0.000000 0.000000 0.180984 0.300921 -0.056898 0.000000 0.000000 0.000000 -0.000647 -0.002252 -0.000259 -0.252595 -0.110457 -0.010036 -0.011620 -0.278790 -9.805030 
40.999669 -0.003600 0.025372 0.995979 13.150263 -7.781189 0.010643 0.000000 0.000000 0.000000 0.294132 0.377083 -0.116336 0.000000 0.000000 0.000000 -0.000608 -0.002281 -0.000287 -0.251398 -0.109277 -0.009507 -0.010016 -0.278674 -9.805036 
41.100526 0.005194 0.024164 1.000601 13.181918 -7.731383 -0.018831 0.000000 0.000000 0.000000 0.256994 0.418589 -0.129942 0.000000 0.000000 0.000000 -0.000837 -0.002336 -0.000353 -0.254734 -0.108843 -0.008058 -0.012138 -0.276288 -9.805101 
41.200023 -0.014206 0.020894 0.984565 13.208979 -7.696261 -0.014001 0.000000 0.000000 0.000000 0.152585 0.308175 -0.056664 0.000000 0.000000 0.000000 -0.000179 -0.002283 -0.000151 -0.253740 -0.106624 -0.009583 -0.010070 -0.275312 -9.805130 
41.300936 -0.005640 0.025685 0.958137 13.218464 -7.674585 -0.012520 0.000000 0.000000 0.000000 0.089591 0.251525 -0.057081 0.000000 0.000000 0.000000 -0.000242 -0.002258 -0.000168 -0.251538 -0.107616 -0.010523 -0.009107 -0.277397 -9.805073 
41.400411 -0.001064 0.024325 0.956740 13.249248 -7.644948 -0.013603 0.000000 0.000000 0.000000 0.213159 0.380491 -0.091209 0.000000 0.000000 0.000000 -0.000283 -0.002244 -0.000299 -0.250523 -0.100945 -0.011155 -0.004252 -0.273244 -9.805193 
41.500011 0.001754 0.023787 0.953713 13.275788 -7.597153 -0.021297 0.000000 0.000000 0.000000 0.225954 0.500673 -0.091277 0.000000 0.000000 0.000000 -0.000108 -0.002410 -0.000306 -0.250893 -0.099704 -0.011575 -0.003751 -0.272131 -9.805224 
41.599530 -0.000817 0.023065 0.959970 13.303151 -7.550872 -0.021596 0.000000 0.000000 0.000000 0.171601 0.363079 0.004474 0.000000 0.000000 0.000000 -0.000458 -0.002216 -0.000369 -0.251702 -0.096615 -0.011984 -0.002409 -0.269430 -9.805299 
41.699061 -0.001541 0.025655 0.959614 13.323875 -7.509876 -0.008853 0.000000 0.000000 0.000000 0.220901 0.365555 -0.034230 0.000000 0.000000 0.000000 -0.000577 -0.002169 -0.000345 -0.253698 -0.095745 -0.013898 -0.003311 -0.267578 -9.805349 
41.799921 -0.001360 0.023718 0.959327 13.352100 -7.469358 -0.004557 0.000000 0.000000 0.000000 0.362059 0.417099 -0.027757 0.000000 0.000000 0.000000 -0.000610 -0.002225 -0.000356 -0.254098 -0.096092 -0.015144 -0.003828 -0.267583 -9.805349 
41.899409 -0.014229 0.022964 0.956767 13.401404 -7.426467 0.015997 0.000000 0.000000 0.000000 0.356483 0.291614 0.127532 0.000000 0.000000 0.000000 -0.000321 -0.002432 -0.000270 -0.254798 -0.091690 -0.017096 -0.001591 -0.264050 -9.805445 
42.000271 -0.008461 0.024795 0.939966 13.432215 -7.400064 0.037268 0.000000 0.000000 0.000000 0.275946 0.211286 0.098352 0.000000 0.000000 0.000000 -0.000192 -0.002415 -0.000113 -0.254951 -0.091903 -0.018438 -0.001850 -0.264116 -9.805443 
42.101169 0.001261 0.029821 0.907329 13.461108 -7.377606 0.044071 0.000000 0.000000 0.000000 0.262314 0.198898 0.101156 0.000000 0.000000 0.000000 -0.000184 -0.002303 0.000074 -0.255467 -0.091111 -0.018185 -0.001714 -0.263232 -9.805467 
42.200710 -0.001382 0.032562 0.854643 13.495375 -7.358359 0.044242 0.000000 0.000000 0.000000 0.363310 0.330590 0.050135 0.000000 0.000000 0.000000 0.000129 -0.002312 0.000302 -0.252797 -0.089236 -0.017204 0.001356 -0.263594 -9.805458 
42.301572 0.009526 0.038816 0.798070 13.546625 -7.293641 0.027659 0.000000 0.000000 0.000000 0.374208 0.417213 0.152946 0.000000 0.000000 0.000000 0.000450 -0.002111 0.000250 -0.260777 -0.085634 -0.014642 -0.001903 -0.255993 -9.805659 
42.401091 0.013527 0.040669 0.698653 13.596960 -7.253772 0.027970 0.000000 0.000000 0.000000 0.325495 0.389336 0.064824 0.000000 0.000000 0.000000 0.000576 -0.001832 0.000642 -0.259598 -0.079705 -0.013666 0.002721 -0.252692 -9.805744 
42.501965 0.008682 0.037949 0.600325 13.635455 -7.224459 0.035580 0.000000 0.000000 0.000000 0.382151 0.319894 -0.046596 0.000000 0.000000 0.000000 0.001299 -0.001792 0.000769 -0.257141 -0.077870 -0.014216 0.005588 -0.253088 -9.805733 
42.600199 -0.007430 0.030853 0.528211 13.686008 -7.224537 0.034142 0.000000 0.000000 0.000000 0.576534 0.314655 -0.093897 0.000000 0.000000 0.000000 0.001740 -0.001759 0.000615 -0.248355 -0.075195 -0.014539 0.013229 -0.257314 -9.805616 
42.699674 -0.004099 0.033785 0.477058 13.745664 -7.225925 0.035382 0.000000 0.000000 0.000000 0.500406 0.127544 -0.011465 0.000000 0.000000 0.000000 0.001310 -0.001767 0.000409 -0.242438 -0.073095 -0.014986 0.018507 -0.260158 -9.805532 
42.797915 -0.009472 0.027468 0.439605 13.782784 -7.221773 0.035958 0.000000 0.000000 0.000000 0.424621 0.022376 0.011972 0.000000 0.000000 0.000000 0.001072 -0.001837 0.000243 -0.241630 -0.075111 -0.014647 0.017582 -0.261918 -9.805487 
42.897388 -0.008089 0.026492 0.424963 13.822106 -7.225674 0.031442 0.000000 0.000000 0.000000 0.472067 0.001901 -0.015901 0.000000 0.000000 0.000000 0.000735 -0.001939 0.000051 -0.240801 -0.075726 -0.014014 0.017626 -0.262868 -9.805461 
42.996959 -0.012369 0.025784 0.419892 13.867040 -7.211505 0.023613 0.000000 0.000000 0.000000 0.574450 0.038612 0.145850 0.000000 0.000000 0.000000 0.000581 -0.002077 -0.000097 -0.242851 -0.078376 -0.013362 0.014499 -0.262636 -9.805473 
43.097825 -0.024364 0.023484 0.423562 13.925981 -7.214460 0.062427 0.000000 0.000000 0.000000 0.499114 -0.119609 0.167161 0.000000 0.000000 0.000000 0.000229 -0.002007 -0.000241 -0.242910 -0.077965 -0.016410 0.014758 -0.262403 -9.805478 
43.198687 0.011087 0.036198 0.422063 13.972071 -7.201950 0.044192 0.000000 0.000000 0.000000 0.417137 -0.067501 -0.000298 0.000000 0.000000 0.000000 -0.000460 -0.002184 -0.000186 -0.246787 -0.080464 -0.013015 0.010954 -0.260495 -9.805534 
43.299547 -0.010911 0.026552 0.420283 14.004566 -7.195763 0.051890 0.000000 0.000000 0.000000 0.432083 -0.047046 -0.033214 0.000000 0.000000 0.000000 0.000590 -0.002174 -0.000117 -0.248371 -0.083337 -0.014056 0.007953 -0.260521 -9.805537 
43.400362 -0.009010 0.022971 0.422444 14.057557 -7.171239 0.052639 0.000000 0.000000 0.000000 0.531531 0.081005 0.051428 0.000000 0.000000 0.000000 0.000528 -0.002258 -0.000180 -0.252042 -0.085263 -0.014474 0.004760 -0.258470 -9.805593 
43.501032 -0.005576 0.028583 0.416790 14.102317 -7.149812 0.061018 0.000000 0.000000 0.000000 0.393067 0.096806 0.147447 0.000000 0.000000 0.000000 0.000318 -0.002556 -0.000131 -0.253871 -0.086881 -0.014339 0.002674 -0.257739 -9.805613 
43.602087 -0.005705 0.029949 0.420953 14.149874 -7.124448 0.063236 0.000000 0.000000 0.000000 0.383423 0.155026 0.085790 0.000000 0.000000 0.000000 0.000287 -0.002566 -0.000213 -0.256416 -0.086331 -0.013439 0.002008 -0.255488 -9.805672 
43.701682 -0.003530 0.026482 0.418442 14.192910 -7.102587 0.069988 0.000000 0.000000 0.000000 0.468112 0.262206 0.035802 0.000000 0.000000 0.000000 0.000203 -0.002618 -0.000151 -0.256865 -0.086041 -0.013545 0.002042 -0.255006 -9.805685 
43.801195 0.003363 0.034855 0.419964 14.241703 -7.069171 0.062121 0.000000 0.000000 0.000000 0.546729 0.329919 0.058449 0.000000 0.000000 0.000000 0.000103 -0.002989 -0.000177 -0.257177 -0.087018 -0.012144 0.001148 -0.255186 -9.805680 
43.900719 -0.012680 0.020656 0.421738 14.277568 -7.049600 0.084259 0.000000 0.000000 0.000000 0.398413 0.212933 0.183392 0.000000 0.000000 0.000000 0.000499 -0.002628 -0.000170 -0.255531 -0.088576 -0.012938 0.000618 -0.257178 -9.805628 
44.000428 0.012692 0.034923 0.422329 14.308350 -7.030292 0.059220 0.000000 0.000000 0.000000 0.370534 0.196999 0.014661 0.000000 0.000000 0.000000 -0.000155 -0.002891 -0.000199 -0.255327 -0.089384 -0.008685 0.000103 -0.257667 -9.805615 
44.101185 -0.014009 0.026296 0.418861 14.348189 -6.982028 0.081736 0.000000 0.000000 0.000000 0.456419 0.347302 -0.018289 0.000000 0.000000 0.000000 0.000230 -0.002587 -0.000124 -0.258020 -0.092041 -0.011142 -0.003174 -0.256743 -9.805639 
44.200639 -0.001318 0.030616 0.416303 14.396908 -6.934060 0.105148 0.000000 0.000000 0.000000 0.372644 0.315955 0.216951 0.000000 0.000000 0.000000 -0.000170 -0.002712 -0.000106 -0.260109 -0.092106 -0.012066 -0.004137 -0.255135 -9.805680 
44.300151 0.008730 0.040645 0.417771 14.432046 -6.904462 0.096286 0.000000 0.000000 0.000000 0.311009 0.268589 0.127018 0.000000 0.000000 0.000000 -0.000381 -0.002699 -0.000122 -0.260460 -0.091810 -0.009026 -0.004034 -0.254707 -9.805692 
44.401006 0.009504 0.038497 0.418823 14.472571 -6.873276 0.092071 0.000000 0.000000 0.000000 0.431435 0.378992 0.028087 0.000000 0.000000 0.000000 -0.000335 -0.002638 -0.000158 -0.260723 -0.091021 -0.007739 -0.003522 -0.254146 -9.805706 
44.500545 0.007150 0.042188 0.421995 14.520746 -6.839682 0.083461 0.000000 0.000000 0.000000 0.432208 0.352138 0.221876 0.000000 0.000000 0.000000 -0.000013 -0.002792 -0.000255 -0.260340 -0.090251 -0.005666 -0.002750 -0.254099 -9.805708 
44.600114 0.018495 0.042426 0.420749 14.553576 -6.799486 0.073636 0.000000 0.000000 0.000000 0.348071 0.271518 0.088555 0.000000 0.000000 0.000000 -0.000618 -0.002666 -0.000197 -0.261620 -0.092144 -0.003260 -0.004792 -0.253900 -9.805712 
44.700975 -0.006176 0.025706 0.418910 14.597614 -6.774897 0.081930 0.000000 0.000000 0.000000 0.500278 0.215055 0.025676 0.000000 0.000000 0.000000 0.000100 -0.002355 -0.000152 -0.261856 -0.091465 -0.003420 -0.004361 -0.253423 -9.805725 
44.800469 0.002228 0.033107 0.421915 14.645491 -6.753538 0.084140 0.000000 0.000000 0.000000 0.593968 0.226983 0.018990 0.000000 0.000000 0.000000 -0.000045 -0.002568 -0.000192 -0.261456 -0.093270 -0.003318 -0.005601 -0.254513 -9.805696 
44.900045 0.001221 0.030409 0.417788 14.687883 -6.742550 0.077145 0.000000 0.000000 0.000000 0.422491 0.122532 0.105046 0.000000 0.000000 0.000000 0.000183 -0.002449 -0.000093 -0.260399 -0.094324 -0.001662 -0.005985 -0.255786 -9.805663 
45.000899 -0.006297 0.027080 0.419875 14.730140 -6.730702 0.090968 0.000000 0.000000 0.000000 0.425682 0.092197 0.062479 0.000000 0.000000 0.000000 0.000369 -0.002489 -0.000147 -0.260630 -0.094358 -0.002385 -0.006104 -0.255624 -9.805667 
45.100398 0.010020 0.040180 0.419058 14.769883 -6.711297 0.092305 0.000000 0.000000 0.000000 0.538994 0.176162 0.022879 0.000000 0.000000 0.000000 -0.000110 -0.002935 -0.000121 -0.261353 -0.096122 -0.002218 -0.007789 -0.255808 -9.805661 
45.199975 0.014074 0.036320 0.412300 14.823526 -6.690338 0.029529 0.000000 0.000000 0.000000 0.463754 0.181845 -0.031825 0.000000 0.000000 0.000000 0.000501 -0.002888 -0.000106 -0.262180 -0.096199 0.004061 -0.008236 -0.255144 -9.805678 
45.300784 -0.000723 0.031676 0.418413 14.859712 -6.666073 0.057049 0.000000 0.000000 0.000000 0.387993 0.140566 0.028261 0.000000 0.000000 0.000000 0.000477 -0.002797 -0.000137 -0.263219 -0.098179 0.000591 -0.010193 -0.255201 -9.805674 
45.400314 -0.005127 0.030088 0.418813 14.893869 -6.656526 0.077792 0.000000 0.000000 0.000000 0.424820 0.089465 0.044179 0.000000 0.000000 0.000000 0.000489 -0.002837 -0.000120 -0.262661 -0.099034 -0.001539 -0.010611 -0.256019 -9.805653 
45.499892 0.011793 0.044383 0.419350 14.954920 -6.653411 0.100419 0.000000 0.000000 0.000000 0.648701 0.035634 0.116755 0.000000 0.000000 0.000000 0.000167 -0.003417 -0.000145 -0.262490 -0.097374 -0.003656 -0.009234 -0.255482 -9.805668 
45.600749 -0.011771 0.023965 0.418215 15.017056 -6.645475 0.142567 0.000000 0.000000 0.000000 0.541853 0.045150 0.222864 0.000000 0.000000 0.000000 0.001258 -0.002914 -0.000131 -0.263057 -0.097719 -0.006263 -0.009728 -0.255212 -9.805675 
45.700258 -0.005591 0.030141 0.418566 15.049616 -6.639999 0.143542 0.000000 0.000000 0.000000 0.454875 0.093370 0.153044 0.000000 0.000000 0.000000 0.000656 -0.003323 -0.000121 -0.262350 -0.100699 -0.004069 -0.011760 -0.256975 -9.805626 
45.799797 -0.015493 0.026543 0.418669 15.090642 -6.624139 0.154619 0.000000 0.000000 0.000000 0.565165 0.214683 0.087988 0.000000 0.000000 0.000000 0.001101 -0.003466 -0.000104 -0.262364 -0.102538 -0.003951 -0.013195 -0.257723 -9.805605 
45.900686 -0.006994 0.030331 0.417253 15.168850 -6.563371 0.143826 0.000000 0.000000 0.000000 0.634840 0.403485 0.148515 0.000000 0.000000 0.000000 0.000974 -0.003517 -0.000120 -0.267484 -0.102877 -0.001770 -0.015544 -0.253857 -9.805702 
46.000171 -0.005857 0.030705 0.419704 15.196926 -6.543927 0.139916 0.000000 0.000000 0.000000 0.441404 0.304358 0.042183 0.000000 0.000000 0.000000 0.000702 -0.003488 -0.000166 -0.264137 -0.106039 -0.000262 -0.016620 -0.257745 -9.805599 
46.099734 -0.021671 0.022129 0.419997 15.228652 -6.530986 0.158147 0.000000 0.000000 0.000000 0.443297 0.259054 0.033084 0.000000 0.000000 0.000000 0.001286 -0.003424 -0.000125 -0.261357 -0.106766 -0.001893 -0.016074 -0.260212 -9.805535 
46.200598 -0.021760 0.017445 0.419978 15.268375 -6.512834 0.154450 0.000000 0.000000 0.000000 0.552633 0.287128 0.003029 0.000000 0.000000 0.000000 0.001416 -0.003447 -0.000102 -0.259617 -0.107588 -0.001120 -0.015994 -0.261893 -9.805490 
46.300132 -0.029314 0.012320 0.420511 15.326261 -6.485441 0.161006 0.000000 0.000000 0.000000 0.551523 0.346228 0.183109 0.000000 0.000000 0.000000 0.001394 -0.003329 -0.000031 -0.258875 -0.107426 -0.000971 -0.015566 -0.262402 -9.805477 
46.400993 -0.018394 0.021013 0.418853 15.368418 -6.469069 0.165299 0.000000 0.000000 0.000000 0.440180 0.240045 0.104250 0.000000 0.000000 0.000000 0.001287 -0.003253 -0.000073 -0.256533 -0.107681 0.000363 -0.014787 -0.264311 -9.805427 
46.500504 -0.020897 0.018689 0.421142 15.416792 -6.452740 0.161675 0.000000 0.000000 0.000000 0.485836 0.254365 -0.004769 0.000000 0.000000 0.000000 0.001369 -0.003120 -0.000109 -0.255521 -0.106421 0.001552 -0.013370 -0.264581 -9.805422 
46.600074 -0.017196 0.019308 0.417954 15.464243 -6.425088 0.152243 0.000000 0.000000 0.000000 0.580505 0.351160 -0.003397 0.000000 0.000000 0.000000 0.001382 -0.003040 -0.000053 -0.254714 -0.107352 0.002520 -0.013734 -0.265573 -9.805395 
46.699570 -0.022361 0.021586 0.420469 15.507800 -6.404563 0.143170 0.000000 0.000000 0.000000 0.442498 0.245949 -0.006098 0.000000 0.000000 0.000000 0.001231 -0.002948 -0.000134 -0.252551 -0.107767 0.003995 -0.013142 -0.267401 -9.805346 
46.800426 -0.012890 0.024611 0.419563 15.543483 -6.388594 0.119035 0.000000 0.000000 0.000000 0.384175 0.185079 -0.101218 0.000000 0.000000 0.000000 0.001019 -0.002917 -0.000085 -0.251192 -0.108218 0.006478 -0.012860 -0.268617 -9.805313 
46.899997 -0.006852 0.028416 0.419253 15.580778 -6.369533 0.109563 0.000000 0.000000 0.000000 0.503927 0.177060 -0.131614 0.000000 0.000000 0.000000 0.000759 -0.003007 -0.000095 -0.251057 -0.109197 0.006226 -0.013571 -0.269110 -9.805298 
46.999526 -0.007118 0.030242 0.420035 15.636511 -6.354658 0.113417 0.000000 0.000000 0.000000 0.620207 0.165565 -0.033470 0.000000 0.000000 0.000000 0.000610 -0.002948 -0.000096 -0.250235 -0.109348 0.004745 -0.013414 -0.269810 -9.805279 
47.100347 -0.005710 0.025907 0.420156 15.688906 -6.343560 0.113808 0.000000 0.000000 0.000000 0.470370 0.134248 0.014567 0.000000 0.000000 0.000000 0.000769 -0.002826 -0.000106 -0.249313 -0.109102 0.004805 -0.012863 -0.270423 -9.805263 
47.199875 -0.016692 0.022275 0.421896 15.735861 -6.334124 0.115795 0.000000 0.000000 0.000000 0.440188 0.148921 -0.011389 0.000000 0.000000 0.000000 0.001157 -0.002843 -0.000100 -0.248805 -0.108236 0.004509 -0.012006 -0.270476 -9.805263 
47.300776 -0.018635 0.020005 0.420424 15.782559 -6.315922 0.120445 0.000000 0.000000 0.000000 0.565858 0.268626 -0.028386 0.000000 0.000000 0.000000 0.001238 -0.002792 -0.000075 -0.248299 -0.108565 0.003364 -0.012083 -0.271000 -9.805248 
47.400268 -0.011545 0.025986 0.420828 15.819294 -6.300410 0.125150 0.000000 0.000000 0.000000 0.407180 0.193540 0.049449 0.000000 0.000000 0.000000 0.000688 -0.002760 -0.000099 -0.246094 -0.110056 0.003598 -0.012372 -0.273271 -9.805185 
47.499805 -0.010250 0.024434 0.421154 15.857188 -6.281448 0.117767 0.000000 0.000000 0.000000 0.370296 0.163298 -0.011354 0.000000 0.000000 0.000000 0.000764 -0.002602 -0.000142 -0.246263 -0.110150 0.005006 -0.012484 -0.273166 -9.805188 
47.600373 -0.014561 0.022797 0.420197 15.897527 -6.268311 0.113366 0.000000 0.000000 0.000000 0.477520 0.159266 -0.070109 0.000000 0.000000 0.000000 0.000926 -0.002465 -0.000093 -0.245756 -0.109904 0.005182 -0.012098 -0.273459 -9.805180 
47.700247 -0.006499 0.031689 0.419026 15.955212 -6.244898 0.127160 0.000000 0.000000 0.000000 0.598587 0.219092 -0.020745 0.000000 0.000000 0.000000 0.000560 -0.002392 -0.000086 -0.246324 -0.109869 0.003471 -0.012318 -0.273023 -9.805192 
47.799775 -0.007663 0.022561 0.418549 16.005229 -6.231467 0.096968 0.000000 0.000000 0.000000 0.451273 0.102804 -0.048471 0.000000 0.000000 0.000000 0.000976 -0.002179 -0.000093 -0.245431 -0.109667 0.007379 -0.011757 -0.273604 -9.805176 
47.899265 -0.003312 0.033438 0.423598 16.041224 -6.203455 0.087101 0.000000 0.000000 0.000000 0.412398 0.225140 0.000259 0.000000 0.000000 0.000000 0.000554 -0.002539 -0.000145 -0.246716 -0.111453 0.008161 -0.013593 -0.273293 -9.805183 
48.000156 -0.004545 0.025458 0.417071 16.108566 -6.184766 0.086227 0.000000 0.000000 0.000000 0.594940 0.190792 -0.098966 0.000000 0.000000 0.000000 0.000632 -0.002370 -0.000031 -0.247311 -0.108145 0.007619 -0.011298 -0.271595 -9.805233 
48.099693 -0.005450 0.021702 0.418043 16.149126 -6.170450 0.097722 0.000000 0.000000 0.000000 0.441731 0.104064 0.019858 0.000000 0.000000 0.000000 0.000463 -0.002272 -0.000151 -0.246240 -0.110029 0.006388 -0.012350 -0.273130 -9.805189 
48.200555 -0.014003 0.008273 0.421072 16.197497 -6.154932 0.039184 0.000000 0.000000 0.000000 0.427514 0.118530 -0.146130 0.000000 0.000000 0.000000 0.001463 -0.002124 -0.000128 -0.247257 -0.109225 0.012730 -0.012045 -0.272000 -9.805221 
48.300049 -0.009233 0.021252 0.423097 16.241148 -6.125897 0.033118 0.000000 0.000000 0.000000 0.519126 0.201993 -0.184915 0.000000 0.000000 0.000000 0.000846 -0.002293 -0.000169 -0.249284 -0.110635 0.011020 -0.013888 -0.270995 -9.805246 
48.400903 -0.007306 0.029644 0.421998 16.298342 -6.101570 0.053039 0.000000 0.000000 0.000000 0.460417 0.209750 0.091815 0.000000 0.000000 0.000000 0.000524 -0.002460 -0.000101 -0.250057 -0.110204 0.007641 -0.013901 -0.270285 -9.805266 
48.500443 -0.007929 0.024532 0.421155 16.337312 -6.085643 0.077870 0.000000 0.000000 0.000000 0.377940 0.173602 0.105081 0.000000 0.000000 0.000000 0.000759 -0.002316 -0.000130 -0.249358 -0.110535 0.006015 -0.013927 -0.270959 -9.805247 
48.600010 -0.014694 0.018381 0.422160 16.381932 -6.063912 0.081534 0.000000 0.000000 0.000000 0.457924 0.257448 0.013345 0.000000 0.000000 0.000000 0.000951 -0.002323 -0.000111 -0.249914 -0.109913 0.006287 -0.013653 -0.270304 -9.805265 
48.700871 -0.012033 0.015160 0.416729 16.433673 -6.044246 0.069703 0.000000 0.000000 0.000000 0.482878 0.255312 0.065484 0.000000 0.000000 0.000000 0.001196 -0.002494 -0.000049 -0.248669 -0.108652 0.007918 -0.012212 -0.270763 -9.805255 
48.800369 -0.018391 0.013156 0.421058 16.470372 -6.024109 0.062272 0.000000 0.000000 0.000000 0.345426 0.198271 0.028486 0.000000 0.000000 0.000000 0.001196 -0.002336 -0.000163 -0.247909 -0.109006 0.009585 -0.012167 -0.271447 -9.805236 
48.899903 -0.019276 0.017121 0.420282 16.498351 -5.999569 0.066952 0.000000 0.000000 0.000000 0.339169 0.250450 -0.009478 0.000000 0.000000 0.000000 0.001128 -0.002388 -0.000117 -0.247967 -0.110264 0.009056 -0.013154 -0.271865 -9.805223 
49.000802 -0.025742 0.010750 0.419675 16.540019 -5.966786 0.059766 0.000000 0.000000 0.000000 0.487485 0.366854 -0.022277 0.000000 0.000000 0.000000 0.001343 -0.002397 -0.000086 -0.248640 -0.110508 0.009369 -0.013570 -0.271442 -9.805234 
49.100291 -0.030027 0.008572 0.420059 16.595208 -5.934182 0.052570 0.000000 0.000000 0.000000 0.450454 0.328323 -0.008315 0.000000 0.000000 0.000000 0.001365 -0.002592 -0.000037 -0.248471 -0.109553 0.009939 -0.012768 -0.271220 -9.805241 
49.199878 -0.025882 0.015894 0.421016 16.642111 -5.902035 0.078464 0.000000 0.000000 0.000000 0.389532 0.255639 0.028391 0.000000 0.000000 0.000000 0.001139 -0.002445 -0.000094 -0.249509 -0.108945 0.006902 -0.012799 -0.270254 -9.805268 
49.300737 -0.026644 0.007240 0.421394 16.684076 -5.879332 0.072287 0.000000 0.000000 0.000000 0.407619 0.252412 -0.051819 0.000000 0.000000 0.000000 0.001379 -0.002207 -0.000069 -0.249468 -0.108254 0.007640 -0.012232 -0.270031 -9.805275 
49.400772 -0.024532 0.008725 0.443539 16.733323 -5.854286 0.067067 0.000000 0.000000 0.000000 0.503912 0.258888 0.013532 0.000000 0.000000 0.000000 0.001268 -0.002374 -0.000242 -0.249153 -0.107743 0.007551 -0.011741 -0.270088 -9.805274 
49.499791 -0.037596 0.006773 0.484675 16.768460 -5.821593 0.062463 0.000000 0.000000 0.000000 0.338389 0.226733 0.011280 0.000000 0.000000 0.000000 0.001178 -0.002000 -0.000476 -0.250101 -0.109702 0.008203 -0.013515 -0.270071 -9.805272 
49.599284 -0.039693 0.006523 0.539409 16.787080 -5.794812 0.051306 0.000000 0.000000 0.000000 0.278055 0.212152 -0.055955 0.000000 0.000000 0.000000 0.000814 -0.001676 -0.000614 -0.250077 -0.112361 0.009006 -0.015446 -0.271074 -9.805242 
49.698861 -0.053924 0.009052 0.616003 16.815555 -5.770369 0.054157 0.000000 0.000000 0.000000 0.378447 0.241381 -0.041918 0.000000 0.000000 0.000000 0.000592 -0.001602 -0.000783 -0.250534 -0.113164 0.007716 -0.016294 -0.271062 -9.805240 
49.798366 -0.084811 0.021712 0.692625 16.837248 -5.737385 0.069918 0.000000 0.000000 0.000000 0.241401 0.207618 0.080536 0.000000 0.000000 0.000000 0.000435 -0.001776 -0.000963 -0.251379 -0.115740 0.006046 -0.018629 -0.271583 -9.805222 
49.897928 -0.048578 0.019612 0.816055 16.862643 -5.708450 0.080476 0.000000 0.000000 0.000000 0.221306 0.271135 0.019047 0.000000 0.000000 0.000000 -0.000348 -0.001599 -0.001324 -0.252965 -0.115961 0.005226 -0.019599 -0.270568 -9.805248 
49.998795 -0.060743 0.003216 0.914910 16.885008 -5.642673 0.074958 0.000000 0.000000 0.000000 0.199066 0.549921 -0.114432 0.000000 0.000000 0.000000 0.000132 -0.001623 -0.001167 -0.258585 -0.117003 0.005187 -0.023295 -0.267359 -9.805328 
50.099638 -0.046955 0.011247 1.011113 16.899650 -5.556426 0.064618 0.000000 0.000000 0.000000 0.137400 0.717292 -0.167550 0.000000 0.000000 0.000000 -0.000023 -0.001790 -0.001178 -0.262766 -0.118783 0.004694 -0.026935 -0.265773 -9.805362 
50.200490 -0.078771 -0.011178 1.116972 16.918788 -5.482393 0.052313 0.000000 0.000000 0.000000 0.052158 0.618499 -0.057952 0.000000 0.000000 0.000000 0.000543 -0.001766 -0.001222 -0.264586 -0.116499 0.004708 -0.026715 -0.263198 -9.805432 
50.301323 -0.080668 0.000317 1.213971 16.904677 -5.421312 0.049633 0.000000 0.000000 0.000000 -0.095371 0.597290 -0.027738 0.000000 0.000000 0.000000 0.000325 -0.002026 -0.001172 -0.265195 -0.119974 0.004218 -0.029128 -0.265266 -9.805369 
50.402219 -0.073349 0.002893 1.295661 16.898588 -5.367112 0.050312 0.000000 0.000000 0.000000 -0.067523 0.685789 -0.026070 0.000000 0.000000 0.000000 -0.000188 -0.002039 -0.001007 -0.262151 -0.119346 0.003899 -0.026647 -0.266380 -9.805346 
50.501769 -0.094718 0.000101 1.352645 16.888126 -5.321858 0.061954 0.000000 0.000000 0.000000 -0.136315 0.520868 0.085796 0.000000 0.000000 0.000000 0.000107 -0.002310 -0.000795 -0.256361 -0.119549 0.002843 -0.022531 -0.269329 -9.805276 
50.602611 -0.058144 0.017072 1.409403 16.882178 -5.289803 0.070575 0.000000 0.000000 0.000000 -0.199532 0.432549 0.064622 0.000000 0.000000 0.000000 -0.000277 -0.002120 -0.000735 -0.250270 -0.117293 0.003201 -0.016812 -0.270377 -9.805259 
50.702138 -0.038143 0.022071 1.434925 16.861243 -5.249470 0.069382 0.000000 0.000000 0.000000 -0.327651 0.499853 -0.023844 0.000000 0.000000 0.000000 -0.000352 -0.001888 -0.000528 -0.248243 -0.116429 0.003780 -0.014811 -0.270584 -9.805256 
50.801692 -0.019096 0.026101 1.443147 16.847027 -5.209427 0.062883 0.000000 0.000000 0.000000 -0.278883 0.514473 -0.171781 0.000000 0.000000 0.000000 -0.000385 -0.001882 -0.000281 -0.241516 -0.111865 0.004356 -0.007533 -0.269799 -9.805286 
50.901217 -0.035964 0.027439 1.451586 16.842162 -5.166763 0.052096 0.000000 0.000000 0.000000 -0.208620 0.363200 -0.089395 0.000000 0.000000 0.000000 0.000038 -0.002099 -0.000266 -0.237455 -0.105463 0.004743 -0.001647 -0.266367 -9.805383 
51.000750 -0.039658 0.021608 1.443175 16.833223 -5.134973 0.049642 0.000000 0.000000 0.000000 -0.103145 0.296951 -0.080970 0.000000 0.000000 0.000000 -0.000036 -0.001992 -0.000233 -0.235047 -0.102722 0.004085 0.001357 -0.265146 -9.805416 
51.100251 -0.032629 0.018136 1.445131 16.845969 -5.101236 0.038850 0.000000 0.000000 0.000000 0.073358 0.387252 -0.134966 0.000000 0.000000 0.000000 -0.000227 -0.001950 -0.000284 -0.232432 -0.097387 0.004176 0.005588 -0.261927 -9.805501 
51.199785 -0.024616 0.028051 1.446543 16.872455 -5.052298 0.035864 0.000000 0.000000 0.000000 0.140258 0.381334 -0.004555 0.000000 0.000000 0.000000 -0.000392 -0.001993 -0.000263 -0.232041 -0.091730 0.003211 0.008112 -0.257575 -9.805614 
51.299311 -0.018418 0.032415 1.444111 16.890590 -5.008979 0.044374 0.000000 0.000000 0.000000 0.096557 0.334566 0.005962 0.000000 0.000000 0.000000 -0.000334 -0.001964 -0.000240 -0.233325 -0.088244 0.002130 0.008429 -0.254292 -9.805700 
51.398892 -0.018368 0.022494 1.445728 16.905801 -4.968249 0.046136 0.000000 0.000000 0.000000 0.061177 0.413821 -0.030835 0.000000 0.000000 0.000000 -0.000190 -0.001914 -0.000277 -0.233343 -0.085164 0.001657 0.009626 -0.251837 -9.805762 
51.499744 -0.004220 0.033363 1.443628 16.910639 -4.920425 0.054867 0.000000 0.000000 0.000000 0.055899 0.473741 0.074095 0.000000 0.000000 0.000000 -0.000300 -0.002027 -0.000244 -0.233425 -0.084731 0.000388 0.009704 -0.251461 -9.805771 
51.599275 -0.026207 0.029828 1.447442 16.920561 -4.868818 0.056962 0.000000 0.000000 0.000000 0.010821 0.380873 0.035525 0.000000 0.000000 0.000000 -0.000027 -0.002106 -0.000282 -0.235033 -0.082023 0.001135 0.009513 -0.248673 -9.805843 
51.700294 -0.018341 0.020739 1.436976 16.923705 -4.828824 0.054892 0.000000 0.000000 0.000000 0.074605 0.404111 0.021759 0.000000 0.000000 0.000000 -0.000277 -0.001848 -0.000203 -0.235585 -0.081925 0.001553 0.009119 -0.248375 -9.805851 
51.799632 -0.025037 0.011803 1.443153 16.943941 -4.784084 0.054246 0.000000 0.000000 0.000000 0.243659 0.528588 -0.006106 0.000000 0.000000 0.000000 -0.000339 -0.002013 -0.000322 -0.234087 -0.080055 0.001731 0.011067 -0.247501 -9.805871 
51.899225 -0.027127 0.034864 1.442909 16.967996 -4.737949 0.085507 0.000000 0.000000 0.000000 0.163375 0.389239 0.173976 0.000000 0.000000 0.000000 -0.000430 -0.002465 -0.000290 -0.232981 -0.078653 -0.000957 0.012461 -0.246844 -9.805886 
52.000032 -0.012914 0.030580 1.444412 16.980947 -4.698150 0.094067 0.000000 0.000000 0.000000 0.035124 0.352341 0.080664 0.000000 0.000000 0.000000 -0.000495 -0.002221 -0.000287 -0.233957 -0.077773 -0.000231 0.012054 -0.245757 -9.805913 
52.099608 -0.003728 0.039179 1.447498 16.976117 -4.661437 0.086562 0.000000 0.000000 0.000000 -0.098912 0.403785 -0.111180 0.000000 0.000000 0.000000 -0.000578 -0.002166 -0.000296 -0.233992 -0.079205 0.000908 0.011474 -0.246867 -9.805886 
52.200333 -0.060163 0.024196 1.432415 16.954689 -4.631899 0.122594 0.000000 0.000000 0.000000 -0.164155 0.331498 0.237403 0.000000 0.000000 0.000000 0.000475 -0.002501 -0.000225 -0.231601 -0.081114 -0.001927 0.012542 -0.249327 -9.805823 
52.299956 -0.027259 0.031327 1.442440 16.945795 -4.599842 0.112403 0.000000 0.000000 0.000000 -0.141187 0.322766 0.039239 0.000000 0.000000 0.000000 -0.000491 -0.002218 -0.000213 -0.231265 -0.079806 0.000951 0.013400 -0.248443 -9.805844 
52.399532 -0.024462 0.029488 1.441711 16.934008 -4.562411 0.099917 0.000000 0.000000 0.000000 -0.086939 0.417029 -0.048929 0.000000 0.000000 0.000000 -0.000504 -0.002233 -0.000140 -0.232057 -0.079690 0.002474 0.012860 -0.248037 -9.805855 
52.500351 -0.026733 0.026081 1.439364 16.929379 -4.511740 0.074512 0.000000 0.000000 0.000000 -0.047485 0.628677 -0.141144 0.000000 0.000000 0.000000 -0.000203 -0.002485 -0.000161 -0.231900 -0.079116 0.004308 0.013264 -0.247660 -9.805864 
52.599915 -0.040392 0.024355 1.439626 16.941665 -4.442298 0.070771 0.000000 0.000000 0.000000 0.021891 0.546949 -0.004592 0.000000 0.000000 0.000000 -0.000204 -0.002493 -0.000119 -0.231953 -0.075316 0.003475 0.014734 -0.244674 -9.805937 
52.700789 -0.034793 0.019208 1.439696 16.944212 -4.401678 0.061083 0.000000 0.000000 0.000000 0.022023 0.427352 0.006954 0.000000 0.000000 0.000000 -0.000288 -0.002424 -0.000123 -0.229560 -0.076012 0.004593 0.016362 -0.246186 -9.805896 
52.800274 -0.030465 0.022367 1.443597 16.939660 -4.368152 0.036050 0.000000 0.000000 0.000000 -0.034188 0.441213 -0.179627 0.000000 0.000000 0.000000 -0.000293 -0.002497 -0.000217 -0.228008 -0.077874 0.006562 0.016880 -0.248265 -9.805843 
52.901177 -0.001774 0.050661 1.425016 16.924151 -4.317495 0.032180 0.000000 0.000000 0.000000 -0.101104 0.459227 -0.216930 0.000000 0.000000 0.000000 -0.000387 -0.002448 -0.000077 -0.229202 -0.079462 0.005159 0.015267 -0.249010 -9.805827 
53.000693 -0.039741 0.012586 1.439624 16.940960 -4.277264 0.050244 0.000000 0.000000 0.000000 0.108999 0.334390 -0.059384 0.000000 0.000000 0.000000 0.000696 -0.002485 -0.000251 -0.226207 -0.073865 0.002088 0.019799 -0.245876 -9.805898 
53.100223 -0.038276 0.021927 1.440372 16.946701 -4.235036 0.044809 0.000000 0.000000 0.000000 0.096175 0.369402 -0.091449 0.000000 0.000000 0.000000 0.000134 -0.002495 -0.000200 -0.228643 -0.073940 0.002173 0.017870 -0.244947 -9.805925 
53.199793 -0.014780 0.020568 1.438319 16.962392 -4.187711 0.034264 0.000000 0.000000 0.000000 0.280501 0.547738 -0.129062 0.000000 0.000000 0.000000 -0.000314 -0.002290 -0.000185 -0.230056 -0.074322 0.002224 0.016616 -0.244669 -9.805934 
53.300633 -0.052802 0.005078 1.430993 16.994401 -4.127235 0.031997 0.000000 0.000000 0.000000 0.300713 0.574928 0.066289 0.000000 0.000000 0.000000 -0.000085 -0.002639 -0.000125 -0.229933 -0.073990 0.001517 0.016829 -0.244460 -9.805939 
53.400169 -0.022311 0.033960 1.430663 17.023285 -4.086547 0.028933 0.000000 0.000000 0.000000 0.261496 0.435654 -0.026073 0.000000 0.000000 0.000000 -0.000599 -0.002601 -0.000128 -0.227655 -0.074730 0.002232 0.018315 -0.245955 -9.805899 
53.499686 -0.010548 0.015155 1.439146 17.040926 -4.035606 0.025383 0.000000 0.000000 0.000000 0.170725 0.619643 -0.053744 0.000000 0.000000 0.000000 -0.000252 -0.002470 -0.000216 -0.228667 -0.075058 0.001947 0.017390 -0.245795 -9.805905 
53.600568 0.010008 0.048263 1.431828 17.048674 -3.967806 -0.000791 0.000000 0.000000 0.000000 0.084545 0.713313 -0.143466 0.000000 0.000000 0.000000 -0.000485 -0.002431 -0.000078 -0.229341 -0.077138 0.004338 0.016081 -0.247115 -9.805874 
53.700056 -0.031339 0.023588 1.436585 17.073149 -3.909008 0.016988 0.000000 0.000000 0.000000 0.118776 0.543348 -0.005152 0.000000 0.000000 0.000000 0.000213 -0.002577 -0.000168 -0.226269 -0.074173 0.001424 0.019602 -0.246094 -9.805893 
53.800912 0.016871 0.033191 1.438498 17.089238 -3.859648 0.035443 0.000000 0.000000 0.000000 0.166712 0.480618 0.013828 0.000000 0.000000 0.000000 -0.000298 -0.001990 -0.000149 -0.226260 -0.073775 -0.000944 0.019730 -0.245788 -9.805900 
53.900442 -0.037052 0.021651 1.435519 17.107252 -3.817121 0.037463 0.000000 0.000000 0.000000 0.221702 0.551862 0.002580 0.000000 0.000000 0.000000 0.000063 -0.002397 -0.000075 -0.224157 -0.074529 -0.001072 0.021038 -0.247217 -9.805862 
54.000023 -0.010622 0.028800 1.431391 17.125002 -3.756108 0.049157 0.000000 0.000000 0.000000 0.176658 0.549495 0.137925 0.000000 0.000000 0.000000 -0.000364 -0.001882 -0.000048 -0.225502 -0.075949 -0.002065 0.019412 -0.247747 -9.805852 
54.100870 -0.016271 0.031843 1.435876 17.142203 -3.714063 0.063406 0.000000 0.000000 0.000000 0.108044 0.421998 0.138544 0.000000 0.000000 0.000000 -0.000238 -0.001721 -0.000150 -0.223786 -0.076293 -0.001995 0.020588 -0.248705 -9.805825 
54.200373 -0.034922 0.030693 1.434207 17.151544 -3.673576 0.060537 0.000000 0.000000 0.000000 0.032448 0.447343 0.040712 0.000000 0.000000 0.000000 0.000018 -0.001772 -0.000082 -0.223395 -0.076007 -0.000357 0.021032 -0.248654 -9.805825 
54.299902 -0.051558 0.030885 1.435054 17.152286 -3.628388 0.064882 0.000000 0.000000 0.000000 -0.028036 0.513325 0.094856 0.000000 0.000000 0.000000 0.000092 -0.001741 -0.000140 -0.221957 -0.076413 -0.000297 0.021966 -0.249546 -9.805801 
54.400800 -0.058888 0.030647 1.431672 17.152847 -3.577610 0.074791 0.000000 0.000000 0.000000 -0.027964 0.386468 0.002931 0.000000 0.000000 0.000000 0.000036 -0.001602 -0.000131 -0.222685 -0.075238 -0.000418 0.021887 -0.248363 -9.805831 
54.500304 -0.043209 0.027079 1.403440 17.137895 -3.531656 0.062637 0.000000 0.000000 0.000000 -0.175287 0.437232 -0.123845 0.000000 0.000000 0.000000 -0.000289 -0.001333 -0.000019 -0.225640 -0.076162 0.000882 0.019299 -0.247867 -9.805849 
54.601202 0.005583 0.050762 1.362853 17.141262 -3.479861 0.056353 0.000000 0.000000 0.000000 -0.039659 0.638077 -0.112844 0.000000 0.000000 0.000000 -0.000615 -0.001260 0.000130 -0.224686 -0.073252 0.000149 0.021193 -0.246068 -9.805890 
54.700730 0.000556 0.048906 1.304593 17.157458 -3.414839 0.064319 0.000000 0.000000 0.000000 0.095560 0.539362 0.127685 0.000000 0.000000 0.000000 -0.000110 -0.001201 0.000346 -0.223521 -0.069078 -0.001381 0.023768 -0.243428 -9.805950 
54.801603 0.024347 0.038156 1.211848 17.180669 -3.375664 0.085351 0.000000 0.000000 0.000000 0.160223 0.332203 0.170851 0.000000 0.000000 0.000000 -0.000107 -0.001021 0.000664 -0.221182 -0.066396 -0.002295 0.026641 -0.242448 -9.805967 
54.901102 0.041240 0.039095 1.120351 17.220900 -3.354264 0.088374 0.000000 0.000000 0.000000 0.296801 0.265039 0.107111 0.000000 0.000000 0.000000 -0.000162 -0.001289 0.000749 -0.218181 -0.062877 -0.001256 0.030419 -0.241267 -9.805985 
55.000670 0.050581 0.040998 1.012374 17.275889 -3.340546 0.067448 0.000000 0.000000 0.000000 0.516326 0.243626 0.003756 0.000000 0.000000 0.000000 -0.000093 -0.001704 0.000984 -0.215025 -0.059871 0.001864 0.034076 -0.240691 -9.805987 
55.100157 0.049052 0.046047 0.914831 17.344299 -3.319875 0.054541 0.000000 0.000000 0.000000 0.677502 0.234234 0.058043 0.000000 0.000000 0.000000 0.000044 -0.002388 0.000947 -0.213416 -0.058257 0.003598 0.035959 -0.240442 -9.805987 
55.199733 0.038649 0.040354 0.814324 17.419345 -3.297536 0.043201 0.000000 0.000000 0.000000 0.627787 0.147110 -0.002150 0.000000 0.000000 0.000000 0.000335 -0.002410 0.000892 -0.213553 -0.055855 0.005123 0.037144 -0.238866 -9.806021 
55.299218 0.030001 0.043159 0.714446 17.474591 -3.293113 0.034728 0.000000 0.000000 0.000000 0.616803 0.093843 -0.062852 0.000000 0.000000 0.000000 0.000458 -0.002607 0.000932 -0.212128 -0.056988 0.005799 0.037253 -0.240329 -9.805985 
55.398780 0.025660 0.041225 0.614577 17.529751 -3.295080 0.024611 0.000000 0.000000 0.000000 0.741108 0.094881 -0.135429 0.000000 0.000000 0.000000 0.000713 -0.002894 0.000972 -0.210174 -0.058491 0.006006 0.037245 -0.242291 -9.805936 
55.498281 0.016394 0.038532 0.518877 17.601535 -3.297719 0.012334 0.000000 0.000000 0.000000 0.825209 0.088189 -0.084794 0.000000 0.000000 0.000000 0.000816 -0.003039 0.000950 -0.207808 -0.059641 0.006194 0.037382 -0.244320 -9.805886 
55.599183 0.015303 0.043610 0.411823 17.654977 -3.298716 -0.004247 0.000000 0.000000 0.000000 0.633946 0.017750 -0.069497 0.000000 0.000000 0.000000 0.000766 -0.003098 0.001068 -0.205855 -0.062164 0.007174 0.036064 -0.246297 -9.805841 
55.698679 0.022287 0.051433 0.313631 17.703710 -3.304933 -0.004395 0.000000 0.000000 0.000000 0.573245 0.005468 -0.095780 0.000000 0.000000 0.000000 0.000755 -0.002912 0.001050 -0.204363 -0.063196 0.006429 0.035567 -0.247516 -9.805812 
55.799593 0.011773 0.041440 0.211922 17.743929 -3.305080 -0.017249 0.000000 0.000000 0.000000 0.589087 0.093766 -0.122811 0.000000 0.000000 0.000000 0.000910 -0.002807 0.001071 -0.202460 -0.064743 0.006619 0.034427 -0.248710 -9.805786 
55.899140 0.024492 0.060823 0.134403 17.791706 -3.297233 -0.024344 0.000000 0.000000 0.000000 0.541314 0.101350 -0.067216 0.000000 0.000000 0.000000 0.000493 -0.002860 0.000866 -0.201674 -0.065568 0.006717 0.033753 -0.248984 -9.805781 
55.999968 0.007479 0.041542 0.017385 17.830160 -3.303790 -0.036602 0.000000 0.000000 0.000000 0.557288 0.021937 -0.147508 0.000000 0.000000 0.000000 0.001136 -0.002801 0.001089 -0.199337 -0.065164 0.007160 0.033074 -0.250164 -9.805754 
56.099465 -0.002385 0.035354 -0.073944 17.868594 -3.320125 -0.047924 0.000000 0.000000 0.000000 0.709332 -0.070501 -0.191973 0.000000 0.000000 0.000000 0.001508 -0.003053 0.001025 -0.196473 -0.064580 0.006788 0.031872 -0.251246 -9.805730 
56.198999 -0.016947 0.017167 -0.132507 17.940786 -3.336307 -0.038204 0.000000 0.000000 0.000000 0.827004 -0.171992 -0.109596 0.000000 0.000000 0.000000 0.001118 -0.002733 0.000800 -0.195582 -0.064272 0.004271 0.031514 -0.251645 -9.805721 
56.298551 -0.018444 0.012954 -0.188149 18.002889 -3.350176 -0.031726 0.000000 0.000000 0.000000 0.628046 -0.184461 0.023722 0.000000 0.000000 0.000000 0.001097 -0.002706 0.000711 -0.194299 -0.064574 0.003603 0.030901 -0.251289 -9.805732 
56.398091 -0.028619 0.001316 -0.216424 18.050945 -3.369124 -0.021224 0.000000 0.000000 0.000000 0.554236 -0.226895 0.032224 0.000000 0.000000 0.000000 0.001178 -0.002513 0.000545 -0.193042 -0.064512 0.002797 0.030309 -0.250922 -9.805743 
56.498969 -0.035022 -0.007449 -0.227833 18.101758 -3.368278 -0.012354 0.000000 0.000000 0.000000 0.672107 -0.141839 0.013104 0.000000 0.000000 0.000000 0.000953 -0.002408 0.000302 -0.191126 -0.066130 0.002013 0.030279 -0.249417 -9.805782 
56.598456 -0.025226 0.014570 -0.226113 18.163002 -3.365229 -0.016717 0.000000 0.000000 0.000000 0.612696 -0.104061 0.025833 0.000000 0.000000 0.000000 0.000662 -0.002729 0.000112 -0.189290 -0.067381 0.002635 0.030332 -0.248025 -9.805817 
56.699314 -0.031931 0.009301 -0.228781 18.216226 -3.354909 -0.001590 0.000000 0.000000 0.000000 0.531737 -0.015028 0.034722 0.000000 0.000000 0.000000 0.000409 -0.002244 0.000126 -0.187892 -0.068660 0.001061 0.030639 -0.246868 -9.805845 
56.800237 -0.027558 0.011341 -0.227809 18.257057 -3.350750 -0.011964 0.000000 0.000000 0.000000 0.596013 -0.045347 -0.062200 0.000000 0.000000 0.000000 0.000414 -0.002281 0.000047 -0.185958 -0.068448 0.002181 0.030020 -0.245817 -9.805873 
56.899758 -0.021347 0.014888 -0.226925 18.314450 -3.353857 -0.016977 0.000000 0.000000 0.000000 0.580397 -0.041117 -0.029649 0.000000 0.000000 0.000000 0.000534 -0.001908 0.000162 -0.185266 -0.068400 0.002194 0.029816 -0.245421 -9.805884 
57.000620 -0.016938 0.023452 -0.228890 18.357006 -3.351204 -0.009174 0.000000 0.000000 0.000000 0.439228 0.012763 -0.003757 0.000000 0.000000 0.000000 0.000353 -0.002036 0.000142 -0.184115 -0.068303 0.001089 0.029463 -0.244730 -9.805902 
57.101434 -0.022086 0.019261 -0.224881 18.393387 -3.356974 -0.012789 0.000000 0.000000 0.000000 0.447221 -0.028020 -0.072134 0.000000 0.000000 0.000000 0.000362 -0.001946 0.000141 -0.183600 -0.067512 0.001212 0.028866 -0.244621 -9.805907 
57.200996 -0.013273 0.022391 -0.230327 18.444792 -3.365682 -0.034950 0.000000 0.000000 0.000000 0.587732 -0.062512 -0.084931 0.000000 0.000000 0.000000 0.000377 -0.002115 0.000309 -0.183628 -0.067255 0.002809 0.028725 -0.244746 -9.805904 
57.300498 -0.026679 0.010309 -0.206735 18.482310 -3.384003 -0.027926 0.000000 0.000000 0.000000 0.385080 -0.120513 -0.083435 0.000000 0.000000 0.000000 0.000317 -0.001904 0.000070 -0.182968 -0.065526 0.001401 0.027549 -0.244768 -9.805907 
57.400065 -0.024078 0.009121 -0.166855 18.511374 -3.391643 -0.014300 0.000000 0.000000 0.000000 0.279517 -0.115198 -0.006711 0.000000 0.000000 0.000000 0.000024 -0.002031 -0.000062 -0.182405 -0.065513 -0.000354 0.027378 -0.244417 -9.805916 
57.499608 -0.037089 0.009929 -0.107688 18.538733 -3.391418 -0.000924 0.000000 0.000000 0.000000 0.330255 -0.173884 0.029573 0.000000 0.000000 0.000000 -0.000289 -0.001942 -0.000286 -0.181539 -0.066481 -0.001600 0.027646 -0.243645 -9.805935 
57.599131 -0.066844 0.014682 -0.036623 18.589208 -3.379013 -0.004646 0.000000 0.000000 0.000000 0.466229 0.017164 0.139999 0.000000 0.000000 0.000000 -0.000065 -0.002109 -0.000569 -0.181249 -0.069057 -0.000491 0.028883 -0.242708 -9.805954 
57.698667 -0.056734 0.015895 0.064900 18.634709 -3.373688 0.011686 0.000000 0.000000 0.000000 0.409750 0.012578 0.147499 0.000000 0.000000 0.000000 -0.000389 -0.002039 -0.000880 -0.181285 -0.069684 -0.000708 0.029182 -0.242483 -9.805959 
57.798216 -0.058651 0.012321 0.176896 18.695879 -3.327195 0.021988 0.000000 0.000000 0.000000 0.585533 0.322746 0.031243 0.000000 0.000000 0.000000 -0.000393 -0.001926 -0.001001 -0.181603 -0.073312 -0.000981 0.030615 -0.240986 -9.805992 
57.898871 -0.058324 0.008467 0.268397 18.759289 -3.261860 0.018003 0.000000 0.000000 0.000000 0.702503 0.559475 -0.078753 0.000000 0.000000 0.000000 -0.000549 -0.002004 -0.000814 -0.180966 -0.075390 -0.000579 0.030628 -0.239870 -9.806019 
57.999879 -0.094300 0.035234 0.370857 18.808003 -3.200161 0.016693 0.000000 0.000000 0.000000 0.504127 0.493978 -0.009237 0.000000 0.000000 0.000000 -0.000377 -0.002569 -0.000974 -0.179682 -0.076300 -0.000293 0.029843 -0.239508 -9.806030 
58.100974 -0.061532 0.023348 0.477947 18.836345 -3.135688 0.022417 0.000000 0.000000 0.000000 0.361995 0.585244 0.004531 0.000000 0.000000 0.000000 -0.000825 -0.002106 -0.001021 -0.178305 -0.077999 -0.000664 0.028670 -0.239125 -9.806043 
58.201609 -0.057112 0.017972 0.573582 18.867413 -3.074649 0.032080 0.000000 0.000000 0.000000 0.452886 0.638656 -0.006483 0.000000 0.000000 0.000000 -0.000995 -0.001981 -0.000936 -0.177421 -0.078593 -0.001695 0.028023 -0.239277 -9.806041 
58.302465 -0.061545 0.015918 0.665882 18.910043 -3.015318 0.032127 0.000000 0.000000 0.000000 0.383205 0.628355 0.129915 0.000000 0.000000 0.000000 -0.000787 -0.002155 -0.000903 -0.176649 -0.078435 -0.000998 0.027978 -0.239828 -9.806028 
58.402003 -0.065170 0.011167 0.775895 18.928407 -2.968769 0.044856 0.000000 0.000000 0.000000 0.253156 0.544880 0.095388 0.000000 0.000000 0.000000 -0.000834 -0.001991 -0.001059 -0.174778 -0.079044 -0.000807 0.027521 -0.241104 -9.805998 
58.501576 -0.073688 0.004714 0.870747 18.953110 -2.911569 0.044844 0.000000 0.000000 0.000000 0.221133 0.641171 -0.000870 0.000000 0.000000 0.000000 -0.000777 -0.002129 -0.000962 -0.174838 -0.078956 -0.000231 0.027614 -0.241085 -9.805998 
58.602388 -0.042756 0.005742 0.940837 18.967131 -2.854873 0.025650 0.000000 0.000000 0.000000 0.198705 0.666065 -0.156704 0.000000 0.000000 0.000000 -0.000891 -0.001916 -0.000759 -0.173224 -0.079546 0.001430 0.027784 -0.242410 -9.805965 
58.701972 -0.067265 -0.000043 0.998133 18.979447 -2.798539 0.023101 0.000000 0.000000 0.000000 0.081827 0.565243 -0.045488 0.000000 0.000000 0.000000 -0.000239 -0.001978 -0.000581 -0.172264 -0.079329 0.001091 0.028254 -0.242920 -9.805951 
58.801455 -0.032039 0.018930 1.035903 18.989428 -2.756641 0.018559 0.000000 0.000000 0.000000 0.061136 0.497237 -0.122357 0.000000 0.000000 0.000000 -0.000797 -0.002097 -0.000389 -0.170453 -0.078086 0.001053 0.029820 -0.243432 -9.805934 
58.902316 -0.029429 0.020752 1.055437 18.989187 -2.709735 0.019524 0.000000 0.000000 0.000000 0.040865 0.584610 -0.092396 0.000000 0.000000 0.000000 -0.000653 -0.001969 -0.000218 -0.169239 -0.078598 0.000037 0.030056 -0.244372 -9.805909 
59.001893 -0.021364 0.018237 1.060357 19.009250 -2.657006 0.010030 0.000000 0.000000 0.000000 0.088383 0.604445 -0.109634 0.000000 0.000000 0.000000 -0.000658 -0.001940 -0.000059 -0.167732 -0.076732 0.000194 0.031919 -0.244180 -9.805908 
59.101384 -0.018564 0.012511 1.058449 19.017257 -2.615264 -0.017212 0.000000 0.000000 0.000000 0.003632 0.428657 -0.090546 0.000000 0.000000 0.000000 -0.000583 -0.001789 -0.000034 -0.166098 -0.076463 0.002393 0.033111 -0.244911 -9.805886 
59.200921 -0.018848 0.022172 1.057244 19.029872 -2.593423 -0.018369 0.000000 0.000000 0.000000 0.038908 0.345599 -0.085392 0.000000 0.000000 0.000000 -0.000898 -0.002081 0.000014 -0.163134 -0.074361 0.001273 0.035896 -0.245235 -9.805868 
59.300451 -0.015401 0.022730 1.056530 19.049887 -2.557583 -0.013530 0.000000 0.000000 0.000000 0.106092 0.456090 -0.027754 0.000000 0.000000 0.000000 -0.000792 -0.002123 -0.000007 -0.162205 -0.071993 -0.000353 0.037626 -0.244328 -9.805884 
59.399779 -0.027025 0.016447 1.059663 19.071691 -2.524062 0.003765 0.000000 0.000000 0.000000 0.107454 0.340758 0.105436 0.000000 0.000000 0.000000 -0.000535 -0.002121 -0.000063 -0.160934 -0.070036 -0.001748 0.039362 -0.243838 -9.805890 
59.499531 -0.018333 0.020834 1.056567 19.091342 -2.495543 0.005943 0.000000 0.000000 0.000000 0.137662 0.285494 0.005939 0.000000 0.000000 0.000000 -0.000627 -0.002221 0.000007 -0.160294 -0.068427 -0.001172 0.040586 -0.243225 -9.805900 
59.599093 -0.027378 0.016863 1.059212 19.121661 -2.457482 0.019874 0.000000 0.000000 0.000000 0.246344 0.395376 0.014870 0.000000 0.000000 0.000000 -0.000505 -0.002168 -0.000061 -0.160773 -0.065938 -0.002466 0.041577 -0.241529 -9.805938 
59.698265 -0.025729 0.017132 1.060832 19.153441 -2.411491 0.012212 0.000000 0.000000 0.000000 0.250549 0.413359 0.070582 0.000000 0.000000 0.000000 -0.000593 -0.002227 -0.000059 -0.161164 -0.065133 -0.001235 0.041786 -0.240856 -9.805953 
59.799443 -0.014697 0.024266 1.059046 19.179134 -2.373357 0.013621 0.000000 0.000000 0.000000 0.197223 0.317123 0.045753 0.000000 0.000000 0.000000 -0.000963 -0.002110 -0.000039 -0.161464 -0.064692 -0.000732 0.041850 -0.240445 -9.805963 
59.900302 -0.015926 0.023269 1.059333 19.201795 -2.341690 0.002652 0.000000 0.000000 0.000000 0.218684 0.330598 -0.077978 0.000000 0.000000 0.000000 -0.000741 -0.002166 0.000004 -0.161676 -0.064549 0.000490 0.041823 -0.240251 -9.805968 
59.999847 -0.010085 0.024355 1.059599 19.228547 -2.301341 -0.003990 0.000000 0.000000 0.000000 0.259904 0.397041 -0.034694 0.000000 0.000000 0.000000 -0.000621 -0.002122 -0.000000 -0.162100 -0.064129 0.000471 0.041797 -0.239789 -9.805980 
60.100740 -0.028134 0.015800 1.063061 19.260923 -2.262925 0.006935 0.000000 0.000000 0.000000 0.198484 0.299674 -0.025235 0.000000 0.000000 0.000000 -0.000236 -0.002053 0.000009 -0.162414 -0.062069 -0.001123 0.042673 -0.238448 -9.806009 
60.200228 -0.020291 0.020638 1.057619 19.277532 -2.234093 0.006103 0.000000 0.000000 0.000000 0.189442 0.266849 -0.047013 0.000000 0.000000 0.000000 -0.000546 -0.002205 0.000043 -0.162556 -0.062229 -0.001269 0.042506 -0.238465 -9.806009 
60.299798 -0.017208 0.021460 1.061006 19.303097 -2.200988 0.003399 0.000000 0.000000 0.000000 0.301658 0.338660 -0.066886 0.000000 0.000000 0.000000 -0.000715 -0.002194 -0.000026 -0.163163 -0.061736 -0.001464 0.042414 -0.237868 -9.806024 
60.400660 -0.016671 0.015462 1.060955 19.335818 -2.168281 -0.033425 0.000000 0.000000 0.000000 0.326082 0.385783 -0.114012 0.000000 0.000000 0.000000 -0.000835 -0.002363 -0.000019 -0.162659 -0.062370 0.001624 0.042418 -0.238496 -9.806008 
60.500152 -0.007677 0.025712 1.056557 19.360342 -2.135858 -0.033915 0.000000 0.000000 0.000000 0.219427 0.277379 -0.011579 0.000000 0.000000 0.000000 -0.000925 -0.002324 0.000025 -0.162760 -0.062818 0.001246 0.042120 -0.238696 -9.806005 
60.601049 -0.011039 0.022909 1.059673 19.390766 -2.101605 -0.028371 0.000000 0.000000 0.000000 0.228818 0.342719 -0.051267 0.000000 0.000000 0.000000 -0.000804 -0.002399 -0.000018 -0.163319 -0.061473 0.000194 0.042490 -0.237648 -9.806029 
60.700543 -0.015959 0.021246 1.056520 19.425519 -2.057243 -0.031800 0.000000 0.000000 0.000000 0.305874 0.508100 -0.014299 0.000000 0.000000 0.000000 -0.000589 -0.002461 0.000061 -0.163646 -0.060004 -0.000193 0.043068 -0.236654 -9.806050 
60.800118 -0.029862 0.011594 1.052574 19.456033 -2.005006 -0.036533 0.000000 0.000000 0.000000 0.310339 0.423123 -0.002209 0.000000 0.000000 0.000000 -0.000463 -0.002519 0.000045 -0.163845 -0.059960 0.000052 0.042981 -0.236527 -9.806054 
60.899638 -0.030348 0.018824 1.058115 19.489538 -1.969607 -0.022560 0.000000 0.000000 0.000000 0.261028 0.347558 -0.073747 0.000000 0.000000 0.000000 -0.000424 -0.002493 0.000025 -0.163211 -0.058733 -0.001648 0.043956 -0.236175 -9.806058 
60.999020 -0.019444 0.020363 1.058850 19.511157 -1.935496 -0.036101 0.000000 0.000000 0.000000 0.240814 0.375651 -0.110320 0.000000 0.000000 0.000000 -0.000563 -0.002398 -0.000016 -0.163053 -0.059297 -0.001040 0.043759 -0.236569 -9.806049 
61.100039 -0.019173 0.018908 1.057720 19.534846 -1.895030 -0.047862 0.000000 0.000000 0.000000 0.324256 0.521749 -0.052546 0.000000 0.000000 0.000000 -0.000578 -0.002335 0.000023 -0.162527 -0.060138 -0.000994 0.043614 -0.237307 -9.806032 
61.199541 -0.023540 0.020017 1.054107 19.557457 -1.836278 -0.031573 0.000000 0.000000 0.000000 0.223399 0.443046 -0.005301 0.000000 0.000000 0.000000 -0.000539 -0.002298 0.000056 -0.164006 -0.060825 -0.002847 0.042400 -0.236915 -9.806047 
61.300395 -0.021085 0.014637 1.057788 19.581685 -1.800279 -0.035194 0.000000 0.000000 0.000000 0.177035 0.398879 -0.035364 0.000000 0.000000 0.000000 -0.000513 -0.002278 0.000026 -0.163187 -0.060450 -0.002392 0.043057 -0.237135 -9.806039 
61.399943 -0.022623 0.017784 1.056344 19.595599 -1.761270 -0.036896 0.000000 0.000000 0.000000 0.169105 0.495045 -0.072166 0.000000 0.000000 0.000000 -0.000508 -0.002363 0.000058 -0.162553 -0.061028 -0.002774 0.043098 -0.237779 -9.806023 
61.499505 -0.009172 0.027011 1.060184 19.625338 -1.710457 -0.032091 0.000000 0.000000 0.000000 0.231068 0.535663 0.140220 0.000000 0.000000 0.000000 -0.000662 -0.002244 0.000037 -0.161991 -0.059425 -0.003789 0.044220 -0.237195 -9.806032 
61.600331 -0.031037 0.014233 1.057930 19.641393 -1.664644 -0.015437 0.000000 0.000000 0.000000 0.142811 0.420408 0.143400 0.000000 0.000000 0.000000 -0.000282 -0.002062 0.000067 -0.161852 -0.059846 -0.004093 0.044072 -0.237496 -9.806025 
61.699855 -0.026662 0.018982 1.056138 19.650707 -1.625994 -0.005853 0.000000 0.000000 0.000000 0.143506 0.374878 0.073235 0.000000 0.000000 0.000000 -0.000511 -0.002078 0.000060 -0.161869 -0.060598 -0.003834 0.043676 -0.237895 -9.806018 
61.800762 -0.024925 0.015783 1.059909 19.669486 -1.589267 -0.009454 0.000000 0.000000 0.000000 0.228494 0.477143 0.023507 0.000000 0.000000 0.000000 -0.000321 -0.002140 -0.000007 -0.161334 -0.060499 -0.003023 0.044036 -0.238120 -9.806010 
61.900251 -0.036764 0.010019 1.058945 19.689696 -1.532368 -0.020862 0.000000 0.000000 0.000000 0.232302 0.498243 0.013904 0.000000 0.000000 0.000000 -0.000278 -0.002169 -0.000006 -0.162081 -0.061231 -0.001380 0.043286 -0.238133 -9.806013 
61.999787 -0.031840 0.017889 1.057406 19.710038 -1.485640 -0.011427 0.000000 0.000000 0.000000 0.166137 0.371008 0.073542 0.000000 0.000000 0.000000 -0.000410 -0.002117 -0.000012 -0.162540 -0.061123 -0.001620 0.043087 -0.237838 -9.806022 
62.100704 -0.024626 0.015397 1.060863 19.727904 -1.449288 -0.009483 0.000000 0.000000 0.000000 0.149341 0.370211 -0.008834 0.000000 0.000000 0.000000 -0.000301 -0.002080 -0.000055 -0.162584 -0.060805 -0.001295 0.043238 -0.237645 -9.806026 
62.200210 -0.019258 0.018675 1.058493 19.745206 -1.408954 -0.028111 0.000000 0.000000 0.000000 0.186017 0.485014 -0.033926 0.000000 0.000000 0.000000 -0.000511 -0.002373 0.000003 -0.162277 -0.060635 0.000293 0.043535 -0.237716 -9.806022 
62.299746 -0.037936 0.017162 1.056443 19.770533 -1.370370 -0.019569 0.000000 0.000000 0.000000 0.159874 0.361053 0.017622 0.000000 0.000000 0.000000 -0.000271 -0.002379 0.000065 -0.161622 -0.059362 -0.000551 0.044520 -0.237375 -9.806026 
62.400574 -0.023921 0.023281 1.055089 19.789545 -1.346489 -0.045965 0.000000 0.000000 0.000000 0.187760 0.298029 -0.118862 0.000000 0.000000 0.000000 -0.000559 -0.002720 0.000097 -0.160441 -0.059113 0.002040 0.045350 -0.237851 -9.806011 
62.500129 -0.027830 0.017725 1.056584 19.823543 -1.315795 -0.058769 0.000000 0.000000 0.000000 0.336434 0.380241 -0.143564 0.000000 0.000000 0.000000 -0.000426 -0.002687 0.000053 -0.160035 -0.057592 0.002199 0.046356 -0.237256 -9.806021 
62.599673 -0.023783 0.018616 1.055165 19.865914 -1.270275 -0.068546 0.000000 0.000000 0.000000 0.391239 0.501200 -0.077474 0.000000 0.000000 0.000000 -0.000620 -0.002650 0.000056 -0.160016 -0.057075 0.001831 0.046623 -0.236993 -9.806026 
62.700536 -0.021075 0.019231 1.055189 19.900678 -1.226737 -0.070011 0.000000 0.000000 0.000000 0.291881 0.356420 -0.034236 0.000000 0.000000 0.000000 -0.000696 -0.002514 0.000020 -0.160174 -0.057172 0.001585 0.046484 -0.236963 -9.806027 
62.800071 -0.021274 0.016851 1.058048 19.924155 -1.195469 -0.074624 0.000000 0.000000 0.000000 0.242950 0.346621 -0.098097 0.000000 0.000000 0.000000 -0.000476 -0.002512 0.000085 -0.159957 -0.057814 0.001483 0.046265 -0.237409 -9.806017 
62.899597 -0.022939 0.016920 1.055277 19.939708 -1.161455 -0.083094 0.000000 0.000000 0.000000 0.236089 0.477397 -0.132564 0.000000 0.000000 0.000000 -0.000392 -0.002633 0.000100 -0.159191 -0.058999 0.001227 0.046051 -0.238418 -9.805994 
63.000087 -0.011228 0.028056 1.056030 19.963933 -1.096481 -0.073304 0.000000 0.000000 0.000000 0.140171 0.511811 0.081120 0.000000 0.000000 0.000000 -0.000632 -0.002368 0.000060 -0.160977 -0.058692 -0.000594 0.045240 -0.237339 -9.806024 
63.099995 0.000912 0.028511 1.058945 19.978808 -1.051892 -0.067259 0.000000 0.000000 0.000000 0.094090 0.415172 0.027745 0.000000 0.000000 0.000000 -0.001061 -0.002198 0.000048 -0.161014 -0.058415 -0.001129 0.045353 -0.237177 -9.806027 
63.200854 -0.026017 0.019175 1.056822 19.991002 -1.021601 -0.060803 0.000000 0.000000 0.000000 0.161528 0.401380 -0.013718 0.000000 0.000000 0.000000 -0.000235 -0.002428 0.000074 -0.159649 -0.058396 -0.001923 0.046061 -0.237863 -9.806007 
63.300349 -0.025973 0.019675 1.057803 20.013533 -0.975595 -0.051949 0.000000 0.000000 0.000000 0.269458 0.530417 0.033765 0.000000 0.000000 0.000000 -0.000274 -0.002373 0.000055 -0.159615 -0.057844 -0.002947 0.046349 -0.237595 -9.806013 
63.399929 -0.028120 0.019434 1.057007 20.043402 -0.925482 -0.040123 0.000000 0.000000 0.000000 0.212793 0.441193 0.145354 0.000000 0.000000 0.000000 -0.000356 -0.002364 0.000112 -0.159707 -0.057127 -0.003228 0.046665 -0.237180 -9.806021 
63.500974 -0.025054 0.021184 1.059624 20.067800 -0.883198 -0.013571 0.000000 0.000000 0.000000 0.209753 0.371731 0.181300 0.000000 0.000000 0.000000 -0.000336 -0.002236 0.000033 -0.159869 -0.056509 -0.004237 0.046886 -0.236780 -9.806030 
63.600271 -0.016119 0.027523 1.058168 20.094883 -0.839441 -0.012105 0.000000 0.000000 0.000000 0.272565 0.493177 0.076185 0.000000 0.000000 0.000000 -0.000658 -0.002253 0.000064 -0.160175 -0.055761 -0.003190 0.047125 -0.236247 -9.806041 
63.699855 -0.009283 0.032260 1.056803 20.121177 -0.779748 -0.002125 0.000000 0.000000 0.000000 0.289930 0.595792 0.112215 0.000000 0.000000 0.000000 -0.000768 -0.002321 0.000043 -0.160468 -0.056227 -0.003462 0.046733 -0.236333 -9.806041 
63.799344 -0.038121 0.019156 1.058539 20.154666 -0.729044 0.029510 0.000000 0.000000 0.000000 0.279901 0.429861 0.166358 0.000000 0.000000 0.000000 -0.000069 -0.002255 -0.000014 -0.160252 -0.055564 -0.005083 0.047161 -0.236100 -9.806045 
63.900244 -0.025122 0.023401 1.057377 20.183779 -0.686361 0.025798 0.000000 0.000000 0.000000 0.256555 0.397833 0.054836 0.000000 0.000000 0.000000 -0.000229 -0.002249 0.000015 -0.160501 -0.055151 -0.003370 0.047267 -0.235775 -9.806052 
63.999796 -0.027254 0.021853 1.057107 20.210874 -0.641357 0.025388 0.000000 0.000000 0.000000 0.333258 0.473346 -0.033961 0.000000 0.000000 0.000000 -0.000269 -0.002282 0.000014 -0.160866 -0.055194 -0.002930 0.047067 -0.235615 -9.806057 
64.099269 -0.022918 0.020059 1.059049 20.248726 -0.592215 0.022790 0.000000 0.000000 0.000000 0.356603 0.554160 -0.000899 0.000000 0.000000 0.000000 -0.000338 -0.002154 -0.000074 -0.160386 -0.055006 -0.002506 0.047411 -0.235767 -9.806052 
64.200202 -0.012261 0.021735 1.057699 20.275583 -0.548330 -0.000329 0.000000 0.000000 0.000000 0.254734 0.438575 0.051489 0.000000 0.000000 0.000000 -0.000464 -0.002199 -0.000016 -0.159597 -0.055516 0.000432 0.047599 -0.236442 -9.806034 
64.299726 -0.007435 0.029011 1.057346 20.298770 -0.514761 -0.012009 0.000000 0.000000 0.000000 0.199600 0.383367 -0.049836 0.000000 0.000000 0.000000 -0.000801 -0.002188 0.000005 -0.158750 -0.055259 0.001650 0.048175 -0.236751 -9.806024 
64.400553 -0.013779 0.027528 1.052714 20.314456 -0.477151 -0.032071 0.000000 0.000000 0.000000 0.196119 0.504369 -0.133401 0.000000 0.000000 0.000000 -0.000848 -0.002373 0.000098 -0.158172 -0.055775 0.002706 0.048219 -0.237304 -9.806011 
64.500156 0.035911 0.057746 1.059106 20.331909 -0.424540 -0.020755 0.000000 0.000000 0.000000 0.192954 0.450228 0.110509 0.000000 0.000000 0.000000 -0.001472 -0.002021 -0.000076 -0.158506 -0.056426 0.000808 0.047697 -0.237448 -9.806010 
64.600953 -0.007562 0.039973 1.056077 20.357300 -0.397615 -0.004382 0.000000 0.000000 0.000000 0.207402 0.327086 0.073110 0.000000 0.000000 0.000000 -0.000998 -0.002054 0.000033 -0.157108 -0.055632 0.000109 0.048788 -0.237760 -9.805997 
64.700445 -0.033313 0.031895 1.055017 20.390673 -0.370756 0.007494 0.000000 0.000000 0.000000 0.368871 0.304837 0.037491 0.000000 0.000000 0.000000 -0.000455 -0.001985 0.000024 -0.156627 -0.054800 -0.000464 0.049448 -0.237592 -9.805997 
64.799880 -0.028902 0.040232 1.057360 20.435875 -0.333771 0.024930 0.000000 0.000000 0.000000 0.451294 0.418882 0.047920 0.000000 0.000000 0.000000 -0.000550 -0.001852 -0.000022 -0.156775 -0.054663 -0.001894 0.049449 -0.237440 -9.806001 
64.900866 -0.018452 0.044436 1.055669 20.468281 -0.292770 0.047480 0.000000 0.000000 0.000000 0.326604 0.326005 0.155296 0.000000 0.000000 0.000000 -0.000597 -0.001648 0.000023 -0.157337 -0.055828 -0.002945 0.048586 -0.237714 -9.805999 
65.000412 -0.021520 0.034066 1.057486 20.500918 -0.251525 0.058229 0.000000 0.000000 0.000000 0.284772 0.366234 0.044424 0.000000 0.000000 0.000000 -0.000353 -0.001484 0.000040 -0.158380 -0.055650 -0.002843 0.048166 -0.237105 -9.806016 
65.099934 -0.024705 0.036237 1.058204 20.531683 -0.204618 0.048989 0.000000 0.000000 0.000000 0.324639 0.552212 -0.003339 0.000000 0.000000 0.000000 -0.000250 -0.001717 0.000024 -0.158729 -0.055593 -0.001586 0.048026 -0.236925 -9.806021 
65.200777 -0.030484 0.038687 1.055059 20.557185 -0.149514 0.046409 0.000000 0.000000 0.000000 0.192499 0.464983 0.033492 0.000000 0.000000 0.000000 -0.000225 -0.001577 0.000046 -0.158877 -0.056049 -0.001167 0.047726 -0.237077 -9.806018 
65.300128 -0.026743 0.037893 1.055213 20.573812 -0.116238 0.044636 0.000000 0.000000 0.000000 0.132212 0.358846 -0.008488 0.000000 0.000000 0.000000 -0.000459 -0.001587 0.000027 -0.158030 -0.055967 -0.000882 0.048178 -0.237468 -9.806007 
65.399896 -0.021909 0.038265 1.056265 20.588639 -0.086793 0.028180 0.000000 0.000000 0.000000 0.156011 0.361066 -0.050849 0.000000 0.000000 0.000000 -0.000556 -0.001673 -0.000014 -0.157347 -0.055735 0.000328 0.048632 -0.237723 -9.805998 
65.500735 -0.021084 0.034423 1.056851 20.607214 -0.053782 0.004638 0.000000 0.000000 0.000000 0.241213 0.481603 -0.140925 0.000000 0.000000 0.000000 -0.000562 -0.001704 -0.000034 -0.156415 -0.055723 0.001613 0.049097 -0.238209 -9.805984 
65.600235 -0.026255 0.034072 1.063035 20.641808 -0.001579 -0.009449 0.000000 0.000000 0.000000 0.193926 0.382909 -0.069150 0.000000 0.000000 0.000000 -0.000630 -0.001773 -0.000068 -0.157236 -0.054424 0.001779 0.049357 -0.237187 -9.806008 
65.699792 -0.021709 0.040927 1.056796 20.651911 0.032792 -0.020325 0.000000 0.000000 0.000000 0.126524 0.273223 -0.137859 0.000000 0.000000 0.000000 -0.000478 -0.001794 0.000032 -0.157720 -0.055459 0.002253 0.048613 -0.237444 -9.806005 
65.800363 -0.011719 0.043774 1.062442 20.672285 0.067178 -0.024262 0.000000 0.000000 0.000000 0.214266 0.336305 -0.155588 0.000000 0.000000 0.000000 -0.000611 -0.001675 -0.000054 -0.158221 -0.055160 0.001448 0.048517 -0.237039 -9.806015 
65.900228 -0.043669 0.021603 1.053640 20.692279 0.112690 -0.044183 0.000000 0.000000 0.000000 0.226114 0.484820 -0.126063 0.000000 0.000000 0.000000 0.000059 -0.001811 0.000061 -0.158610 -0.055399 0.001828 0.048217 -0.236965 -9.806019 
65.999728 -0.039405 0.032708 1.059586 20.713578 0.159174 -0.032492 0.000000 0.000000 0.000000 0.129503 0.385958 -0.045721 0.000000 0.000000 0.000000 -0.000138 -0.001827 -0.000052 -0.158882 -0.055283 0.000265 0.048132 -0.236748 -9.806024 
66.100574 -0.029036 0.028229 1.056518 20.724204 0.204966 -0.042952 0.000000 0.000000 0.000000 0.097437 0.374683 -0.110178 0.000000 0.000000 0.000000 -0.000358 -0.001775 -0.000006 -0.159824 -0.055372 0.000621 0.047648 -0.236329 -9.806037 
66.200121 -0.014651 0.031261 1.055835 20.742671 0.254678 -0.046026 0.000000 0.000000 0.000000 0.171085 0.500424 -0.095550 0.000000 0.000000 0.000000 -0.000700 -0.001696 -0.000005 -0.160619 -0.054622 -0.000242 0.047637 -0.235572 -9.806055 
66.299665 -0.021327 0.025121 1.053614 20.754925 0.322760 -0.040334 0.000000 0.000000 0.000000 0.202795 0.552159 -0.018441 0.000000 0.000000 0.000000 -0.000668 -0.001758 0.000025 -0.161886 -0.055517 -0.001643 0.046579 -0.235337 -9.806066 
66.400520 -0.006560 0.031270 1.053930 20.775210 0.360678 -0.032717 0.000000 0.000000 0.000000 0.156974 0.362615 0.021289 0.000000 0.000000 0.000000 -0.001069 -0.001722 -0.000002 -0.160982 -0.055115 -0.002359 0.047188 -0.235589 -9.806057 
66.500004 -0.015256 0.028428 1.057681 20.798210 0.389752 -0.041919 0.000000 0.000000 0.000000 0.175712 0.331810 -0.058357 0.000000 0.000000 0.000000 -0.000719 -0.001930 -0.000004 -0.160526 -0.054294 -0.001483 0.047819 -0.235450 -9.806057 
66.599308 -0.010625 0.025890 1.056349 20.813361 0.426272 -0.045030 0.000000 0.000000 0.000000 0.211913 0.462486 -0.026775 0.000000 0.000000 0.000000 -0.000698 -0.001963 0.000018 -0.160454 -0.054771 -0.001805 0.047611 -0.235699 -9.806052 
66.700410 -0.019062 0.023322 1.063254 20.839535 0.477163 -0.030731 0.000000 0.000000 0.000000 0.214822 0.438570 0.136620 0.000000 0.000000 0.000000 -0.000644 -0.001790 -0.000056 -0.160625 -0.054429 -0.002461 0.047696 -0.235455 -9.806058 
66.799936 -0.018043 0.023384 1.057117 20.860258 0.512648 -0.036996 0.000000 0.000000 0.000000 0.173118 0.377546 0.042404 0.000000 0.000000 0.000000 -0.000351 -0.001969 0.000036 -0.160303 -0.054253 -0.001036 0.047943 -0.235543 -9.806054 
66.900831 -0.019614 0.027902 1.057185 20.880306 0.553725 -0.029484 0.000000 0.000000 0.000000 0.187808 0.394265 0.003993 0.000000 0.000000 0.000000 -0.000272 -0.002025 -0.000010 -0.160687 -0.054113 -0.001987 0.047829 -0.235286 -9.806061 
67.000323 -0.017542 0.015099 1.058690 20.908260 0.600270 -0.034693 0.000000 0.000000 0.000000 0.224756 0.473849 0.064581 0.000000 0.000000 0.000000 -0.000487 -0.002052 0.000044 -0.160937 -0.053347 -0.001556 0.048096 -0.234819 -9.806071 
67.099884 -0.008712 0.022895 1.059318 20.917599 0.633131 -0.039521 0.000000 0.000000 0.000000 0.158984 0.368730 0.061273 0.000000 0.000000 0.000000 -0.000601 -0.001951 0.000003 -0.160134 -0.054379 -0.000446 0.047962 -0.235681 -9.806051 
67.200763 -0.018051 0.024202 1.056302 20.927905 0.663996 -0.028311 0.000000 0.000000 0.000000 0.144169 0.438273 0.029538 0.000000 0.000000 0.000000 -0.000517 -0.002117 0.000087 -0.159300 -0.054890 -0.001088 0.048081 -0.236317 -9.806035 
67.300259 -0.012832 0.024441 1.054738 20.940528 0.715454 -0.014384 0.000000 0.000000 0.000000 0.155605 0.530714 0.031387 0.000000 0.000000 0.000000 -0.000460 -0.002022 0.000083 -0.159447 -0.055260 -0.001927 0.047826 -0.236409 -9.806034 
67.399809 -0.013597 0.025243 1.057467 20.962200 0.761683 -0.006633 0.000000 0.000000 0.000000 0.172782 0.443172 0.075483 0.000000 0.000000 0.000000 -0.000539 -0.001836 0.000036 -0.159153 -0.054530 -0.001942 0.048316 -0.236228 -9.806036 
67.499320 -0.020294 0.021391 1.057398 20.977409 0.800240 -0.014002 0.000000 0.000000 0.000000 0.229302 0.411663 0.001521 0.000000 0.000000 0.000000 -0.000417 -0.001815 -0.000002 -0.158839 -0.054957 -0.000934 0.048255 -0.236572 -9.806028 
67.600232 -0.015442 0.027638 1.058822 21.006475 0.842983 -0.021515 0.000000 0.000000 0.000000 0.383080 0.507493 -0.041535 0.000000 0.000000 0.000000 -0.000484 -0.001790 -0.000020 -0.158629 -0.055027 -0.000432 0.048319 -0.236706 -9.806024 
67.699744 -0.027155 0.029187 1.056787 21.046856 0.888710 -0.004502 0.000000 0.000000 0.000000 0.379041 0.396823 0.164874 0.000000 0.000000 0.000000 -0.000072 -0.001662 0.000034 -0.158308 -0.054964 -0.001508 0.048482 -0.236832 -9.806021 
67.799257 -0.026612 0.022720 1.059745 21.082901 0.927559 -0.036171 0.000000 0.000000 0.000000 0.339758 0.321507 -0.000843 0.000000 0.000000 0.000000 -0.000071 -0.001692 0.000024 -0.158617 -0.054734 0.002208 0.048494 -0.236598 -9.806026 
67.899769 -0.021051 0.029392 1.062957 21.112542 0.959508 -0.024283 0.000000 0.000000 0.000000 0.283993 0.377632 -0.026923 0.000000 0.000000 0.000000 -0.000131 -0.001717 -0.000007 -0.158400 -0.054879 0.000722 0.048503 -0.236758 -9.806022 
67.999637 -0.023998 0.018100 1.059140 21.138286 1.005007 -0.015131 0.000000 0.000000 0.000000 0.328971 0.495105 -0.009810 0.000000 0.000000 0.000000 0.000246 -0.001664 0.000069 -0.158517 -0.055536 -0.000465 0.048118 -0.236978 -9.806019 
68.100549 -0.028857 0.015298 1.060893 21.168312 1.045632 -0.025808 0.000000 0.000000 0.000000 0.244023 0.389487 0.027432 0.000000 0.000000 0.000000 0.000068 -0.001624 0.000060 -0.157975 -0.055281 0.001174 0.048499 -0.237141 -9.806013 
68.200089 -0.034036 0.009139 1.060093 21.188463 1.086900 -0.017365 0.000000 0.000000 0.000000 0.199478 0.391206 0.024504 0.000000 0.000000 0.000000 0.000329 -0.001577 0.000010 -0.158244 -0.055405 0.000721 0.048315 -0.237062 -9.806016 
68.299596 -0.027600 0.011838 1.060355 21.208520 1.128192 -0.024345 0.000000 0.000000 0.000000 0.284311 0.480029 -0.071314 0.000000 0.000000 0.000000 0.000109 -0.001633 0.000017 -0.158187 -0.055645 0.001314 0.048233 -0.237196 -9.806013 
68.400425 -0.017115 0.023819 1.057921 21.244160 1.185544 -0.020892 0.000000 0.000000 0.000000 0.293953 0.489041 0.082649 0.000000 0.000000 0.000000 -0.000126 -0.001675 0.000060 -0.158621 -0.055216 0.000868 0.048244 -0.236801 -9.806023 
68.499960 -0.006203 0.027811 1.057301 21.271367 1.223933 -0.015554 0.000000 0.000000 0.000000 0.206008 0.388700 0.071741 0.000000 0.000000 0.000000 -0.000516 -0.001568 0.000096 -0.158136 -0.054895 0.001044 0.048612 -0.236898 -9.806018 
68.600818 -0.010135 0.021237 1.057985 21.292030 1.252300 -0.012001 0.000000 0.000000 0.000000 0.190786 0.368700 0.005810 0.000000 0.000000 0.000000 -0.000328 -0.001562 0.000105 -0.157265 -0.054675 0.001057 0.049093 -0.237222 -9.806008 
68.700354 -0.008131 0.015792 1.053819 21.306840 1.289704 -0.018823 0.000000 0.000000 0.000000 0.190621 0.489067 -0.063158 0.000000 0.000000 0.000000 -0.000440 -0.001587 0.000169 -0.156875 -0.055015 0.001422 0.049102 -0.237553 -9.806000 
68.799884 0.001494 0.031428 1.061671 21.344538 1.333992 -0.014049 0.000000 0.000000 0.000000 0.189709 0.408799 0.101554 0.000000 0.000000 0.000000 -0.000867 -0.001671 0.000057 -0.156677 -0.053166 0.001238 0.050073 -0.236870 -9.806012 
68.900778 -0.017646 0.016601 1.055886 21.359443 1.360220 -0.003350 0.000000 0.000000 0.000000 0.166486 0.337865 0.022189 0.000000 0.000000 0.000000 -0.000360 -0.001578 0.000076 -0.155660 -0.053389 0.000821 0.050392 -0.237451 -9.805996 
69.000313 -0.013942 0.018678 1.058462 21.379672 1.388181 -0.015365 0.000000 0.000000 0.000000 0.222553 0.375528 -0.011709 0.000000 0.000000 0.000000 -0.000409 -0.001763 -0.000031 -0.155102 -0.053230 0.001965 0.050713 -0.237649 -9.805990 
69.101172 -0.021799 0.023401 1.054413 21.403519 1.436884 -0.024202 0.000000 0.000000 0.000000 0.286699 0.564281 -0.004434 0.000000 0.000000 0.000000 -0.000508 -0.001827 0.000075 -0.155333 -0.053773 0.002329 0.050359 -0.237762 -9.805989 
69.200703 -0.034140 0.012129 1.054514 21.441242 1.500179 -0.017037 0.000000 0.000000 0.000000 0.255606 0.452220 0.020902 0.000000 0.000000 0.000000 -0.000285 -0.001634 0.000064 -0.156224 -0.052779 0.001749 0.050459 -0.236928 -9.806008 
69.300248 -0.020426 0.018178 1.060178 21.464229 1.544623 -0.016016 0.000000 0.000000 0.000000 0.171455 0.350281 -0.031450 0.000000 0.000000 0.000000 -0.000483 -0.001558 0.000031 -0.156686 -0.052763 0.001792 0.050275 -0.236701 -9.806015 
69.399773 -0.011493 0.021050 1.058338 21.469110 1.576461 -0.010527 0.000000 0.000000 0.000000 0.112369 0.321298 -0.028452 0.000000 0.000000 0.000000 -0.000584 -0.001432 0.000098 -0.156608 -0.053702 0.000998 0.049849 -0.237126 -9.806007 
69.499270 0.002969 0.036934 1.063025 21.485973 1.610738 -0.000243 0.000000 0.000000 0.000000 0.166796 0.459364 0.041020 0.000000 0.000000 0.000000 -0.000543 -0.001506 -0.000024 -0.156417 -0.053388 0.000080 0.050066 -0.237089 -9.806006 
69.600163 -0.037875 0.034868 1.059017 21.512960 1.667405 0.011796 0.000000 0.000000 0.000000 0.160948 0.415034 0.147454 0.000000 0.000000 0.000000 0.000003 -0.001625 0.000159 -0.157574 -0.052996 0.000356 0.049780 -0.236381 -9.806025 
69.699705 -0.032516 0.035084 1.053509 21.530220 1.700864 0.020225 0.000000 0.000000 0.000000 0.200239 0.346614 0.110391 0.000000 0.000000 0.000000 -0.000307 -0.001548 0.000175 -0.157191 -0.052972 0.000632 0.049951 -0.236553 -9.806020 
69.800567 -0.024213 0.032673 1.057670 21.561364 1.734423 0.011258 0.000000 0.000000 0.000000 0.306948 0.374205 0.014358 0.000000 0.000000 0.000000 -0.000361 -0.001360 0.000079 -0.157122 -0.052233 0.002151 0.050344 -0.236291 -9.806024 
69.900056 -0.023621 0.036634 1.055475 21.593225 1.767579 0.003643 0.000000 0.000000 0.000000 0.420977 0.432681 -0.042470 0.000000 0.000000 0.000000 -0.000394 -0.001201 0.000080 -0.156490 -0.052765 0.002887 0.050355 -0.236809 -9.806012 
69.999623 -0.038512 0.039717 1.053081 21.630157 1.800270 0.018397 0.000000 0.000000 0.000000 0.358920 0.300338 0.103883 0.000000 0.000000 0.000000 -0.000188 -0.001283 0.000111 -0.156030 -0.052896 0.002014 0.050472 -0.237069 -9.806005 
70.100454 -0.019263 0.050103 1.060913 21.657441 1.833297 0.006714 0.000000 0.000000 0.000000 0.276990 0.275441 0.017730 0.000000 0.000000 0.000000 -0.000821 -0.001172 0.000089 -0.156584 -0.053586 0.003791 0.049941 -0.237110 -9.806007 
70.199991 -0.046714 0.033287 1.058371 21.683786 1.872440 -0.017820 0.000000 0.000000 0.000000 0.213694 0.435763 -0.069071 0.000000 0.000000 0.000000 -0.000160 -0.001321 0.000158 -0.157174 -0.053558 0.005558 0.049736 -0.236854 -9.806014 
70.300870 -0.044473 0.035803 1.053707 21.704542 1.931049 -0.016929 0.000000 0.000000 0.000000 0.299279 0.504735 -0.102065 0.000000 0.000000 0.000000 0.000266 -0.001319 0.000281 -0.157906 -0.053994 0.004901 0.049231 -0.236670 -9.806021 
70.400369 -0.035002 0.035604 1.059957 21.743654 1.978808 -0.045936 0.000000 0.000000 0.000000 0.219780 0.414597 -0.121591 0.000000 0.000000 0.000000 0.000087 -0.001265 0.000226 -0.158166 -0.052834 0.006918 0.049697 -0.236142 -9.806031 
70.499950 -0.022058 0.049157 1.057895 21.762412 2.014275 -0.061049 0.000000 0.000000 0.000000 0.232625 0.365202 -0.166541 0.000000 0.000000 0.000000 -0.000502 -0.001230 0.000091 -0.157881 -0.053081 0.006886 0.049693 -0.236371 -9.806026 
70.600805 -0.033142 0.043958 1.060578 21.796909 2.041244 -0.066322 0.000000 0.000000 0.000000 0.381292 0.407312 -0.151580 0.000000 0.000000 0.000000 -0.000260 -0.001255 0.000048 -0.156850 -0.052345 0.005708 0.050430 -0.236529 -9.806018 
70.699985 -0.028486 0.048616 1.051650 21.843063 2.086226 -0.062200 0.000000 0.000000 0.000000 0.424414 0.442542 -0.010794 0.000000 0.000000 0.000000 -0.000247 -0.001196 0.000206 -0.156840 -0.052003 0.004176 0.050574 -0.236353 -9.806022 
70.799869 -0.052786 0.040738 1.051494 21.879630 2.118185 -0.030316 0.000000 0.000000 0.000000 0.334957 0.332751 0.091312 0.000000 0.000000 0.000000 0.000626 -0.001115 0.000274 -0.156010 -0.051971 0.001318 0.050879 -0.236637 -9.806013 
70.900733 -0.050984 0.040378 1.054244 21.901505 2.158823 -0.026195 0.000000 0.000000 0.000000 0.268691 0.410887 0.063407 0.000000 0.000000 0.000000 0.000263 -0.001130 0.000200 -0.156348 -0.052786 0.001294 0.050366 -0.236794 -9.806012 
71.000242 -0.035815 0.044406 1.055436 21.924812 2.216007 -0.030321 0.000000 0.000000 0.000000 0.287462 0.583145 -0.028875 0.000000 0.000000 0.000000 -0.000237 -0.001137 0.000187 -0.157269 -0.053259 0.001664 0.049794 -0.236562 -9.806021 
71.099791 -0.032468 0.048844 1.056302 21.957641 2.271600 -0.033457 0.000000 0.000000 0.000000 0.221885 0.519770 0.128782 0.000000 0.000000 0.000000 -0.000075 -0.001039 0.000142 -0.157187 -0.052850 0.002234 0.050025 -0.236463 -9.806022 
71.200378 -0.048245 0.056492 1.054761 21.976811 2.312115 -0.008995 0.000000 0.000000 0.000000 0.126931 0.419811 0.096280 0.000000 0.000000 0.000000 -0.000186 -0.001197 0.000101 -0.156512 -0.052485 0.000938 0.050434 -0.236591 -9.806017 
71.300155 -0.038860 0.056780 1.057076 21.989720 2.342899 0.005330 0.000000 0.000000 0.000000 0.156487 0.409249 0.051731 0.000000 0.000000 0.000000 -0.000325 -0.001167 -0.000011 -0.155556 -0.052307 0.000411 0.050874 -0.236945 -9.806006 
71.399692 -0.046392 0.055589 1.054260 22.016843 2.384655 -0.005582 0.000000 0.000000 0.000000 0.270136 0.526671 0.012596 0.000000 0.000000 0.000000 -0.000174 -0.001144 0.000036 -0.155235 -0.051551 0.001729 0.051366 -0.236857 -9.806005 
71.500572 -0.056069 0.060939 1.051148 22.047793 2.432678 0.004547 0.000000 0.000000 0.000000 0.232643 0.375528 0.076492 0.000000 0.000000 0.000000 0.000029 -0.001208 0.000054 -0.155284 -0.051053 0.001178 0.051571 -0.236626 -9.806010 
71.600123 -0.061897 0.048832 1.060515 22.079430 2.454764 -0.005117 0.000000 0.000000 0.000000 0.224730 0.283910 0.018141 0.000000 0.000000 0.000000 0.000400 -0.001308 0.000021 -0.154520 -0.050083 0.002556 0.052328 -0.236673 -9.806005 
71.699611 -0.038833 0.049183 1.058439 22.100040 2.492477 -0.019686 0.000000 0.000000 0.000000 0.245318 0.356198 -0.087461 0.000000 0.000000 0.000000 -0.000067 -0.001168 0.000092 -0.155238 -0.050277 0.003649 0.051984 -0.236466 -9.806012 
71.800517 -0.011357 0.059098 1.058507 22.120668 2.546277 -0.044607 0.000000 0.000000 0.000000 0.348280 0.554386 -0.159664 0.000000 0.000000 0.000000 -0.001020 -0.001382 0.000047 -0.156109 -0.051077 0.004749 0.051306 -0.236417 -9.806016 
71.900056 -0.012387 0.054731 1.058694 22.170141 2.610342 -0.076545 0.000000 0.000000 0.000000 0.436666 0.588311 -0.273107 0.000000 0.000000 0.000000 -0.000796 -0.001470 0.000107 -0.156526 -0.050310 0.005995 0.051523 -0.235999 -9.806025 
71.999578 -0.033809 0.049376 1.059806 22.207026 2.662312 -0.102260 0.000000 0.000000 0.000000 0.279452 0.436938 -0.228488 0.000000 0.000000 0.000000 -0.000388 -0.001457 0.000051 -0.156614 -0.050079 0.006200 0.051598 -0.235882 -9.806028 
72.100415 -0.045681 0.051310 1.058758 22.235325 2.699449 -0.088225 0.000000 0.000000 0.000000 0.220618 0.367991 -0.230591 0.000000 0.000000 0.000000 0.000140 -0.001484 0.000066 -0.156042 -0.049523 0.003114 0.052042 -0.235812 -9.806027 
72.199978 -0.039529 0.045309 1.057571 22.254938 2.749153 -0.097306 0.000000 0.000000 0.000000 0.241472 0.518448 -0.227360 0.000000 0.000000 0.000000 -0.000089 -0.001377 0.000079 -0.156543 -0.049867 0.001960 0.051692 -0.235667 -9.806032 
72.300829 -0.053270 0.042427 1.051734 22.272914 2.801149 -0.098189 0.000000 0.000000 0.000000 0.141853 0.420193 -0.100686 0.000000 0.000000 0.000000 0.000174 -0.001217 0.000059 -0.156607 -0.050210 0.000873 0.051505 -0.235722 -9.806032 
72.400333 -0.047633 0.043901 1.054909 22.292366 2.836510 -0.104704 0.000000 0.000000 0.000000 0.146290 0.345029 -0.136613 0.000000 0.000000 0.000000 -0.000113 -0.001497 0.000115 -0.156467 -0.049854 0.000676 0.051717 -0.235648 -9.806033 
72.499496 -0.034551 0.038872 1.055632 22.309990 2.867952 -0.126162 0.000000 0.000000 0.000000 0.192584 0.359676 -0.174991 0.000000 0.000000 0.000000 -0.000316 -0.001269 0.000118 -0.156298 -0.049587 0.001331 0.051907 -0.235652 -9.806032 
72.600713 -0.038329 0.045530 1.058118 22.341522 2.902794 -0.134859 0.000000 0.000000 0.000000 0.349130 0.500077 -0.086221 0.000000 0.000000 0.000000 -0.000013 -0.001311 0.000090 -0.155477 -0.048669 0.000560 0.052613 -0.235662 -9.806028 
72.700250 -0.024369 0.056104 1.059415 22.371613 2.951769 -0.143190 0.000000 0.000000 0.000000 0.275380 0.442072 -0.034940 0.000000 0.000000 0.000000 0.000183 -0.001267 0.000062 -0.155378 -0.049001 0.000339 0.052495 -0.235818 -9.806024 
72.799822 -0.047990 0.054345 1.058532 22.405643 2.991207 -0.109506 0.000000 0.000000 0.000000 0.219939 0.312371 -0.019463 0.000000 0.000000 0.000000 0.000394 -0.001412 0.000058 -0.155232 -0.047896 -0.002538 0.053012 -0.235390 -9.806032 
72.900681 -0.074160 0.029089 1.057688 22.438771 3.023636 -0.110904 0.000000 0.000000 0.000000 0.252129 0.281107 -0.037167 0.000000 0.000000 0.000000 0.000957 -0.001237 0.000079 -0.155448 -0.046768 -0.002535 0.053445 -0.234892 -9.806042 
72.999990 -0.058174 0.029770 1.055372 22.465183 3.065274 -0.108148 0.000000 0.000000 0.000000 0.293774 0.389546 -0.041344 0.000000 0.000000 0.000000 0.000662 -0.001195 0.000145 -0.156213 -0.047217 -0.003088 0.052961 -0.234691 -9.806049 
73.099750 -0.046787 0.032762 1.057721 22.495093 3.088507 -0.112851 0.000000 0.000000 0.000000 0.185306 0.286562 -0.024508 0.000000 0.000000 0.000000 0.000383 -0.001170 -0.000024 -0.155307 -0.046589 -0.002611 0.053575 -0.234889 -9.806041 
73.200621 -0.030975 0.047949 1.058772 22.511664 3.128034 -0.131260 0.000000 0.000000 0.000000 0.113568 0.326637 -0.055575 0.000000 0.000000 0.000000 -0.000258 -0.001352 0.000011 -0.156243 -0.046691 -0.001427 0.053224 -0.234552 -9.806051 
73.300104 -0.034540 0.047317 1.057755 22.533168 3.172926 -0.142340 0.000000 0.000000 0.000000 0.105415 0.489641 -0.145411 0.000000 0.000000 0.000000 0.000002 -0.001198 0.000033 -0.156711 -0.045682 -0.001375 0.053513 -0.233991 -9.806063 
73.400967 -0.034088 0.043854 1.055875 22.556567 3.219736 -0.159406 0.000000 0.000000 0.000000 0.217820 0.609665 -0.197260 0.000000 0.000000 0.000000 0.000398 -0.001149 0.000088 -0.155772 -0.044540 -0.001213 0.054360 -0.234014 -9.806057 
73.500312 -0.054091 0.049100 1.051786 22.572702 3.273299 -0.152725 0.000000 0.000000 0.000000 0.148573 0.452861 0.009315 0.000000 0.000000 0.000000 0.000722 -0.001242 0.000071 -0.155563 -0.044606 -0.002296 0.054382 -0.234092 -9.806055 
73.600074 -0.084187 0.036404 1.057444 22.593345 3.310700 -0.152577 0.000000 0.000000 0.000000 0.138741 0.393001 -0.028212 0.000000 0.000000 0.000000 0.001205 -0.001193 0.000105 -0.155256 -0.043859 -0.002381 0.054822 -0.233967 -9.806056 
73.699625 -0.080310 0.031977 1.054571 22.613945 3.347975 -0.169342 0.000000 0.000000 0.000000 0.256690 0.428852 -0.104026 0.000000 0.000000 0.000000 0.001236 -0.001109 0.000112 -0.155203 -0.043609 -0.001549 0.054968 -0.233935 -9.806056 
73.800431 -0.086897 0.030344 1.057298 22.645595 3.375445 -0.184348 0.000000 0.000000 0.000000 0.257510 0.345510 -0.032621 0.000000 0.000000 0.000000 0.001219 -0.001106 0.000068 -0.154094 -0.042893 -0.001089 0.055681 -0.234196 -9.806046 
73.899950 -0.082385 0.033558 1.056230 22.667882 3.391706 -0.183246 0.000000 0.000000 0.000000 0.152301 0.281926 -0.038477 0.000000 0.000000 0.000000 0.001388 -0.001204 0.000109 -0.152837 -0.042298 -0.001474 0.056364 -0.234529 -9.806034 
73.999541 -0.071234 0.038617 1.054199 22.691802 3.426702 -0.181541 0.000000 0.000000 0.000000 0.132773 0.365129 -0.080267 0.000000 0.000000 0.000000 0.001204 -0.001205 0.000187 -0.153105 -0.041260 -0.002036 0.056714 -0.234036 -9.806044 
74.100358 -0.064011 0.035662 1.053798 22.706182 3.475608 -0.190712 0.000000 0.000000 0.000000 0.149493 0.567864 -0.089661 0.000000 0.000000 0.000000 0.000883 -0.001112 0.000201 -0.153336 -0.041246 -0.002111 0.056640 -0.233927 -9.806047 
74.199935 -0.054068 0.041404 1.053379 22.716930 3.529759 -0.186339 0.000000 0.000000 0.000000 0.053969 0.486060 -0.008024 0.000000 0.000000 0.000000 0.000325 -0.001016 0.000124 -0.153212 -0.041395 -0.002949 0.056580 -0.233993 -9.806045 
74.300788 -0.062519 0.043731 1.052863 22.734627 3.573702 -0.165294 0.000000 0.000000 0.000000 0.044853 0.399965 0.031149 0.000000 0.000000 0.000000 0.000181 -0.001110 0.000139 -0.152971 -0.040028 -0.004357 0.057203 -0.233579 -9.806052 
74.400275 -0.052259 0.046290 1.053145 22.753627 3.615576 -0.165242 0.000000 0.000000 0.000000 0.136809 0.468437 -0.031645 0.000000 0.000000 0.000000 0.000326 -0.001156 0.000132 -0.153005 -0.038987 -0.004321 0.057653 -0.233220 -9.806058 
74.499841 -0.068865 0.021018 1.055124 22.782579 3.664960 -0.174572 0.000000 0.000000 0.000000 0.176133 0.512263 0.020056 0.000000 0.000000 0.000000 0.000834 -0.001109 0.000103 -0.152868 -0.037723 -0.003691 0.058283 -0.232889 -9.806062 
74.600714 -0.051698 0.025733 1.053883 22.809185 3.723248 -0.186733 0.000000 0.000000 0.000000 0.128490 0.419078 -0.000981 0.000000 0.000000 0.000000 0.000313 -0.001126 0.000063 -0.153904 -0.036643 -0.002818 0.058449 -0.232120 -9.806079 
74.700203 -0.041808 0.039815 1.055583 22.820792 3.755342 -0.177417 0.000000 0.000000 0.000000 0.110942 0.388237 -0.020208 0.000000 0.000000 0.000000 0.000024 -0.001326 0.000048 -0.153159 -0.036361 -0.003826 0.058782 -0.232312 -9.806072 
74.799757 -0.033510 0.033879 1.053734 22.830669 3.801355 -0.167359 0.000000 0.000000 0.000000 0.123842 0.532493 -0.040371 0.000000 0.000000 0.000000 -0.000134 -0.001212 0.000068 -0.153212 -0.036411 -0.004995 0.058701 -0.232264 -9.806074 
74.900595 -0.024295 0.040002 1.054659 22.849884 3.857404 -0.163926 0.000000 0.000000 0.000000 0.227680 0.595767 0.053871 0.000000 0.000000 0.000000 -0.000219 -0.001250 0.000037 -0.152863 -0.036220 -0.005300 0.058889 -0.232342 -9.806071 
75.000173 -0.004183 0.046561 1.060549 22.863218 3.915758 -0.171009 0.000000 0.000000 0.000000 0.124721 0.456588 0.034898 0.000000 0.000000 0.000000 -0.001018 -0.001050 -0.000077 -0.153415 -0.036724 -0.004176 0.058520 -0.232301 -9.806074 
75.099697 -0.033641 0.039251 1.055071 22.880426 3.967467 -0.153632 0.000000 0.000000 0.000000 0.152541 0.450385 0.019211 0.000000 0.000000 0.000000 -0.000436 -0.001339 -0.000007 -0.153978 -0.036291 -0.005391 0.058500 -0.231887 -9.806084 
75.200524 -0.009544 0.043785 1.054818 22.909396 4.021747 -0.141504 0.000000 0.000000 0.000000 0.286647 0.536129 0.031886 0.000000 0.000000 0.000000 -0.000971 -0.001223 0.000029 -0.154223 -0.035624 -0.006307 0.058697 -0.231546 -9.806091 
75.300070 -0.021977 0.042100 1.055523 22.939747 4.065454 -0.122444 0.000000 0.000000 0.000000 0.297133 0.356841 0.104967 0.000000 0.000000 0.000000 -0.000819 -0.001169 -0.000021 -0.153891 -0.035464 -0.007161 0.058865 -0.231618 -9.806088 
75.399644 0.000005 0.046591 1.057730 22.971997 4.104012 -0.130583 0.000000 0.000000 0.000000 0.309565 0.282722 -0.008293 0.000000 0.000000 0.000000 -0.001088 -0.001101 -0.000002 -0.154551 -0.035478 -0.005929 0.058653 -0.231364 -9.806096 
75.500457 0.001681 0.043798 1.057967 22.998692 4.148685 -0.137972 0.000000 0.000000 0.000000 0.344091 0.360809 -0.050240 0.000000 0.000000 0.000000 -0.001122 -0.001131 0.000008 -0.155658 -0.036380 -0.005466 0.057909 -0.231187 -9.806104 
75.600027 -0.011171 0.039142 1.053777 23.028373 4.189431 -0.170011 0.000000 0.000000 0.000000 0.437232 0.518935 -0.098565 0.000000 0.000000 0.000000 -0.000585 -0.001226 0.000110 -0.155613 -0.037232 -0.003474 0.057549 -0.231505 -9.806099 
75.700882 -0.012084 0.041340 1.057859 23.060804 4.241798 -0.164114 0.000000 0.000000 0.000000 0.331688 0.422712 0.033317 0.000000 0.000000 0.000000 -0.000437 -0.001030 0.000015 -0.155704 -0.038104 -0.004188 0.057151 -0.231733 -9.806096 
75.800369 -0.041857 0.036204 1.056661 23.089274 4.278636 -0.144625 0.000000 0.000000 0.000000 0.285450 0.353219 0.018989 0.000000 0.000000 0.000000 0.000116 -0.001257 0.000035 -0.155477 -0.038246 -0.005403 0.057176 -0.231862 -9.806093 
75.899946 -0.024224 0.042304 1.057298 23.116834 4.315333 -0.142527 0.000000 0.000000 0.000000 0.304497 0.393786 -0.010935 0.000000 0.000000 0.000000 -0.000404 -0.001090 0.000024 -0.155480 -0.038384 -0.005388 0.057115 -0.231904 -9.806092 
76.000765 -0.025177 0.039727 1.059128 23.151564 4.368646 -0.141999 0.000000 0.000000 0.000000 0.357320 0.522216 0.140539 0.000000 0.000000 0.000000 -0.000356 -0.001068 -0.000028 -0.156016 -0.038587 -0.005447 0.056861 -0.231741 -9.806097 
76.100304 -0.029715 0.035191 1.053672 23.180502 4.427448 -0.141089 0.000000 0.000000 0.000000 0.277463 0.424281 0.038773 0.000000 0.000000 0.000000 -0.000288 -0.001096 0.000042 -0.156939 -0.039126 -0.004689 0.056335 -0.231529 -9.806105 
76.199887 0.003918 0.037831 1.058549 23.196452 4.455818 -0.159913 0.000000 0.000000 0.000000 0.238846 0.342234 -0.045922 0.000000 0.000000 0.000000 -0.001258 -0.000862 -0.000027 -0.156311 -0.039877 -0.002848 0.056200 -0.232050 -9.806094 
76.300738 -0.000360 0.043350 1.055227 23.213589 4.477916 -0.165479 0.000000 0.000000 0.000000 0.264791 0.401817 -0.094106 0.000000 0.000000 0.000000 -0.001123 -0.001092 0.000049 -0.155222 -0.040318 -0.002899 0.056352 -0.232642 -9.806079 
76.400235 -0.008874 0.041295 1.056146 23.250530 4.522999 -0.158371 0.000000 0.000000 0.000000 0.430684 0.471833 -0.092029 0.000000 0.000000 0.000000 -0.000400 -0.001295 0.000062 -0.155030 -0.039841 -0.004076 0.056621 -0.232561 -9.806079 
76.499808 -0.015829 0.041593 1.058690 23.283317 4.562112 -0.157200 0.000000 0.000000 0.000000 0.251719 0.379977 -0.018302 0.000000 0.000000 0.000000 -0.000011 -0.001163 0.000109 -0.154568 -0.039859 -0.004798 0.056762 -0.232752 -9.806074 
76.600631 -0.022232 0.038823 1.057085 23.289136 4.598952 -0.161545 0.000000 0.000000 0.000000 0.229330 0.294480 -0.102618 0.000000 0.000000 0.000000 -0.000630 -0.001134 0.000086 -0.154760 -0.041658 -0.004788 0.055940 -0.233219 -9.806068 
76.700151 -0.013196 0.038766 1.058045 23.313065 4.615808 -0.178389 0.000000 0.000000 0.000000 0.385980 0.264601 -0.155209 0.000000 0.000000 0.000000 -0.000797 -0.001218 0.000074 -0.154008 -0.041925 -0.004463 0.056054 -0.233616 -9.806057 
76.799737 -0.015670 0.037261 1.057181 23.352684 4.634970 -0.190493 0.000000 0.000000 0.000000 0.382880 0.199578 -0.000488 0.000000 0.000000 0.000000 -0.000498 -0.001165 0.000076 -0.153517 -0.041582 -0.004288 0.056347 -0.233717 -9.806053 
76.900588 -0.006556 0.039943 1.055248 23.384303 4.651365 -0.194194 0.000000 0.000000 0.000000 0.268011 0.233650 -0.058340 0.000000 0.000000 0.000000 -0.000731 -0.001129 0.000105 -0.153146 -0.041283 -0.004431 0.056586 -0.233779 -9.806050 
77.000121 -0.007064 0.037342 1.054167 23.412071 4.689794 -0.201745 0.000000 0.000000 0.000000 0.240080 0.373838 -0.114772 0.000000 0.000000 0.000000 -0.000548 -0.001182 0.000167 -0.153911 -0.041296 -0.004519 0.056351 -0.233466 -9.806059 
77.099661 -0.005138 0.035235 1.056009 23.428583 4.737789 -0.232997 0.000000 0.000000 0.000000 0.306036 0.599840 -0.091056 0.000000 0.000000 0.000000 -0.000642 -0.001185 0.000127 -0.153985 -0.042108 -0.003274 0.055978 -0.233686 -9.806056 
77.200506 -0.016039 0.033641 1.055759 23.457962 4.803470 -0.239483 0.000000 0.000000 0.000000 0.230730 0.528620 -0.014617 0.000000 0.000000 0.000000 -0.000385 -0.001182 0.000082 -0.154413 -0.042219 -0.003394 0.055805 -0.233542 -9.806061 
77.300059 -0.028268 0.031481 1.056723 23.479416 4.853764 -0.239555 0.000000 0.000000 0.000000 0.170028 0.443618 -0.081693 0.000000 0.000000 0.000000 -0.000451 -0.001076 0.000117 -0.154546 -0.042131 -0.003616 0.055804 -0.233461 -9.806063 
77.399581 0.008500 0.031257 1.058237 23.492340 4.912091 -0.264697 0.000000 0.000000 0.000000 0.187061 0.518949 -0.151089 0.000000 0.000000 0.000000 -0.001139 -0.000939 0.000032 -0.155537 -0.042711 -0.002569 0.055264 -0.233229 -9.806071 
77.500404 0.039058 0.052254 1.056561 23.498832 4.979910 -0.256663 0.000000 0.000000 0.000000 0.230509 0.596564 -0.094090 0.000000 0.000000 0.000000 -0.001732 -0.000882 0.000060 -0.156062 -0.044343 -0.003869 0.054437 -0.233485 -9.806070 
77.599949 -0.012003 0.031691 1.056261 23.521428 5.025308 -0.253523 0.000000 0.000000 0.000000 0.237090 0.396900 -0.012199 0.000000 0.000000 0.000000 -0.000607 -0.001082 0.000099 -0.155647 -0.044295 -0.004463 0.054583 -0.233638 -9.806065 
77.700832 -0.007012 0.031861 1.058842 23.548141 5.061147 -0.228343 0.000000 0.000000 0.000000 0.317075 0.362414 -0.016400 0.000000 0.000000 0.000000 -0.000855 -0.001085 0.000070 -0.155451 -0.044326 -0.006554 0.054647 -0.233725 -9.806063 
77.800326 0.019061 0.034191 1.057693 23.573088 5.106922 -0.217091 0.000000 0.000000 0.000000 0.442718 0.474609 -0.017420 0.000000 0.000000 0.000000 -0.001415 -0.000978 0.000081 -0.155812 -0.045677 -0.007561 0.053993 -0.233968 -9.806061 
77.901201 0.009948 0.039771 1.050710 23.616147 5.161475 -0.219620 0.000000 0.000000 0.000000 0.461055 0.457317 0.065966 0.000000 0.000000 0.000000 -0.001260 -0.001181 0.000155 -0.156034 -0.046270 -0.007202 0.053680 -0.234048 -9.806060 
78.000762 0.012808 0.039351 1.055012 23.657728 5.209891 -0.208749 0.000000 0.000000 0.000000 0.412487 0.358441 0.026977 0.000000 0.000000 0.000000 -0.001104 -0.001114 0.000108 -0.156626 -0.046585 -0.007805 0.053389 -0.233901 -9.806066 
78.100262 0.024589 0.040368 1.055006 23.682501 5.264232 -0.207928 0.000000 0.000000 0.000000 0.401308 0.452798 -0.056898 0.000000 0.000000 0.000000 -0.001446 -0.001105 0.000080 -0.157728 -0.048301 -0.007866 0.052367 -0.233944 -9.806070 
78.199818 0.023121 0.040196 1.057204 23.710732 5.307500 -0.211160 0.000000 0.000000 0.000000 0.427218 0.455508 0.002731 0.000000 0.000000 0.000000 -0.001577 -0.001102 0.000133 -0.157275 -0.049710 -0.007883 0.051919 -0.234524 -9.806059 
78.300699 0.002839 0.037143 1.056694 23.740942 5.352006 -0.210315 0.000000 0.000000 0.000000 0.356170 0.346553 0.060046 0.000000 0.000000 0.000000 -0.000874 -0.001147 0.000111 -0.157554 -0.050774 -0.007642 0.051398 -0.234707 -9.806057 
78.400004 0.009706 0.039702 1.056183 23.767867 5.379074 -0.199639 0.000000 0.000000 0.000000 0.363316 0.339363 0.000143 0.000000 0.000000 0.000000 -0.000983 -0.001076 0.000139 -0.157041 -0.051426 -0.008259 0.051293 -0.235101 -9.806048 
78.499775 0.026993 0.041979 1.056020 23.776830 5.419365 -0.200718 0.000000 0.000000 0.000000 0.340807 0.481804 -0.010724 0.000000 0.000000 0.000000 -0.001564 -0.000986 0.000097 -0.156948 -0.054074 -0.008133 0.050237 -0.235875 -9.806035 
78.600613 0.016667 0.042891 1.053464 23.797514 5.479255 -0.153433 0.000000 0.000000 0.000000 0.237355 0.451134 0.245488 0.000000 0.000000 0.000000 -0.001172 -0.000849 -0.000104 -0.157637 -0.055592 -0.010941 0.049512 -0.236051 -9.806034 
78.700104 0.031668 0.045761 1.033577 23.812789 5.523050 -0.147556 0.000000 0.000000 0.000000 0.243726 0.376039 0.142391 0.000000 0.000000 0.000000 -0.001440 -0.000873 -0.000146 -0.157906 -0.056445 -0.009820 0.049056 -0.236165 -9.806034 
78.801002 0.044145 0.047374 1.024468 23.838603 5.548282 -0.167480 0.000000 0.000000 0.000000 0.356055 0.412285 -0.002278 0.000000 0.000000 0.000000 -0.001827 -0.000813 0.000091 -0.156973 -0.056337 -0.007465 0.049274 -0.236476 -9.806025 
78.900192 0.022616 0.044156 1.026620 23.879039 5.601620 -0.177810 0.000000 0.000000 0.000000 0.400346 0.425042 0.116906 0.000000 0.000000 0.000000 -0.001568 -0.000858 0.000127 -0.157640 -0.056390 -0.006378 0.049034 -0.236208 -9.806033 
79.000072 0.023088 0.045144 1.023704 23.911391 5.635417 -0.180334 0.000000 0.000000 0.000000 0.358352 0.270467 0.063346 0.000000 0.000000 0.000000 -0.001382 -0.000832 0.000144 -0.157574 -0.056782 -0.005457 0.048856 -0.236319 -9.806031 
79.099591 0.018081 0.041203 1.026087 23.935783 5.666037 -0.181646 0.000000 0.000000 0.000000 0.358649 0.296650 0.016852 0.000000 0.000000 0.000000 -0.001181 -0.000897 0.000113 -0.157780 -0.057901 -0.005091 0.048336 -0.236509 -9.806029 
79.199108 0.025321 0.040129 1.027176 23.961774 5.696442 -0.197555 0.000000 0.000000 0.000000 0.394631 0.443479 -0.034745 0.000000 0.000000 0.000000 -0.001399 -0.000816 0.000049 -0.157321 -0.058855 -0.003881 0.048015 -0.236901 -9.806021 
79.300005 0.028177 0.049641 1.023473 23.975455 5.737318 -0.177849 0.000000 0.000000 0.000000 0.281209 0.371661 0.151105 0.000000 0.000000 0.000000 -0.001567 -0.000707 0.000087 -0.156915 -0.061174 -0.004992 0.047224 -0.237635 -9.806007 
79.399522 0.015820 0.036362 1.023273 23.985667 5.780806 -0.191962 0.000000 0.000000 0.000000 0.208440 0.320326 0.041404 0.000000 0.000000 0.000000 -0.001163 -0.000747 0.000081 -0.157584 -0.062855 -0.003195 0.046312 -0.237733 -9.806009 
79.500355 0.019650 0.030638 1.020899 23.995861 5.821878 -0.187485 0.000000 0.000000 0.000000 0.290331 0.449603 -0.030873 0.000000 0.000000 0.000000 -0.001213 -0.000840 0.000145 -0.157784 -0.064367 -0.003503 0.045670 -0.238009 -9.806006 
79.599921 0.044734 0.041475 1.030485 24.009878 5.880841 -0.186299 0.000000 0.000000 0.000000 0.229482 0.392702 0.029409 0.000000 0.000000 0.000000 -0.001923 -0.000825 -0.000004 -0.158632 -0.066396 -0.003474 0.044658 -0.238140 -9.806007 
79.700793 0.046050 0.039465 1.022188 24.022684 5.928851 -0.145699 0.000000 0.000000 0.000000 0.213681 0.293926 0.130475 0.000000 0.000000 0.000000 -0.002043 -0.000863 0.000153 -0.159482 -0.067826 -0.006064 0.043989 -0.238182 -9.806009 
79.800287 0.067412 0.043858 1.012797 24.015606 5.978087 -0.148449 0.000000 0.000000 0.000000 0.173716 0.323392 0.036168 0.000000 0.000000 0.000000 -0.002560 -0.000905 0.000080 -0.160543 -0.070878 -0.005013 0.042483 -0.238436 -9.806010 
79.900991 0.055362 0.041713 0.983779 24.024586 6.032361 -0.148112 0.000000 0.000000 0.000000 0.207769 0.469660 0.039581 0.000000 0.000000 0.000000 -0.001726 -0.000981 -0.000024 -0.161579 -0.072207 -0.004766 0.041707 -0.238323 -9.806016 
80.002048 0.020165 0.040036 0.940252 24.059797 6.070235 -0.132449 0.000000 0.000000 0.000000 0.235686 0.409669 0.090656 0.000000 0.000000 0.000000 -0.000400 -0.000874 0.000120 -0.161187 -0.071062 -0.005293 0.042278 -0.238246 -9.806015 
80.101578 0.036656 0.039490 0.865035 24.075776 6.105575 -0.118993 0.000000 0.000000 0.000000 0.250779 0.377300 0.060818 0.000000 0.000000 0.000000 -0.000487 -0.000919 0.000212 -0.160799 -0.071710 -0.005696 0.042118 -0.238539 -9.806009 
80.202393 0.036608 0.041252 0.760828 24.121398 6.135144 -0.113772 0.000000 0.000000 0.000000 0.347884 0.443090 -0.100786 0.000000 0.000000 0.000000 -0.000108 -0.000831 0.000780 -0.160424 -0.070070 -0.005900 0.042851 -0.238428 -9.806008 
80.300626 0.051120 0.047063 0.703032 24.179975 6.156271 -0.130102 0.000000 0.000000 0.000000 0.490230 0.430294 0.267386 0.000000 0.000000 0.000000 -0.000928 -0.000766 0.000453 -0.159828 -0.067916 -0.004836 0.043731 -0.238377 -9.806006 
80.400181 0.036305 0.046951 0.631267 24.225809 6.174315 -0.144777 0.000000 0.000000 0.000000 0.543710 0.194307 0.017055 0.000000 0.000000 0.000000 -0.001080 -0.000796 0.000612 -0.158819 -0.067821 -0.002231 0.043707 -0.238623 -9.806000 
80.499710 0.044550 0.053211 0.605356 24.277871 6.174166 -0.144143 0.000000 0.000000 0.000000 0.628755 0.079979 -0.019264 0.000000 0.000000 0.000000 -0.001553 -0.001023 0.000497 -0.157832 -0.067715 -0.002180 0.043759 -0.238977 -9.805991 
80.599219 0.036491 0.052098 0.589067 24.328572 6.177428 -0.150088 0.000000 0.000000 0.000000 0.763798 0.132498 -0.054021 0.000000 0.000000 0.000000 -0.001272 -0.000938 0.000294 -0.156634 -0.068709 -0.001898 0.043340 -0.239206 -9.805987 
80.698768 0.034791 0.051723 0.584589 24.399890 6.192709 -0.164674 0.000000 0.000000 0.000000 0.836069 0.162495 0.056692 0.000000 0.000000 0.000000 -0.001062 -0.000811 0.000133 -0.155852 -0.069494 -0.001093 0.042977 -0.239200 -9.805989 
80.798262 0.024676 0.047158 0.585297 24.451009 6.218388 -0.171578 0.000000 0.000000 0.000000 0.665720 0.079352 0.013229 0.000000 0.000000 0.000000 -0.001312 -0.000665 0.000151 -0.154989 -0.071570 -0.000208 0.042279 -0.238822 -9.806001 
80.899163 0.016744 0.044719 0.589848 24.493457 6.240912 -0.187380 0.000000 0.000000 0.000000 0.641415 0.122066 -0.078162 0.000000 0.000000 0.000000 -0.001243 -0.000499 0.000022 -0.154004 -0.073620 0.001160 0.041608 -0.238350 -9.806015 
80.998712 0.020973 0.043827 0.588261 24.540305 6.261799 -0.204647 0.000000 0.000000 0.000000 0.803900 0.162220 -0.150719 0.000000 0.000000 0.000000 -0.001203 -0.000559 0.000081 -0.152632 -0.075318 0.001758 0.040979 -0.238019 -9.806026 
81.099560 0.016790 0.042987 0.590084 24.599912 6.289660 -0.204404 0.000000 0.000000 0.000000 0.669326 0.109392 -0.061982 0.000000 0.000000 0.000000 -0.000816 -0.000312 0.000095 -0.151682 -0.077002 0.001092 0.040524 -0.237681 -9.806036 
81.200380 0.015115 0.043125 0.587741 24.637151 6.299581 -0.186406 0.000000 0.000000 0.000000 0.530614 0.054982 -0.041584 0.000000 0.000000 0.000000 -0.000800 -0.000360 0.000167 -0.149972 -0.078278 -0.000352 0.039960 -0.237545 -9.806042 
81.301239 0.024624 0.047691 0.589396 24.667773 6.319896 -0.182410 0.000000 0.000000 0.000000 0.515353 0.131405 -0.092387 0.000000 0.000000 0.000000 -0.001034 -0.000444 0.000149 -0.148832 -0.080062 -0.000946 0.039462 -0.237175 -9.806053 
81.400781 0.014370 0.042887 0.582340 24.702037 6.345382 -0.190291 0.000000 0.000000 0.000000 0.549748 0.263026 -0.021488 0.000000 0.000000 0.000000 -0.000983 -0.000417 0.000278 -0.147594 -0.081274 -0.000874 0.038974 -0.236944 -9.806060 
81.500316 -0.007598 0.037854 0.575541 24.735069 6.385672 -0.193702 0.000000 0.000000 0.000000 0.414560 0.221502 -0.001341 0.000000 0.000000 0.000000 -0.000380 -0.000047 0.000336 -0.146970 -0.083095 -0.000583 0.038586 -0.236506 -9.806072 
81.601227 0.027879 0.045778 0.584172 24.755716 6.429160 -0.200809 0.000000 0.000000 0.000000 0.384361 0.231607 -0.046716 0.000000 0.000000 0.000000 -0.001502 -0.000299 0.000117 -0.146411 -0.085262 -0.000053 0.038170 -0.235971 -9.806087 
81.700736 0.021106 0.044084 0.583488 24.796249 6.480527 -0.201077 0.000000 0.000000 0.000000 0.541605 0.367294 -0.095873 0.000000 0.000000 0.000000 -0.001167 -0.000401 0.000183 -0.146888 -0.086865 -0.000500 0.038152 -0.235535 -9.806098 
81.800260 0.008373 0.040382 0.584547 24.852692 6.527221 -0.202292 0.000000 0.000000 0.000000 0.549500 0.369839 0.048578 0.000000 0.000000 0.000000 -0.001042 -0.000354 0.000205 -0.146875 -0.087441 -0.000944 0.038099 -0.235401 -9.806101 
81.899811 0.017702 0.043728 0.588906 24.896409 6.566270 -0.196038 0.000000 0.000000 0.000000 0.416330 0.226655 0.010049 0.000000 0.000000 0.000000 -0.000968 -0.000114 0.000073 -0.146796 -0.088543 -0.000955 0.037951 -0.235127 -9.806108 
82.000660 0.010844 0.040734 0.583503 24.925092 6.582316 -0.190842 0.000000 0.000000 0.000000 0.481188 0.170861 -0.064990 0.000000 0.000000 0.000000 -0.000716 -0.000261 0.000306 -0.145553 -0.088935 -0.001591 0.037569 -0.235148 -9.806109 
82.100172 0.021525 0.043480 0.584719 24.958903 6.603794 -0.201188 0.000000 0.000000 0.000000 0.550367 0.205419 0.015125 0.000000 0.000000 0.000000 -0.000995 -0.000252 0.000255 -0.144402 -0.089662 -0.001101 0.037140 -0.235049 -9.806113 
82.199716 -0.004032 0.037098 0.581535 24.999560 6.618454 -0.179229 0.000000 0.000000 0.000000 0.425353 0.110688 0.026921 0.000000 0.000000 0.000000 -0.000228 -0.000162 0.000266 -0.143629 -0.089784 -0.002986 0.036964 -0.235143 -9.806111 
82.300574 0.007177 0.040652 0.581237 25.025789 6.636440 -0.182537 0.000000 0.000000 0.000000 0.380723 0.063903 -0.005257 0.000000 0.000000 0.000000 -0.000726 -0.000344 0.000258 -0.143065 -0.091056 -0.002209 0.036628 -0.234848 -9.806120 
82.400122 0.017962 0.043926 0.581764 25.061751 6.649373 -0.199220 0.000000 0.000000 0.000000 0.563152 0.049102 -0.071353 0.000000 0.000000 0.000000 -0.001175 -0.000417 0.000257 -0.142795 -0.091933 -0.000911 0.036411 -0.234613 -9.806126 
82.500989 -0.007991 0.032265 0.578263 25.116870 6.663163 -0.223810 0.000000 0.000000 0.000000 0.577246 0.114463 -0.097973 0.000000 0.000000 0.000000 -0.001374 -0.000624 0.000334 -0.142564 -0.092549 0.000515 0.036236 -0.234437 -9.806131 
82.600527 0.010554 0.038252 0.583677 25.171816 6.667802 -0.223077 0.000000 0.000000 0.000000 0.438873 0.095577 0.004060 0.000000 0.000000 0.000000 -0.001255 -0.000327 0.000251 -0.142623 -0.092195 0.000414 0.036297 -0.234524 -9.806129 
82.700091 0.014649 0.037641 0.580399 25.203716 6.689394 -0.229765 0.000000 0.000000 0.000000 0.361257 0.271302 -0.090762 0.000000 0.000000 0.000000 -0.001010 -0.000320 0.000329 -0.142280 -0.093006 0.000631 0.036101 -0.234344 -9.806134 
82.800913 0.013180 0.034727 0.579333 25.232919 6.751604 -0.245927 0.000000 0.000000 0.000000 0.383382 0.584035 -0.074324 0.000000 0.000000 0.000000 -0.000923 -0.000370 0.000373 -0.142472 -0.094770 0.001101 0.035931 -0.233876 -9.806146 
82.900406 -0.026141 0.026968 0.583755 25.276976 6.819331 -0.233903 0.000000 0.000000 0.000000 0.360371 0.497855 0.030779 0.000000 0.000000 0.000000 0.000084 0.000113 0.000283 -0.143108 -0.095466 -0.000319 0.036050 -0.233684 -9.806150 
82.999932 -0.012082 0.030448 0.579031 25.302689 6.862295 -0.221174 0.000000 0.000000 0.000000 0.359695 0.404411 0.023520 0.000000 0.000000 0.000000 -0.000632 -0.000102 0.000355 -0.142369 -0.095701 -0.000931 0.035835 -0.233702 -9.806150 
83.100797 -0.005634 0.033004 0.579058 25.336166 6.899517 -0.228934 0.000000 0.000000 0.000000 0.487619 0.442410 -0.017515 0.000000 0.000000 0.000000 -0.000669 -0.000105 0.000255 -0.141693 -0.095755 -0.000041 0.035632 -0.233725 -9.806150 
83.200334 -0.021915 0.031237 0.589364 25.404578 6.938162 -0.235107 0.000000 0.000000 0.000000 0.576840 0.291936 -0.008909 0.000000 0.000000 0.000000 0.000329 0.000526 0.000187 -0.142402 -0.095066 0.000316 0.035898 -0.233831 -9.806147 
83.299911 -0.026679 0.027912 0.581942 25.443860 6.980568 -0.235466 0.000000 0.000000 0.000000 0.427761 0.237563 -0.071996 0.000000 0.000000 0.000000 0.000134 0.000249 0.000310 -0.142306 -0.096562 -0.000002 0.035701 -0.233475 -9.806156 
83.399402 -0.024705 0.030611 0.584203 25.483414 7.001555 -0.247375 0.000000 0.000000 0.000000 0.449490 0.188712 -0.152346 0.000000 0.000000 0.000000 0.000145 0.000173 0.000267 -0.142103 -0.096783 0.000050 0.035621 -0.233437 -9.806157 
83.500249 -0.034181 0.026789 0.587313 25.543282 7.012414 -0.263003 0.000000 0.000000 0.000000 0.659834 0.204683 -0.088870 0.000000 0.000000 0.000000 0.000597 0.000385 0.000241 -0.142236 -0.095890 0.000003 0.035761 -0.233644 -9.806152 
83.599800 -0.041654 0.022245 0.581076 25.609915 7.030042 -0.273750 0.000000 0.000000 0.000000 0.495039 0.196615 -0.069945 0.000000 0.000000 0.000000 0.000768 0.000831 0.000280 -0.142430 -0.095414 -0.000074 0.035869 -0.233742 -9.806149 
83.700688 -0.023737 0.027422 0.585147 25.654144 7.041085 -0.272067 0.000000 0.000000 0.000000 0.403370 0.122785 -0.139686 0.000000 0.000000 0.000000 0.000241 0.000608 0.000240 -0.142295 -0.095056 -0.001137 0.035875 -0.233831 -9.806147 
83.800231 -0.035249 0.023575 0.585279 25.701474 7.045181 -0.284577 0.000000 0.000000 0.000000 0.449482 0.123376 -0.170764 0.000000 0.000000 0.000000 0.000712 0.000663 0.000239 -0.142466 -0.094168 -0.001451 0.036024 -0.234025 -9.806142 
83.899776 -0.041593 0.020569 0.584294 25.751368 7.061448 -0.293717 0.000000 0.000000 0.000000 0.572638 0.196414 -0.161621 0.000000 0.000000 0.000000 0.000504 0.000655 0.000258 -0.142483 -0.094243 -0.002285 0.036013 -0.233992 -9.806143 
84.000618 -0.029371 0.027690 0.583564 25.793428 7.072917 -0.272834 0.000000 0.000000 0.000000 0.385026 0.133594 -0.005976 0.000000 0.000000 0.000000 0.000430 0.000625 0.000258 -0.141676 -0.094024 -0.004879 0.035803 -0.234059 -9.806142 
84.100141 -0.032475 0.025402 0.581082 25.818682 7.092542 -0.268172 0.000000 0.000000 0.000000 0.242482 0.202572 -0.016873 0.000000 0.000000 0.000000 0.000715 0.000631 0.000303 -0.141542 -0.094397 -0.005425 0.035717 -0.233969 -9.806144 
84.199684 -0.046429 0.023659 0.578229 25.838522 7.111778 -0.267438 0.000000 0.000000 0.000000 0.215693 0.380683 -0.062892 0.000000 0.000000 0.000000 0.000759 0.000523 0.000364 -0.141071 -0.093899 -0.005993 0.035647 -0.234112 -9.806141 
84.300176 -0.035363 0.029368 0.583469 25.877409 7.142244 -0.261911 0.000000 0.000000 0.000000 0.272868 0.398641 -0.119522 0.000000 0.000000 0.000000 0.000771 0.000467 0.000308 -0.141636 -0.092285 -0.007102 0.035966 -0.234419 -9.806133 
84.400105 -0.045089 0.024772 0.580339 25.906246 7.181588 -0.273910 0.000000 0.000000 0.000000 0.184843 0.320068 0.012410 0.000000 0.000000 0.000000 0.001026 0.000637 0.000290 -0.142135 -0.092073 -0.006508 0.036127 -0.234446 -9.806131 
84.499614 -0.108454 0.011316 0.575919 25.930132 7.224223 -0.253905 0.000000 0.000000 0.000000 0.232494 0.321808 -0.029491 0.000000 0.000000 0.000000 0.001814 0.000759 0.000329 -0.142919 -0.092113 -0.008433 0.036299 -0.234318 -9.806134 
84.600434 -0.054575 0.024863 0.589243 25.987928 7.256985 -0.256353 0.000000 0.000000 0.000000 0.444097 0.415656 -0.009116 0.000000 0.000000 0.000000 0.000672 0.000603 0.000171 -0.144577 -0.090634 -0.008396 0.036891 -0.234537 -9.806126 
84.700004 -0.037964 0.032193 0.581156 26.022120 7.303999 -0.247439 0.000000 0.000000 0.000000 0.323611 0.329684 0.104221 0.000000 0.000000 0.000000 -0.000038 0.000337 0.000195 -0.144488 -0.091295 -0.008910 0.036785 -0.234369 -9.806131 
84.799495 -0.035284 0.029429 0.600563 26.047767 7.299249 -0.238908 0.000000 0.000000 0.000000 0.245058 0.217118 0.061761 0.000000 0.000000 0.000000 0.000341 0.000492 0.000095 -0.143235 -0.088887 -0.008842 0.036740 -0.235031 -9.806115 
84.899067 -0.034435 0.031255 0.636084 26.078540 7.318213 -0.255122 0.000000 0.000000 0.000000 0.274666 0.331549 -0.059423 0.000000 0.000000 0.000000 0.000034 0.000309 -0.000086 -0.143552 -0.088090 -0.007253 0.036941 -0.235256 -9.806109 
84.998597 -0.028863 0.033346 0.682839 26.112555 7.359746 -0.269011 0.000000 0.000000 0.000000 0.434035 0.463058 -0.127587 0.000000 0.000000 0.000000 -0.000548 0.000086 -0.000135 -0.143486 -0.088209 -0.006694 0.036919 -0.235259 -9.806109 
85.098137 -0.040061 0.031599 0.756999 26.134700 7.407419 -0.279808 0.000000 0.000000 0.000000 0.209347 0.322014 -0.023058 0.000000 0.000000 0.000000 -0.000983 0.000049 -0.000424 -0.143017 -0.089361 -0.006269 0.036652 -0.235085 -9.806114 
85.197661 -0.019373 0.029816 0.849156 26.151420 7.457111 -0.291721 0.000000 0.000000 0.000000 0.189930 0.275650 -0.087509 0.000000 0.000000 0.000000 -0.001466 0.000013 -0.000439 -0.143753 -0.090987 -0.005602 0.036553 -0.234703 -9.806124 
85.298481 -0.028972 0.030703 0.905937 26.156294 7.490473 -0.295763 0.000000 0.000000 0.000000 -0.049301 0.247594 -0.147832 0.000000 0.000000 0.000000 -0.001063 -0.000043 -0.000192 -0.143810 -0.091552 -0.006173 0.036436 -0.234590 -9.806127 
85.400706 -0.037972 0.031118 0.970821 26.148607 7.541970 -0.301571 0.000000 0.000000 0.000000 0.042380 0.371914 -0.049980 0.000000 0.000000 0.000000 -0.001448 -0.000213 -0.000323 -0.144530 -0.093034 -0.006271 0.036157 -0.234272 -9.806135 
85.501600 -0.033398 0.033471 1.006425 26.139214 7.602006 -0.290271 0.000000 0.000000 0.000000 -0.043147 0.362512 -0.029004 0.000000 0.000000 0.000000 -0.001125 -0.000303 -0.000149 -0.145278 -0.094818 -0.007462 0.035666 -0.233974 -9.806144 
85.602397 -0.014986 0.038901 1.019386 26.128073 7.646662 -0.294765 0.000000 0.000000 0.000000 -0.111923 0.419659 -0.061369 0.000000 0.000000 0.000000 -0.001247 -0.000184 0.000100 -0.145533 -0.095439 -0.007542 0.035457 -0.233923 -9.806146 
85.701966 -0.015563 0.053057 1.023097 26.119747 7.684578 -0.286029 0.000000 0.000000 0.000000 -0.031278 0.513338 0.030370 0.000000 0.000000 0.000000 -0.000971 -0.000314 0.000218 -0.144866 -0.095023 -0.008910 0.035639 -0.234055 -9.806142 
85.802801 -0.031626 0.043322 1.022797 26.133093 7.730833 -0.272819 0.000000 0.000000 0.000000 0.014352 0.435780 0.042718 0.000000 0.000000 0.000000 -0.000488 -0.000167 0.000296 -0.145017 -0.093595 -0.009797 0.036127 -0.233708 -9.806149 
85.901043 -0.012241 0.044993 1.019456 26.144377 7.752345 -0.276863 0.000000 0.000000 0.000000 0.085281 0.255973 0.026698 0.000000 0.000000 0.000000 -0.001023 0.000145 0.000321 -0.144365 -0.092326 -0.009216 0.036696 -0.233660 -9.806148 
86.000556 -0.011529 0.050026 1.019434 26.170516 7.772773 -0.280423 0.000000 0.000000 0.000000 0.312874 0.305280 -0.034954 0.000000 0.000000 0.000000 -0.001184 0.000138 0.000263 -0.143948 -0.091192 -0.008821 0.037184 -0.233534 -9.806149 
86.099893 -0.013833 0.046487 1.022818 26.233774 7.806604 -0.298770 0.000000 0.000000 0.000000 0.587495 0.414318 -0.099416 0.000000 0.000000 0.000000 -0.001166 0.000171 0.000203 -0.144031 -0.089512 -0.007905 0.037756 -0.233107 -9.806157 
86.199632 -0.004840 0.058922 1.016995 26.290306 7.838156 -0.311106 0.000000 0.000000 0.000000 0.455651 0.319931 -0.040135 0.000000 0.000000 0.000000 -0.001195 0.000213 0.000281 -0.143779 -0.088991 -0.007301 0.037998 -0.233070 -9.806157 
86.299188 -0.017833 0.052950 1.019086 26.327836 7.860466 -0.315425 0.000000 0.000000 0.000000 0.401367 0.338347 -0.098018 0.000000 0.000000 0.000000 -0.000735 0.000218 0.000241 -0.143004 -0.089267 -0.007474 0.038095 -0.233390 -9.806149 
86.400020 -0.028847 0.050448 1.019532 26.369519 7.921012 -0.333939 0.000000 0.000000 0.000000 0.410939 0.496925 -0.063943 0.000000 0.000000 0.000000 -0.000439 0.000258 0.000253 -0.144360 -0.089668 -0.007063 0.037614 -0.233048 -9.806159 
86.499518 -0.067427 0.069847 1.019004 26.399148 7.972794 -0.302849 0.000000 0.000000 0.000000 0.243341 0.397383 0.045484 0.000000 0.000000 0.000000 -0.000136 -0.000340 0.000216 -0.144650 -0.089911 -0.010070 0.037483 -0.232965 -9.806162 
86.600631 -0.048269 0.068614 1.020502 26.415138 8.012947 -0.289900 0.000000 0.000000 0.000000 0.186794 0.365538 0.021842 0.000000 0.000000 0.000000 -0.000459 -0.000314 0.000170 -0.144693 -0.090473 -0.010948 0.037286 -0.233065 -9.806160 
86.699944 -0.021997 0.062203 1.020986 26.431259 8.055878 -0.294529 0.000000 0.000000 0.000000 0.224960 0.447417 -0.052059 0.000000 0.000000 0.000000 -0.001129 0.000199 0.000126 -0.144953 -0.090932 -0.010397 0.037062 -0.233099 -9.806160 
86.800808 -0.007826 0.053192 1.020749 26.451955 8.104399 -0.309880 0.000000 0.000000 0.000000 0.312454 0.565177 0.016917 0.000000 0.000000 0.000000 -0.001349 0.000405 0.000133 -0.144650 -0.091631 -0.009449 0.036891 -0.233385 -9.806154 
86.900332 -0.000626 0.050031 1.019512 26.474223 8.143376 -0.304632 0.000000 0.000000 0.000000 0.192030 0.387884 0.073698 0.000000 0.000000 0.000000 -0.001217 0.000419 0.000172 -0.143941 -0.091628 -0.009403 0.037060 -0.233619 -9.806148 
86.999852 -0.006817 0.044632 1.018777 26.486599 8.172417 -0.301535 0.000000 0.000000 0.000000 0.145669 0.336140 0.001725 0.000000 0.000000 0.000000 -0.001128 0.000169 0.000229 -0.143438 -0.091930 -0.009185 0.037073 -0.233859 -9.806142 
87.100560 -0.005870 0.038303 1.016829 26.506762 8.216658 -0.285891 0.000000 0.000000 0.000000 0.219821 0.483405 -0.000245 0.000000 0.000000 0.000000 -0.001147 0.000001 0.000239 -0.143737 -0.091734 -0.010503 0.037079 -0.233680 -9.806146 
87.200230 0.018097 0.054355 1.026033 26.540597 8.269028 -0.288484 0.000000 0.000000 0.000000 0.218610 0.451148 0.182909 0.000000 0.000000 0.000000 -0.001621 0.000065 0.000087 -0.144263 -0.090990 -0.009782 0.037207 -0.233362 -9.806153 
87.301143 0.012859 0.040105 1.020741 26.561363 8.315925 -0.282962 0.000000 0.000000 0.000000 0.195226 0.343331 0.081465 0.000000 0.000000 0.000000 -0.001304 0.000181 0.000166 -0.144982 -0.091248 -0.009668 0.036956 -0.233184 -9.806158 
87.400666 0.005896 0.035973 1.019140 26.579109 8.354607 -0.272785 0.000000 0.000000 0.000000 0.242688 0.319290 0.050629 0.000000 0.000000 0.000000 -0.001419 0.000098 0.000155 -0.145421 -0.091743 -0.010087 0.036694 -0.233141 -9.806160 
87.500197 0.018917 0.040599 1.020443 26.604418 8.406714 -0.271672 0.000000 0.000000 0.000000 0.377642 0.447937 0.012706 0.000000 0.000000 0.000000 -0.001740 0.000113 0.000157 -0.146432 -0.092580 -0.009971 0.036182 -0.232990 -9.806166 
87.601021 0.013407 0.059230 1.020129 26.644133 8.446771 -0.253118 0.000000 0.000000 0.000000 0.429662 0.303526 0.148610 0.000000 0.000000 0.000000 -0.001690 -0.000146 0.000173 -0.146389 -0.092681 -0.010813 0.036170 -0.233025 -9.806165 
87.700583 0.019810 0.038352 1.017674 26.679106 8.474942 -0.248819 0.000000 0.000000 0.000000 0.426798 0.201206 0.121822 0.000000 0.000000 0.000000 -0.001755 0.000242 0.000145 -0.146484 -0.093173 -0.009977 0.035968 -0.233097 -9.806164 
87.800129 0.034977 0.048100 1.028322 26.728407 8.516232 -0.250815 0.000000 0.000000 0.000000 0.480811 0.408740 0.008816 0.000000 0.000000 0.000000 -0.002190 0.000124 0.000009 -0.147657 -0.093155 -0.009302 0.035700 -0.232708 -9.806174 
87.899386 0.026368 0.044951 1.016920 26.783120 8.552829 -0.240974 0.000000 0.000000 0.000000 0.607051 0.375964 -0.029150 0.000000 0.000000 0.000000 -0.001832 -0.000073 0.000139 -0.147151 -0.093054 -0.009924 0.035861 -0.232856 -9.806170 
88.000485 0.010016 0.053204 1.026093 26.828967 8.586046 -0.257329 0.000000 0.000000 0.000000 0.394459 0.266953 0.009782 0.000000 0.000000 0.000000 -0.001925 -0.000194 0.000012 -0.147083 -0.093750 -0.007540 0.035570 -0.232995 -9.806168 
88.100050 -0.009870 0.032196 1.022289 26.858830 8.609365 -0.269943 0.000000 0.000000 0.000000 0.455441 0.275143 -0.092948 0.000000 0.000000 0.000000 -0.001349 -0.000063 0.000075 -0.146645 -0.095120 -0.006922 0.035189 -0.233420 -9.806159 
88.199547 0.029299 0.038388 1.025811 26.895583 8.655747 -0.290409 0.000000 0.000000 0.000000 0.528679 0.409574 -0.053412 0.000000 0.000000 0.000000 -0.001870 0.000015 0.000045 -0.147709 -0.097142 -0.006104 0.034261 -0.233501 -9.806161 
88.300401 0.026038 0.039735 1.020109 26.927288 8.704581 -0.288084 0.000000 0.000000 0.000000 0.331868 0.346139 -0.027953 0.000000 0.000000 0.000000 -0.001910 -0.000044 0.000076 -0.148520 -0.099120 -0.006421 0.033440 -0.233668 -9.806159 
88.399959 0.031239 0.028357 1.021312 26.941274 8.747326 -0.292145 0.000000 0.000000 0.000000 0.290951 0.429362 -0.082006 0.000000 0.000000 0.000000 -0.002382 0.000011 0.000084 -0.148834 -0.101473 -0.006098 0.032587 -0.234063 -9.806153 
88.500852 0.037252 0.041586 1.021931 26.970443 8.801758 -0.307330 0.000000 0.000000 0.000000 0.387035 0.547361 -0.060004 0.000000 0.000000 0.000000 -0.002506 -0.000036 0.000055 -0.149185 -0.102214 -0.005475 0.032250 -0.234099 -9.806153 
88.600337 0.006200 0.043751 1.020444 27.002512 8.849570 -0.272416 0.000000 0.000000 0.000000 0.343135 0.418079 0.123616 0.000000 0.000000 0.000000 -0.001842 -0.000249 0.000058 -0.148662 -0.102794 -0.008529 0.032255 -0.234439 -9.806145 
88.699933 0.014130 0.033980 1.022119 27.025195 8.878061 -0.248399 0.000000 0.000000 0.000000 0.288632 0.299121 0.080998 0.000000 0.000000 0.000000 -0.001784 -0.000166 0.000035 -0.147852 -0.103514 -0.009712 0.032224 -0.234868 -9.806135 
88.799390 0.030223 0.034813 1.020946 27.052555 8.917225 -0.266606 0.000000 0.000000 0.000000 0.335996 0.368266 -0.015438 0.000000 0.000000 0.000000 -0.002167 -0.000044 0.000060 -0.148489 -0.103986 -0.007570 0.031875 -0.234722 -9.806139 
88.900278 0.017682 0.044376 1.023516 27.089671 8.962348 -0.266371 0.000000 0.000000 0.000000 0.329062 0.343832 0.114137 0.000000 0.000000 0.000000 -0.001904 -0.000231 0.000023 -0.148993 -0.104183 -0.006967 0.031689 -0.234592 -9.806143 
88.999827 0.001965 0.025510 1.020888 27.118858 8.994341 -0.251501 0.000000 0.000000 0.000000 0.306532 0.290670 0.108688 0.000000 0.000000 0.000000 -0.001103 -0.000224 0.000082 -0.149007 -0.104617 -0.007150 0.031549 -0.234680 -9.806141 
89.099321 0.012555 0.020776 1.023105 27.142626 9.024975 -0.250742 0.000000 0.000000 0.000000 0.295496 0.352697 0.045763 0.000000 0.000000 0.000000 -0.001467 -0.000176 0.000071 -0.148966 -0.105370 -0.006220 0.031291 -0.234829 -9.806139 
89.200179 0.025232 0.028408 1.021668 27.165854 9.081263 -0.258917 0.000000 0.000000 0.000000 0.358286 0.485547 0.005164 0.000000 0.000000 0.000000 -0.001962 -0.000146 0.000070 -0.149951 -0.106775 -0.005017 0.030607 -0.234783 -9.806142 
89.299770 0.007291 0.031572 1.022134 27.181617 9.122524 -0.252935 0.000000 0.000000 0.000000 0.267429 0.345013 0.060813 0.000000 0.000000 0.000000 -0.001812 -0.000253 0.000070 -0.149385 -0.108451 -0.004750 0.030177 -0.235294 -9.806131 
89.400611 0.020561 0.025349 1.022515 27.195103 9.164053 -0.264421 0.000000 0.000000 0.000000 0.240186 0.351160 -0.010450 0.000000 0.000000 0.000000 -0.001766 -0.000060 0.000049 -0.149853 -0.109932 -0.003203 0.029577 -0.235415 -9.806130 
89.500140 0.018320 0.021648 1.022176 27.215542 9.209406 -0.275576 0.000000 0.000000 0.000000 0.322357 0.457152 -0.072995 0.000000 0.000000 0.000000 -0.001701 -0.000025 0.000074 -0.150363 -0.110849 -0.002495 0.029167 -0.235427 -9.806131 
89.599679 0.010164 0.027592 1.025244 27.253141 9.260063 -0.277652 0.000000 0.000000 0.000000 0.351316 0.405484 0.033044 0.000000 0.000000 0.000000 -0.001686 -0.000079 -0.000007 -0.150776 -0.110682 -0.002532 0.029137 -0.235266 -9.806135 
89.700570 0.013685 0.030817 1.023238 27.280801 9.290875 -0.273900 0.000000 0.000000 0.000000 0.304528 0.309080 -0.023338 0.000000 0.000000 0.000000 -0.001709 -0.000142 0.000041 -0.150202 -0.111138 -0.002939 0.029112 -0.235543 -9.806128 
89.800031 0.010944 0.030764 1.023908 27.306980 9.325249 -0.265266 0.000000 0.000000 0.000000 0.319059 0.373226 -0.051879 0.000000 0.000000 0.000000 -0.001610 -0.000193 0.000038 -0.150275 -0.111699 -0.004040 0.028929 -0.235655 -9.806126 
89.900941 0.023710 0.031176 1.019590 27.335236 9.379935 -0.272819 0.000000 0.000000 0.000000 0.398709 0.506930 -0.077501 0.000000 0.000000 0.000000 -0.001812 -0.000053 0.000111 -0.150857 -0.112695 -0.003863 0.028490 -0.235670 -9.806127 
90.000465 0.012515 0.035161 1.021643 27.359152 9.425133 -0.265204 0.000000 0.000000 0.000000 0.296334 0.366829 -0.000559 0.000000 0.000000 0.000000 -0.001750 -0.000165 0.000085 -0.150589 -0.113799 -0.004474 0.028199 -0.235983 -9.806120 
90.099958 0.012189 0.027615 1.022647 27.378695 9.468348 -0.276661 0.000000 0.000000 0.000000 0.249434 0.362039 -0.057359 0.000000 0.000000 0.000000 -0.001416 -0.000002 0.000050 -0.151118 -0.114737 -0.003529 0.027783 -0.235987 -9.806122 
90.199505 0.011250 0.026800 1.022531 27.400250 9.506698 -0.285895 0.000000 0.000000 0.000000 0.311743 0.462241 -0.096416 0.000000 0.000000 0.000000 -0.001452 -0.000028 0.000037 -0.150889 -0.115363 -0.003423 0.027628 -0.236177 -9.806117 
90.300354 0.005664 0.037806 1.024967 27.431637 9.560345 -0.285520 0.000000 0.000000 0.000000 0.298224 0.457257 -0.003179 0.000000 0.000000 0.000000 -0.001484 -0.000137 0.000024 -0.151107 -0.115879 -0.004192 0.027431 -0.236224 -9.806117 
90.399925 0.004249 0.028310 1.020990 27.446090 9.599157 -0.277469 0.000000 0.000000 0.000000 0.218260 0.319773 0.007236 0.000000 0.000000 0.000000 -0.001414 0.000079 0.000095 -0.150755 -0.117302 -0.004849 0.027058 -0.236616 -9.806108 
90.500790 0.002507 0.030682 1.023129 27.462232 9.635530 -0.274820 0.000000 0.000000 0.000000 0.199033 0.320416 -0.010620 0.000000 0.000000 0.000000 -0.001393 -0.000029 0.000058 -0.151061 -0.118054 -0.005187 0.026764 -0.236672 -9.806108 
90.600281 0.007825 0.033563 1.022509 27.480941 9.684561 -0.276199 0.000000 0.000000 0.000000 0.268181 0.495471 -0.051930 0.000000 0.000000 0.000000 -0.001513 -0.000084 0.000065 -0.151920 -0.118839 -0.005414 0.026350 -0.236567 -9.806112 
90.699858 0.005507 0.041060 1.022965 27.507829 9.737667 -0.281167 0.000000 0.000000 0.000000 0.249249 0.438094 0.057887 0.000000 0.000000 0.000000 -0.001502 -0.000078 0.000013 -0.152183 -0.119075 -0.004781 0.026220 -0.236525 -9.806113 
90.800705 0.003974 0.041865 1.023149 27.526464 9.774133 -0.262310 0.000000 0.000000 0.000000 0.210077 0.354223 0.052181 0.000000 0.000000 0.000000 -0.001591 -0.000123 0.000030 -0.151741 -0.119506 -0.006175 0.026184 -0.236755 -9.806107 
90.900221 0.005044 0.038408 1.022247 27.545340 9.808558 -0.255263 0.000000 0.000000 0.000000 0.257923 0.382021 0.010985 0.000000 0.000000 0.000000 -0.001535 -0.000114 0.000058 -0.151547 -0.119787 -0.006389 0.026136 -0.236869 -9.806105 
90.999783 0.005472 0.042937 1.023081 27.570274 9.861221 -0.253054 0.000000 0.000000 0.000000 0.334762 0.568185 0.096696 0.000000 0.000000 0.000000 -0.001524 -0.000123 0.000037 -0.151981 -0.120516 -0.006188 0.025823 -0.236875 -9.806105 
91.100634 0.014720 0.049758 1.024355 27.597472 9.921649 -0.256297 0.000000 0.000000 0.000000 0.251953 0.442613 0.053393 0.000000 0.000000 0.000000 -0.001717 -0.000101 0.000096 -0.152678 -0.121133 -0.004927 0.025480 -0.236774 -9.806109 
91.200137 0.000940 0.040529 1.021093 27.616776 9.959874 -0.267244 0.000000 0.000000 0.000000 0.214192 0.327585 -0.025431 0.000000 0.000000 0.000000 -0.001372 -0.000042 0.000111 -0.152632 -0.121463 -0.003517 0.025365 -0.236840 -9.806107 
91.299680 0.000965 0.041282 1.020847 27.632203 9.987076 -0.275334 0.000000 0.000000 0.000000 0.239418 0.320374 -0.089252 0.000000 0.000000 0.000000 -0.001477 -0.000008 0.000130 -0.152133 -0.122012 -0.003143 0.025284 -0.237089 -9.806102 
91.400531 0.009451 0.046265 1.017989 27.661341 10.032631 -0.280729 0.000000 0.000000 0.000000 0.378097 0.419551 -0.087166 0.000000 0.000000 0.000000 -0.001529 -0.000042 0.000173 -0.152693 -0.122292 -0.003515 0.025098 -0.236977 -9.806105 
91.500111 0.005209 0.048637 1.020034 27.692039 10.071312 -0.283068 0.000000 0.000000 0.000000 0.312489 0.323836 -0.009013 0.000000 0.000000 0.000000 -0.001564 -0.000040 0.000150 -0.152623 -0.122685 -0.003442 0.024989 -0.237069 -9.806103 
91.599602 0.001276 0.038691 1.020921 27.717656 10.106966 -0.281748 0.000000 0.000000 0.000000 0.287179 0.304745 -0.039675 0.000000 0.000000 0.000000 -0.001306 0.000108 0.000079 -0.152946 -0.123177 -0.003671 0.024782 -0.237064 -9.806104 
91.700445 0.001053 0.038617 1.021938 27.748408 10.138868 -0.286993 0.000000 0.000000 0.000000 0.373946 0.376337 -0.072517 0.000000 0.000000 0.000000 -0.001342 0.000080 0.000051 -0.152784 -0.123222 -0.003612 0.024797 -0.237120 -9.806102 
91.800041 -0.006887 0.039033 1.020589 27.792013 10.183602 -0.276630 0.000000 0.000000 0.000000 0.482726 0.440451 0.052570 0.000000 0.000000 0.000000 -0.001556 0.000017 0.000098 -0.152745 -0.123181 -0.005054 0.024839 -0.237124 -9.806102 
91.899565 0.001673 0.042907 1.019090 27.829983 10.221771 -0.269129 0.000000 0.000000 0.000000 0.395615 0.285663 0.074333 0.000000 0.000000 0.000000 -0.001532 -0.000052 0.000102 -0.152656 -0.123767 -0.004880 0.024675 -0.237254 -9.806099 
92.000254 0.003740 0.043756 1.024449 27.864614 10.255812 -0.281897 0.000000 0.000000 0.000000 0.337332 0.242523 -0.029173 0.000000 0.000000 0.000000 -0.001452 0.000008 0.000033 -0.153523 -0.124287 -0.003145 0.024340 -0.237096 -9.806104 
92.099967 0.005178 0.039846 1.022562 27.894239 10.282350 -0.290284 0.000000 0.000000 0.000000 0.366235 0.325732 -0.078504 0.000000 0.000000 0.000000 -0.001512 0.000018 0.000060 -0.153433 -0.124902 -0.002875 0.024168 -0.237231 -9.806101 
92.200808 0.006082 0.050861 1.019922 27.930343 10.329096 -0.287173 0.000000 0.000000 0.000000 0.438487 0.407739 -0.137509 0.000000 0.000000 0.000000 -0.001641 -0.000069 0.000119 -0.153922 -0.125970 -0.003794 0.023766 -0.237279 -9.806101 
92.300302 0.002916 0.047337 1.022463 27.964774 10.361772 -0.302277 0.000000 0.000000 0.000000 0.340437 0.280730 -0.100537 0.000000 0.000000 0.000000 -0.001478 -0.000121 0.000058 -0.153606 -0.126396 -0.002894 0.023684 -0.237444 -9.806097 
92.399874 0.005168 0.051292 1.023327 27.988358 10.389859 -0.319544 0.000000 0.000000 0.000000 0.249283 0.255552 -0.140498 0.000000 0.000000 0.000000 -0.001337 -0.000165 0.000035 -0.153683 -0.127212 -0.002369 0.023418 -0.237565 -9.806095 
92.500976 0.003759 0.044354 1.022048 28.009911 10.416349 -0.324267 0.000000 0.000000 0.000000 0.318688 0.340460 -0.136591 0.000000 0.000000 0.000000 -0.001276 -0.000028 0.000050 -0.153347 -0.127905 -0.003432 0.023286 -0.237783 -9.806090 
92.600248 -0.007245 0.032668 1.024696 28.047896 10.459224 -0.327595 0.000000 0.000000 0.000000 0.329518 0.321005 -0.052846 0.000000 0.000000 0.000000 -0.001044 0.000070 0.000060 -0.154122 -0.127867 -0.004332 0.023172 -0.237553 -9.806096 
92.699810 0.013284 0.043992 1.025127 28.068996 10.494369 -0.308817 0.000000 0.000000 0.000000 0.235538 0.257896 -0.007685 0.000000 0.000000 0.000000 -0.001417 0.000146 0.000038 -0.154517 -0.129076 -0.006758 0.022774 -0.237648 -9.806094 
92.800647 0.009486 0.034901 1.026607 28.084714 10.529615 -0.290230 0.000000 0.000000 0.000000 0.212949 0.337622 0.031495 0.000000 0.000000 0.000000 -0.001292 -0.000026 0.000030 -0.154923 -0.130257 -0.008717 0.022372 -0.237737 -9.806093 
92.900216 0.011956 0.033346 1.023469 28.103631 10.578385 -0.298860 0.000000 0.000000 0.000000 0.267586 0.559624 -0.013566 0.000000 0.000000 0.000000 -0.001473 -0.000064 0.000100 -0.155426 -0.130993 -0.007622 0.022053 -0.237720 -9.806094 
93.000929 0.004894 0.041318 1.023101 28.133035 10.648183 -0.301421 0.000000 0.000000 0.000000 0.243359 0.542789 0.018879 0.000000 0.000000 0.000000 -0.001377 -0.000027 0.000050 -0.156487 -0.131292 -0.006844 0.021766 -0.237468 -9.806101 
93.100599 0.001881 0.039990 1.021981 28.154458 10.698355 -0.290564 0.000000 0.000000 0.000000 0.211198 0.462167 -0.019827 0.000000 0.000000 0.000000 -0.001431 0.000078 0.000077 -0.156458 -0.131417 -0.008171 0.021749 -0.237508 -9.806100 
93.200135 0.004542 0.037081 1.020138 28.175003 10.742259 -0.298910 0.000000 0.000000 0.000000 0.276440 0.527627 -0.089468 0.000000 0.000000 0.000000 -0.001374 0.000028 0.000084 -0.156092 -0.131586 -0.007928 0.021762 -0.237638 -9.806097 
93.299381 -0.006246 0.041950 1.026225 28.210012 10.800320 -0.307791 0.000000 0.000000 0.000000 0.314944 0.470673 -0.033003 0.000000 0.000000 0.000000 -0.001215 0.000081 0.000031 -0.156635 -0.131390 -0.007838 0.021723 -0.237452 -9.806101 
93.400473 0.005086 0.042250 1.024076 28.231257 10.834570 -0.307222 0.000000 0.000000 0.000000 0.229739 0.316472 -0.034620 0.000000 0.000000 0.000000 -0.001492 0.000206 0.000049 -0.155898 -0.132172 -0.008375 0.021627 -0.237793 -9.806093 
93.500025 0.006969 0.039125 1.024707 28.248420 10.862678 -0.309511 0.000000 0.000000 0.000000 0.259028 0.305773 -0.072392 0.000000 0.000000 0.000000 -0.001496 0.000157 0.000046 -0.155511 -0.133023 -0.008580 0.021448 -0.238046 -9.806088 
93.599588 0.009303 0.039174 1.022553 28.266791 10.894836 -0.316438 0.000000 0.000000 0.000000 0.305325 0.431277 -0.081113 0.000000 0.000000 0.000000 -0.001451 0.000121 0.000084 -0.154864 -0.134049 -0.008517 0.021260 -0.238398 -9.806080 
93.700444 0.000010 0.052059 1.025522 28.289253 10.930228 -0.331516 0.000000 0.000000 0.000000 0.205716 0.323041 -0.078147 0.000000 0.000000 0.000000 -0.001281 0.000121 0.000060 -0.154180 -0.134591 -0.007539 0.021210 -0.238675 -9.806073 
93.799708 -0.007755 0.039270 1.020353 28.304658 10.964823 -0.339297 0.000000 0.000000 0.000000 0.132710 0.317680 -0.085276 0.000000 0.000000 0.000000 -0.001201 0.000265 0.000173 -0.154529 -0.135182 -0.007616 0.020980 -0.238677 -9.806073 
93.900931 -0.001382 0.051520 1.025246 28.309109 10.984466 -0.346340 0.000000 0.000000 0.000000 -0.047144 0.119873 -0.025349 0.000000 0.000000 0.000000 -0.001288 0.000156 0.000053 -0.154222 -0.135755 -0.008161 0.020873 -0.238859 -9.806069 
94.000331 -0.009572 0.045590 1.019031 28.291648 11.004959 -0.346776 0.000000 0.000000 0.000000 -0.251849 0.165907 0.174308 0.000000 0.000000 0.000000 -0.001125 0.000269 0.000134 -0.155299 -0.136701 -0.008157 0.020417 -0.238719 -9.806074 
94.099924 -0.032064 0.037218 1.017763 28.268671 11.025008 -0.322583 0.000000 0.000000 0.000000 -0.179517 0.056754 0.084608 0.000000 0.000000 0.000000 -0.001006 0.000182 0.000116 -0.156078 -0.137317 -0.009716 0.020125 -0.238603 -9.806077 
94.200758 -0.025430 0.038799 1.022306 28.258680 11.029334 -0.315987 0.000000 0.000000 0.000000 -0.138905 0.010277 0.070538 0.000000 0.000000 0.000000 -0.001048 0.000248 0.000083 -0.156496 -0.136613 -0.009714 0.020257 -0.238375 -9.806082 
94.300154 -0.006307 0.054769 1.022867 28.241498 11.027557 -0.309731 0.000000 0.000000 0.000000 -0.158169 -0.051159 0.073152 0.000000 0.000000 0.000000 -0.001377 0.000219 0.000074 -0.156444 -0.136963 -0.009524 0.020165 -0.238447 -9.806081 
94.399826 -0.000659 0.053904 1.026267 28.224727 11.012450 -0.297787 0.000000 0.000000 0.000000 -0.102554 -0.072518 0.122564 0.000000 0.000000 0.000000 -0.001225 0.000323 0.000098 -0.155584 -0.136943 -0.009513 0.020312 -0.238677 -9.806075 
94.500661 -0.007851 0.059245 1.029666 28.222026 11.009103 -0.298736 0.000000 0.000000 0.000000 0.033792 -0.003340 0.022487 0.000000 0.000000 0.000000 -0.001092 0.000160 0.000106 -0.155697 -0.136862 -0.008726 0.020316 -0.238645 -9.806076 
94.600243 -0.008035 0.058544 1.031676 28.223608 11.009804 -0.305466 0.000000 0.000000 0.000000 0.068373 0.004613 0.011335 0.000000 0.000000 0.000000 -0.001083 0.000264 0.000128 -0.155666 -0.137360 -0.007719 0.020174 -0.238749 -9.806073 
94.699722 -0.000690 0.057371 1.036103 28.228959 11.008730 -0.307549 0.000000 0.000000 0.000000 0.083970 -0.000392 -0.014643 0.000000 0.000000 0.000000 -0.001161 0.000303 0.000108 -0.155467 -0.137612 -0.007496 0.020134 -0.238848 -9.806071 
94.800443 0.002430 0.058001 1.039489 28.234438 11.011712 -0.308523 0.000000 0.000000 0.000000 0.079048 0.005210 -0.008738 0.000000 0.000000 0.000000 -0.001139 0.000272 0.000112 -0.155632 -0.138071 -0.007532 0.019977 -0.238879 -9.806070 
94.900152 0.002606 0.059649 1.040499 28.242287 11.016511 -0.308344 0.000000 0.000000 0.000000 0.080770 0.010516 0.008054 0.000000 0.000000 0.000000 -0.001094 0.000257 0.000114 -0.156027 -0.138222 -0.007567 0.019867 -0.238798 -9.806073 
95.001017 0.005960 0.057773 1.041509 28.246515 11.019280 -0.311701 0.000000 0.000000 0.000000 0.070217 0.001595 0.000077 0.000000 0.000000 0.000000 -0.001086 0.000352 0.000100 -0.156160 -0.138735 -0.007147 0.019691 -0.238857 -9.806072 
95.100259 0.006350 0.059301 1.040552 28.248375 11.022417 -0.312903 0.000000 0.000000 0.000000 0.051755 -0.002214 -0.000387 0.000000 0.000000 0.000000 -0.001062 0.000321 0.000141 -0.156354 -0.139414 -0.006996 0.019463 -0.238924 -9.806070 
95.200080 0.005479 0.058882 1.039262 28.248268 11.023484 -0.312920 0.000000 0.000000 0.000000 0.034205 -0.009728 0.000303 0.000000 0.000000 0.000000 -0.001056 0.000314 0.000147 -0.156373 -0.140044 -0.006963 0.019283 -0.239030 -9.806068 
95.300956 0.003061 0.058475 1.038506 28.249282 11.026371 -0.314345 0.000000 0.000000 0.000000 0.026540 -0.007543 -0.007617 0.000000 0.000000 0.000000 -0.001061 0.000294 0.000147 -0.156716 -0.140451 -0.006825 0.019104 -0.239012 -9.806069 
95.400470 -0.001509 0.055631 1.039696 28.252136 11.025996 -0.316662 0.000000 0.000000 0.000000 0.031744 -0.017971 -0.007005 0.000000 0.000000 0.000000 -0.001020 0.000299 0.000113 -0.156813 -0.140510 -0.006647 0.019066 -0.238997 -9.806069 
95.499985 -0.003077 0.056028 1.038697 28.254776 11.027250 -0.318500 0.000000 0.000000 0.000000 0.034894 -0.017433 -0.007346 0.000000 0.000000 0.000000 -0.001056 0.000263 0.000126 -0.157119 -0.140688 -0.006545 0.018960 -0.238948 -9.806071 
95.600870 -0.003824 0.056536 1.038355 28.253064 11.027483 -0.318775 0.000000 0.000000 0.000000 0.018448 -0.017864 -0.006145 0.000000 0.000000 0.000000 -0.001075 0.000231 0.000134 -0.157187 -0.141348 -0.006585 0.018766 -0.239043 -9.806069 
95.700351 -0.006425 0.052800 1.038856 28.254852 11.027328 -0.321649 0.000000 0.000000 0.000000 0.028896 -0.026245 -0.015782 0.000000 0.000000 0.000000 -0.001016 0.000285 0.000132 -0.157392 -0.141487 -0.006376 0.018687 -0.239015 -9.806070 
95.799923 -0.006158 0.052755 1.038439 28.253955 11.027125 -0.327717 0.000000 0.000000 0.000000 0.018652 -0.026994 -0.029599 0.000000 0.000000 0.000000 -0.001017 0.000295 0.000130 -0.157545 -0.142006 -0.005899 0.018508 -0.239068 -9.806069 
95.900785 -0.007766 0.050121 1.038263 28.255635 11.027328 -0.332687 0.000000 0.000000 0.000000 0.018756 -0.023683 -0.034112 0.000000 0.000000 0.000000 -0.000957 0.000336 0.000133 -0.157840 -0.142115 -0.005704 0.018424 -0.239011 -9.806070 
96.000285 -0.008241 0.048756 1.038315 28.255323 11.028542 -0.336270 0.000000 0.000000 0.000000 0.017837 -0.024732 -0.034832 0.000000 0.000000 0.000000 -0.000929 0.000365 0.000136 -0.158127 -0.142509 -0.005678 0.018265 -0.239002 -9.806071 
96.099679 -0.007897 0.048685 1.038401 28.255915 11.027810 -0.338303 0.000000 0.000000 0.000000 0.017531 -0.030637 -0.030498 0.000000 0.000000 0.000000 -0.000930 0.000369 0.000134 -0.158280 -0.142731 -0.005806 0.018180 -0.238998 -9.806071 
96.200723 -0.008644 0.047557 1.038495 28.256920 11.028303 -0.341062 0.000000 0.000000 0.000000 0.016664 -0.027414 -0.028937 0.000000 0.000000 0.000000 -0.000888 0.000384 0.000129 -0.158599 -0.142949 -0.005834 0.018066 -0.238951 -9.806072 
96.300306 -0.008482 0.045996 1.039448 28.257118 11.028966 -0.344194 0.000000 0.000000 0.000000 0.012130 -0.025266 -0.030049 0.000000 0.000000 0.000000 -0.000873 0.000423 0.000102 -0.158878 -0.143212 -0.005811 0.017947 -0.238922 -9.806073 
96.399742 -0.009348 0.046432 1.038965 28.257364 11.028755 -0.344846 0.000000 0.000000 0.000000 0.014437 -0.027949 -0.021478 0.000000 0.000000 0.000000 -0.000878 0.000395 0.000118 -0.159067 -0.143424 -0.006017 0.017859 -0.238906 -9.806074 
96.500636 -0.009805 0.046154 1.039043 28.259214 11.029239 -0.345388 0.000000 0.000000 0.000000 0.020220 -0.027976 -0.016982 0.000000 0.000000 0.000000 -0.000869 0.000396 0.000118 -0.159389 -0.143532 -0.006180 0.017776 -0.238838 -9.806076 
96.600178 -0.009795 0.046572 1.039135 28.260440 11.027917 -0.344895 0.000000 0.000000 0.000000 0.018915 -0.033101 -0.010698 0.000000 0.000000 0.000000 -0.000903 0.000380 0.000112 -0.159518 -0.143670 -0.006380 0.017718 -0.238826 -9.806076 
96.699712 -0.010680 0.045350 1.038722 28.259164 11.027998 -0.345007 0.000000 0.000000 0.000000 0.007378 -0.030996 -0.007604 0.000000 0.000000 0.000000 -0.000862 0.000397 0.000126 -0.159746 -0.144123 -0.006458 0.017558 -0.238840 -9.806076 
96.800565 -0.011021 0.044727 1.038426 28.259885 11.027900 -0.345318 0.000000 0.000000 0.000000 0.011520 -0.030941 -0.005541 0.000000 0.000000 0.000000 -0.000850 0.000408 0.000135 -0.160038 -0.144251 -0.006505 0.017475 -0.238785 -9.806078 
96.900110 -0.011058 0.045938 1.039159 28.259447 11.028014 -0.343839 0.000000 0.000000 0.000000 0.008422 -0.031015 0.000551 0.000000 0.000000 0.000000 -0.000866 0.000374 0.000111 -0.160299 -0.144553 -0.006694 0.017351 -0.238766 -9.806078 
97.000968 -0.010773 0.046051 1.038250 28.259189 11.028476 -0.341662 0.000000 0.000000 0.000000 0.006978 -0.028567 0.006955 0.000000 0.000000 0.000000 -0.000873 0.000372 0.000140 -0.160604 -0.144808 -0.006894 0.017233 -0.238727 -9.806079 
97.100452 -0.011084 0.045060 1.038329 28.259284 11.027363 -0.342760 0.000000 0.000000 0.000000 0.007527 -0.032666 0.002316 0.000000 0.000000 0.000000 -0.000850 0.000392 0.000137 -0.160781 -0.144960 -0.006727 0.017163 -0.238708 -9.806080 
97.200025 -0.010707 0.045328 1.038412 28.258182 11.026558 -0.344091 0.000000 0.000000 0.000000 0.003212 -0.034779 -0.001998 0.000000 0.000000 0.000000 -0.000862 0.000387 0.000134 -0.160986 -0.145269 -0.006577 0.017046 -0.238707 -9.806080 
97.300898 -0.010730 0.045280 1.038146 28.258278 11.027529 -0.343372 0.000000 0.000000 0.000000 0.004780 -0.030210 0.001065 0.000000 0.000000 0.000000 -0.000859 0.000385 0.000142 -0.161403 -0.145456 -0.006672 0.016929 -0.238630 -9.806082 
97.400421 -0.017442 0.044691 1.037992 28.256235 11.026508 -0.344920 0.000000 0.000000 0.000000 -0.002274 -0.025072 -0.012079 0.000000 0.000000 0.000000 -0.000755 0.000274 0.000130 -0.161562 -0.145800 -0.006505 0.016812 -0.238646 -9.806082 
97.499937 -0.017679 0.043896 1.040121 28.267420 11.037570 -0.342497 0.000000 0.000000 0.000000 0.152797 0.128825 0.016983 0.000000 0.000000 0.000000 -0.000971 0.000214 0.000112 -0.162539 -0.145452 -0.006689 0.016746 -0.238344 -9.806090 
97.600821 -0.006849 0.038357 1.034911 28.287379 11.068230 -0.322676 0.000000 0.000000 0.000000 0.418224 0.313574 0.017070 0.000000 0.000000 0.000000 -0.001148 0.000443 0.000147 -0.162979 -0.146343 -0.008852 0.016441 -0.238349 -9.806090 
97.700391 0.008078 0.059394 1.045248 28.325219 11.112076 -0.305765 0.000000 0.000000 0.000000 0.319676 0.304977 0.122285 0.000000 0.000000 0.000000 -0.001230 0.000194 0.000053 -0.163988 -0.146590 -0.010214 0.016214 -0.238121 -9.806096 
97.799887 0.001909 0.052425 1.039726 28.347043 11.140402 -0.294874 0.000000 0.000000 0.000000 0.221155 0.290176 0.141501 0.000000 0.000000 0.000000 -0.001075 0.000203 0.000145 -0.163800 -0.147158 -0.009739 0.016094 -0.238260 -9.806093 
97.899412 -0.002131 0.055765 1.037220 28.365378 11.164589 -0.317333 0.000000 0.000000 0.000000 0.165980 0.147484 0.009254 0.000000 0.000000 0.000000 -0.001229 0.000232 0.000153 -0.163897 -0.147320 -0.006930 0.016022 -0.238283 -9.806092 
98.000236 -0.008833 0.056709 1.036985 28.376460 11.157079 -0.320145 0.000000 0.000000 0.000000 0.106554 -0.063502 0.048152 0.000000 0.000000 0.000000 -0.001129 0.000277 0.000101 -0.162537 -0.147577 -0.005883 0.016162 -0.238667 -9.806083 
98.099803 -0.010635 0.065863 1.022733 28.382773 11.153155 -0.328610 0.000000 0.000000 0.000000 0.025895 -0.075914 -0.077561 0.000000 0.000000 0.000000 -0.001036 0.000234 0.000257 -0.162880 -0.147804 -0.005062 0.016037 -0.238624 -9.806084 
98.200677 -0.028790 0.065779 1.007830 28.381719 11.138429 -0.351076 0.000000 0.000000 0.000000 -0.029229 -0.107987 -0.133412 0.000000 0.000000 0.000000 -0.000648 0.000389 0.000284 -0.162371 -0.147705 -0.003677 0.016118 -0.238750 -9.806081 
98.300205 -0.039233 0.067725 0.999981 28.379344 11.129440 -0.359234 0.000000 0.000000 0.000000 -0.049185 -0.113284 -0.107769 0.000000 0.000000 0.000000 -0.000556 0.000501 0.000222 -0.162606 -0.147587 -0.004166 0.016122 -0.238668 -9.806083 
98.399734 -0.042211 0.078465 0.995429 28.368778 11.118024 -0.357240 0.000000 0.000000 0.000000 -0.075259 -0.117521 -0.058135 0.000000 0.000000 0.000000 -0.000741 0.000342 0.000170 -0.162356 -0.148180 -0.005367 0.016023 -0.238778 -9.806080 
98.500597 -0.048833 0.089330 0.992599 28.359621 11.113658 -0.335634 0.000000 0.000000 0.000000 -0.062328 -0.093487 0.028806 0.000000 0.000000 0.000000 -0.000851 0.000059 0.000163 -0.162716 -0.148702 -0.008129 0.015881 -0.238668 -9.806083 
98.600124 -0.040972 0.094939 0.993854 28.361427 11.119614 -0.328704 0.000000 0.000000 0.000000 0.029346 0.063889 0.077569 0.000000 0.000000 0.000000 -0.000742 0.000030 0.000138 -0.163695 -0.148539 -0.008649 0.015811 -0.238398 -9.806090 
98.699671 -0.044530 0.086629 0.995636 28.370307 11.140910 -0.332916 0.000000 0.000000 0.000000 0.058193 0.164430 0.057388 0.000000 0.000000 0.000000 -0.000708 0.000324 0.000105 -0.165048 -0.148592 -0.007798 0.015637 -0.238129 -9.806097 
98.800478 -0.030075 0.092980 0.992747 28.375132 11.154393 -0.339038 0.000000 0.000000 0.000000 0.176965 0.226804 -0.023947 0.000000 0.000000 0.000000 -0.001085 0.000291 0.000125 -0.164364 -0.149261 -0.007067 0.015534 -0.238397 -9.806090 
98.900054 -0.030100 0.083742 0.994604 28.411747 11.197635 -0.335559 0.000000 0.000000 0.000000 0.359041 0.423059 -0.026793 0.000000 0.000000 0.000000 -0.000814 0.000225 0.000094 -0.165975 -0.148559 -0.008231 0.015558 -0.237885 -9.806103 
98.999593 -0.031968 0.076767 0.994522 28.452184 11.239668 -0.335729 0.000000 0.000000 0.000000 0.290902 0.307913 -0.008938 0.000000 0.000000 0.000000 -0.000472 0.000404 0.000060 -0.166617 -0.148101 -0.008224 0.015606 -0.237694 -9.806107 
99.100404 -0.028401 0.063151 0.998060 28.475021 11.269470 -0.337546 0.000000 0.000000 0.000000 0.223290 0.283904 -0.028782 0.000000 0.000000 0.000000 -0.000611 0.000423 0.000008 -0.166568 -0.148705 -0.008035 0.015459 -0.237774 -9.806106 
99.199944 -0.021988 0.060026 0.996325 28.493160 11.315406 -0.338775 0.000000 0.000000 0.000000 0.216186 0.436913 -0.088810 0.000000 0.000000 0.000000 -0.000669 0.000332 0.000064 -0.167631 -0.149676 -0.008465 0.015120 -0.237601 -9.806110 
99.300846 -0.010815 0.056762 0.997419 28.510211 11.372623 -0.342252 0.000000 0.000000 0.000000 0.253295 0.616739 -0.051417 0.000000 0.000000 0.000000 -0.000666 0.000378 0.000087 -0.167726 -0.150664 -0.008971 0.014876 -0.237653 -9.806109 
99.400325 -0.002810 0.073551 1.000212 28.534748 11.423568 -0.335341 0.000000 0.000000 0.000000 0.226104 0.476826 0.026837 0.000000 0.000000 0.000000 -0.000939 0.000257 0.000040 -0.167096 -0.150883 -0.009853 0.014899 -0.237786 -9.806106 
99.499904 -0.040524 0.058681 0.994702 28.544608 11.450744 -0.342739 0.000000 0.000000 0.000000 0.118480 0.237059 -0.021766 0.000000 0.000000 0.000000 -0.000539 0.000107 0.000028 -0.165671 -0.151438 -0.008552 0.014889 -0.238207 -9.806096 
99.600724 -0.022931 0.062703 1.001127 28.555430 11.459953 -0.330301 0.000000 0.000000 0.000000 0.021320 -0.016322 0.024380 0.000000 0.000000 0.000000 -0.000925 0.000377 -0.000039 -0.165399 -0.150989 -0.010299 0.015054 -0.238181 -9.806096 
99.700092 -0.020329 0.065726 0.990759 28.551790 11.452799 -0.325174 0.000000 0.000000 0.000000 -0.000571 -0.100265 0.042556 0.000000 0.000000 0.000000 -0.000728 0.000344 0.000115 -0.165273 -0.151155 -0.009908 0.015022 -0.238236 -9.806095 
99.799829 -0.018929 0.056901 0.997246 28.551835 11.443769 -0.320959 0.000000 0.000000 0.000000 0.001386 -0.115564 0.002790 0.000000 0.000000 0.000000 -0.000631 0.000355 0.000055 -0.165402 -0.151050 -0.010286 0.015038 -0.238187 -9.806096 
99.899326 -0.015980 0.054904 0.994106 28.549717 11.436635 -0.324873 0.000000 0.000000 0.000000 -0.021373 -0.101615 0.012137 0.000000 0.000000 0.000000 -0.000679 0.000181 0.000156 -0.165777 -0.151273 -0.009915 0.014943 -0.238133 -9.806098 
100.000185 -0.008667 0.051539 0.996586 28.540564 11.420480 -0.324819 0.000000 0.000000 0.000000 -0.033544 -0.137817 0.037678 0.000000 0.000000 0.000000 -0.000857 0.000209 0.000084 -0.165078 -0.151852 -0.009593 0.014871 -0.238354 -9.806092 
100.099756 0.003457 0.054598 1.006490 28.532554 11.421554 -0.313178 0.000000 0.000000 0.000000 -0.076097 -0.042123 0.059618 0.000000 0.000000 0.000000 -0.001031 0.000209 -0.000015 -0.166102 -0.152605 -0.010077 0.014592 -0.238185 -9.806097 
100.200217 -0.001315 0.048938 1.000658 28.524377 11.424912 -0.308286 0.000000 0.000000 0.000000 -0.047565 0.018925 0.022641 0.000000 0.000000 0.000000 -0.000875 0.000249 0.000097 -0.166411 -0.152966 -0.010324 0.014477 -0.238147 -9.806098 
100.300151 -0.004049 0.050431 1.005636 28.524490 11.437893 -0.301922 0.000000 0.000000 0.000000 -0.014227 0.051420 0.037636 0.000000 0.000000 0.000000 -0.000924 0.000167 0.000046 -0.167480 -0.152998 -0.010795 0.014366 -0.237903 -9.806104 
100.399672 -0.005660 0.047177 1.005690 28.527037 11.447455 -0.300901 0.000000 0.000000 0.000000 0.014705 0.062625 0.030180 0.000000 0.000000 0.000000 -0.000909 0.000199 0.000049 -0.168003 -0.152802 -0.010530 0.014356 -0.237768 -9.806107 
100.500520 -0.010565 0.044163 1.006067 28.530351 11.453406 -0.307175 0.000000 0.000000 0.000000 0.035061 0.056881 -0.002958 0.000000 0.000000 0.000000 -0.000828 0.000214 0.000061 -0.168087 -0.152655 -0.009583 0.014373 -0.237740 -9.806108 
100.600074 -0.003518 0.043805 1.008356 28.533662 11.457449 -0.306778 0.000000 0.000000 0.000000 0.127238 0.064330 0.028491 0.000000 0.000000 0.000000 -0.000887 0.000368 0.000029 -0.167827 -0.152845 -0.009740 0.014357 -0.237817 -9.806106 
100.700844 -0.014911 0.050397 1.003394 28.549760 11.471859 -0.300915 0.000000 0.000000 0.000000 0.269337 0.267455 -0.017519 0.000000 0.000000 0.000000 -0.000779 0.000086 0.000099 -0.167589 -0.152938 -0.010205 0.014363 -0.237879 -9.806105 
100.800430 -0.001202 0.048115 1.004908 28.592927 11.501001 -0.333325 0.000000 0.000000 0.000000 0.412720 0.399593 -0.163045 0.000000 0.000000 0.000000 -0.000898 0.000187 0.000092 -0.167539 -0.152117 -0.007080 0.014545 -0.237817 -9.806106 
100.900000 0.001081 0.057591 1.001807 28.620273 11.530071 -0.340534 0.000000 0.000000 0.000000 0.288976 0.246977 -0.058631 0.000000 0.000000 0.000000 -0.000923 0.000171 0.000125 -0.166895 -0.152882 -0.007625 0.014435 -0.238037 -9.806101 
101.000895 0.013985 0.067855 1.003831 28.637966 11.561631 -0.332226 0.000000 0.000000 0.000000 0.174798 0.202635 -0.038560 0.000000 0.000000 0.000000 -0.000981 0.000162 0.000095 -0.167137 -0.154152 -0.009481 0.014126 -0.238103 -9.806100 
101.100351 -0.007291 0.053668 1.000142 28.641638 11.566210 -0.326829 0.000000 0.000000 0.000000 0.053297 -0.111356 0.060834 0.000000 0.000000 0.000000 -0.000630 0.000286 0.000081 -0.166605 -0.155035 -0.010000 0.013980 -0.238307 -9.806095 
101.199929 0.005651 0.057008 1.003064 28.654914 11.555894 -0.310667 0.000000 0.000000 0.000000 0.065184 -0.176302 0.145308 0.000000 0.000000 0.000000 -0.001073 0.000282 0.000114 -0.167684 -0.154605 -0.010162 0.013973 -0.238026 -9.806102 
101.300793 -0.000729 0.049477 0.976066 28.656939 11.551530 -0.313088 0.000000 0.000000 0.000000 0.026385 -0.071953 0.012997 0.000000 0.000000 0.000000 -0.000797 0.000248 0.000293 -0.168434 -0.155127 -0.008938 0.013753 -0.237919 -9.806105 
101.400276 -0.004092 0.051677 0.955221 28.656989 11.546447 -0.310219 0.000000 0.000000 0.000000 0.027980 -0.055704 0.042746 0.000000 0.000000 0.000000 -0.000832 0.000208 0.000273 -0.168416 -0.155499 -0.009008 0.013670 -0.237957 -9.806104 
101.501210 -0.015697 0.052925 0.941834 28.656298 11.531004 -0.313788 0.000000 0.000000 0.000000 0.030259 -0.084286 0.023376 0.000000 0.000000 0.000000 -0.000676 0.000110 0.000191 -0.167436 -0.155517 -0.008040 0.013732 -0.238171 -9.806098 
101.600718 -0.018360 0.058418 0.936768 28.661698 11.523830 -0.311534 0.000000 0.000000 0.000000 0.058427 -0.084452 0.020749 0.000000 0.000000 0.000000 -0.000749 0.000051 0.000133 -0.167606 -0.155452 -0.008058 0.013735 -0.238131 -9.806099 
101.700215 -0.020208 0.056895 0.937783 28.666161 11.516329 -0.313936 0.000000 0.000000 0.000000 0.064100 -0.089348 0.008151 0.000000 0.000000 0.000000 -0.000673 0.000141 0.000052 -0.167636 -0.155677 -0.007551 0.013676 -0.238139 -9.806099 
101.799791 -0.020294 0.055669 0.938776 28.670764 11.511066 -0.319273 0.000000 0.000000 0.000000 0.066388 -0.077048 -0.017887 0.000000 0.000000 0.000000 -0.000636 0.000218 0.000028 -0.167838 -0.156028 -0.006878 0.013583 -0.238120 -9.806100 
101.899278 -0.019981 0.055497 0.938768 28.672156 11.507229 -0.324430 0.000000 0.000000 0.000000 0.056280 -0.071447 -0.028495 0.000000 0.000000 0.000000 -0.000629 0.000242 0.000037 -0.167889 -0.156741 -0.006449 0.013426 -0.238137 -9.806100 
101.998867 -0.021026 0.055068 0.941027 28.672142 11.507917 -0.328432 0.000000 0.000000 0.000000 0.043023 -0.045775 -0.031495 0.000000 0.000000 0.000000 -0.000597 0.000247 0.000001 -0.168184 -0.157633 -0.006331 0.013230 -0.238105 -9.806101 
102.099700 -0.019976 0.055317 0.941321 28.667840 11.508842 -0.329888 0.000000 0.000000 0.000000 0.015278 -0.031782 -0.020380 0.000000 0.000000 0.000000 -0.000620 0.000269 0.000042 -0.168141 -0.158717 -0.006534 0.013009 -0.238133 -9.806100 
102.200572 -0.020351 0.056896 0.941850 28.664887 11.510459 -0.330786 0.000000 0.000000 0.000000 0.002913 -0.018157 -0.018451 0.000000 0.000000 0.000000 -0.000625 0.000231 0.000057 -0.168275 -0.159395 -0.006721 0.012867 -0.238120 -9.806101 
102.300084 -0.025754 0.054923 0.943556 28.655118 11.508579 -0.338660 0.000000 0.000000 0.000000 0.000689 0.036501 -0.046758 0.000000 0.000000 0.000000 -0.000548 0.000208 0.000023 -0.167705 -0.160394 -0.006015 0.012673 -0.238268 -9.806098 
102.400958 -0.016054 0.070371 0.949586 28.655254 11.527051 -0.356246 0.000000 0.000000 0.000000 0.066792 0.126104 -0.150629 0.000000 0.000000 0.000000 -0.000929 0.000276 -0.000028 -0.168447 -0.161279 -0.004920 0.012467 -0.238174 -9.806100 
102.500459 -0.007206 0.064643 0.939900 28.658781 11.552681 -0.321664 0.000000 0.000000 0.000000 0.088101 0.209733 -0.013299 0.000000 0.000000 0.000000 -0.000922 0.000426 0.000152 -0.168572 -0.161820 -0.010361 0.012406 -0.238051 -9.806103 
102.600035 -0.005055 0.058234 0.941130 28.681365 11.585526 -0.289675 0.000000 0.000000 0.000000 0.263729 0.330592 0.069996 0.000000 0.000000 0.000000 -0.000639 0.000349 0.000034 -0.169254 -0.161330 -0.014074 0.012540 -0.237837 -9.806108 
102.699568 -0.016871 0.058103 0.942138 28.726513 11.633836 -0.302596 0.000000 0.000000 0.000000 0.454117 0.505265 -0.014825 0.000000 0.000000 0.000000 -0.000336 0.000129 0.000082 -0.170637 -0.160331 -0.011856 0.012662 -0.237578 -9.806114 
102.800389 -0.016694 0.070872 0.940475 28.762528 11.674828 -0.313275 0.000000 0.000000 0.000000 0.331059 0.276431 0.008894 0.000000 0.000000 0.000000 -0.000494 0.000156 0.000027 -0.170304 -0.160700 -0.009873 0.012559 -0.237679 -9.806112 
102.899951 -0.020009 0.056167 0.942894 28.782396 11.685688 -0.322570 0.000000 0.000000 0.000000 0.191262 0.084518 -0.026128 0.000000 0.000000 0.000000 -0.000326 0.000298 0.000028 -0.169263 -0.161007 -0.008634 0.012505 -0.237902 -9.806107 
102.999442 -0.011280 0.055056 0.943750 28.797052 11.686649 -0.353718 0.000000 0.000000 0.000000 0.154631 -0.033510 -0.107618 0.000000 0.000000 0.000000 -0.000357 0.000225 0.000019 -0.169271 -0.161170 -0.005459 0.012419 -0.237961 -9.806105 
103.100317 0.000879 0.052001 0.940960 28.803822 11.680188 -0.355135 0.000000 0.000000 0.000000 0.085682 -0.084172 -0.127746 0.000000 0.000000 0.000000 -0.000636 0.000315 0.000064 -0.168801 -0.162169 -0.006392 0.012246 -0.238060 -9.806103 
103.199845 0.024256 0.055128 0.944073 28.804265 11.666338 -0.363739 0.000000 0.000000 0.000000 0.084326 -0.143145 -0.075088 0.000000 0.000000 0.000000 -0.000886 0.000072 -0.000012 -0.167980 -0.163030 -0.007042 0.012106 -0.238227 -9.806099 
103.300749 0.002978 0.054430 0.948281 28.814470 11.656006 -0.345544 0.000000 0.000000 0.000000 0.084196 -0.180421 0.003465 0.000000 0.000000 0.000000 -0.000621 0.000098 0.000065 -0.168439 -0.163282 -0.010187 0.012097 -0.238132 -9.806102 
103.400254 -0.007729 0.044797 0.942668 28.825932 11.641484 -0.349979 0.000000 0.000000 0.000000 0.112396 -0.197608 0.012266 0.000000 0.000000 0.000000 -0.000380 0.000207 0.000107 -0.168970 -0.163377 -0.009819 0.012055 -0.238035 -9.806104 
103.501134 -0.009167 0.030539 0.934167 28.832502 11.619413 -0.339527 0.000000 0.000000 0.000000 0.099189 -0.212738 0.139777 0.000000 0.000000 0.000000 -0.000451 0.000253 0.000150 -0.168665 -0.163931 -0.010250 0.011962 -0.238111 -9.806102 
103.600681 0.006779 0.063876 0.942001 28.838194 11.601833 -0.328481 0.000000 0.000000 0.000000 0.041830 -0.184357 0.061021 0.000000 0.000000 0.000000 -0.000881 0.000010 0.000040 -0.168743 -0.164275 -0.010630 0.011897 -0.238108 -9.806102 
103.700214 0.005423 0.054383 0.940120 28.841029 11.588382 -0.323912 0.000000 0.000000 0.000000 -0.028729 -0.133821 0.041336 0.000000 0.000000 0.000000 -0.000639 0.000137 0.000091 -0.169101 -0.164241 -0.010673 0.011895 -0.238042 -9.806104 
103.799698 -0.001683 0.050639 0.943258 28.834942 11.579033 -0.326842 0.000000 0.000000 0.000000 -0.097769 -0.112068 0.037665 0.000000 0.000000 0.000000 -0.000585 0.000078 0.000086 -0.169411 -0.164504 -0.009623 0.011820 -0.237987 -9.806105 
103.900551 0.001290 0.037617 0.947564 28.817921 11.571533 -0.319883 0.000000 0.000000 0.000000 -0.107589 -0.095273 0.045750 0.000000 0.000000 0.000000 -0.000732 0.000211 0.000033 -0.169426 -0.165413 -0.009591 0.011641 -0.238008 -9.806105 
104.000148 -0.004301 0.038307 0.945049 28.813750 11.569060 -0.320078 0.000000 0.000000 0.000000 0.021492 -0.002904 0.011007 0.000000 0.000000 0.000000 -0.000574 0.000070 0.000100 -0.169657 -0.165539 -0.009274 0.011606 -0.237968 -9.806106 
104.099656 0.001760 0.045724 0.945593 28.820290 11.571695 -0.319799 0.000000 0.000000 0.000000 0.076874 0.024200 0.016985 0.000000 0.000000 0.000000 -0.000723 0.000054 0.000063 -0.169904 -0.165442 -0.009105 0.011616 -0.237920 -9.806107 
104.200482 0.005662 0.045747 0.947476 28.830927 11.577524 -0.326627 0.000000 0.000000 0.000000 0.105516 0.035919 -0.024761 0.000000 0.000000 0.000000 -0.000665 0.000090 0.000057 -0.170302 -0.165410 -0.008222 0.011604 -0.237843 -9.806109 
104.300057 0.006743 0.047469 0.946766 28.841180 11.586718 -0.329749 0.000000 0.000000 0.000000 0.107919 0.057083 -0.022695 0.000000 0.000000 0.000000 -0.000669 0.000042 0.000107 -0.170715 -0.165719 -0.008151 0.011531 -0.237776 -9.806111 
104.399592 0.000265 0.043899 0.948255 28.846518 11.592931 -0.329071 0.000000 0.000000 0.000000 0.080886 0.059259 -0.003064 0.000000 0.000000 0.000000 -0.000578 0.000061 0.000056 -0.170489 -0.166248 -0.008418 0.011438 -0.237835 -9.806110 
104.500406 -0.002962 0.042511 0.946932 28.848555 11.594726 -0.328460 0.000000 0.000000 0.000000 0.059416 0.036733 0.007563 0.000000 0.000000 0.000000 -0.000616 0.000053 0.000072 -0.169880 -0.166675 -0.008465 0.011374 -0.237959 -9.806107 
104.599998 -0.004692 0.043565 0.947745 28.851828 11.592818 -0.325982 0.000000 0.000000 0.000000 0.055006 0.009187 0.013137 0.000000 0.000000 0.000000 -0.000641 0.000008 0.000047 -0.169320 -0.166713 -0.008664 0.011385 -0.238062 -9.806104 
104.699470 -0.003662 0.044264 0.947632 28.857171 11.589334 -0.324601 0.000000 0.000000 0.000000 0.061526 -0.012586 0.011840 0.000000 0.000000 0.000000 -0.000658 -0.000006 0.000044 -0.168985 -0.166566 -0.008670 0.011424 -0.238118 -9.806103 
104.800332 -0.002934 0.042648 0.946940 28.860776 11.587704 -0.326661 0.000000 0.000000 0.000000 0.054649 -0.018522 0.006501 0.000000 0.000000 0.000000 -0.000601 0.000064 0.000062 -0.168849 -0.166841 -0.008257 0.011373 -0.238149 -9.806102 
104.899907 -0.006889 0.039456 0.947069 28.861666 11.585020 -0.327372 0.000000 0.000000 0.000000 0.041849 -0.026922 0.002580 0.000000 0.000000 0.000000 -0.000543 0.000094 0.000062 -0.168568 -0.167270 -0.008115 0.011298 -0.238212 -9.806101 
105.000759 -0.006310 0.039304 0.947056 28.862639 11.583025 -0.329156 0.000000 0.000000 0.000000 0.030789 -0.030365 -0.006963 0.000000 0.000000 0.000000 -0.000546 0.000117 0.000060 -0.168485 -0.167637 -0.007888 0.011230 -0.238237 -9.806100 
105.100262 -0.006277 0.038902 0.947049 28.861819 11.581703 -0.332777 0.000000 0.000000 0.000000 0.020596 -0.033428 -0.014237 0.000000 0.000000 0.000000 -0.000543 0.000126 0.000062 -0.168447 -0.168166 -0.007521 0.011129 -0.238258 -9.806100 
105.199799 -0.007032 0.040443 0.946936 28.860709 11.581793 -0.329486 0.000000 0.000000 0.000000 0.013001 -0.025146 0.003105 0.000000 0.000000 0.000000 -0.000564 0.000063 0.000068 -0.168540 -0.168683 -0.008094 0.011029 -0.238258 -9.806100 
105.300684 -0.007358 0.040308 0.946493 28.862497 11.584370 -0.330953 0.000000 0.000000 0.000000 0.016938 -0.010017 -0.001321 0.000000 0.000000 0.000000 -0.000559 0.000072 0.000080 -0.168985 -0.168898 -0.007891 0.010975 -0.238186 -9.806102 
105.400237 -0.006689 0.039109 0.946493 28.861688 11.582942 -0.332706 0.000000 0.000000 0.000000 0.016024 -0.019916 -0.007196 0.000000 0.000000 0.000000 -0.000545 0.000118 0.000070 -0.168835 -0.169197 -0.007691 0.010923 -0.238220 -9.806101 
105.499758 -0.006141 0.039368 0.946259 28.863115 11.583747 -0.333203 0.000000 0.000000 0.000000 0.019573 -0.013983 -0.004768 0.000000 0.000000 0.000000 -0.000550 0.000116 0.000079 -0.169054 -0.169390 -0.007714 0.010881 -0.238188 -9.806102 
105.600598 -0.015146 0.039549 0.947188 28.864939 11.583684 -0.342519 0.000000 0.000000 0.000000 0.001247 0.039162 -0.062608 0.000000 0.000000 0.000000 -0.000370 -0.000010 0.000043 -0.169140 -0.169480 -0.006694 0.010863 -0.238174 -9.806102 
105.700142 -0.018916 0.028430 0.949404 28.874845 11.597115 -0.351857 0.000000 0.000000 0.000000 0.153772 0.164046 -0.078877 0.000000 0.000000 0.000000 -0.000465 0.000063 0.000054 -0.169931 -0.169578 -0.006141 0.010824 -0.238039 -9.806105 
105.801010 -0.004306 0.028205 0.944174 28.898329 11.624187 -0.347172 0.000000 0.000000 0.000000 0.415514 0.353520 -0.080874 0.000000 0.000000 0.000000 -0.000662 0.000268 0.000109 -0.169810 -0.170094 -0.008045 0.010721 -0.238073 -9.806105 
105.900517 0.001637 0.043745 0.943867 28.943674 11.668443 -0.337557 0.000000 0.000000 0.000000 0.386955 0.325423 0.060461 0.000000 0.000000 0.000000 -0.000589 -0.000049 0.000144 -0.170666 -0.170255 -0.009639 0.010655 -0.237930 -9.806108 
106.000083 0.003543 0.052341 0.943568 28.975463 11.698197 -0.324626 0.000000 0.000000 0.000000 0.326857 0.268818 0.084661 0.000000 0.000000 0.000000 -0.000596 -0.000042 0.000093 -0.170426 -0.170833 -0.010218 0.010550 -0.237989 -9.806107 
106.099572 -0.015554 0.044813 0.940716 29.009647 11.718990 -0.350178 0.000000 0.000000 0.000000 0.218377 0.052117 -0.082404 0.000000 0.000000 0.000000 -0.000478 -0.000081 0.000068 -0.171056 -0.170319 -0.006958 0.010636 -0.237852 -9.806110 
106.200476 0.006324 0.054739 0.947316 29.031348 11.698675 -0.343273 0.000000 0.000000 0.000000 0.219787 -0.225369 0.088930 0.000000 0.000000 0.000000 -0.000763 0.000039 0.000019 -0.170065 -0.170216 -0.008379 0.010684 -0.238023 -9.806106 
106.300007 0.017554 0.036039 0.950371 29.038498 11.669402 -0.333044 0.000000 0.000000 0.000000 0.162320 -0.252163 0.030293 0.000000 0.000000 0.000000 -0.000684 0.000304 -0.000034 -0.168767 -0.171566 -0.009294 0.010477 -0.238278 -9.806100 
106.399540 0.020440 0.035650 0.949153 29.040703 11.654044 -0.323326 0.000000 0.000000 0.000000 0.058756 -0.193034 0.037044 0.000000 0.000000 0.000000 -0.000643 0.000091 0.000025 -0.168776 -0.173032 -0.010464 0.010220 -0.238320 -9.806099 
106.500355 0.005083 0.035523 0.946898 29.041767 11.629415 -0.326492 0.000000 0.000000 0.000000 0.032689 -0.217543 -0.015303 0.000000 0.000000 0.000000 -0.000464 0.000026 0.000032 -0.168175 -0.173274 -0.009963 0.010188 -0.238423 -9.806097 
106.599937 -0.012744 0.042894 0.940709 29.039365 11.605087 -0.321251 0.000000 0.000000 0.000000 -0.009458 -0.176342 0.080865 0.000000 0.000000 0.000000 -0.000610 -0.000085 0.000086 -0.167712 -0.173670 -0.009928 0.010128 -0.238511 -9.806095 
106.700788 -0.003006 0.048031 0.946992 29.038991 11.592656 -0.313773 0.000000 0.000000 0.000000 -0.000795 -0.045543 0.011296 0.000000 0.000000 0.000000 -0.000868 -0.000017 -0.000018 -0.167569 -0.173805 -0.010574 0.010112 -0.238548 -9.806094 
106.800283 -0.010452 0.050700 0.944801 29.035635 11.591144 -0.316901 0.000000 0.000000 0.000000 -0.023077 0.016941 0.015707 0.000000 0.000000 0.000000 -0.000688 0.000013 0.000046 -0.167418 -0.173995 -0.009944 0.010078 -0.238572 -9.806093 
106.900056 -0.018121 0.053226 0.946138 29.034412 11.599442 -0.313828 0.000000 0.000000 0.000000 -0.012997 0.050186 0.016889 0.000000 0.000000 0.000000 -0.000682 -0.000089 0.000023 -0.167915 -0.174214 -0.010153 0.010027 -0.238496 -9.806095 
107.000723 -0.024331 0.047723 0.945925 29.033540 11.604418 -0.315612 0.000000 0.000000 0.000000 -0.001940 0.047533 0.007501 0.000000 0.000000 0.000000 -0.000634 -0.000025 0.000014 -0.167924 -0.174205 -0.009732 0.010027 -0.238495 -9.806095 
107.100208 -0.029187 0.043659 0.946615 29.032976 11.604405 -0.319732 0.000000 0.000000 0.000000 0.008922 0.021160 -0.009208 0.000000 0.000000 0.000000 -0.000606 0.000031 0.000000 -0.167554 -0.174110 -0.009138 0.010051 -0.238558 -9.806094 
107.199801 -0.033228 0.041758 0.946489 29.034408 11.606826 -0.324376 0.000000 0.000000 0.000000 0.017376 0.011451 -0.021288 0.000000 0.000000 0.000000 -0.000596 0.000039 -0.000005 -0.167649 -0.174130 -0.008695 0.010046 -0.238549 -9.806094 
107.300601 -0.018367 0.054931 0.945216 29.042798 11.614207 -0.327454 0.000000 0.000000 0.000000 0.042751 0.077911 -0.014516 0.000000 0.000000 0.000000 -0.000643 0.000011 0.000017 -0.168435 -0.173818 -0.008700 0.010081 -0.238413 -9.806097 
107.400195 0.001454 0.062905 0.946991 29.054074 11.634928 -0.334183 0.000000 0.000000 0.000000 0.195279 0.276178 -0.066015 0.000000 0.000000 0.000000 -0.000795 0.000104 0.000010 -0.168952 -0.174214 -0.008106 0.010002 -0.238350 -9.806099 
107.499715 -0.004872 0.051934 0.941834 29.073871 11.684374 -0.329549 0.000000 0.000000 0.000000 0.265504 0.516611 -0.004389 0.000000 0.000000 0.000000 -0.000648 0.000168 0.000096 -0.169410 -0.174977 -0.009517 0.009854 -0.238267 -9.806101 
107.600579 -0.016140 0.059584 0.943364 29.091167 11.739032 -0.298960 0.000000 0.000000 0.000000 0.192760 0.423136 0.157380 0.000000 0.000000 0.000000 -0.000757 0.000127 0.000027 -0.169337 -0.176175 -0.012567 0.009661 -0.238262 -9.806101 
107.700090 -0.019160 0.070526 0.946438 29.109677 11.778472 -0.277172 0.000000 0.000000 0.000000 0.199049 0.394524 0.185206 0.000000 0.000000 0.000000 -0.000595 0.000126 0.000001 -0.169192 -0.176037 -0.012843 0.009692 -0.238279 -9.806101 
107.799631 -0.027477 0.072955 0.946246 29.131274 11.820806 -0.296208 0.000000 0.000000 0.000000 0.274972 0.488129 -0.018910 0.000000 0.000000 0.000000 -0.000376 0.000173 0.000015 -0.169388 -0.175866 -0.008794 0.009660 -0.238305 -9.806100 
107.900153 -0.037684 0.078764 0.944498 29.164053 11.872333 -0.309779 0.000000 0.000000 0.000000 0.351776 0.517365 0.014262 0.000000 0.000000 0.000000 -0.000329 0.000092 0.000017 -0.169261 -0.175689 -0.007251 0.009668 -0.238353 -9.806099 
108.000032 -0.028285 0.087394 0.945706 29.189390 11.912768 -0.317749 0.000000 0.000000 0.000000 0.277063 0.362876 -0.012836 0.000000 0.000000 0.000000 -0.000501 0.000219 -0.000041 -0.168727 -0.176083 -0.006190 0.009594 -0.238477 -9.806096 
108.099521 -0.030205 0.083251 0.944687 29.217537 11.949101 -0.318470 0.000000 0.000000 0.000000 0.282341 0.374989 -0.084733 0.000000 0.000000 0.000000 -0.000445 0.000256 0.000020 -0.168722 -0.175994 -0.006968 0.009625 -0.238449 -9.806097 
108.200184 -0.001461 0.113806 0.948105 29.247684 11.994187 -0.301225 0.000000 0.000000 0.000000 0.268489 0.398535 0.174656 0.000000 0.000000 0.000000 -0.000851 0.000308 -0.000024 -0.168532 -0.176465 -0.010241 0.009618 -0.238358 -9.806099 
108.299957 -0.021439 0.098367 0.948615 29.261402 12.016784 -0.338151 0.000000 0.000000 0.000000 0.119372 0.249434 -0.127942 0.000000 0.000000 0.000000 0.000030 0.000337 -0.000041 -0.167979 -0.176658 -0.004440 0.009446 -0.238690 -9.806091 
108.399447 -0.041267 0.096444 0.946907 29.272452 12.030132 -0.347617 0.000000 0.000000 0.000000 0.092735 0.115376 -0.152612 0.000000 0.000000 0.000000 -0.000182 0.000243 -0.000038 -0.167491 -0.176235 -0.005057 0.009552 -0.238732 -9.806090 
108.500313 -0.048144 0.119229 0.945180 29.276574 12.029725 -0.355066 0.000000 0.000000 0.000000 0.062766 0.014903 -0.131488 0.000000 0.000000 0.000000 -0.000383 0.000073 -0.000029 -0.166471 -0.176235 -0.005770 0.009605 -0.238859 -9.806087 
108.599880 -0.065397 0.123930 0.938969 29.292351 12.031462 -0.364130 0.000000 0.000000 0.000000 0.069718 0.022550 0.004034 0.000000 0.000000 0.000000 -0.000383 0.000167 0.000052 -0.167152 -0.175167 -0.005486 0.009757 -0.238743 -9.806089 
108.700739 -0.048985 0.155226 0.944561 29.290649 12.024380 -0.366489 0.000000 0.000000 0.000000 0.009585 -0.056101 -0.083110 0.000000 0.000000 0.000000 -0.000754 0.000042 -0.000057 -0.166203 -0.175755 -0.005884 0.009700 -0.238876 -9.806086 
108.800249 -0.045278 0.159651 0.940744 29.289498 12.022062 -0.363437 0.000000 0.000000 0.000000 -0.037173 -0.045471 -0.028249 0.000000 0.000000 0.000000 -0.000747 0.000074 0.000032 -0.166168 -0.175888 -0.007442 0.009753 -0.238763 -9.806089 
108.901146 -0.046096 0.155688 0.945199 29.285903 12.015171 -0.362573 0.000000 0.000000 0.000000 -0.064165 -0.064380 -0.024488 0.000000 0.000000 0.000000 -0.000665 0.000121 -0.000018 -0.166042 -0.175683 -0.008080 0.009828 -0.238723 -9.806090 
109.000678 -0.042982 0.157227 0.949066 29.277343 12.008191 -0.358583 0.000000 0.000000 0.000000 -0.087989 -0.027657 -0.049931 0.000000 0.000000 0.000000 -0.000660 0.000158 -0.000025 -0.165698 -0.175731 -0.008813 0.009879 -0.238706 -9.806090 
109.100219 -0.042430 0.153403 0.944628 29.275286 12.009824 -0.352974 0.000000 0.000000 0.000000 -0.033435 0.010462 -0.025829 0.000000 0.000000 0.000000 -0.000697 0.000080 0.000027 -0.165808 -0.175457 -0.010273 0.010028 -0.238543 -9.806094 
109.199650 -0.040963 0.144477 0.945557 29.282526 12.015320 -0.354066 0.000000 0.000000 0.000000 0.034921 0.027364 -0.027724 0.000000 0.000000 0.000000 -0.000652 0.000105 -0.000027 -0.166558 -0.174791 -0.010640 0.010141 -0.238383 -9.806098 
109.300596 -0.039202 0.140575 0.944718 29.290479 12.022863 -0.356781 0.000000 0.000000 0.000000 0.067715 0.038532 -0.011108 0.000000 0.000000 0.000000 -0.000649 0.000058 -0.000037 -0.167164 -0.174689 -0.010632 0.010138 -0.238291 -9.806100 
109.400126 -0.040009 0.138657 0.944875 29.297593 12.026307 -0.354231 0.000000 0.000000 0.000000 0.076887 0.027648 0.012386 0.000000 0.000000 0.000000 -0.000619 0.000061 -0.000045 -0.167080 -0.174734 -0.010964 0.010158 -0.238275 -9.806100 
109.499659 -0.038664 0.137462 0.945628 29.304360 12.029488 -0.354142 0.000000 0.000000 0.000000 0.078666 0.019204 0.007374 0.000000 0.000000 0.000000 -0.000603 0.000092 -0.000054 -0.167126 -0.174886 -0.010835 0.010123 -0.238282 -9.806100 
109.600495 -0.040137 0.137235 0.944895 29.308928 12.029234 -0.356343 0.000000 0.000000 0.000000 0.067181 0.004936 -0.003776 0.000000 0.000000 0.000000 -0.000596 0.000073 -0.000033 -0.166897 -0.175114 -0.010416 0.010064 -0.238356 -9.806098 
109.700084 -0.042587 0.131632 0.944976 29.313979 12.027446 -0.355271 0.000000 0.000000 0.000000 0.066846 -0.010499 0.005537 0.000000 0.000000 0.000000 -0.000549 0.000172 -0.000038 -0.166611 -0.175250 -0.010555 0.010059 -0.238390 -9.806098 
109.800904 -0.044800 0.129396 0.945752 29.318789 12.031486 -0.353337 0.000000 0.000000 0.000000 0.060249 -0.001465 0.010670 0.000000 0.000000 0.000000 -0.000542 0.000209 -0.000050 -0.166886 -0.175695 -0.010758 0.009992 -0.238343 -9.806099 
109.900409 -0.044301 0.130573 0.945637 29.319686 12.033376 -0.350639 0.000000 0.000000 0.000000 0.041891 -0.000575 0.013628 0.000000 0.000000 0.000000 -0.000560 0.000176 -0.000052 -0.166759 -0.176311 -0.010946 0.009907 -0.238360 -9.806098 
109.999991 -0.044154 0.129649 0.946023 29.321207 12.034704 -0.350629 0.000000 0.000000 0.000000 0.037934 -0.004108 0.011328 0.000000 0.000000 0.000000 -0.000545 0.000209 -0.000060 -0.166776 -0.176687 -0.010752 0.009835 -0.238380 -9.806098 
110.100845 -0.044331 0.129019 0.945948 29.321318 12.036559 -0.350118 0.000000 0.000000 0.000000 0.025648 -0.004264 0.006840 0.000000 0.000000 0.000000 -0.000529 0.000228 -0.000056 -0.166800 -0.177198 -0.010682 0.009748 -0.238393 -9.806098 
110.200334 -0.047794 0.126852 0.945344 29.323077 12.038294 -0.349989 0.000000 0.000000 0.000000 0.029106 -0.006853 0.004273 0.000000 0.000000 0.000000 -0.000509 0.000236 -0.000052 -0.166961 -0.177412 -0.010618 0.009706 -0.238379 -9.806098 
110.299918 -0.046818 0.125450 0.945822 29.324096 12.040638 -0.350287 0.000000 0.000000 0.000000 0.023324 -0.000754 0.001828 0.000000 0.000000 0.000000 -0.000516 0.000282 -0.000066 -0.167137 -0.177803 -0.010542 0.009634 -0.238367 -9.806099 
110.400762 -0.047023 0.125884 0.945451 29.323512 12.041476 -0.348889 0.000000 0.000000 0.000000 0.008146 -0.000791 0.005976 0.000000 0.000000 0.000000 -0.000522 0.000273 -0.000058 -0.167036 -0.178122 -0.010671 0.009593 -0.238379 -9.806098 
110.500283 -0.046978 0.125469 0.945702 29.323282 12.042025 -0.348515 0.000000 0.000000 0.000000 0.010565 -0.010334 0.004606 0.000000 0.000000 0.000000 -0.000528 0.000285 -0.000063 -0.167070 -0.178311 -0.010653 0.009561 -0.238379 -9.806098 
110.599835 -0.046830 0.125924 0.945322 29.324241 12.041872 -0.349281 0.000000 0.000000 0.000000 0.017037 -0.016477 -0.000064 0.000000 0.000000 0.000000 -0.000531 0.000272 -0.000057 -0.167182 -0.178431 -0.010518 0.009532 -0.238376 -9.806098 
110.700696 -0.046690 0.126300 0.945801 29.324345 12.040845 -0.349731 0.000000 0.000000 0.000000 0.009304 -0.018619 -0.001797 0.000000 0.000000 0.000000 -0.000532 0.000263 -0.000072 -0.167178 -0.178630 -0.010465 0.009498 -0.238384 -9.806098 
110.800216 -0.047237 0.125498 0.945885 29.324661 12.042147 -0.348986 0.000000 0.000000 0.000000 0.009282 -0.015227 0.001248 0.000000 0.000000 0.000000 -0.000513 0.000274 -0.000073 -0.167397 -0.178871 -0.010605 0.009461 -0.238347 -9.806099 
110.899766 -0.047021 0.126622 0.945857 29.323485 12.042252 -0.349425 0.000000 0.000000 0.000000 0.008048 -0.018628 -0.001088 0.000000 0.000000 0.000000 -0.000532 0.000246 -0.000073 -0.167443 -0.179216 -0.010542 0.009403 -0.238353 -9.806099 
111.000620 -0.046574 0.126979 0.945953 29.324278 12.042624 -0.348616 0.000000 0.000000 0.000000 0.010731 -0.016948 0.001881 0.000000 0.000000 0.000000 -0.000542 0.000240 -0.000077 -0.167615 -0.179370 -0.010677 0.009380 -0.238321 -9.806100 
111.100149 -0.046860 0.126869 0.945524 29.323702 12.041023 -0.348670 0.000000 0.000000 0.000000 0.006683 -0.022209 0.001024 0.000000 0.000000 0.000000 -0.000536 0.000236 -0.000063 -0.167555 -0.179551 -0.010639 0.009352 -0.238336 -9.806100 
111.199686 -0.047024 0.125783 0.945991 29.323445 12.040279 -0.349049 0.000000 0.000000 0.000000 0.008932 -0.024778 -0.000857 0.000000 0.000000 0.000000 -0.000518 0.000260 -0.000076 -0.167646 -0.179758 -0.010592 0.009315 -0.238331 -9.806100 
111.300543 -0.046916 0.125985 0.945835 29.323449 12.039016 -0.348808 0.000000 0.000000 0.000000 0.009023 -0.027675 0.000035 0.000000 0.000000 0.000000 -0.000521 0.000255 -0.000071 -0.167703 -0.179948 -0.010638 0.009286 -0.238323 -9.806100 
111.400082 -0.047043 0.126712 0.945603 29.322923 12.038793 -0.348759 0.000000 0.000000 0.000000 0.005515 -0.024240 0.000024 0.000000 0.000000 0.000000 -0.000530 0.000232 -0.000064 -0.167839 -0.180229 -0.010660 0.009240 -0.238308 -9.806100 
111.499618 -0.046604 0.126260 0.945806 29.322041 12.038548 -0.348568 0.000000 0.000000 0.000000 0.004605 -0.023864 0.000345 0.000000 0.000000 0.000000 -0.000538 0.000251 -0.000071 -0.167938 -0.180512 -0.010695 0.009195 -0.238298 -9.806101 
111.600434 -0.046799 0.125523 0.945676 29.322660 12.038574 -0.349041 0.000000 0.000000 0.000000 0.009547 -0.023364 -0.001846 0.000000 0.000000 0.000000 -0.000520 0.000267 -0.000065 -0.168165 -0.180662 -0.010662 0.009165 -0.238271 -9.806101 
111.700027 -0.047425 0.126862 0.945732 29.323387 12.039154 -0.349964 0.000000 0.000000 0.000000 0.011202 -0.019435 -0.005114 0.000000 0.000000 0.000000 -0.000519 0.000220 -0.000067 -0.168416 -0.180856 -0.010603 0.009126 -0.238245 -9.806102 
111.799500 -0.047509 0.126039 0.945892 29.324750 12.042133 -0.350308 0.000000 0.000000 0.000000 0.015053 -0.008983 -0.004946 0.000000 0.000000 0.000000 -0.000506 0.000239 -0.000071 -0.168826 -0.181107 -0.010674 0.009081 -0.238187 -9.806103 
111.900357 -0.047605 0.125039 0.946033 29.325041 12.041715 -0.351446 0.000000 0.000000 0.000000 0.014276 -0.014230 -0.007742 0.000000 0.000000 0.000000 -0.000489 0.000263 -0.000074 -0.168830 -0.181290 -0.010598 0.009049 -0.238196 -9.806103 
111.999928 -0.044908 0.128024 0.945952 29.324924 12.042158 -0.348695 0.000000 0.000000 0.000000 0.017381 -0.028737 -0.003615 0.000000 0.000000 0.000000 -0.000565 0.000218 -0.000079 -0.168833 -0.181608 -0.011063 0.009022 -0.238168 -9.806104 
112.099425 -0.041311 0.124006 0.950086 29.325412 12.040012 -0.349709 0.000000 0.000000 0.000000 0.071207 0.066592 0.016899 0.000000 0.000000 0.000000 -0.000412 0.000245 -0.000120 -0.168500 -0.181864 -0.011010 0.008989 -0.238223 -9.806103 
112.200283 -0.046042 0.115907 0.940968 29.345096 12.061142 -0.355945 0.000000 0.000000 0.000000 0.296591 0.275075 -0.083656 0.000000 0.000000 0.000000 -0.000421 0.000251 0.000018 -0.169332 -0.181717 -0.010578 0.008971 -0.238136 -9.806105 
112.299834 -0.037356 0.114265 0.943406 29.389648 12.093569 -0.365927 0.000000 0.000000 0.000000 0.345179 0.271776 -0.001476 0.000000 0.000000 0.000000 -0.000415 0.000205 -0.000037 -0.170228 -0.180918 -0.010171 0.009051 -0.238026 -9.806107 
112.400672 -0.024237 0.115925 0.940355 29.411516 12.112879 -0.316453 0.000000 0.000000 0.000000 0.297440 0.145708 0.203502 0.000000 0.000000 0.000000 -0.000706 0.000170 -0.000009 -0.168345 -0.181860 -0.015838 0.009193 -0.237934 -9.806110 
112.500242 -0.033985 0.110015 0.941584 29.441341 12.143610 -0.327314 0.000000 0.000000 0.000000 0.191817 0.157186 0.067667 0.000000 0.000000 0.000000 -0.000317 0.000200 0.000012 -0.170260 -0.181711 -0.013147 0.009059 -0.237829 -9.806112 
112.599773 -0.050710 0.090680 0.941343 29.440123 12.135755 -0.324353 0.000000 0.000000 0.000000 0.037511 -0.174506 0.123252 0.000000 0.000000 0.000000 -0.000243 0.000386 -0.000056 -0.168678 -0.182682 -0.012292 0.008911 -0.238104 -9.806106 
112.699278 -0.028375 0.091169 0.952528 29.446295 12.116602 -0.338519 0.000000 0.000000 0.000000 0.003059 -0.159590 0.048875 0.000000 0.000000 0.000000 -0.000419 0.000336 -0.000116 -0.169553 -0.181975 -0.008165 0.008840 -0.238187 -9.806104 
112.800141 -0.030279 0.096747 0.943906 29.436770 12.102319 -0.336989 0.000000 0.000000 0.000000 -0.044710 -0.102889 -0.005432 0.000000 0.000000 0.000000 -0.000444 0.000118 -0.000016 -0.168937 -0.182775 -0.008236 0.008736 -0.238280 -9.806102 
112.899710 -0.023381 0.091270 0.944349 29.435029 12.095937 -0.339974 0.000000 0.000000 0.000000 -0.059523 -0.060963 0.027567 0.000000 0.000000 0.000000 -0.000260 0.000113 -0.000027 -0.169431 -0.182551 -0.008183 0.008758 -0.238211 -9.806103 
113.000569 -0.042245 0.089517 0.940982 29.436345 12.092080 -0.362367 0.000000 0.000000 0.000000 -0.049922 -0.051718 0.029800 0.000000 0.000000 0.000000 -0.000128 0.000114 0.000023 -0.170429 -0.181907 -0.005185 0.008754 -0.238180 -9.806104 
113.100098 -0.051784 0.097312 0.940379 29.417420 12.082821 -0.352751 0.000000 0.000000 0.000000 -0.025747 -0.085260 -0.103680 0.000000 0.000000 0.000000 -0.000426 0.000053 -0.000046 -0.169030 -0.183605 -0.006972 0.008573 -0.238327 -9.806101 
113.200958 -0.048080 0.099733 0.943234 29.423067 12.080544 -0.350964 0.000000 0.000000 0.000000 0.024903 -0.040262 -0.053433 0.000000 0.000000 0.000000 -0.000479 0.000055 -0.000007 -0.169566 -0.183279 -0.008559 0.008642 -0.238183 -9.806104 
113.300185 -0.045891 0.103512 0.942126 29.424625 12.079318 -0.347094 0.000000 0.000000 0.000000 0.031462 -0.029790 -0.017128 0.000000 0.000000 0.000000 -0.000456 0.000057 -0.000010 -0.169531 -0.183571 -0.009663 0.008620 -0.238139 -9.806105 
113.400044 -0.043928 0.106992 0.943675 29.427937 12.081169 -0.344076 0.000000 0.000000 0.000000 0.031479 -0.013500 -0.000344 0.000000 0.000000 0.000000 -0.000469 0.000050 -0.000008 -0.169827 -0.183801 -0.010310 0.008593 -0.238070 -9.806107 
113.499555 -0.044062 0.113459 0.944076 29.428369 12.085847 -0.343990 0.000000 0.000000 0.000000 0.018400 0.001004 0.002263 0.000000 0.000000 0.000000 -0.000495 -0.000056 -0.000019 -0.170186 -0.184367 -0.010322 0.008506 -0.238031 -9.806108 
113.600383 -0.042296 0.115419 0.944878 29.429595 12.089889 -0.342254 0.000000 0.000000 0.000000 0.018023 0.009872 0.004663 0.000000 0.000000 0.000000 -0.000525 -0.000087 -0.000017 -0.170442 -0.184661 -0.010560 0.008465 -0.237989 -9.806109 
113.699954 -0.042034 0.115696 0.944822 29.430527 12.091667 -0.342950 0.000000 0.000000 0.000000 0.015836 0.006704 0.003426 0.000000 0.000000 0.000000 -0.000508 -0.000088 -0.000015 -0.170509 -0.184807 -0.010402 0.008439 -0.237991 -9.806109 
113.799455 -0.042020 0.116980 0.946643 29.433438 12.094307 -0.342170 0.000000 0.000000 0.000000 0.021883 0.006557 -0.000867 0.000000 0.000000 0.000000 -0.000506 -0.000112 -0.000034 -0.170764 -0.184808 -0.010487 0.008436 -0.237953 -9.806110 
113.900307 -0.041273 0.116271 0.944601 29.433750 12.095011 -0.343550 0.000000 0.000000 0.000000 0.019715 0.003870 -0.002645 0.000000 0.000000 0.000000 -0.000487 -0.000088 0.000009 -0.170678 -0.185022 -0.010303 0.008401 -0.237979 -9.806109 
113.999847 -0.039708 0.117830 0.946047 29.435647 12.094740 -0.344646 0.000000 0.000000 0.000000 0.023237 -0.004886 -0.006735 0.000000 0.000000 0.000000 -0.000527 -0.000111 -0.000025 -0.170658 -0.185035 -0.010216 0.008396 -0.237987 -9.806109 
114.100746 -0.040007 0.117530 0.945151 29.437644 12.095550 -0.344551 0.000000 0.000000 0.000000 0.023738 -0.005783 -0.004228 0.000000 0.000000 0.000000 -0.000499 -0.000107 -0.000003 -0.170749 -0.185167 -0.010322 0.008380 -0.237971 -9.806109 
114.200288 -0.040242 0.118118 0.944574 29.437568 12.096941 -0.345631 0.000000 0.000000 0.000000 0.016766 -0.001492 -0.006132 0.000000 0.000000 0.000000 -0.000502 -0.000122 0.000004 -0.170775 -0.185518 -0.010233 0.008326 -0.237979 -9.806109 
114.299801 -0.039889 0.116696 0.944666 29.438215 12.096949 -0.345761 0.000000 0.000000 0.000000 0.018808 -0.004688 -0.004333 0.000000 0.000000 0.000000 -0.000492 -0.000078 -0.000000 -0.170710 -0.185677 -0.010295 0.008308 -0.237986 -9.806109 
114.400676 -0.040606 0.116883 0.944900 29.438114 12.098007 -0.345039 0.000000 0.000000 0.000000 0.014739 -0.007518 -0.000933 0.000000 0.000000 0.000000 -0.000477 -0.000092 -0.000009 -0.170709 -0.186000 -0.010444 0.008268 -0.237983 -9.806109 
114.500204 -0.041419 0.116507 0.945407 29.437365 12.096940 -0.344425 0.000000 0.000000 0.000000 0.010979 -0.014500 0.002972 0.000000 0.000000 0.000000 -0.000477 -0.000096 -0.000013 -0.170552 -0.186247 -0.010517 0.008240 -0.238003 -9.806109 
114.599395 -0.041851 0.117399 0.945071 29.436362 12.095943 -0.345186 0.000000 0.000000 0.000000 0.006216 -0.014266 -0.002100 0.000000 0.000000 0.000000 -0.000485 -0.000125 -0.000007 -0.170482 -0.186499 -0.010397 0.008201 -0.238023 -9.806108 
114.700611 -0.044348 0.114886 0.945446 29.434633 12.094860 -0.342051 0.000000 0.000000 0.000000 0.005133 -0.019063 0.011112 0.000000 0.000000 0.000000 -0.000474 -0.000090 -0.000012 -0.170292 -0.186817 -0.010776 0.008175 -0.238030 -9.806108 
114.800147 -0.044713 0.115168 0.945084 29.435998 12.094157 -0.340153 0.000000 0.000000 0.000000 0.011251 -0.018922 0.014816 0.000000 0.000000 0.000000 -0.000494 -0.000104 -0.000000 -0.170422 -0.186818 -0.010898 0.008177 -0.238007 -9.806109 
114.900988 -0.045120 0.115110 0.945823 29.436110 12.097140 -0.339247 0.000000 0.000000 0.000000 0.007978 -0.001521 0.011360 0.000000 0.000000 0.000000 -0.000491 -0.000108 -0.000023 -0.170742 -0.187159 -0.010874 0.008123 -0.237974 -9.806110 
115.000512 -0.046273 0.114205 0.945386 29.435488 12.098724 -0.338408 0.000000 0.000000 0.000000 0.010455 -0.001927 0.009719 0.000000 0.000000 0.000000 -0.000477 -0.000097 -0.000006 -0.170802 -0.187440 -0.010847 0.008082 -0.237972 -9.806110 
115.099839 -0.045815 0.115273 0.945356 29.435006 12.099253 -0.339477 0.000000 0.000000 0.000000 0.010410 -0.003629 0.001483 0.000000 0.000000 0.000000 -0.000497 -0.000121 -0.000007 -0.170818 -0.187673 -0.010604 0.008041 -0.237988 -9.806109 
115.200934 -0.045989 0.114139 0.945608 29.436481 12.098969 -0.340452 0.000000 0.000000 0.000000 0.015511 -0.005057 -0.003018 0.000000 0.000000 0.000000 -0.000473 -0.000092 -0.000013 -0.170871 -0.187655 -0.010474 0.008038 -0.237988 -9.806109 
115.300409 -0.045964 0.114244 0.945578 29.436377 12.100245 -0.339525 0.000000 0.000000 0.000000 0.014317 -0.003140 0.001059 0.000000 0.000000 0.000000 -0.000481 -0.000094 -0.000013 -0.170886 -0.187954 -0.010630 0.008002 -0.237982 -9.806109 
115.399972 -0.046168 0.114783 0.945873 29.438497 12.101889 -0.339749 0.000000 0.000000 0.000000 0.024019 -0.001367 -0.001092 0.000000 0.000000 0.000000 -0.000480 -0.000111 -0.000022 -0.171092 -0.188035 -0.010615 0.007987 -0.237959 -9.806110 
115.500837 -0.045964 0.114376 0.945760 29.438863 12.102891 -0.340840 0.000000 0.000000 0.000000 0.020250 -0.000465 -0.005309 0.000000 0.000000 0.000000 -0.000475 -0.000097 -0.000019 -0.171080 -0.188334 -0.010502 0.007943 -0.237972 -9.806110 
115.600003 -0.045785 0.114807 0.945685 29.438426 12.102785 -0.339922 0.000000 0.000000 0.000000 0.014636 -0.003495 -0.000119 0.000000 0.000000 0.000000 -0.000487 -0.000105 -0.000017 -0.170891 -0.188613 -0.010664 0.007914 -0.237990 -9.806109 
115.699913 -0.046260 0.114556 0.945643 29.438150 12.101644 -0.340677 0.000000 0.000000 0.000000 0.014282 -0.010141 -0.003153 0.000000 0.000000 0.000000 -0.000470 -0.000105 -0.000015 -0.170733 -0.188793 -0.010564 0.007889 -0.238018 -9.806109 
115.800764 -0.046028 0.113349 0.945875 29.439585 12.102266 -0.340953 0.000000 0.000000 0.000000 0.019616 -0.008879 -0.003658 0.000000 0.000000 0.000000 -0.000456 -0.000070 -0.000021 -0.170861 -0.188923 -0.010586 0.007870 -0.238003 -9.806109 
115.900280 -0.046277 0.114962 0.945899 29.439281 12.102369 -0.340794 0.000000 0.000000 0.000000 0.014246 -0.008635 -0.001878 0.000000 0.000000 0.000000 -0.000468 -0.000116 -0.000023 -0.170799 -0.189227 -0.010646 0.007832 -0.238012 -9.806109 
115.999839 -0.045807 0.114927 0.945834 29.438991 12.103610 -0.340584 0.000000 0.000000 0.000000 0.012775 -0.004788 -0.000802 0.000000 0.000000 0.000000 -0.000480 -0.000108 -0.000021 -0.170852 -0.189536 -0.010703 0.007792 -0.238007 -9.806109 
116.100599 -0.045720 0.112703 0.945674 29.439166 12.103346 -0.341266 0.000000 0.000000 0.000000 0.013986 -0.008780 -0.003696 0.000000 0.000000 0.000000 -0.000450 -0.000048 -0.000014 -0.170815 -0.189700 -0.010635 0.007768 -0.238018 -9.806109 
116.200235 -0.047519 0.114227 0.947243 29.435339 12.100750 -0.344114 0.000000 0.000000 0.000000 -0.010494 -0.040587 -0.045549 0.000000 0.000000 0.000000 -0.000449 -0.000105 -0.000031 -0.170465 -0.190121 -0.010408 0.007712 -0.238080 -9.806107 
116.299721 -0.040117 0.116219 0.956174 29.429697 12.096650 -0.338840 0.000000 0.000000 0.000000 0.036390 -0.001300 0.010587 0.000000 0.000000 0.000000 -0.000535 -0.000064 -0.000071 -0.169782 -0.190651 -0.011468 0.007688 -0.238111 -9.806107 
116.399040 -0.044982 0.114120 0.985512 29.435450 12.110889 -0.344422 0.000000 0.000000 0.000000 0.111158 0.169186 -0.058022 0.000000 0.000000 0.000000 -0.000413 -0.000053 -0.000240 -0.170538 -0.191173 -0.010932 0.007585 -0.238059 -9.806108 
116.498785 -0.034871 0.101931 1.018637 29.441705 12.140751 -0.335455 0.000000 0.000000 0.000000 0.127046 0.233883 0.001539 0.000000 0.000000 0.000000 -0.000546 -0.000001 -0.000318 -0.170593 -0.192235 -0.012514 0.007490 -0.237992 -9.806110 
116.599685 -0.055338 0.096182 1.060777 29.446118 12.176351 -0.324386 0.000000 0.000000 0.000000 0.055788 0.202463 0.042356 0.000000 0.000000 0.000000 -0.000323 0.000079 -0.000389 -0.171369 -0.193418 -0.013625 0.007324 -0.237879 -9.806112 
116.699217 -0.064273 0.096460 1.108542 29.453892 12.196916 -0.349615 0.000000 0.000000 0.000000 0.021963 0.165778 -0.051069 0.000000 0.000000 0.000000 -0.000258 0.000122 -0.000428 -0.172387 -0.193043 -0.010313 0.007239 -0.237885 -9.806112 
116.800070 -0.055636 0.104854 1.152732 29.448513 12.209274 -0.355094 0.000000 0.000000 0.000000 -0.040774 0.102097 -0.009410 0.000000 0.000000 0.000000 -0.000601 0.000070 -0.000417 -0.172007 -0.193717 -0.010436 0.007169 -0.238008 -9.806109 
116.900948 -0.088528 0.093555 1.150736 29.444540 12.227852 -0.330039 0.000000 0.000000 0.000000 -0.120253 0.080971 0.082541 0.000000 0.000000 0.000000 -0.000428 -0.000090 -0.000027 -0.173014 -0.193297 -0.012234 0.007115 -0.237682 -9.806117 
117.001761 -0.066864 0.096285 1.114529 29.431107 12.220020 -0.341648 0.000000 0.000000 0.000000 -0.096637 0.016952 -0.027596 0.000000 0.000000 0.000000 -0.000766 -0.000075 0.000218 -0.171719 -0.193074 -0.010146 0.007384 -0.237976 -9.806110 
117.101299 -0.052889 0.101576 1.096325 29.421405 12.209230 -0.343910 0.000000 0.000000 0.000000 -0.076643 -0.042500 -0.013966 0.000000 0.000000 0.000000 -0.000852 -0.000081 0.000125 -0.170522 -0.192945 -0.010019 0.007636 -0.238152 -9.806106 
117.200863 -0.049310 0.100212 1.085635 29.417529 12.202318 -0.347639 0.000000 0.000000 0.000000 -0.048324 -0.068657 -0.018539 0.000000 0.000000 0.000000 -0.000684 0.000001 0.000065 -0.170462 -0.192540 -0.009711 0.007722 -0.238100 -9.806107 
117.300361 -0.048166 0.100578 1.081152 29.420392 12.194168 -0.350560 0.000000 0.000000 0.000000 -0.013023 -0.079808 -0.027049 0.000000 0.000000 0.000000 -0.000613 -0.000028 0.000008 -0.170590 -0.191631 -0.009571 0.007853 -0.237915 -9.806111 
117.399745 -0.047677 0.098368 1.081069 29.423252 12.188992 -0.351523 0.000000 0.000000 0.000000 0.008875 -0.078490 -0.018532 0.000000 0.000000 0.000000 -0.000558 0.000035 -0.000038 -0.170987 -0.191276 -0.009783 0.007839 -0.237779 -9.806114 
117.499420 -0.048831 0.098666 1.081373 29.427013 12.186424 -0.350851 0.000000 0.000000 0.000000 0.022376 -0.065090 -0.008687 0.000000 0.000000 0.000000 -0.000513 0.000015 -0.000037 -0.171566 -0.191112 -0.010139 0.007765 -0.237643 -9.806118 
117.599004 -0.047225 0.101350 1.083308 29.428283 12.185880 -0.349904 0.000000 0.000000 0.000000 0.020766 -0.047086 -0.001726 0.000000 0.000000 0.000000 -0.000573 -0.000027 -0.000072 -0.172090 -0.191422 -0.010416 0.007626 -0.237594 -9.806119 
117.699870 -0.046876 0.101353 1.084561 29.428355 12.184957 -0.348447 0.000000 0.000000 0.000000 0.012923 -0.037138 0.004020 0.000000 0.000000 0.000000 -0.000552 -0.000019 -0.000071 -0.172371 -0.191764 -0.010644 0.007524 -0.237590 -9.806119 
117.799350 -0.046244 0.101717 1.086022 29.428789 12.185161 -0.347678 0.000000 0.000000 0.000000 0.011781 -0.025592 0.006540 0.000000 0.000000 0.000000 -0.000554 -0.000023 -0.000084 -0.172708 -0.191988 -0.010726 0.007436 -0.237567 -9.806120 
117.900232 -0.045820 0.102304 1.087565 29.428314 12.188083 -0.347967 0.000000 0.000000 0.000000 0.006643 -0.012142 0.002378 0.000000 0.000000 0.000000 -0.000552 -0.000024 -0.000090 -0.173209 -0.192340 -0.010687 0.007301 -0.237542 -9.806121 
117.999748 -0.045367 0.104371 1.087649 29.426158 12.192130 -0.348545 0.000000 0.000000 0.000000 -0.002795 0.003678 -0.000637 0.000000 0.000000 0.000000 -0.000586 -0.000071 -0.000095 -0.173637 -0.192810 -0.010641 0.007159 -0.237547 -9.806121 
118.100642 -0.045546 0.103519 1.087554 29.426076 12.195377 -0.348710 0.000000 0.000000 0.000000 -0.001659 0.011763 -0.001765 0.000000 0.000000 0.000000 -0.000563 -0.000052 -0.000092 -0.173924 -0.192881 -0.010666 0.007104 -0.237512 -9.806121 
118.200187 -0.045302 0.104352 1.087656 29.425471 12.195649 -0.348701 0.000000 0.000000 0.000000 -0.000935 0.003960 -0.001558 0.000000 0.000000 0.000000 -0.000582 -0.000071 -0.000096 -0.173840 -0.192919 -0.010688 0.007111 -0.237530 -9.806121 
118.301038 -0.045390 0.102161 1.087346 29.424796 12.194266 -0.348597 0.000000 0.000000 0.000000 -0.001660 -0.008434 -0.000742 0.000000 0.000000 0.000000 -0.000542 -0.000012 -0.000083 -0.173667 -0.192963 -0.010704 0.007130 -0.237562 -9.806120 
118.400570 -0.045385 0.102290 1.087046 29.424771 12.192021 -0.348028 0.000000 0.000000 0.000000 -0.001454 -0.019087 0.001711 0.000000 0.000000 0.000000 -0.000539 -0.000015 -0.000076 -0.173556 -0.192920 -0.010770 0.007155 -0.237569 -9.806120 
118.500066 -0.044989 0.104687 1.087721 29.423161 12.191645 -0.348508 0.000000 0.000000 0.000000 -0.006436 -0.019939 -0.000567 0.000000 0.000000 0.000000 -0.000582 -0.000074 -0.000101 -0.173698 -0.193138 -0.010710 0.007097 -0.237583 -9.806120 
118.599634 -0.045092 0.102990 1.087223 29.423576 12.190908 -0.348284 0.000000 0.000000 0.000000 -0.000400 -0.021191 -0.000305 0.000000 0.000000 0.000000 -0.000550 -0.000027 -0.000083 -0.173872 -0.193079 -0.010759 0.007080 -0.237545 -9.806121 
118.700505 -0.045486 0.102781 1.087391 29.424316 12.188601 -0.347854 0.000000 0.000000 0.000000 0.004118 -0.024780 0.001165 0.000000 0.000000 0.000000 -0.000532 -0.000028 -0.000087 -0.173887 -0.193007 -0.010818 0.007090 -0.237529 -9.806121 
118.800030 -0.045411 0.103002 1.086845 29.424631 12.186135 -0.347453 0.000000 0.000000 0.000000 0.004453 -0.029365 0.001830 0.000000 0.000000 0.000000 -0.000536 -0.000031 -0.000070 -0.173896 -0.193031 -0.010855 0.007085 -0.237530 -9.806121 
118.900845 -0.045317 0.103782 1.086898 29.424112 12.187842 -0.347611 0.000000 0.000000 0.000000 0.002153 -0.019362 0.000233 0.000000 0.000000 0.000000 -0.000550 -0.000051 -0.000072 -0.174350 -0.193293 -0.010857 0.006974 -0.237500 -9.806122 
119.000401 -0.045319 0.104448 1.087324 29.423709 12.189449 -0.348104 0.000000 0.000000 0.000000 0.001782 -0.012528 -0.001831 0.000000 0.000000 0.000000 -0.000557 -0.000068 -0.000086 -0.174705 -0.193486 -0.010827 0.006889 -0.237475 -9.806123 
119.099932 -0.045259 0.102622 1.086702 29.424293 12.188438 -0.348178 0.000000 0.000000 0.000000 0.004220 -0.017355 -0.001873 0.000000 0.000000 0.000000 -0.000530 -0.000020 -0.000064 -0.174764 -0.193465 -0.010846 0.006884 -0.237462 -9.806123 
119.200532 -0.045859 0.102164 1.086933 29.425922 12.187086 -0.348354 0.000000 0.000000 0.000000 0.008979 -0.021423 -0.002018 0.000000 0.000000 0.000000 -0.000506 -0.000018 -0.000070 -0.174871 -0.193350 -0.010857 0.006887 -0.237429 -9.806124 
119.300312 -0.045500 0.104122 1.087415 29.425448 12.188455 -0.348123 0.000000 0.000000 0.000000 0.004770 -0.014790 -0.000409 0.000000 0.000000 0.000000 -0.000547 -0.000064 -0.000087 -0.175178 -0.193620 -0.010938 0.006799 -0.237418 -9.806124 
119.399891 -0.045337 0.102405 1.086842 29.425580 12.188525 -0.348440 0.000000 0.000000 0.000000 0.004326 -0.014120 -0.001440 0.000000 0.000000 0.000000 -0.000526 -0.000018 -0.000068 -0.175337 -0.193718 -0.010919 0.006759 -0.237409 -9.806124 
119.500700 -0.045762 0.104437 1.087234 29.425660 12.189564 -0.348742 0.000000 0.000000 0.000000 0.004044 -0.010916 -0.002366 0.000000 0.000000 0.000000 -0.000547 -0.000076 -0.000082 -0.175586 -0.193842 -0.010925 0.006703 -0.237390 -9.806125 
119.600242 -0.045762 0.102692 1.086808 29.426135 12.187616 -0.348191 0.000000 0.000000 0.000000 0.005048 -0.018894 0.000252 0.000000 0.000000 0.000000 -0.000519 -0.000030 -0.000066 -0.175514 -0.193828 -0.011011 0.006717 -0.237394 -9.806125 
119.699830 -0.046085 0.102567 1.086924 29.426276 12.185815 -0.347511 0.000000 0.000000 0.000000 0.004372 -0.023981 0.002509 0.000000 0.000000 0.000000 -0.000506 -0.000032 -0.000069 -0.175521 -0.193889 -0.011089 0.006706 -0.237398 -9.806125 
119.800671 -0.045979 0.102566 1.086981 29.425032 12.185215 -0.347584 0.000000 0.000000 0.000000 -0.001804 -0.022950 0.000985 0.000000 0.000000 0.000000 -0.000507 -0.000032 -0.000070 -0.175664 -0.194139 -0.011066 0.006646 -0.237413 -9.806124 
119.900163 -0.045591 0.104406 1.087275 29.424633 12.186339 -0.347739 0.000000 0.000000 0.000000 -0.001565 -0.016139 0.000006 0.000000 0.000000 0.000000 -0.000543 -0.000074 -0.000082 -0.176010 -0.194274 -0.011066 0.006574 -0.237382 -9.806125 
119.999722 -0.045631 0.104492 1.087342 29.424708 12.188195 -0.347937 0.000000 0.000000 0.000000 0.001180 -0.009160 -0.001229 0.000000 0.000000 0.000000 -0.000542 -0.000076 -0.000084 -0.176374 -0.194369 -0.011077 0.006507 -0.237341 -9.806126 
120.100566 -0.045577 0.104482 1.087357 29.424947 12.189370 -0.348038 0.000000 0.000000 0.000000 0.003529 -0.006749 -0.001480 0.000000 0.000000 0.000000 -0.000540 -0.000074 -0.000084 -0.176600 -0.194439 -0.011101 0.006464 -0.237316 -9.806127 
120.200089 -0.045797 0.102433 1.086704 29.424149 12.188660 -0.347764 0.000000 0.000000 0.000000 0.000096 -0.012072 0.000147 0.000000 0.000000 0.000000 -0.000500 -0.000023 -0.000060 -0.176568 -0.194590 -0.011150 0.006445 -0.237340 -9.806126 
120.299658 -0.045389 0.104486 1.087114 29.423632 12.187203 -0.347500 0.000000 0.000000 0.000000 -0.000821 -0.018245 0.000980 0.000000 0.000000 0.000000 -0.000541 -0.000071 -0.000076 -0.176544 -0.194657 -0.011180 0.006438 -0.237351 -9.806126 
120.400504 -0.045534 0.102228 1.086643 29.424442 12.187302 -0.347825 0.000000 0.000000 0.000000 0.003991 -0.016911 -0.001044 0.000000 0.000000 0.000000 -0.000501 -0.000014 -0.000058 -0.176795 -0.194632 -0.011153 0.006406 -0.237312 -9.806127 
120.500064 -0.045709 0.102455 1.086811 29.424445 12.186148 -0.347894 0.000000 0.000000 0.000000 0.002941 -0.020697 -0.001056 0.000000 0.000000 0.000000 -0.000497 -0.000022 -0.000063 -0.176860 -0.194706 -0.011164 0.006386 -0.237312 -9.806127 
120.599555 -0.045808 0.102931 1.087008 29.423811 12.187802 -0.348215 0.000000 0.000000 0.000000 -0.000414 -0.012934 -0.002317 0.000000 0.000000 0.000000 -0.000500 -0.000036 -0.000070 -0.177219 -0.194931 -0.011173 0.006300 -0.237291 -9.806127 
120.700429 -0.045748 0.102455 1.086699 29.424154 12.187755 -0.348077 0.000000 0.000000 0.000000 0.001781 -0.013870 -0.001288 0.000000 0.000000 0.000000 -0.000493 -0.000023 -0.000059 -0.177373 -0.194942 -0.011233 0.006277 -0.237267 -9.806128 
120.799958 -0.045650 0.104685 1.087168 29.424129 12.188399 -0.348177 0.000000 0.000000 0.000000 0.002358 -0.012064 -0.001442 0.000000 0.000000 0.000000 -0.000527 -0.000076 -0.000076 -0.177583 -0.195041 -0.011256 0.006233 -0.237249 -9.806128 
120.899473 -0.045666 0.102078 1.086575 29.423660 12.186521 -0.348215 0.000000 0.000000 0.000000 0.000439 -0.019480 -0.001042 0.000000 0.000000 0.000000 -0.000486 -0.000011 -0.000054 -0.177512 -0.195117 -0.011264 0.006231 -0.237270 -9.806128 
121.000615 -0.045692 0.101558 1.086849 29.423671 12.185273 -0.348423 0.000000 0.000000 0.000000 0.000661 -0.022619 -0.001599 0.000000 0.000000 0.000000 -0.000475 0.000002 -0.000062 -0.177610 -0.195155 -0.011262 0.006212 -0.237261 -9.806128 
121.099915 -0.045675 0.103271 1.086673 29.423528 12.186585 -0.348472 0.000000 0.000000 0.000000 0.000584 -0.015784 -0.001450 0.000000 0.000000 0.000000 -0.000501 -0.000040 -0.000059 -0.177965 -0.195297 -0.011309 0.006141 -0.237227 -9.806129 
121.200737 -0.045467 0.103108 1.086644 29.422484 12.186897 -0.348748 0.000000 0.000000 0.000000 -0.002825 -0.014292 -0.001973 0.000000 0.000000 0.000000 -0.000502 -0.000033 -0.000057 -0.178131 -0.195489 -0.011310 0.006089 -0.237229 -9.806129 
121.300262 -0.045305 0.103942 1.086683 29.422870 12.187444 -0.348550 0.000000 0.000000 0.000000 0.001142 -0.012857 -0.001026 0.000000 0.000000 0.000000 -0.000518 -0.000052 -0.000060 -0.178358 -0.195492 -0.011379 0.006058 -0.237194 -9.806130 
121.399841 -0.045716 0.103650 1.086811 29.422528 12.186929 -0.348430 0.000000 0.000000 0.000000 0.000715 -0.014922 -0.000520 0.000000 0.000000 0.000000 -0.000500 -0.000050 -0.000063 -0.178430 -0.195584 -0.011415 0.006034 -0.237194 -9.806130 
121.500292 -0.051707 0.093719 1.084732 29.429216 12.188138 -0.361507 0.000000 0.000000 0.000000 0.109530 0.013705 -0.082898 0.000000 0.000000 0.000000 -0.000540 -0.000003 -0.000003 -0.178695 -0.195516 -0.010205 0.005999 -0.237201 -9.806130 
121.600222 -0.043267 0.100046 1.083331 29.436221 12.194357 -0.342724 0.000000 0.000000 0.000000 0.118754 0.049794 0.014820 0.000000 0.000000 0.000000 -0.000636 -0.000008 0.000012 -0.178295 -0.196230 -0.013507 0.005970 -0.237208 -9.806130 
121.699760 -0.041608 0.103414 1.086576 29.454831 12.212945 -0.337015 0.000000 0.000000 0.000000 0.101756 0.178826 0.032722 0.000000 0.000000 0.000000 -0.000512 -0.000104 -0.000002 -0.179366 -0.195585 -0.014308 0.005930 -0.236939 -9.806136 
121.800645 -0.042980 0.089915 1.086228 29.476343 12.249314 -0.364752 0.000000 0.000000 0.000000 0.141252 0.447554 -0.142752 0.000000 0.000000 0.000000 -0.000460 -0.000041 0.000013 -0.181090 -0.194734 -0.011294 0.005805 -0.236712 -9.806142 
121.900164 -0.034038 0.091465 1.089337 29.480351 12.297983 -0.362044 0.000000 0.000000 0.000000 0.141683 0.483072 -0.083213 0.000000 0.000000 0.000000 -0.000603 -0.000030 -0.000079 -0.180333 -0.196419 -0.013039 0.005666 -0.236967 -9.806136 
121.999652 -0.041150 0.084504 1.084939 29.481925 12.338597 -0.338399 0.000000 0.000000 0.000000 -0.019464 0.306863 -0.013177 0.000000 0.000000 0.000000 -0.000500 0.000118 0.000041 -0.179819 -0.197181 -0.016497 0.005640 -0.237009 -9.806135 
122.100508 -0.033700 0.085693 1.087449 29.475682 12.364264 -0.351629 0.000000 0.000000 0.000000 -0.066846 0.211663 -0.088237 0.000000 0.000000 0.000000 -0.000513 -0.000022 -0.000048 -0.179755 -0.197189 -0.014682 0.005641 -0.237082 -9.806133 
122.200097 -0.028212 0.083981 1.087940 29.470297 12.385324 -0.350771 0.000000 0.000000 0.000000 -0.118622 0.219614 -0.035851 0.000000 0.000000 0.000000 -0.000459 -0.000056 -0.000022 -0.179891 -0.196629 -0.015574 0.005708 -0.236964 -9.806136 
122.299613 -0.039326 0.094538 1.081737 29.463361 12.400852 -0.357001 0.000000 0.000000 0.000000 -0.108759 0.104859 -0.032897 0.000000 0.000000 0.000000 -0.000458 0.000004 0.000058 -0.179967 -0.195775 -0.014619 0.005823 -0.236869 -9.806138 
122.400507 -0.046625 0.074379 1.083449 29.452887 12.406907 -0.362031 0.000000 0.000000 0.000000 -0.098896 0.023488 -0.113731 0.000000 0.000000 0.000000 -0.000381 -0.000089 -0.000011 -0.179845 -0.195878 -0.015106 0.005825 -0.236887 -9.806137 
122.500006 -0.045371 0.065236 1.083547 29.440092 12.406444 -0.366344 0.000000 0.000000 0.000000 -0.110766 -0.039620 -0.069650 0.000000 0.000000 0.000000 -0.000434 -0.000149 0.000024 -0.179629 -0.196305 -0.015926 0.005789 -0.236950 -9.806136 
122.599509 -0.034923 0.060623 1.085297 29.427712 12.404031 -0.367512 0.000000 0.000000 0.000000 -0.117255 -0.049548 -0.012409 0.000000 0.000000 0.000000 -0.000381 -0.000004 0.000007 -0.179753 -0.196574 -0.016552 0.005730 -0.236952 -9.806136 
122.700410 -0.016107 0.068554 1.098182 29.418067 12.397362 -0.362722 0.000000 0.000000 0.000000 -0.066768 -0.053642 -0.016261 0.000000 0.000000 0.000000 -0.000449 -0.000082 -0.000067 -0.179790 -0.196639 -0.016840 0.005713 -0.236949 -9.806136 
122.799536 -0.023574 0.067191 1.100004 29.409018 12.395487 -0.359552 0.000000 0.000000 0.000000 -0.016270 -0.014797 -0.001766 0.000000 0.000000 0.000000 -0.000284 -0.000090 0.000010 -0.179632 -0.197376 -0.017469 0.005619 -0.237055 -9.806134 
122.899430 -0.016629 0.074607 1.110575 29.406577 12.399594 -0.359125 0.000000 0.000000 0.000000 0.001857 0.003889 -0.003434 0.000000 0.000000 0.000000 -0.000446 -0.000237 -0.000051 -0.180092 -0.197842 -0.017559 0.005490 -0.237051 -9.806134 
123.000281 -0.012482 0.077914 1.116998 29.407328 12.406785 -0.361368 0.000000 0.000000 0.000000 0.000736 0.037986 -0.004275 0.000000 0.000000 0.000000 -0.000479 -0.000296 -0.000001 -0.180705 -0.197986 -0.017353 0.005387 -0.236985 -9.806135 
123.099829 -0.011495 0.077763 1.118723 29.406017 12.415712 -0.361082 0.000000 0.000000 0.000000 -0.011212 0.055076 -0.000035 0.000000 0.000000 0.000000 -0.000459 -0.000296 0.000029 -0.181144 -0.198269 -0.017445 0.005284 -0.236963 -9.806136 
123.200752 -0.010100 0.078288 1.120945 29.410229 12.423667 -0.360432 0.000000 0.000000 0.000000 0.008169 0.061895 0.005211 0.000000 0.000000 0.000000 -0.000468 -0.000287 0.000031 -0.181529 -0.197752 -0.017539 0.005303 -0.236832 -9.806139 
123.299995 -0.009254 0.077138 1.118909 29.412948 12.429036 -0.362422 0.000000 0.000000 0.000000 0.019416 0.053090 -0.000962 0.000000 0.000000 0.000000 -0.000437 -0.000251 0.000047 -0.181554 -0.197498 -0.017240 0.005335 -0.236791 -9.806140 
123.399767 -0.012976 0.076947 1.117375 29.416775 12.431249 -0.361750 0.000000 0.000000 0.000000 0.021624 0.041903 0.004672 0.000000 0.000000 0.000000 -0.000369 -0.000260 0.000053 -0.181310 -0.197188 -0.017300 0.005419 -0.236777 -9.806140 
123.500654 -0.020753 0.071143 1.116899 29.419747 12.433501 -0.358859 0.000000 0.000000 0.000000 0.028567 0.029683 0.013188 0.000000 0.000000 0.000000 -0.000340 -0.000244 0.000042 -0.181130 -0.197080 -0.017582 0.005466 -0.236785 -9.806140 
123.600150 -0.022292 0.069280 1.116275 29.423635 12.432251 -0.359599 0.000000 0.000000 0.000000 0.027591 0.018286 0.007930 0.000000 0.000000 0.000000 -0.000390 -0.000233 0.000051 -0.180780 -0.196774 -0.017296 0.005563 -0.236788 -9.806140 
123.699712 -0.021509 0.069673 1.116526 29.426201 12.428704 -0.360545 0.000000 0.000000 0.000000 0.031153 -0.002111 0.001942 0.000000 0.000000 0.000000 -0.000440 -0.000245 0.000048 -0.180280 -0.196646 -0.017076 0.005659 -0.236839 -9.806139 
123.800560 -0.021735 0.070252 1.116787 29.427884 12.428112 -0.363438 0.000000 0.000000 0.000000 0.022862 -0.004254 -0.011255 0.000000 0.000000 0.000000 -0.000424 -0.000258 0.000035 -0.180240 -0.196769 -0.016664 0.005647 -0.236864 -9.806138 
123.900110 -0.021415 0.070350 1.116065 29.428846 12.427361 -0.363825 0.000000 0.000000 0.000000 0.017952 -0.003345 -0.005917 0.000000 0.000000 0.000000 -0.000443 -0.000256 0.000050 -0.180161 -0.196919 -0.016723 0.005637 -0.236897 -9.806137 
123.999652 -0.020475 0.073572 1.116128 29.428377 12.428770 -0.364229 0.000000 0.000000 0.000000 0.015511 0.001588 -0.006398 0.000000 0.000000 0.000000 -0.000493 -0.000331 0.000050 -0.180260 -0.197280 -0.016751 0.005569 -0.236937 -9.806136 
124.100464 -0.021138 0.073577 1.116999 29.428309 12.427845 -0.363789 0.000000 0.000000 0.000000 0.011675 -0.001211 0.000139 0.000000 0.000000 0.000000 -0.000481 -0.000336 0.000038 -0.180101 -0.197465 -0.016848 0.005566 -0.236987 -9.806135 
124.199997 -0.024660 0.067288 1.115852 29.429949 12.427173 -0.363120 0.000000 0.000000 0.000000 0.018062 -0.003071 0.002179 0.000000 0.000000 0.000000 -0.000394 -0.000232 0.000083 -0.180049 -0.197412 -0.016923 0.005581 -0.236985 -9.806135 
124.300852 -0.023535 0.067830 1.115629 29.432562 12.429071 -0.363358 0.000000 0.000000 0.000000 0.022963 0.004207 0.001542 0.000000 0.000000 0.000000 -0.000427 -0.000226 0.000072 -0.180282 -0.197426 -0.016860 0.005545 -0.236956 -9.806136 
124.400383 -0.024266 0.067135 1.115741 29.433668 12.429077 -0.362164 0.000000 0.000000 0.000000 0.017424 0.006245 0.006854 0.000000 0.000000 0.000000 -0.000386 -0.000220 0.000068 -0.180187 -0.197526 -0.016960 0.005544 -0.236983 -9.806135 
124.499952 -0.024273 0.067102 1.116268 29.435051 12.428040 -0.361485 0.000000 0.000000 0.000000 0.019365 -0.003704 0.006723 0.000000 0.000000 0.000000 -0.000379 -0.000218 0.000054 -0.180043 -0.197551 -0.016948 0.005562 -0.237006 -9.806135 
124.600829 -0.023406 0.069444 1.115565 29.432528 12.426410 -0.361770 0.000000 0.000000 0.000000 0.003305 -0.005378 0.003574 0.000000 0.000000 0.000000 -0.000434 -0.000267 0.000070 -0.179796 -0.198023 -0.016801 0.005531 -0.237109 -9.806132 
124.700319 -0.023865 0.068749 1.116357 29.432217 12.426005 -0.362244 0.000000 0.000000 0.000000 0.004089 -0.003932 0.002422 0.000000 0.000000 0.000000 -0.000412 -0.000259 0.000061 -0.179794 -0.198130 -0.016680 0.005517 -0.237125 -9.806132 
124.799860 -0.023730 0.069399 1.116002 29.430814 12.424225 -0.363336 0.000000 0.000000 0.000000 0.001551 -0.007124 -0.002222 0.000000 0.000000 0.000000 -0.000423 -0.000273 0.000068 -0.179607 -0.198313 -0.016493 0.005519 -0.237178 -9.806131 
124.900742 -0.024212 0.067047 1.116355 29.430877 12.426143 -0.362321 0.000000 0.000000 0.000000 0.002312 0.001739 0.003249 0.000000 0.000000 0.000000 -0.000372 -0.000220 0.000063 -0.179838 -0.198430 -0.016659 0.005468 -0.237163 -9.806131 
125.000266 -0.024110 0.067268 1.116465 29.431823 12.427155 -0.361597 0.000000 0.000000 0.000000 0.007869 0.004826 0.005598 0.000000 0.000000 0.000000 -0.000379 -0.000226 0.000060 -0.179927 -0.198392 -0.016711 0.005460 -0.237145 -9.806131 
125.099804 -0.024786 0.067429 1.116434 29.432414 12.426611 -0.361593 0.000000 0.000000 0.000000 0.009184 0.002366 0.004318 0.000000 0.000000 0.000000 -0.000361 -0.000242 0.000063 -0.179821 -0.198392 -0.016628 0.005476 -0.237160 -9.806131 
125.200716 -0.024234 0.066675 1.116364 29.432450 12.426775 -0.361292 0.000000 0.000000 0.000000 0.007248 0.002914 0.004852 0.000000 0.000000 0.000000 -0.000362 -0.000214 0.000065 -0.179781 -0.198504 -0.016599 0.005466 -0.237181 -9.806131 
125.300166 -0.024286 0.069068 1.116350 29.431120 12.426898 -0.362789 0.000000 0.000000 0.000000 0.002042 0.003321 -0.002016 0.000000 0.000000 0.000000 -0.000396 -0.000275 0.000063 -0.179717 -0.198750 -0.016337 0.005442 -0.237226 -9.806129 
125.399864 -0.024583 0.067550 1.116512 29.431343 12.427098 -0.363761 0.000000 0.000000 0.000000 0.005886 0.003953 -0.004290 0.000000 0.000000 0.000000 -0.000362 -0.000240 0.000059 -0.179700 -0.198765 -0.016235 0.005443 -0.237231 -9.806129 
125.500604 -0.024279 0.066731 1.116373 29.431327 12.426031 -0.362816 0.000000 0.000000 0.000000 0.005648 0.000011 0.002018 0.000000 0.000000 0.000000 -0.000353 -0.000213 0.000064 -0.179521 -0.198809 -0.016394 0.005462 -0.237260 -9.806129 
125.600178 -0.024735 0.066831 1.116431 29.433211 12.426380 -0.362116 0.000000 0.000000 0.000000 0.012672 0.001636 0.004960 0.000000 0.000000 0.000000 -0.000343 -0.000222 0.000062 -0.179581 -0.198676 -0.016456 0.005471 -0.237233 -9.806129 
125.699632 -0.024568 0.066679 1.116023 29.432591 12.426002 -0.361687 0.000000 0.000000 0.000000 0.007417 0.000834 0.005775 0.000000 0.000000 0.000000 -0.000344 -0.000214 0.000075 -0.179469 -0.198888 -0.016432 0.005458 -0.237278 -9.806128 
125.800498 -0.024371 0.067226 1.115754 29.431586 12.422426 -0.362370 0.000000 0.000000 0.000000 0.003063 -0.010929 0.001777 0.000000 0.000000 0.000000 -0.000356 -0.000224 0.000082 -0.179086 -0.198981 -0.016247 0.005501 -0.237342 -9.806127 
125.900023 -0.024294 0.067683 1.116051 29.431637 12.424536 -0.362058 0.000000 0.000000 0.000000 0.003873 0.000681 0.003076 0.000000 0.000000 0.000000 -0.000362 -0.000233 0.000072 -0.179368 -0.199123 -0.016273 0.005441 -0.237324 -9.806127 
125.999676 -0.024358 0.068141 1.116070 29.431624 12.425071 -0.361665 0.000000 0.000000 0.000000 0.005078 0.002927 0.004186 0.000000 0.000000 0.000000 -0.000367 -0.000245 0.000071 -0.179392 -0.199199 -0.016280 0.005427 -0.237332 -9.806127 
126.100406 -0.024715 0.067593 1.116270 29.431225 12.426591 -0.361309 0.000000 0.000000 0.000000 0.003872 0.008046 0.004627 0.000000 0.000000 0.000000 -0.000347 -0.000236 0.000066 -0.179471 -0.199357 -0.016270 0.005394 -0.237343 -9.806127 
126.199945 -0.024864 0.067042 1.116088 29.430985 12.425725 -0.362120 0.000000 0.000000 0.000000 0.003681 0.003232 0.000449 0.000000 0.000000 0.000000 -0.000331 -0.000223 0.000072 -0.179303 -0.199384 -0.016098 0.005415 -0.237370 -9.806126 
126.300826 -0.024576 0.066649 1.116065 29.431953 12.425644 -0.362300 0.000000 0.000000 0.000000 0.008208 0.002148 0.000196 0.000000 0.000000 0.000000 -0.000331 -0.000208 0.000072 -0.179278 -0.199314 -0.016063 0.005428 -0.237364 -9.806126 
126.400341 -0.024529 0.066948 1.115983 29.430553 12.425255 -0.361722 0.000000 0.000000 0.000000 0.001538 0.000336 0.003254 0.000000 0.000000 0.000000 -0.000335 -0.000214 0.000074 -0.179148 -0.199566 -0.016119 0.005411 -0.237414 -9.806125 
126.499919 -0.024626 0.066933 1.116053 29.431361 12.424827 -0.361960 0.000000 0.000000 0.000000 0.006196 -0.001005 0.001732 0.000000 0.000000 0.000000 -0.000332 -0.000214 0.000072 -0.179125 -0.199486 -0.016043 0.005426 -0.237407 -9.806125 
126.600813 -0.024631 0.067102 1.116169 29.432265 12.425212 -0.361798 0.000000 0.000000 0.000000 0.009455 0.000911 0.002180 0.000000 0.000000 0.000000 -0.000333 -0.000218 0.000068 -0.179172 -0.199484 -0.016040 0.005420 -0.237401 -9.806125 
126.700269 -0.024685 0.065519 1.115767 29.431997 12.425248 -0.361594 0.000000 0.000000 0.000000 0.006317 0.000967 0.002827 0.000000 0.000000 0.000000 -0.000306 -0.000177 0.000082 -0.179127 -0.199635 -0.016030 0.005405 -0.237427 -9.806125 
126.799819 -0.024857 0.066051 1.115836 29.432296 12.425043 -0.361785 0.000000 0.000000 0.000000 0.006274 0.000139 0.001754 0.000000 0.000000 0.000000 -0.000309 -0.000193 0.000079 -0.179089 -0.199672 -0.015962 0.005406 -0.237437 -9.806124 
126.900658 -0.025150 0.064797 1.116020 29.432657 12.425952 -0.361821 0.000000 0.000000 0.000000 0.005808 0.003358 0.001514 0.000000 0.000000 0.000000 -0.000280 -0.000165 0.000074 -0.179166 -0.199739 -0.015934 0.005387 -0.237436 -9.806124 
127.000210 -0.024542 0.067781 1.116169 29.431843 12.426840 -0.361539 0.000000 0.000000 0.000000 0.001596 0.005705 0.002679 0.000000 0.000000 0.000000 -0.000342 -0.000231 0.000066 -0.179173 -0.199927 -0.015946 0.005360 -0.237460 -9.806124 
127.099724 -0.025041 0.066594 1.116093 29.430873 12.426024 -0.362204 0.000000 0.000000 0.000000 -0.000859 0.001762 -0.000046 0.000000 0.000000 0.000000 -0.000309 -0.000208 0.000070 -0.179006 -0.200023 -0.015812 0.005371 -0.237495 -9.806123 
127.200596 -0.025032 0.067332 1.116255 29.431051 12.428067 -0.362943 0.000000 0.000000 0.000000 0.001795 0.008842 -0.002280 0.000000 0.000000 0.000000 -0.000320 -0.000226 0.000064 -0.179191 -0.200061 -0.015724 0.005342 -0.237476 -9.806123 
127.300116 -0.025254 0.066685 1.116180 29.430531 12.427867 -0.364078 0.000000 0.000000 0.000000 0.001070 0.006021 -0.005345 0.000000 0.000000 0.000000 -0.000304 -0.000212 0.000067 -0.179070 -0.200114 -0.015600 0.005351 -0.237499 -9.806123 
127.399648 -0.025298 0.066784 1.116065 29.429911 12.426837 -0.363993 0.000000 0.000000 0.000000 -0.000180 0.001008 -0.002276 0.000000 0.000000 0.000000 -0.000303 -0.000215 0.000070 -0.178887 -0.200155 -0.015662 0.005370 -0.237528 -9.806122 
127.500514 -0.025276 0.066511 1.116015 29.428767 12.427230 -0.364203 0.000000 0.000000 0.000000 -0.003407 0.003079 -0.001278 0.000000 0.000000 0.000000 -0.000298 -0.000207 0.000072 -0.178874 -0.200300 -0.015657 0.005352 -0.237548 -9.806122 
127.600106 -0.025154 0.064806 1.115888 29.429701 12.427017 -0.364197 0.000000 0.000000 0.000000 0.003320 0.001251 -0.001079 0.000000 0.000000 0.000000 -0.000274 -0.000162 0.000076 -0.178858 -0.200149 -0.015670 0.005375 -0.237531 -9.806122 
127.699577 -0.032461 0.062021 1.112111 29.432057 12.426712 -0.377390 0.000000 0.000000 0.000000 -0.003629 0.003467 -0.059584 0.000000 0.000000 0.000000 -0.000194 -0.000236 0.000103 -0.179092 -0.199843 -0.014148 0.005394 -0.237468 -9.806124 
127.800435 -0.031081 0.063400 1.091398 29.440704 12.441612 -0.379543 0.000000 0.000000 0.000000 0.034887 0.187518 -0.090275 0.000000 0.000000 0.000000 -0.000343 -0.000158 0.000366 -0.180089 -0.198902 -0.015090 0.005381 -0.237217 -9.806130 
127.900959 -0.010988 0.077871 1.062508 29.457993 12.465926 -0.366648 0.000000 0.000000 0.000000 0.176819 0.286898 0.038976 0.000000 0.000000 0.000000 -0.000640 -0.000282 0.000447 -0.180044 -0.198006 -0.017742 0.005479 -0.237099 -9.806133 
128.000827 -0.013897 0.072767 1.021292 29.474977 12.490013 -0.361652 0.000000 0.000000 0.000000 0.108507 0.205952 -0.010604 0.000000 0.000000 0.000000 -0.000253 -0.000068 0.000554 -0.179858 -0.197606 -0.018218 0.005548 -0.237075 -9.806133 
128.100357 -0.007436 0.081381 0.979439 29.486211 12.495445 -0.365464 0.000000 0.000000 0.000000 0.070355 0.120169 -0.041057 0.000000 0.000000 0.000000 -0.000319 -0.000195 0.000599 -0.178807 -0.196860 -0.017736 0.005747 -0.237135 -9.806131 
128.201255 0.002027 0.064465 0.921827 29.498864 12.501423 -0.368984 0.000000 0.000000 0.000000 0.065931 0.165919 -0.052879 0.000000 0.000000 0.000000 -0.000196 0.000227 0.000739 -0.178441 -0.195730 -0.017859 0.005907 -0.237110 -9.806132 
128.300750 0.006838 0.069021 0.864037 29.528135 12.514260 -0.384396 0.000000 0.000000 0.000000 0.164789 0.179813 0.005278 0.000000 0.000000 0.000000 -0.000049 0.000057 0.000763 -0.179259 -0.193293 -0.016042 0.006122 -0.236989 -9.806135 
128.400290 0.013398 0.052676 0.780822 29.544188 12.520658 -0.387157 0.000000 0.000000 0.000000 0.209102 0.150250 -0.039872 0.000000 0.000000 0.000000 -0.000020 0.000275 0.000943 -0.178130 -0.192906 -0.016330 0.006149 -0.237080 -9.806133 
128.501189 0.026221 0.042149 0.695406 29.572058 12.530237 -0.383951 0.000000 0.000000 0.000000 0.343985 0.179739 -0.044919 0.000000 0.000000 0.000000 -0.000009 0.000301 0.000979 -0.177561 -0.192435 -0.017480 0.006155 -0.237156 -9.806131 
128.600722 0.033372 0.031026 0.600467 29.620035 12.548947 -0.382427 0.000000 0.000000 0.000000 0.634178 0.331967 -0.049084 0.000000 0.000000 0.000000 0.000108 0.000136 0.001067 -0.177262 -0.191859 -0.018492 0.006133 -0.237255 -9.806128 
128.700434 0.027513 0.044640 0.499422 29.693443 12.577001 -0.355414 0.000000 0.000000 0.000000 0.611594 0.222611 0.115816 0.000000 0.000000 0.000000 0.000236 -0.000263 0.001148 -0.177764 -0.191291 -0.021797 0.006178 -0.237539 -9.806121 
128.799829 0.050170 0.015772 0.401542 29.739807 12.577289 -0.360044 0.000000 0.000000 0.000000 0.508802 0.038551 0.040248 0.000000 0.000000 0.000000 0.000089 0.000266 0.001108 -0.175740 -0.190285 -0.020014 0.005678 -0.237300 -9.806128 
128.899287 0.062965 0.005150 0.304673 29.777461 12.567916 -0.352756 0.000000 0.000000 0.000000 0.482595 -0.030381 0.030246 0.000000 0.000000 0.000000 0.000107 0.000313 0.001116 -0.173758 -0.189501 -0.020552 0.005108 -0.236972 -9.806136 
129.000152 0.061428 0.003683 0.201591 29.815259 12.557321 -0.344328 0.000000 0.000000 0.000000 0.549838 0.003387 0.077290 0.000000 0.000000 0.000000 0.000238 -0.000058 0.001171 -0.171353 -0.188538 -0.021241 0.004349 -0.236377 -9.806151 
129.099682 0.053813 0.008148 0.115294 29.868571 12.565275 -0.317821 0.000000 0.000000 0.000000 0.520487 0.015993 0.228652 0.000000 0.000000 0.000000 0.000285 -0.000067 0.000988 -0.171214 -0.189479 -0.021920 0.004653 -0.236200 -9.806155 
129.199226 0.036570 0.003263 -0.000987 29.903841 12.551736 -0.324988 0.000000 0.000000 0.000000 0.502062 -0.052878 0.065447 0.000000 0.000000 0.000000 0.000643 -0.000248 0.001217 -0.168821 -0.186808 -0.018675 0.003341 -0.235277 -9.806177 
129.300070 0.053783 -0.000459 -0.099174 29.953062 12.531312 -0.343230 0.000000 0.000000 0.000000 0.676989 -0.126415 -0.074791 0.000000 0.000000 0.000000 0.000388 -0.000359 0.001129 -0.167578 -0.184421 -0.016177 0.002205 -0.234742 -9.806191 
129.399612 0.021752 0.016102 -0.192015 30.006293 12.506285 -0.365931 0.000000 0.000000 0.000000 0.826758 -0.248911 -0.113375 0.000000 0.000000 0.000000 0.001079 -0.000827 0.001064 -0.163463 -0.180770 -0.014540 0.000163 -0.232646 -9.806241 
129.498972 0.035235 0.013879 -0.295049 30.088019 12.494695 -0.363234 0.000000 0.000000 0.000000 0.692606 -0.200712 -0.096065 0.000000 0.000000 0.000000 0.000762 -0.000825 0.001237 -0.163766 -0.182906 -0.016035 0.001254 -0.232838 -9.806236 
129.600051 0.037212 0.011730 -0.392049 30.115305 12.472464 -0.360269 0.000000 0.000000 0.000000 0.431665 -0.267069 -0.038508 0.000000 0.000000 0.000000 0.000637 -0.000616 0.001138 -0.157961 -0.178738 -0.017254 -0.001102 -0.229412 -9.806317 
129.699580 0.027639 0.018599 -0.478685 30.138088 12.449043 -0.358410 0.000000 0.000000 0.000000 0.447539 -0.306724 -0.019391 0.000000 0.000000 0.000000 0.000839 -0.000740 0.001013 -0.154017 -0.176427 -0.018276 -0.002320 -0.226979 -9.806373 
129.800401 0.048943 0.014076 -0.581367 30.167409 12.422609 -0.354845 0.000000 0.000000 0.000000 0.403332 -0.324354 0.119969 0.000000 0.000000 0.000000 0.000499 -0.000612 0.001129 -0.150512 -0.174691 -0.017839 -0.003071 -0.224719 -9.806425 
129.899956 0.024416 0.017553 -0.691642 30.177228 12.382893 -0.347806 0.000000 0.000000 0.000000 0.312163 -0.441107 0.062480 0.000000 0.000000 0.000000 0.000977 -0.000595 0.001246 -0.146847 -0.169043 -0.017506 -0.006067 -0.221866 -9.806489 
130.000879 0.033033 0.001240 -0.794130 30.191769 12.323398 -0.358546 0.000000 0.000000 0.000000 0.341757 -0.666046 -0.142010 0.000000 0.000000 0.000000 0.001015 -0.000610 0.001216 -0.145233 -0.164361 -0.015953 -0.008629 -0.220201 -9.806524 
130.100307 0.067683 -0.031903 -0.891705 30.217789 12.258784 -0.367796 0.000000 0.000000 0.000000 0.339698 -0.672610 -0.056809 0.000000 0.000000 0.000000 0.000100 -0.000170 0.001229 -0.143122 -0.162497 -0.016282 -0.009450 -0.218617 -9.806559 
130.199899 0.024692 -0.016946 -0.983857 30.238157 12.207301 -0.385578 0.000000 0.000000 0.000000 0.211990 -0.606647 -0.106771 0.000000 0.000000 0.000000 0.000581 -0.000037 0.001133 -0.139819 -0.161692 -0.015015 -0.009310 -0.216427 -9.806608 
130.300741 0.041572 -0.029557 -1.083191 30.235236 12.149170 -0.390849 0.000000 0.000000 0.000000 0.147707 -0.687696 -0.181719 0.000000 0.000000 0.000000 0.000184 -0.000130 0.001157 -0.136481 -0.156486 -0.016679 -0.011867 -0.213352 -9.806672 
130.400242 0.040814 -0.008552 -1.178905 30.225774 12.077537 -0.353173 0.000000 0.000000 0.000000 0.103660 -0.662140 0.115715 0.000000 0.000000 0.000000 0.000547 -0.000364 0.001147 -0.134907 -0.150271 -0.022313 -0.015502 -0.211071 -9.806717 
130.499564 0.039173 -0.041447 -1.287645 30.242153 12.029731 -0.344773 0.000000 0.000000 0.000000 0.131102 -0.562245 0.070417 0.000000 0.000000 0.000000 0.000262 -0.000012 0.001297 -0.131973 -0.152638 -0.021867 -0.013364 -0.209889 -9.806745 
130.600676 0.023331 -0.055525 -1.389218 30.241575 11.980394 -0.337117 0.000000 0.000000 0.000000 0.094886 -0.735416 -0.009224 0.000000 0.000000 0.000000 0.000537 0.000099 0.001258 -0.128355 -0.149425 -0.022557 -0.014375 -0.206882 -9.806808 
130.700171 0.008681 -0.048028 -1.477958 30.220125 11.912701 -0.336935 0.000000 0.000000 0.000000 -0.089184 -0.713182 0.031270 0.000000 0.000000 0.000000 0.000853 0.000083 0.001200 -0.126103 -0.142031 -0.022439 -0.018116 -0.203447 -9.806873 
130.799710 -0.001593 -0.044162 -1.568614 30.214795 11.870999 -0.329785 0.000000 0.000000 0.000000 -0.091831 -0.559779 0.104475 0.000000 0.000000 0.000000 0.001056 0.000073 0.001157 -0.120453 -0.143003 -0.022139 -0.015885 -0.200439 -9.806939 
130.899239 -0.011356 -0.051967 -1.629539 30.203081 11.824560 -0.317646 0.000000 0.000000 0.000000 -0.103146 -0.635830 0.080827 0.000000 0.000000 0.000000 0.000741 -0.000079 0.000930 -0.117727 -0.142581 -0.022322 -0.015298 -0.198730 -9.806975 
130.998778 -0.022413 -0.043170 -1.678820 30.200848 11.777529 -0.326447 0.000000 0.000000 0.000000 -0.115084 -0.622812 0.138953 0.000000 0.000000 0.000000 0.000738 -0.000240 0.000809 -0.112104 -0.144214 -0.019810 -0.012470 -0.196058 -9.807033 
131.098298 -0.023381 -0.033094 -1.712071 30.195917 11.738842 -0.308084 0.000000 0.000000 0.000000 -0.131251 -0.448337 0.086909 0.000000 0.000000 0.000000 0.000808 -0.000197 0.000670 -0.107789 -0.145391 -0.020596 -0.010387 -0.194014 -9.807076 
131.197838 -0.037465 -0.025756 -1.723543 30.185713 11.708182 -0.300125 0.000000 0.000000 0.000000 -0.159288 -0.443643 0.014404 0.000000 0.000000 0.000000 0.000825 -0.000165 0.000443 -0.104202 -0.145674 -0.020667 -0.008998 -0.192104 -9.807115 
131.298426 -0.048495 -0.014213 -1.727846 30.178946 11.659364 -0.286621 0.000000 0.000000 0.000000 -0.132053 -0.574039 0.056135 0.000000 0.000000 0.000000 0.000899 -0.000253 0.000399 -0.102656 -0.148226 -0.021472 -0.007048 -0.192142 -9.807115 
131.398223 -0.056784 -0.012925 -1.728713 30.168744 11.605409 -0.287884 0.000000 0.000000 0.000000 -0.056397 -0.503901 0.105323 0.000000 0.000000 0.000000 0.001218 -0.000097 0.000412 -0.102330 -0.147761 -0.019718 -0.007162 -0.191804 -9.807122 
131.499135 -0.038779 -0.009450 -1.724956 30.169321 11.565233 -0.306817 0.000000 0.000000 0.000000 0.062145 -0.463770 -0.021760 0.000000 0.000000 0.000000 0.001054 -0.000180 0.000365 -0.099903 -0.147669 -0.016500 -0.006307 -0.190445 -9.807149 
131.599962 -0.032584 -0.012666 -1.724778 30.186866 11.521222 -0.318038 0.000000 0.000000 0.000000 0.210870 -0.610325 -0.083140 0.000000 0.000000 0.000000 0.000822 -0.000223 0.000362 -0.097318 -0.148482 -0.015747 -0.004923 -0.189318 -9.807172 
131.700809 -0.020742 0.002581 -1.723976 30.208032 11.470385 -0.327490 0.000000 0.000000 0.000000 0.235150 -0.522241 -0.057875 0.000000 0.000000 0.000000 0.000858 -0.000414 0.000369 -0.095000 -0.147767 -0.015013 -0.004480 -0.187790 -9.807201 
131.801685 -0.027604 0.020918 -1.728707 30.220281 11.431404 -0.330662 0.000000 0.000000 0.000000 0.154195 -0.461679 -0.074844 0.000000 0.000000 0.000000 0.001024 -0.000392 0.000421 -0.093451 -0.144594 -0.015270 -0.005674 -0.185809 -9.807238 
131.901248 -0.020396 0.013880 -1.726266 30.216473 11.392655 -0.331321 0.000000 0.000000 0.000000 0.043015 -0.549227 -0.071781 0.000000 0.000000 0.000000 0.000983 -0.000380 0.000374 -0.092669 -0.139578 -0.015944 -0.008161 -0.183597 -9.807278 
132.000757 -0.026398 0.027540 -1.726300 30.205940 11.333420 -0.348487 0.000000 0.000000 0.000000 -0.002532 -0.639960 -0.026725 0.000000 0.000000 0.000000 0.001024 -0.000335 0.000359 -0.093101 -0.135957 -0.014546 -0.010296 -0.182540 -9.807296 
132.101629 -0.009497 0.013371 -1.729284 30.194801 11.294162 -0.354690 0.000000 0.000000 0.000000 -0.026421 -0.469379 -0.019301 0.000000 0.000000 0.000000 0.000741 -0.000211 0.000391 -0.090197 -0.131854 -0.013957 -0.011511 -0.179492 -9.807351 
132.201121 -0.006928 0.019904 -1.726389 30.185803 11.257661 -0.346902 0.000000 0.000000 0.000000 -0.029643 -0.475637 -0.023863 0.000000 0.000000 0.000000 0.000881 -0.000284 0.000359 -0.088782 -0.128992 -0.015603 -0.012593 -0.177726 -9.807382 
132.300687 -0.008533 0.020036 -1.727173 30.181169 11.213446 -0.349703 0.000000 0.000000 0.000000 0.004189 -0.635428 -0.020056 0.000000 0.000000 0.000000 0.000950 -0.000215 0.000354 -0.086870 -0.127089 -0.015897 -0.012961 -0.176014 -9.807412 
132.400247 -0.012347 0.032519 -1.726172 30.182220 11.163304 -0.344168 0.000000 0.000000 0.000000 0.055036 -0.503332 0.044746 0.000000 0.000000 0.000000 0.000990 -0.000219 0.000306 -0.085012 -0.125957 -0.016238 -0.012926 -0.174608 -9.807437 
132.499724 -0.011399 0.034478 -1.726369 30.177189 11.116809 -0.337464 0.000000 0.000000 0.000000 0.051901 -0.447923 0.029530 0.000000 0.000000 0.000000 0.000996 -0.000248 0.000324 -0.085743 -0.123078 -0.016446 -0.014760 -0.173995 -9.807446 
132.600627 -0.012973 0.011819 -1.727288 30.169878 11.069699 -0.342720 0.000000 0.000000 0.000000 0.007578 -0.527072 -0.014683 0.000000 0.000000 0.000000 0.000945 -0.000008 0.000344 -0.086673 -0.120106 -0.015820 -0.016704 -0.173446 -9.807452 
132.700192 -0.017082 0.025614 -1.727495 30.168560 11.013150 -0.341614 0.000000 0.000000 0.000000 0.036484 -0.725897 0.031389 0.000000 0.000000 0.000000 0.001034 -0.000091 0.000343 -0.085745 -0.118990 -0.016068 -0.016989 -0.172555 -9.807467 
132.799662 -0.011837 0.025929 -1.724839 30.165767 10.959515 -0.310131 0.000000 0.000000 0.000000 0.045078 -0.552641 0.147322 0.000000 0.000000 0.000000 0.001086 -0.000163 0.000300 -0.083680 -0.116293 -0.018453 -0.017756 -0.170528 -9.807502 
132.900511 -0.016844 0.016170 -1.724181 30.169706 10.919066 -0.312296 0.000000 0.000000 0.000000 0.090072 -0.457524 0.061033 0.000000 0.000000 0.000000 0.001041 -0.000027 0.000292 -0.081679 -0.115079 -0.016305 -0.017694 -0.168989 -9.807528 
133.000081 -0.022474 0.008908 -1.725949 30.179006 10.880952 -0.328928 0.000000 0.000000 0.000000 0.145480 -0.533937 -0.060754 0.000000 0.000000 0.000000 0.000799 0.000032 0.000328 -0.079833 -0.114019 -0.014023 -0.017602 -0.167590 -9.807552 
133.099632 -0.003812 0.014029 -1.722586 30.180483 10.820876 -0.334220 0.000000 0.000000 0.000000 0.090781 -0.621276 -0.064839 0.000000 0.000000 0.000000 0.000819 -0.000087 0.000283 -0.080440 -0.111261 -0.013767 -0.019307 -0.166954 -9.807560 
133.200446 -0.023242 0.036428 -1.723945 30.178451 10.770752 -0.317114 0.000000 0.000000 0.000000 0.043957 -0.460665 0.002439 0.000000 0.000000 0.000000 0.001186 -0.000131 0.000299 -0.080028 -0.108318 -0.015746 -0.020777 -0.165734 -9.807578 
133.300011 -0.001204 0.012687 -1.724720 30.179287 10.732194 -0.339226 0.000000 0.000000 0.000000 0.031953 -0.428545 -0.100954 0.000000 0.000000 0.000000 0.000589 -0.000108 0.000298 -0.079187 -0.107272 -0.013468 -0.021028 -0.164891 -9.807591 
133.400869 -0.008488 0.014331 -1.723017 30.171908 10.692800 -0.346796 0.000000 0.000000 0.000000 -0.055704 -0.556004 -0.102333 0.000000 0.000000 0.000000 0.000793 -0.000081 0.000270 -0.078122 -0.104862 -0.013998 -0.021965 -0.163491 -9.807613 
133.500360 -0.012186 0.029218 -1.723291 30.152886 10.638807 -0.349073 0.000000 0.000000 0.000000 -0.104984 -0.535047 0.121265 0.000000 0.000000 0.000000 0.000794 -0.000088 0.000305 -0.078001 -0.101385 -0.014439 -0.023803 -0.162231 -9.807629 
133.599904 -0.019481 0.023901 -1.725715 30.140537 10.592941 -0.334964 0.000000 0.000000 0.000000 -0.060913 -0.453941 0.077131 0.000000 0.000000 0.000000 0.000767 0.000069 0.000331 -0.077992 -0.099914 -0.015170 -0.024600 -0.161729 -9.807636 
133.700799 -0.016462 0.018226 -1.723801 30.135446 10.553251 -0.328495 0.000000 0.000000 0.000000 -0.026288 -0.502370 0.038507 0.000000 0.000000 0.000000 0.000761 -0.000060 0.000306 -0.076703 -0.098866 -0.015303 -0.024720 -0.160681 -9.807653 
133.800298 0.006661 0.008187 -1.724318 30.121701 10.497805 -0.314798 0.000000 0.000000 0.000000 -0.023368 -0.652302 0.117833 0.000000 0.000000 0.000000 0.000707 0.000021 0.000311 -0.077002 -0.095842 -0.016418 -0.026459 -0.159816 -9.807662 
133.899857 -0.018096 0.013520 -1.723950 30.111781 10.442793 -0.292096 0.000000 0.000000 0.000000 -0.019572 -0.507236 0.097980 0.000000 0.000000 0.000000 0.001025 0.000136 0.000277 -0.076957 -0.093317 -0.017960 -0.027816 -0.158947 -9.807673 
133.999365 -0.014502 0.010423 -1.724443 30.108513 10.399642 -0.304687 0.000000 0.000000 0.000000 0.016193 -0.446634 0.019980 0.000000 0.000000 0.000000 0.000842 0.000080 0.000288 -0.076439 -0.092216 -0.015405 -0.028196 -0.158264 -9.807683 
134.100246 -0.013198 0.004196 -1.724415 30.111791 10.353431 -0.322456 0.000000 0.000000 0.000000 0.017510 -0.583637 -0.093750 0.000000 0.000000 0.000000 0.000581 0.000119 0.000271 -0.075498 -0.092178 -0.013548 -0.027872 -0.157728 -9.807692 
134.199752 -0.009049 0.020160 -1.722678 30.100074 10.296107 -0.322686 0.000000 0.000000 0.000000 -0.055070 -0.506509 0.051196 0.000000 0.000000 0.000000 0.000881 0.000107 0.000302 -0.076115 -0.089946 -0.013739 -0.029276 -0.157298 -9.807695 
134.300643 -0.007668 0.008144 -1.723448 30.099371 10.256299 -0.310472 0.000000 0.000000 0.000000 -0.043686 -0.409963 0.056671 0.000000 0.000000 0.000000 0.000691 0.000242 0.000295 -0.075051 -0.089663 -0.014490 -0.029073 -0.156646 -9.807706 
134.400190 -0.024183 0.022103 -1.727185 30.093194 10.209786 -0.316549 0.000000 0.000000 0.000000 0.003994 -0.589944 -0.021660 0.000000 0.000000 0.000000 0.001102 0.000245 0.000396 -0.075185 -0.088137 -0.013746 -0.029921 -0.156192 -9.807711 
134.499722 -0.005875 0.004824 -1.725840 30.082116 10.154928 -0.327725 0.000000 0.000000 0.000000 -0.067385 -0.602535 -0.029318 0.000000 0.000000 0.000000 0.000693 0.000221 0.000296 -0.074398 -0.085182 -0.012803 -0.031212 -0.154767 -9.807729 
134.600626 -0.020875 0.025889 -1.724725 30.071602 10.111422 -0.313401 0.000000 0.000000 0.000000 -0.045743 -0.459971 0.052245 0.000000 0.000000 0.000000 0.001146 0.000245 0.000265 -0.073217 -0.082256 -0.014655 -0.032385 -0.153174 -9.807751 
134.700115 -0.011489 0.006599 -1.725313 30.073227 10.071928 -0.327396 0.000000 0.000000 0.000000 0.003450 -0.476828 -0.050882 0.000000 0.000000 0.000000 0.000712 0.000292 0.000263 -0.071833 -0.082728 -0.012698 -0.031644 -0.152583 -9.807762 
134.799608 -0.012044 -0.004156 -1.724069 30.068335 10.020776 -0.339711 0.000000 0.000000 0.000000 -0.045936 -0.634621 -0.058722 0.000000 0.000000 0.000000 0.000600 0.000233 0.000251 -0.071296 -0.081844 -0.012156 -0.031924 -0.151997 -9.807770 
134.900468 -0.024458 0.009704 -1.726580 30.054859 9.964465 -0.318389 0.000000 0.000000 0.000000 -0.049657 -0.492668 0.083312 0.000000 0.000000 0.000000 0.000864 0.000246 0.000275 -0.071639 -0.079315 -0.014388 -0.033398 -0.151350 -9.807775 
135.000039 -0.018154 -0.008248 -1.724240 30.050002 9.925238 -0.306641 0.000000 0.000000 0.000000 -0.003482 -0.446521 0.057728 0.000000 0.000000 0.000000 0.000402 0.000055 0.000262 -0.070533 -0.078328 -0.014925 -0.033552 -0.150445 -9.807789 
135.100848 -0.019740 -0.012828 -1.724602 30.050912 9.883107 -0.303571 0.000000 0.000000 0.000000 0.031629 -0.565789 0.009470 0.000000 0.000000 0.000000 0.000353 -0.000063 0.000262 -0.069352 -0.077830 -0.014759 -0.033415 -0.149658 -9.807801 
135.200393 -0.007674 -0.019237 -1.725216 30.047739 9.829739 -0.303296 0.000000 0.000000 0.000000 0.026438 -0.595615 0.080333 0.000000 0.000000 0.000000 0.000262 -0.000138 0.000244 -0.068232 -0.075767 -0.014445 -0.034120 -0.148383 -9.807818 
135.299969 -0.021849 -0.006957 -1.722972 30.043990 9.772235 -0.299273 0.000000 0.000000 0.000000 0.014258 -0.463279 0.053022 0.000000 0.000000 0.000000 0.000595 -0.000040 0.000213 -0.069597 -0.074483 -0.013981 -0.035243 -0.148666 -9.807810 
135.401029 -0.015841 -0.008370 -1.725239 30.051590 9.729508 -0.295956 0.000000 0.000000 0.000000 0.043552 -0.452597 -0.000863 0.000000 0.000000 0.000000 0.000304 -0.000136 0.000254 -0.068870 -0.075236 -0.013888 -0.034605 -0.148537 -9.807814 
135.500314 -0.025023 -0.004049 -1.697396 30.050739 9.692720 -0.298240 0.000000 0.000000 0.000000 -0.036419 -0.566919 -0.041377 0.000000 0.000000 0.000000 0.000430 -0.000146 0.000031 -0.067007 -0.074237 -0.013791 -0.034506 -0.147237 -9.807834 
135.599861 -0.025250 0.015888 -1.663323 30.042941 9.631829 -0.302128 0.000000 0.000000 0.000000 -0.058344 -0.738112 0.005086 0.000000 0.000000 0.000000 0.000475 -0.000326 -0.000033 -0.066328 -0.073353 -0.013547 -0.034740 -0.146592 -9.807843 
135.699377 -0.030127 0.030085 -1.610783 30.049674 9.565370 -0.278015 0.000000 0.000000 0.000000 -0.063191 -0.605131 0.176123 0.000000 0.000000 0.000000 0.000356 -0.000384 -0.000212 -0.065289 -0.075692 -0.015356 -0.033200 -0.146817 -9.807845 
135.798917 -0.030473 0.021201 -1.525863 30.057952 9.517201 -0.271315 0.000000 0.000000 0.000000 -0.006479 -0.529813 0.090569 0.000000 0.000000 0.000000 0.000065 -0.000239 -0.000507 -0.063266 -0.078199 -0.014181 -0.031218 -0.146556 -9.807855 
135.898440 -0.053566 0.025255 -1.427106 30.062843 9.474201 -0.276602 0.000000 0.000000 0.000000 -0.044156 -0.605708 -0.090280 0.000000 0.000000 0.000000 0.000401 -0.000131 -0.000733 -0.060837 -0.078967 -0.013025 -0.030036 -0.145508 -9.807875 
135.999330 -0.012328 0.014597 -1.391942 30.094655 9.425001 -0.270219 0.000000 0.000000 0.000000 0.053814 -0.457431 0.068551 0.000000 0.000000 0.000000 -0.000188 -0.000323 -0.000186 -0.059149 -0.084718 -0.012928 -0.026451 -0.146298 -9.807873 
136.100224 -0.012037 0.008172 -1.312423 30.073414 9.363927 -0.281041 0.000000 0.000000 0.000000 -0.000107 -0.437573 -0.001619 0.000000 0.000000 0.000000 0.000209 -0.000159 -0.000498 -0.061941 -0.080798 -0.010935 -0.029370 -0.146697 -9.807859 
136.201078 -0.021817 0.017236 -1.282292 30.068117 9.325759 -0.289564 0.000000 0.000000 0.000000 -0.008737 -0.460455 -0.057115 0.000000 0.000000 0.000000 0.000625 -0.000048 -0.000103 -0.061154 -0.079630 -0.010335 -0.029793 -0.145968 -9.807869 
136.301928 -0.012494 0.031586 -1.275410 30.046328 9.279606 -0.275134 0.000000 0.000000 0.000000 -0.027796 -0.538211 0.075540 0.000000 0.000000 0.000000 0.000933 -0.000242 0.000219 -0.059810 -0.075969 -0.012363 -0.031486 -0.144388 -9.807887 
136.402749 -0.009428 0.023732 -1.268962 30.041181 9.249261 -0.272220 0.000000 0.000000 0.000000 0.053890 -0.448842 0.003700 0.000000 0.000000 0.000000 0.000838 0.000005 0.000251 -0.056408 -0.074690 -0.012321 -0.031389 -0.142252 -9.807918 
136.502274 -0.006766 0.022293 -1.268693 30.048051 9.215874 -0.278450 0.000000 0.000000 0.000000 0.179642 -0.494260 -0.085076 0.000000 0.000000 0.000000 0.000706 0.000007 0.000273 -0.054404 -0.073674 -0.012074 -0.031501 -0.140940 -9.807937 
136.601652 0.000008 0.040621 -1.284915 30.061509 9.188064 -0.276207 0.000000 0.000000 0.000000 0.203195 -0.448168 0.100741 0.000000 0.000000 0.000000 0.001050 -0.000099 0.000401 -0.051371 -0.072631 -0.012830 -0.031437 -0.139077 -9.807964 
136.701346 0.003683 0.072670 -1.272098 30.050457 9.135371 -0.254735 0.000000 0.000000 0.000000 0.115557 -0.391082 -0.001815 0.000000 0.000000 0.000000 0.001110 -0.000423 0.000262 -0.052470 -0.066931 -0.014471 -0.034821 -0.138521 -9.807960 
136.799567 0.008116 0.046290 -1.272909 30.061357 9.101221 -0.270627 0.000000 0.000000 0.000000 0.215690 -0.333413 -0.075004 0.000000 0.000000 0.000000 0.000500 -0.000110 0.000284 -0.052303 -0.065797 -0.012386 -0.035385 -0.138164 -9.807963 
136.899108 0.014479 0.042163 -1.272141 30.077493 9.068663 -0.299048 0.000000 0.000000 0.000000 0.258684 -0.400760 -0.153728 0.000000 0.000000 0.000000 0.000424 -0.000046 0.000218 -0.051758 -0.064652 -0.010384 -0.035880 -0.137595 -9.807969 
136.999954 -0.005120 0.053813 -1.271188 30.092179 9.022789 -0.312498 0.000000 0.000000 0.000000 0.273704 -0.421354 -0.014149 0.000000 0.000000 0.000000 0.000719 -0.000141 0.000221 -0.051679 -0.062014 -0.010256 -0.037303 -0.137005 -9.807972 
137.099532 0.017508 0.043013 -1.270077 30.110946 8.989825 -0.311249 0.000000 0.000000 0.000000 0.260412 -0.334988 -0.021178 0.000000 0.000000 0.000000 0.000199 -0.000208 0.000216 -0.050805 -0.060696 -0.010364 -0.037845 -0.136261 -9.807981 
137.198695 0.017869 0.040985 -1.270466 30.131701 8.959197 -0.303863 0.000000 0.000000 0.000000 0.281614 -0.330956 -0.021718 0.000000 0.000000 0.000000 0.000261 -0.000206 0.000232 -0.050208 -0.059433 -0.011501 -0.038422 -0.135705 -9.807986 
137.299916 0.023152 0.036644 -1.269673 30.163672 8.917039 -0.299984 0.000000 0.000000 0.000000 0.462235 -0.526747 -0.053653 0.000000 0.000000 0.000000 0.000227 -0.000382 0.000215 -0.050089 -0.058443 -0.012372 -0.038945 -0.135457 -9.807987 
137.399415 0.005349 0.062297 -1.271464 30.207284 8.862763 -0.298131 0.000000 0.000000 0.000000 0.492417 -0.428623 0.086777 0.000000 0.000000 0.000000 0.000689 -0.000424 0.000292 -0.050591 -0.057640 -0.012188 -0.039480 -0.135559 -9.807984 
137.500265 0.015237 0.033552 -1.269301 30.244972 8.834111 -0.301059 0.000000 0.000000 0.000000 0.381019 -0.360577 -0.029328 0.000000 0.000000 0.000000 0.000192 -0.000155 0.000194 -0.049003 -0.056653 -0.011787 -0.039687 -0.134494 -9.807998 
137.599811 -0.012147 0.050610 -1.271713 30.276484 8.791456 -0.296815 0.000000 0.000000 0.000000 0.417236 -0.531946 -0.067011 0.000000 0.000000 0.000000 0.000988 -0.000314 0.000252 -0.048876 -0.055135 -0.012883 -0.040495 -0.134144 -9.807999 
137.700668 -0.002105 0.051824 -1.270170 30.304239 8.743617 -0.279660 0.000000 0.000000 0.000000 0.278262 -0.456823 0.126272 0.000000 0.000000 0.000000 0.000611 -0.000325 0.000208 -0.047660 -0.053091 -0.014297 -0.041369 -0.133112 -9.808010 
137.800239 -0.007443 0.042097 -1.271146 30.323480 8.702182 -0.275069 0.000000 0.000000 0.000000 0.212498 -0.390856 0.055741 0.000000 0.000000 0.000000 0.000725 -0.000278 0.000210 -0.047533 -0.052062 -0.013645 -0.041891 -0.132822 -9.808011 
137.899777 -0.009869 0.039323 -1.269552 30.344096 8.666416 -0.276272 0.000000 0.000000 0.000000 0.230042 -0.434909 0.014390 0.000000 0.000000 0.000000 0.000755 -0.000280 0.000199 -0.046887 -0.051984 -0.013044 -0.041798 -0.132448 -9.808017 
138.000590 -0.007151 0.034563 -1.270510 30.368759 8.617333 -0.283208 0.000000 0.000000 0.000000 0.335136 -0.643615 -0.046665 0.000000 0.000000 0.000000 0.000779 -0.000317 0.000224 -0.046368 -0.051509 -0.012387 -0.041944 -0.132064 -9.808021 
138.100192 -0.009078 0.050064 -1.273884 30.403046 8.555451 -0.284580 0.000000 0.000000 0.000000 0.318193 -0.552728 0.056302 0.000000 0.000000 0.000000 0.000946 -0.000316 0.000266 -0.046182 -0.051618 -0.011803 -0.041844 -0.131976 -9.808023 
138.199658 0.012204 0.037149 -1.268806 30.426550 8.515355 -0.286050 0.000000 0.000000 0.000000 0.255453 -0.402858 -0.002939 0.000000 0.000000 0.000000 0.000313 -0.000221 0.000159 -0.044994 -0.050668 -0.011442 -0.042113 -0.131150 -9.808033 
138.300550 0.011114 0.040171 -1.271584 30.446979 8.480121 -0.288672 0.000000 0.000000 0.000000 0.249448 -0.434636 -0.075441 0.000000 0.000000 0.000000 0.000394 -0.000268 0.000221 -0.044046 -0.049659 -0.011582 -0.042464 -0.130450 -9.808041 
138.400044 0.002792 0.049612 -1.271474 30.466468 8.427455 -0.295559 0.000000 0.000000 0.000000 0.320439 -0.621062 0.023746 0.000000 0.000000 0.000000 0.000640 -0.000197 0.000247 -0.044132 -0.048406 -0.011326 -0.043146 -0.130244 -9.808040 
138.500900 0.008867 0.051268 -1.273369 30.486764 8.365754 -0.288233 0.000000 0.000000 0.000000 0.217068 -0.513946 0.110856 0.000000 0.000000 0.000000 0.000531 -0.000245 0.000274 -0.044179 -0.046855 -0.011629 -0.043981 -0.129970 -9.808040 
138.600441 0.007022 0.056320 -1.270158 30.495387 8.317860 -0.288425 0.000000 0.000000 0.000000 0.136175 -0.431833 0.061674 0.000000 0.000000 0.000000 0.000763 -0.000252 0.000225 -0.044340 -0.045002 -0.010700 -0.044985 -0.129673 -9.808040 
138.700076 0.003339 0.037768 -1.268833 30.501196 8.275389 -0.314979 0.000000 0.000000 0.000000 0.139261 -0.481787 -0.067320 0.000000 0.000000 0.000000 0.000394 0.000159 0.000210 -0.044363 -0.043744 -0.007827 -0.045627 -0.129378 -9.808041 
138.800844 0.029163 0.059327 -1.268298 30.506689 8.237800 -0.304041 0.000000 0.000000 0.000000 0.122158 -0.518744 -0.038036 0.000000 0.000000 0.000000 0.000422 -0.000400 0.000197 -0.041898 -0.042322 -0.009596 -0.045916 -0.127848 -9.808059 
138.900373 0.020333 0.061765 -1.266061 30.507654 8.186320 -0.305370 0.000000 0.000000 0.000000 0.077967 -0.426137 -0.028970 0.000000 0.000000 0.000000 0.000659 -0.000330 0.000199 -0.042296 -0.040682 -0.009622 -0.046857 -0.127740 -9.808056 
138.999914 0.031269 0.053880 -1.268371 30.517096 8.148004 -0.318466 0.000000 0.000000 0.000000 0.100172 -0.412284 -0.117426 0.000000 0.000000 0.000000 0.000280 -0.000232 0.000242 -0.042045 -0.040760 -0.009066 -0.046761 -0.127609 -9.808058 
139.099429 0.016553 0.069174 -1.268401 30.519993 8.097469 -0.311686 0.000000 0.000000 0.000000 0.106638 -0.555582 -0.094409 0.000000 0.000000 0.000000 0.000689 -0.000414 0.000233 -0.042308 -0.039206 -0.011070 -0.047650 -0.127503 -9.808056 
139.200299 0.030622 0.053169 -1.273069 30.538003 8.041375 -0.319929 0.000000 0.000000 0.000000 0.153575 -0.488133 -0.006527 0.000000 0.000000 0.000000 0.000176 -0.000212 0.000266 -0.042161 -0.040085 -0.010756 -0.047158 -0.127586 -9.808057 
139.299864 0.033011 0.058362 -1.271277 30.545001 7.998233 -0.312179 0.000000 0.000000 0.000000 0.138880 -0.399752 -0.058481 0.000000 0.000000 0.000000 0.000263 -0.000369 0.000236 -0.041792 -0.038844 -0.011606 -0.047747 -0.127183 -9.808059 
139.399366 0.007076 0.057362 -1.276942 30.558836 7.968994 -0.307713 0.000000 0.000000 0.000000 0.204028 -0.385644 -0.066660 0.000000 0.000000 0.000000 0.000661 -0.000129 0.000471 -0.040308 -0.038535 -0.012541 -0.047638 -0.126384 -9.808070 
139.500247 0.017713 0.055126 -1.271717 30.580717 7.922710 -0.313109 0.000000 0.000000 0.000000 0.313519 -0.540807 -0.072658 0.000000 0.000000 0.000000 0.000399 -0.000345 0.000284 -0.040304 -0.037825 -0.012575 -0.048007 -0.126248 -9.808070 
139.599762 0.019330 0.064121 -1.267927 30.600240 7.873417 -0.313591 0.000000 0.000000 0.000000 0.272386 -0.445307 -0.013722 0.000000 0.000000 0.000000 0.000540 -0.000304 0.000252 -0.039765 -0.035868 -0.013014 -0.048925 -0.125613 -9.808074 
139.700621 0.006679 0.064049 -1.270970 30.624491 7.835149 -0.315625 0.000000 0.000000 0.000000 0.258364 -0.388531 -0.053507 0.000000 0.000000 0.000000 0.000681 -0.000295 0.000303 -0.039327 -0.035487 -0.013138 -0.049041 -0.125319 -9.808077 
139.800186 0.009525 0.056128 -1.270295 30.644387 7.792121 -0.315219 0.000000 0.000000 0.000000 0.229699 -0.485682 -0.086422 0.000000 0.000000 0.000000 0.000436 -0.000229 0.000282 -0.039371 -0.034588 -0.013937 -0.049522 -0.125195 -9.808076 
139.899717 -0.001659 0.058515 -1.269302 30.655780 7.731178 -0.321098 0.000000 0.000000 0.000000 0.230542 -0.608011 -0.064963 0.000000 0.000000 0.000000 0.000664 -0.000245 0.000292 -0.039763 -0.032371 -0.014274 -0.050742 -0.124991 -9.808072 
140.000540 -0.001927 0.048114 -1.270860 30.669231 7.670536 -0.329446 0.000000 0.000000 0.000000 0.179813 -0.506818 -0.016087 0.000000 0.000000 0.000000 0.000542 -0.000099 0.000276 -0.040350 -0.031055 -0.013766 -0.051524 -0.125033 -9.808068 
140.100116 0.009021 0.044109 -1.268499 30.682150 7.619021 -0.331029 0.000000 0.000000 0.000000 0.174385 -0.499196 -0.035304 0.000000 0.000000 0.000000 0.000217 -0.000189 0.000222 -0.040656 -0.030133 -0.014104 -0.052057 -0.125027 -9.808065 
140.200964 0.017138 0.042639 -1.270052 30.705598 7.566958 -0.334272 0.000000 0.000000 0.000000 0.290123 -0.638540 -0.074534 0.000000 0.000000 0.000000 0.000093 -0.000293 0.000249 -0.040217 -0.030362 -0.014562 -0.051862 -0.124856 -9.808068 
140.300511 0.030448 0.044115 -1.270445 30.735234 7.511316 -0.329547 0.000000 0.000000 0.000000 0.300339 -0.556278 0.032654 0.000000 0.000000 0.000000 0.000070 -0.000262 0.000219 -0.039153 -0.030397 -0.015476 -0.051657 -0.124342 -9.808076 
140.400070 0.018067 0.052680 -1.267239 30.752351 7.473186 -0.324443 0.000000 0.000000 0.000000 0.236686 -0.413965 0.008464 0.000000 0.000000 0.000000 0.000222 -0.000191 0.000193 -0.037681 -0.028943 -0.015849 -0.052134 -0.123338 -9.808086 
140.500891 0.014766 0.050814 -1.269388 30.763589 7.433386 -0.332461 0.000000 0.000000 0.000000 0.184119 -0.450408 -0.032585 0.000000 0.000000 0.000000 0.000247 -0.000216 0.000207 -0.037277 -0.027291 -0.015294 -0.052895 -0.122820 -9.808088 
140.600398 0.013576 0.047027 -1.269328 30.770946 7.390675 -0.342631 0.000000 0.000000 0.000000 0.162729 -0.610011 -0.080883 0.000000 0.000000 0.000000 0.000251 -0.000193 0.000218 -0.036204 -0.025746 -0.014884 -0.053481 -0.121989 -9.808096 
140.699950 0.015666 0.049490 -1.269126 30.779005 7.336790 -0.337610 0.000000 0.000000 0.000000 0.127566 -0.510445 0.053673 0.000000 0.000000 0.000000 0.000206 -0.000202 0.000227 -0.035363 -0.024577 -0.015759 -0.053932 -0.121374 -9.808101 
140.799468 0.019682 0.046199 -1.270537 30.784962 7.290691 -0.324071 0.000000 0.000000 0.000000 0.095999 -0.429968 0.047916 0.000000 0.000000 0.000000 0.000167 -0.000221 0.000231 -0.035250 -0.023613 -0.016457 -0.054408 -0.121159 -9.808101 
140.900309 0.016294 0.042450 -1.268231 30.798072 7.250063 -0.323199 0.000000 0.000000 0.000000 0.190670 -0.461567 -0.018272 0.000000 0.000000 0.000000 0.000171 -0.000211 0.000198 -0.034917 -0.023530 -0.016322 -0.054389 -0.120974 -9.808103 
140.999854 0.009301 0.039620 -1.272648 30.822319 7.202687 -0.327991 0.000000 0.000000 0.000000 0.287826 -0.554848 -0.047169 0.000000 0.000000 0.000000 0.000242 -0.000151 0.000249 -0.034466 -0.023525 -0.016152 -0.054309 -0.120744 -9.808106 
141.099390 0.009894 0.051317 -1.271448 30.840517 7.156884 -0.331563 0.000000 0.000000 0.000000 0.200010 -0.440742 0.053385 0.000000 0.000000 0.000000 0.000156 -0.000254 0.000202 -0.033961 -0.022494 -0.015443 -0.054728 -0.120292 -9.808110 
141.200250 0.013482 0.041017 -1.268018 30.865027 7.119032 -0.334500 0.000000 0.000000 0.000000 0.215474 -0.418212 0.007916 0.000000 0.000000 0.000000 -0.000019 -0.000084 0.000159 -0.033543 -0.023183 -0.014722 -0.054300 -0.120190 -9.808113 
141.299824 0.013428 0.039958 -1.269926 30.888538 7.078667 -0.329951 0.000000 0.000000 0.000000 0.225327 -0.542526 -0.043187 0.000000 0.000000 0.000000 -0.000011 -0.000137 0.000211 -0.032878 -0.023460 -0.015311 -0.054050 -0.119921 -9.808118 
141.400711 0.013322 0.042280 -1.269925 30.913044 7.018517 -0.335243 0.000000 0.000000 0.000000 0.240678 -0.650800 0.051901 0.000000 0.000000 0.000000 -0.000168 -0.000168 0.000239 -0.032543 -0.023311 -0.014694 -0.054059 -0.119716 -9.808120 
141.500172 0.026686 0.033539 -1.267330 30.930055 6.970017 -0.336061 0.000000 0.000000 0.000000 0.193602 -0.477592 0.060214 0.000000 0.000000 0.000000 -0.000491 -0.000094 0.000149 -0.031729 -0.022891 -0.013788 -0.054114 -0.119220 -9.808126 
141.599707 0.023999 0.033200 -1.266585 30.943242 6.923813 -0.335921 0.000000 0.000000 0.000000 0.163521 -0.479904 -0.025900 0.000000 0.000000 0.000000 -0.000435 -0.000134 0.000129 -0.031609 -0.022327 -0.013568 -0.054371 -0.119058 -9.808127 
141.700597 0.022123 0.027198 -1.268073 30.961699 6.874625 -0.338525 0.000000 0.000000 0.000000 0.229687 -0.613382 0.003519 0.000000 0.000000 0.000000 -0.000446 -0.000072 0.000154 -0.031072 -0.022152 -0.013726 -0.054366 -0.118765 -9.808130 
141.800101 0.013817 0.058244 -1.266775 30.966238 6.818064 -0.315208 0.000000 0.000000 0.000000 0.154711 -0.494532 0.074366 0.000000 0.000000 0.000000 0.000387 -0.000332 0.000152 -0.030596 -0.020160 -0.015733 -0.055301 -0.118227 -9.808132 
141.900957 0.017893 0.033855 -1.269855 30.978402 6.780587 -0.321972 0.000000 0.000000 0.000000 0.127257 -0.432593 0.060473 0.000000 0.000000 0.000000 -0.000024 -0.000223 0.000137 -0.029784 -0.020001 -0.014156 -0.055214 -0.117769 -9.808138 
142.000531 0.016878 0.034882 -1.269987 30.985783 6.748123 -0.329176 0.000000 0.000000 0.000000 0.077530 -0.461930 -0.011631 0.000000 0.000000 0.000000 -0.000109 -0.000132 0.000123 -0.028549 -0.019622 -0.013125 -0.055172 -0.117078 -9.808146 
142.100070 0.003636 0.048785 -1.269196 30.990758 6.701785 -0.336474 0.000000 0.000000 0.000000 0.113647 -0.551251 -0.028564 0.000000 0.000000 0.000000 0.000275 -0.000281 0.000150 -0.027738 -0.019192 -0.012625 -0.055237 -0.116598 -9.808151 
142.199568 0.010374 0.045577 -1.266733 31.001800 6.657669 -0.331218 0.000000 0.000000 0.000000 0.144021 -0.367004 0.064469 0.000000 0.000000 0.000000 0.000299 -0.000171 0.000140 -0.027449 -0.019191 -0.012534 -0.055186 -0.116455 -9.808153 
142.300430 0.008787 0.044242 -1.266564 31.012787 6.625360 -0.325086 0.000000 0.000000 0.000000 0.205473 -0.319212 -0.004478 0.000000 0.000000 0.000000 0.000258 -0.000167 0.000132 -0.027087 -0.018449 -0.012768 -0.055491 -0.116158 -9.808155 
142.399958 0.014058 0.032305 -1.267179 31.042676 6.589873 -0.340735 0.000000 0.000000 0.000000 0.376541 -0.417585 -0.073384 0.000000 0.000000 0.000000 -0.000132 -0.000161 0.000163 -0.027202 -0.018906 -0.011521 -0.055272 -0.116267 -9.808155 
142.500862 0.022518 0.019860 -1.263383 31.081512 6.544930 -0.361631 0.000000 0.000000 0.000000 0.381774 -0.454687 -0.046281 0.000000 0.000000 0.000000 -0.000193 -0.000086 0.000130 -0.027084 -0.018848 -0.010192 -0.055264 -0.116174 -9.808156 
142.600345 0.018098 0.034725 -1.267545 31.124509 6.507505 -0.363849 0.000000 0.000000 0.000000 0.324632 -0.369162 -0.040356 0.000000 0.000000 0.000000 -0.000331 -0.000152 0.000099 -0.026895 -0.019954 -0.010402 -0.054699 -0.116272 -9.808158 
142.699915 0.018823 0.032392 -1.268133 31.139639 6.469986 -0.364234 0.000000 0.000000 0.000000 0.217478 -0.414711 -0.054961 0.000000 0.000000 0.000000 -0.000340 -0.000229 0.000156 -0.026652 -0.018354 -0.010953 -0.055441 -0.115899 -9.808159 
142.800777 0.012313 0.031042 -1.268997 31.155024 6.420882 -0.370775 0.000000 0.000000 0.000000 0.179691 -0.582524 -0.084935 0.000000 0.000000 0.000000 -0.000118 -0.000147 0.000152 -0.026663 -0.017698 -0.011135 -0.055762 -0.115798 -9.808158 
142.900268 0.030576 0.024188 -1.263286 31.162120 6.358520 -0.361172 0.000000 0.000000 0.000000 0.165437 -0.536917 0.064649 0.000000 0.000000 0.000000 -0.000185 -0.000262 0.000107 -0.026715 -0.016436 -0.012561 -0.056400 -0.115640 -9.808156 
142.999842 0.018408 0.036606 -1.268306 31.176535 6.314507 -0.341430 0.000000 0.000000 0.000000 0.144127 -0.459178 0.091508 0.000000 0.000000 0.000000 0.000180 -0.000295 0.000136 -0.026062 -0.016450 -0.013605 -0.056303 -0.115348 -9.808160 
143.100693 0.023462 0.030338 -1.265832 31.192956 6.280135 -0.338953 0.000000 0.000000 0.000000 0.189733 -0.483699 0.010667 0.000000 0.000000 0.000000 -0.000180 -0.000259 0.000078 -0.024712 -0.016656 -0.013159 -0.055977 -0.114729 -9.808169 
143.200220 0.031619 0.028782 -1.266376 31.219597 6.226242 -0.335473 0.000000 0.000000 0.000000 0.276610 -0.639600 0.060727 0.000000 0.000000 0.000000 -0.000348 -0.000284 0.000074 -0.024432 -0.017077 -0.013412 -0.055734 -0.114668 -9.808171 
143.299764 0.027514 0.057412 -1.267074 31.238186 6.178183 -0.304161 0.000000 0.000000 0.000000 0.174528 -0.473044 0.112027 0.000000 0.000000 0.000000 -0.000229 -0.000394 0.000068 -0.023313 -0.016272 -0.015451 -0.055974 -0.114042 -9.808177 
143.400616 0.027816 0.031365 -1.266842 31.256956 6.138772 -0.307507 0.000000 0.000000 0.000000 0.150619 -0.398905 0.024452 0.000000 0.000000 0.000000 -0.000494 -0.000119 0.000058 -0.022956 -0.016705 -0.014026 -0.055685 -0.113916 -9.808180 
143.500165 0.035850 0.027376 -1.269685 31.270068 6.096605 -0.317815 0.000000 0.000000 0.000000 0.120478 -0.471993 -0.095026 0.000000 0.000000 0.000000 -0.000797 -0.000053 0.000101 -0.022922 -0.016541 -0.012900 -0.055737 -0.113852 -9.808181 
143.599656 0.020239 0.025648 -1.268612 31.282759 6.033855 -0.333331 0.000000 0.000000 0.000000 0.148180 -0.684151 -0.038540 0.000000 0.000000 0.000000 -0.000484 0.000026 0.000087 -0.023528 -0.016427 -0.012199 -0.055876 -0.114106 -9.808177 
143.700531 0.024889 0.015254 -1.267848 31.290528 5.983673 -0.347019 0.000000 0.000000 0.000000 0.089128 -0.491319 0.008349 0.000000 0.000000 0.000000 -0.000527 0.000104 0.000134 -0.022522 -0.015935 -0.010873 -0.055923 -0.113527 -9.808184 
143.800069 0.025071 0.011523 -1.265990 31.297056 5.938148 -0.352146 0.000000 0.000000 0.000000 0.085208 -0.424041 -0.053940 0.000000 0.000000 0.000000 -0.000638 0.000036 0.000116 -0.022639 -0.015696 -0.010471 -0.056047 -0.113536 -9.808183 
143.899613 0.011619 0.013967 -1.266087 31.310953 5.899596 -0.360226 0.000000 0.000000 0.000000 0.162297 -0.469652 -0.092068 0.000000 0.000000 0.000000 -0.000475 0.000042 0.000110 -0.022239 -0.016125 -0.010345 -0.055779 -0.113415 -9.808186 
144.000480 0.007134 0.010966 -1.266902 31.333200 5.848821 -0.365796 0.000000 0.000000 0.000000 0.201149 -0.505689 -0.047668 0.000000 0.000000 0.000000 -0.000337 0.000028 0.000126 -0.022102 -0.016562 -0.010524 -0.055556 -0.113423 -9.808187 
144.099967 0.002527 0.018157 -1.267075 31.356850 5.813975 -0.362969 0.000000 0.000000 0.000000 0.162890 -0.385443 -0.045322 0.000000 0.000000 0.000000 -0.000189 0.000010 0.000110 -0.021260 -0.017254 -0.011061 -0.055111 -0.113146 -9.808193 
144.199523 -0.001905 0.022482 -1.267862 31.369596 5.778853 -0.361912 0.000000 0.000000 0.000000 0.133668 -0.401150 -0.060210 0.000000 0.000000 0.000000 -0.000039 0.000008 0.000119 -0.020896 -0.016870 -0.011678 -0.055245 -0.112924 -9.808194 
144.300359 -0.001301 0.021780 -1.267308 31.382132 5.726958 -0.361871 0.000000 0.000000 0.000000 0.139740 -0.590254 -0.075154 0.000000 0.000000 0.000000 -0.000000 -0.000065 0.000129 -0.021248 -0.016605 -0.012403 -0.055437 -0.113054 -9.808192 
144.400028 -0.009279 0.038605 -1.265338 31.390952 5.667288 -0.349095 0.000000 0.000000 0.000000 0.095998 -0.542809 0.078445 0.000000 0.000000 0.000000 0.000470 -0.000063 0.000141 -0.021068 -0.016069 -0.013528 -0.055677 -0.112898 -9.808192 
144.499434 0.003747 0.022230 -1.268441 31.401531 5.621950 -0.343321 0.000000 0.000000 0.000000 0.062421 -0.454854 0.032732 0.000000 0.000000 0.000000 -0.000059 -0.000050 0.000142 -0.020745 -0.016412 -0.013443 -0.055467 -0.112801 -9.808195 
144.600095 0.005117 0.011533 -1.263929 31.411082 5.583503 -0.341777 0.000000 0.000000 0.000000 0.096997 -0.487616 -0.032275 0.000000 0.000000 0.000000 -0.000115 -0.000008 0.000089 -0.020049 -0.016636 -0.013532 -0.055258 -0.112516 -9.808199 
144.699872 -0.001054 0.008548 -1.266338 31.430697 5.529522 -0.348848 0.000000 0.000000 0.000000 0.225760 -0.673515 -0.041875 0.000000 0.000000 0.000000 -0.000115 -0.000031 0.000143 -0.020028 -0.017339 -0.013273 -0.054927 -0.112611 -9.808200 
144.800745 0.011688 -0.008454 -1.267734 31.457510 5.473609 -0.357619 0.000000 0.000000 0.000000 0.212926 -0.547159 -0.021505 0.000000 0.000000 0.000000 -0.000404 0.000093 0.000147 -0.019440 -0.018214 -0.013111 -0.054431 -0.112473 -9.808204 
144.900234 -0.009169 0.013813 -1.266542 31.449269 5.437092 -0.338816 0.000000 0.000000 0.000000 0.111293 -0.467732 0.002708 0.000000 0.000000 0.000000 0.000167 -0.000034 0.000237 -0.017557 -0.014782 -0.015056 -0.055754 -0.111105 -9.808212 
145.001122 -0.020848 0.013825 -1.265217 31.456066 5.386903 -0.337193 0.000000 0.000000 0.000000 0.096900 -0.567850 -0.021440 0.000000 0.000000 0.000000 0.000390 -0.000022 0.000149 -0.017477 -0.014328 -0.015303 -0.055954 -0.111002 -9.808212 
145.100667 -0.017057 0.014254 -1.266652 31.458623 5.324507 -0.330230 0.000000 0.000000 0.000000 0.117064 -0.582740 0.122491 0.000000 0.000000 0.000000 0.000450 -0.000013 0.000179 -0.017349 -0.013193 -0.015812 -0.056463 -0.110775 -9.808212 
145.200168 0.000469 -0.005360 -1.268245 31.469876 5.277095 -0.327573 0.000000 0.000000 0.000000 0.099064 -0.471892 0.030082 0.000000 0.000000 0.000000 -0.000187 0.000070 0.000185 -0.016931 -0.013270 -0.015405 -0.056359 -0.110596 -9.808215 
145.301041 -0.009444 -0.002304 -1.267526 31.477241 5.231720 -0.325814 0.000000 0.000000 0.000000 0.149156 -0.504397 -0.013848 0.000000 0.000000 0.000000 -0.000063 -0.000022 0.000211 -0.016670 -0.012624 -0.015565 -0.056617 -0.110381 -9.808216 
145.400549 -0.010110 -0.009867 -1.267915 31.487309 5.175953 -0.327393 0.000000 0.000000 0.000000 0.118147 -0.537388 0.035760 0.000000 0.000000 0.000000 0.000208 -0.000047 0.000176 -0.016783 -0.011982 -0.015314 -0.056922 -0.110337 -9.808214 
145.500119 0.004321 -0.017595 -1.266945 31.501177 5.127338 -0.336658 0.000000 0.000000 0.000000 0.113637 -0.440343 0.016187 0.000000 0.000000 0.000000 -0.000561 0.000073 0.000208 -0.016773 -0.012341 -0.013584 -0.056733 -0.110387 -9.808215 
145.599602 -0.007996 -0.006551 -1.266739 31.512618 5.077615 -0.337306 0.000000 0.000000 0.000000 0.087501 -0.473890 -0.008985 0.000000 0.000000 0.000000 -0.000055 0.000018 0.000144 -0.017314 -0.012389 -0.013502 -0.056789 -0.110637 -9.808212 
145.698865 -0.009655 -0.011630 -1.265615 31.511049 5.017021 -0.339385 0.000000 0.000000 0.000000 0.029075 -0.667718 -0.033141 0.000000 0.000000 0.000000 -0.000142 0.000096 0.000172 -0.017649 -0.011229 -0.013827 -0.057367 -0.110617 -9.808208 
145.799998 -0.021663 0.011966 -1.267153 31.514298 4.957139 -0.321219 0.000000 0.000000 0.000000 0.029296 -0.585260 0.131599 0.000000 0.000000 0.000000 0.000481 -0.000145 0.000143 -0.016950 -0.011212 -0.015393 -0.057299 -0.110297 -9.808212 
145.899255 -0.002788 -0.011420 -1.267057 31.515193 4.913452 -0.311335 0.000000 0.000000 0.000000 0.064179 -0.488591 0.102417 0.000000 0.000000 0.000000 -0.000096 -0.000020 0.000230 -0.015941 -0.010701 -0.015213 -0.057379 -0.109774 -9.808218 
146.000387 -0.004661 -0.015280 -1.266079 31.537430 4.872379 -0.309793 0.000000 0.000000 0.000000 0.234571 -0.492610 0.026954 0.000000 0.000000 0.000000 -0.000301 0.000010 0.000204 -0.015396 -0.012038 -0.014576 -0.056691 -0.109727 -9.808222 
146.099967 -0.009178 -0.005670 -1.264741 31.556454 4.822192 -0.303540 0.000000 0.000000 0.000000 0.257857 -0.634804 0.053754 0.000000 0.000000 0.000000 0.000078 -0.000083 0.000210 -0.014694 -0.010946 -0.015062 -0.057086 -0.109257 -9.808225 
146.199463 -0.030065 0.012191 -1.263714 31.578910 4.763535 -0.296363 0.000000 0.000000 0.000000 0.247247 -0.512893 0.127270 0.000000 0.000000 0.000000 0.000304 0.000003 0.000154 -0.014448 -0.010904 -0.014989 -0.057068 -0.109142 -9.808227 
146.300323 -0.020787 0.014186 -1.272278 31.599059 4.717378 -0.280374 0.000000 0.000000 0.000000 0.221147 -0.453895 0.030322 0.000000 0.000000 0.000000 0.000182 -0.000233 0.000279 -0.014195 -0.010323 -0.015848 -0.057305 -0.108944 -9.808228 
146.399855 -0.011356 -0.014716 -1.267586 31.624642 4.669220 -0.293205 0.000000 0.000000 0.000000 0.263908 -0.513948 -0.055332 0.000000 0.000000 0.000000 -0.000430 0.000079 0.000194 -0.014358 -0.010708 -0.014289 -0.057134 -0.109078 -9.808227 
146.500748 -0.014902 0.004008 -1.270334 31.642024 4.595215 -0.306695 0.000000 0.000000 0.000000 0.239859 -0.626414 -0.005994 0.000000 0.000000 0.000000 -0.000122 0.000018 0.000249 -0.015375 -0.009471 -0.013357 -0.057812 -0.109354 -9.808220 
146.600290 -0.030008 0.013856 -1.273450 31.647930 4.540432 -0.313011 0.000000 0.000000 0.000000 0.113253 -0.493393 -0.009938 0.000000 0.000000 0.000000 0.000169 0.000034 0.000308 -0.015021 -0.007908 -0.012814 -0.058444 -0.108981 -9.808220 
146.699809 -0.019867 0.003590 -1.270388 31.650998 4.502318 -0.318496 0.000000 0.000000 0.000000 0.083897 -0.443777 -0.041681 0.000000 0.000000 0.000000 -0.000122 0.000101 0.000328 -0.014116 -0.007136 -0.012560 -0.058652 -0.108478 -9.808225 
146.800662 -0.010627 0.004868 -1.267497 31.665381 4.464849 -0.320084 0.000000 0.000000 0.000000 0.131222 -0.580746 -0.019196 0.000000 0.000000 0.000000 -0.000006 -0.000057 0.000244 -0.012948 -0.007422 -0.012981 -0.058367 -0.108007 -9.808232 
146.900301 -0.012664 0.026504 -1.264110 31.670336 4.430430 -0.303938 0.000000 0.000000 0.000000 0.096513 -0.409069 0.043749 0.000000 0.000000 0.000000 0.000325 -0.000107 0.000234 -0.011380 -0.006421 -0.014479 -0.058603 -0.107181 -9.808239 
146.999714 -0.011303 0.010036 -1.266313 31.689298 4.409395 -0.305927 0.000000 0.000000 0.000000 0.118843 -0.327536 -0.011968 0.000000 0.000000 0.000000 0.000130 -0.000016 0.000165 -0.010226 -0.007602 -0.013990 -0.057921 -0.106845 -9.808247 
147.100621 -0.010360 0.004533 -1.267145 31.699159 4.384628 -0.310689 0.000000 0.000000 0.000000 0.092383 -0.409394 -0.022028 0.000000 0.000000 0.000000 -0.000019 0.000078 0.000220 -0.009252 -0.007537 -0.013637 -0.057810 -0.106415 -9.808252 
147.200226 -0.023209 0.032339 -1.271622 31.708998 4.333022 -0.301514 0.000000 0.000000 0.000000 0.117690 -0.576964 0.078614 0.000000 0.000000 0.000000 0.000198 -0.000095 0.000155 -0.009357 -0.007325 -0.014461 -0.057926 -0.106431 -9.808252 
147.300999 -0.008100 0.019864 -1.276440 31.698476 4.280495 -0.297339 0.000000 0.000000 0.000000 0.003128 -0.457641 0.075107 0.000000 0.000000 0.000000 -0.000051 -0.000007 0.000255 -0.008809 -0.004543 -0.013855 -0.059050 -0.105816 -9.808251 
147.400489 -0.000989 0.010007 -1.262182 31.700628 4.230609 -0.297223 0.000000 0.000000 0.000000 0.107449 -0.411206 0.036893 0.000000 0.000000 0.000000 -0.000221 0.000212 0.000005 -0.009339 -0.004231 -0.013422 -0.059253 -0.106000 -9.808248 
147.500061 -0.018354 0.030002 -1.267866 31.703587 4.167683 -0.299074 0.000000 0.000000 0.000000 0.131250 -0.593173 0.026001 0.000000 0.000000 0.000000 0.000306 0.000060 0.000126 -0.010417 -0.002885 -0.013469 -0.059980 -0.106279 -9.808241 
147.600940 0.007139 0.032893 -1.262209 31.711659 4.103389 -0.301066 0.000000 0.000000 0.000000 0.136047 -0.507389 0.040200 0.000000 0.000000 0.000000 -0.000012 -0.000016 0.000056 -0.010773 -0.002196 -0.013003 -0.060320 -0.106336 -9.808238 
147.700417 -0.013971 0.033892 -1.266025 31.720022 4.044321 -0.294677 0.000000 0.000000 0.000000 0.127292 -0.486219 0.000594 0.000000 0.000000 0.000000 0.000447 0.000128 0.000121 -0.011713 -0.001362 -0.013580 -0.060810 -0.106627 -9.808232 
147.799955 0.001354 0.012831 -1.267215 31.734585 3.996814 -0.309512 0.000000 0.000000 0.000000 0.154126 -0.504704 -0.073437 0.000000 0.000000 0.000000 -0.000274 0.000304 0.000098 -0.011641 -0.001587 -0.012107 -0.060690 -0.106617 -9.808233 
147.900841 -0.013988 0.053865 -1.271036 31.752960 3.934865 -0.309716 0.000000 0.000000 0.000000 0.183367 -0.627239 -0.041748 0.000000 0.000000 0.000000 0.000382 -0.000009 0.000119 -0.011776 -0.001896 -0.012811 -0.060583 -0.106720 -9.808232 
148.000351 0.010714 0.023559 -1.269766 31.747207 3.877758 -0.320918 0.000000 0.000000 0.000000 0.078081 -0.498010 -0.043423 0.000000 0.000000 0.000000 -0.000614 0.000273 0.000160 -0.011428 0.000887 -0.012001 -0.061714 -0.106200 -9.808231 
148.099922 0.020381 0.024067 -1.264464 31.761326 3.833663 -0.322232 0.000000 0.000000 0.000000 0.179299 -0.491046 -0.085952 0.000000 0.000000 0.000000 -0.000593 0.000161 0.000119 -0.011105 0.000667 -0.012458 -0.061582 -0.106097 -9.808233 
148.199507 0.008485 0.028556 -1.268266 31.774925 3.780963 -0.325526 0.000000 0.000000 0.000000 0.254643 -0.642877 -0.049522 0.000000 0.000000 0.000000 -0.000332 0.000193 0.000207 -0.010721 0.001977 -0.013107 -0.062092 -0.105772 -9.808233 
148.300266 0.008645 0.071672 -1.267618 31.797361 3.729479 -0.314568 0.000000 0.000000 0.000000 0.233343 -0.512429 0.031635 0.000000 0.000000 0.000000 -0.000115 -0.000219 0.000158 -0.009823 0.002273 -0.014105 -0.062109 -0.105369 -9.808237 
148.399814 0.017476 0.027106 -1.271731 31.800352 3.679966 -0.316178 0.000000 0.000000 0.000000 0.071610 -0.504292 -0.081807 0.000000 0.000000 0.000000 -0.000230 0.000070 0.000264 -0.009527 0.004418 -0.013797 -0.062971 -0.104963 -9.808236 
148.499338 0.034609 0.031439 -1.263897 31.796072 3.639442 -0.328917 0.000000 0.000000 0.000000 0.079173 -0.584167 -0.049506 0.000000 0.000000 0.000000 -0.000982 -0.000014 0.000212 -0.008049 0.006222 -0.012639 -0.063525 -0.104097 -9.808242 
148.600206 0.014604 0.039908 -1.273729 31.827671 3.578199 -0.329561 0.000000 0.000000 0.000000 0.162764 -0.596114 -0.020762 0.000000 0.000000 0.000000 -0.000438 0.000223 0.000207 -0.008465 0.003002 -0.012863 -0.062232 -0.104688 -9.808244 
148.699768 0.021402 0.048068 -1.274546 31.823278 3.527940 -0.333121 0.000000 0.000000 0.000000 0.058532 -0.422009 -0.018872 0.000000 0.000000 0.000000 -0.000511 0.000020 0.000326 -0.008011 0.005058 -0.012632 -0.063030 -0.104232 -9.808244 
148.800627 0.031112 0.028740 -1.268508 31.839340 3.493849 -0.349824 0.000000 0.000000 0.000000 0.133565 -0.411583 -0.144676 0.000000 0.000000 0.000000 -0.001074 0.000073 0.000226 -0.007618 0.003740 -0.011743 -0.062420 -0.104222 -9.808248 
148.900160 0.019911 0.037091 -1.274509 31.860113 3.459834 -0.361021 0.000000 0.000000 0.000000 0.265302 -0.497633 -0.142206 0.000000 0.000000 0.000000 -0.000682 0.000020 0.000333 -0.006740 0.003367 -0.012074 -0.062157 -0.103916 -9.808253 
149.001025 0.016829 0.040449 -1.269169 31.880510 3.418708 -0.360856 0.000000 0.000000 0.000000 0.245258 -0.459910 -0.005003 0.000000 0.000000 0.000000 -0.000484 -0.000035 0.000187 -0.005637 0.004009 -0.013134 -0.062296 -0.103402 -9.808257 
149.100543 0.018349 0.055226 -1.267526 31.898533 3.383731 -0.357398 0.000000 0.000000 0.000000 0.171730 -0.378744 -0.005233 0.000000 0.000000 0.000000 -0.000540 -0.000095 0.000182 -0.004959 0.004237 -0.013462 -0.062309 -0.103102 -9.808260 
149.200105 0.016687 0.049774 -1.269652 31.910538 3.333903 -0.360310 0.000000 0.000000 0.000000 0.109846 -0.459822 -0.070092 0.000000 0.000000 0.000000 -0.000499 -0.000029 0.000195 -0.005788 0.004703 -0.013482 -0.062606 -0.103381 -9.808255 
149.300905 0.022635 0.037148 -1.270975 31.917474 3.269484 -0.364365 0.000000 0.000000 0.000000 0.098980 -0.616029 -0.038333 0.000000 0.000000 0.000000 -0.000606 0.000030 0.000211 -0.006574 0.005170 -0.013818 -0.062901 -0.103648 -9.808251 
149.400457 0.009363 0.040668 -1.275540 31.919263 3.203333 -0.375174 0.000000 0.000000 0.000000 0.056276 -0.550494 0.000816 0.000000 0.000000 0.000000 -0.000401 0.000033 0.000305 -0.007284 0.006193 -0.012695 -0.063397 -0.103785 -9.808246 
149.500014 0.020021 0.013983 -1.266829 31.933220 3.159847 -0.375215 0.000000 0.000000 0.000000 0.107001 -0.498748 -0.000311 0.000000 0.000000 0.000000 -0.001063 0.000231 0.000136 -0.006611 0.005358 -0.012711 -0.062971 -0.103618 -9.808251 
149.599611 0.006758 0.025953 -1.269515 31.939922 3.123765 -0.345171 0.000000 0.000000 0.000000 0.181745 -0.614102 0.035014 0.000000 0.000000 0.000000 -0.000455 -0.000009 0.000225 -0.004590 0.006753 -0.016073 -0.063326 -0.102691 -9.808258 
149.700364 0.017992 -0.003911 -1.260655 31.964361 3.060249 -0.338552 0.000000 0.000000 0.000000 0.149114 -0.638631 0.176096 0.000000 0.000000 0.000000 -0.000952 0.000205 0.000111 -0.004493 0.005971 -0.015935 -0.062995 -0.102747 -9.808260 
149.799908 -0.005293 0.031067 -1.265877 31.981774 3.013989 -0.337552 0.000000 0.000000 0.000000 0.132859 -0.436140 0.053262 0.000000 0.000000 0.000000 -0.000593 0.000075 0.000173 -0.003871 0.006196 -0.014369 -0.062989 -0.102448 -9.808263 
149.899426 0.015478 0.016844 -1.267352 32.001789 2.977202 -0.327695 0.000000 0.000000 0.000000 0.187536 -0.463796 0.025716 0.000000 0.000000 0.000000 -0.000558 -0.000090 0.000096 -0.003327 0.005275 -0.015427 -0.062564 -0.102355 -9.808266 
150.000101 0.007278 0.025008 -1.265551 32.009470 2.930728 -0.339296 0.000000 0.000000 0.000000 0.088701 -0.561507 0.012849 0.000000 0.000000 0.000000 -0.000504 -0.000033 0.000128 -0.002669 0.006509 -0.014147 -0.062965 -0.101930 -9.808268 
150.099877 0.006974 0.022741 -1.285020 32.040353 2.871930 -0.341037 0.000000 0.000000 0.000000 0.207724 -0.453576 0.052275 0.000000 0.000000 0.000000 -0.000371 -0.000203 0.000228 -0.003749 0.004614 -0.013871 -0.062328 -0.102585 -9.808266 
150.200729 0.019823 0.005555 -1.323061 32.071457 2.818636 -0.331053 0.000000 0.000000 0.000000 0.246615 -0.393229 0.048525 0.000000 0.000000 0.000000 -0.000656 -0.000032 0.000318 -0.005050 0.003629 -0.014454 -0.062098 -0.103225 -9.808260 
150.301586 0.020714 -0.002280 -1.377783 32.095875 2.773033 -0.325406 0.000000 0.000000 0.000000 0.318728 -0.433773 0.035967 0.000000 0.000000 0.000000 -0.000382 0.000002 0.000424 -0.005488 0.004086 -0.014755 -0.062339 -0.103343 -9.808257 
150.401129 0.023876 -0.026122 -1.457815 32.107794 2.725956 -0.307493 0.000000 0.000000 0.000000 0.280843 -0.563148 0.122840 0.000000 0.000000 0.000000 -0.000454 0.000102 0.000747 -0.005017 0.006907 -0.016157 -0.063421 -0.102783 -9.808256 
150.501939 0.019006 -0.000709 -1.551913 32.102926 2.695503 -0.300543 0.000000 0.000000 0.000000 0.168950 -0.400798 0.051294 0.000000 0.000000 0.000000 -0.000108 -0.000099 0.000984 -0.002724 0.010874 -0.015691 -0.064650 -0.101266 -9.808264 
150.600145 0.030703 -0.041113 -1.614803 32.073306 2.666675 -0.286422 0.000000 0.000000 0.000000 -0.066287 -0.299331 0.146030 0.000000 0.000000 0.000000 -0.000574 0.000072 0.000842 -0.002150 0.015930 -0.016540 -0.066551 -0.100147 -9.808263 
150.699721 0.018180 -0.015313 -1.672748 32.053780 2.639626 -0.287831 0.000000 0.000000 0.000000 -0.257988 -0.429122 -0.015184 0.000000 0.000000 0.000000 -0.000951 -0.000192 0.000784 -0.001415 0.017317 -0.015660 -0.066931 -0.099581 -9.808266 
150.798876 0.023437 -0.019323 -1.682349 32.030519 2.612286 -0.299358 0.000000 0.000000 0.000000 -0.326975 -0.501667 0.032187 0.000000 0.000000 0.000000 -0.000969 -0.000203 0.000164 0.000835 0.016529 -0.014265 -0.066137 -0.098912 -9.808278 
150.897440 0.016337 -0.009707 -1.706980 31.999457 2.562744 -0.318063 0.000000 0.000000 0.000000 -0.326633 -0.385444 -0.008780 0.000000 0.000000 0.000000 -0.000857 -0.000150 0.000206 0.000307 0.016350 -0.011955 -0.066127 -0.099169 -9.808276 
150.998279 0.016862 -0.005892 -1.710750 31.957977 2.517867 -0.332110 0.000000 0.000000 0.000000 -0.384126 -0.423263 -0.115748 0.000000 0.000000 0.000000 -0.000873 -0.000170 0.000253 -0.000451 0.017109 -0.011179 -0.066567 -0.099244 -9.808272 
151.097849 0.006710 0.016618 -1.709799 31.930781 2.461292 -0.346797 0.000000 0.000000 0.000000 -0.357039 -0.629025 -0.115867 0.000000 0.000000 0.000000 -0.000275 -0.000429 0.000212 -0.001174 0.015786 -0.010752 -0.066277 -0.099874 -9.808268 
151.198717 0.009222 0.002251 -1.712026 31.927913 2.389548 -0.353069 0.000000 0.000000 0.000000 -0.186913 -0.731103 0.036506 0.000000 0.000000 0.000000 -0.000846 -0.000385 0.000269 -0.000038 0.012225 -0.010711 -0.064732 -0.100498 -9.808272 
151.299211 0.015616 0.000865 -1.712528 31.930863 2.328924 -0.360253 0.000000 0.000000 0.000000 -0.048054 -0.580639 -0.009266 0.000000 0.000000 0.000000 -0.000914 -0.000183 0.000258 0.001068 0.010042 -0.009928 -0.063653 -0.100748 -9.808276 
151.400442 0.012682 -0.005983 -1.714130 31.945709 2.278951 -0.366613 0.000000 0.000000 0.000000 0.055628 -0.606864 -0.097464 0.000000 0.000000 0.000000 -0.000828 -0.000083 0.000290 0.002489 0.007725 -0.010299 -0.062465 -0.100935 -9.808282 
151.501169 -0.020660 0.025129 -1.709051 31.946254 2.220197 -0.363644 0.000000 0.000000 0.000000 -0.025635 -0.742292 -0.097690 0.000000 0.000000 0.000000 0.000044 -0.000359 0.000233 0.003286 0.008691 -0.011722 -0.062592 -0.100394 -9.808287 
151.600791 -0.030595 0.016806 -1.714278 31.956099 2.166205 -0.328104 0.000000 0.000000 0.000000 0.021446 -0.475482 0.203142 0.000000 0.000000 0.000000 -0.000059 -0.000096 0.000306 0.004307 0.008003 -0.014593 -0.062118 -0.100258 -9.808291 
151.701688 0.013212 -0.012217 -1.709848 31.957051 2.143188 -0.313514 0.000000 0.000000 0.000000 0.095043 -0.414319 0.097369 0.000000 0.000000 0.000000 -0.001068 -0.000248 0.000358 0.006111 0.008796 -0.014478 -0.061859 -0.099430 -9.808301 
151.801252 0.009518 -0.002856 -1.712651 31.986048 2.105310 -0.311686 0.000000 0.000000 0.000000 0.206250 -0.552690 0.047651 0.000000 0.000000 0.000000 -0.001056 -0.000569 0.000264 0.007670 0.006723 -0.013784 -0.060696 -0.099492 -9.808308 
151.900742 -0.003404 -0.015058 -1.712830 31.992774 2.033413 -0.304789 0.000000 0.000000 0.000000 0.134402 -0.539349 0.072533 0.000000 0.000000 0.000000 -0.000479 0.000061 0.000288 0.005892 0.007557 -0.013769 -0.061491 -0.099850 -9.808299 
152.001613 -0.000774 0.007226 -1.711652 32.008394 1.978119 -0.305587 0.000000 0.000000 0.000000 0.081773 -0.467777 0.020044 0.000000 0.000000 0.000000 -0.000486 -0.000227 0.000269 0.005613 0.006711 -0.012999 -0.061275 -0.100178 -9.808297 
152.101163 -0.006748 0.011236 -1.709886 32.012778 1.934935 -0.312045 0.000000 0.000000 0.000000 -0.007526 -0.500749 -0.034751 0.000000 0.000000 0.000000 -0.000395 -0.000275 0.000225 0.006014 0.006795 -0.012417 -0.061180 -0.100021 -9.808299 
152.200725 -0.003387 0.001410 -1.710292 32.000673 1.885575 -0.317141 0.000000 0.000000 0.000000 -0.137290 -0.643599 0.043105 0.000000 0.000000 0.000000 -0.000506 -0.000145 0.000197 0.006502 0.007657 -0.012436 -0.061330 -0.099620 -9.808302 
152.299974 -0.006652 0.006257 -1.712224 31.981115 1.829582 -0.316278 0.000000 0.000000 0.000000 -0.140353 -0.481749 0.024828 0.000000 0.000000 0.000000 -0.000046 -0.000253 0.000280 0.006276 0.008566 -0.012387 -0.061698 -0.099445 -9.808302 
152.399839 -0.002470 -0.002552 -1.708919 31.972130 1.778095 -0.314778 0.000000 0.000000 0.000000 -0.108152 -0.429933 -0.006297 0.000000 0.000000 0.000000 -0.000332 -0.000223 0.000239 0.005778 0.007903 -0.012341 -0.061616 -0.099791 -9.808299 
152.499239 -0.007966 -0.008665 -1.711362 31.966487 1.737585 -0.326079 0.000000 0.000000 0.000000 -0.101712 -0.530890 -0.103167 0.000000 0.000000 0.000000 -0.000546 -0.000201 0.000285 0.006400 0.007308 -0.011574 -0.061233 -0.099749 -9.808302 
152.599738 0.000168 -0.023009 -1.710868 31.952179 1.672423 -0.331804 0.000000 0.000000 0.000000 -0.174790 -0.658739 -0.117797 0.000000 0.000000 0.000000 -0.000484 -0.000141 0.000290 0.006014 0.007339 -0.012053 -0.061357 -0.099868 -9.808300 
152.699679 -0.014769 0.006198 -1.710445 31.931678 1.608782 -0.333816 0.000000 0.000000 0.000000 -0.131334 -0.517896 -0.032060 0.000000 0.000000 0.000000 -0.000035 -0.000301 0.000262 0.005320 0.007974 -0.012219 -0.061763 -0.099923 -9.808297 
152.800502 -0.003311 -0.010407 -1.712964 31.922621 1.558476 -0.338811 0.000000 0.000000 0.000000 -0.098064 -0.467070 -0.039748 0.000000 0.000000 0.000000 -0.000504 -0.000142 0.000310 0.005330 0.007410 -0.012117 -0.061572 -0.100072 -9.808296 
152.900040 -0.012176 -0.000693 -1.710934 31.907443 1.506971 -0.332673 0.000000 0.000000 0.000000 -0.180283 -0.614183 -0.060480 0.000000 0.000000 0.000000 -0.000063 -0.000226 0.000323 0.005219 0.007839 -0.013480 -0.061762 -0.099990 -9.808296 
152.999563 -0.022173 0.018586 -1.714705 31.891601 1.449196 -0.322678 0.000000 0.000000 0.000000 -0.196539 -0.531325 0.052327 0.000000 0.000000 0.000000 0.000228 -0.000203 0.000346 0.005597 0.007672 -0.014442 -0.061616 -0.099908 -9.808298 
153.100448 -0.013716 -0.006317 -1.712611 31.873039 1.414757 -0.316786 0.000000 0.000000 0.000000 -0.134381 -0.345248 -0.003873 0.000000 0.000000 0.000000 -0.000311 -0.000171 0.000287 0.006473 0.007814 -0.014759 -0.061427 -0.099584 -9.808302 
153.199960 -0.020347 -0.015110 -1.714936 31.851193 1.387546 -0.304518 0.000000 0.000000 0.000000 -0.228714 -0.375639 -0.002182 0.000000 0.000000 0.000000 0.000052 -0.000032 0.000444 0.006821 0.008644 -0.015879 -0.061617 -0.099245 -9.808304 
153.300854 -0.015531 -0.012220 -1.709406 31.855205 1.370022 -0.323889 0.000000 0.000000 0.000000 -0.074112 -0.481836 -0.097314 0.000000 0.000000 0.000000 -0.000367 -0.000307 0.000160 0.009783 0.006720 -0.014355 -0.060165 -0.098806 -9.808318 
153.400347 -0.021911 -0.015431 -1.714549 31.824360 1.308371 -0.304264 0.000000 0.000000 0.000000 -0.122046 -0.495952 0.134610 0.000000 0.000000 0.000000 0.000143 0.000060 0.000330 0.008241 0.009138 -0.016871 -0.061398 -0.098648 -9.808312 
153.499916 -0.019045 -0.014307 -1.711065 31.809587 1.260328 -0.304790 0.000000 0.000000 0.000000 -0.063520 -0.406472 0.078063 0.000000 0.000000 0.000000 -0.000356 -0.000015 0.000323 0.007698 0.009663 -0.015853 -0.061706 -0.098688 -9.808309 
153.600781 -0.017649 -0.023777 -1.711418 31.804864 1.205988 -0.301914 0.000000 0.000000 0.000000 -0.046202 -0.518120 0.032372 0.000000 0.000000 0.000000 -0.000274 0.000004 0.000255 0.006784 0.009121 -0.015732 -0.061775 -0.099126 -9.808305 
153.700275 -0.028884 0.003016 -1.715390 31.790943 1.133701 -0.303589 0.000000 0.000000 0.000000 -0.107841 -0.642914 0.060380 0.000000 0.000000 0.000000 0.000035 -0.000173 0.000410 0.005427 0.009825 -0.015238 -0.062363 -0.099379 -9.808298 
153.799808 -0.025176 -0.004043 -1.712950 31.797558 1.088546 -0.302840 0.000000 0.000000 0.000000 0.013156 -0.420288 0.062670 0.000000 0.000000 0.000000 -0.000195 -0.000153 0.000270 0.006505 0.008574 -0.014511 -0.061664 -0.099369 -9.808303 
153.900737 -0.022980 -0.004085 -1.714348 31.790850 1.041245 -0.298453 0.000000 0.000000 0.000000 -0.009078 -0.368242 0.022608 0.000000 0.000000 0.000000 -0.000140 -0.000151 0.000348 0.005416 0.009479 -0.014615 -0.062247 -0.099478 -9.808298 
154.000235 -0.023474 -0.002502 -1.712970 31.785102 0.997882 -0.296294 0.000000 0.000000 0.000000 0.006130 -0.476091 -0.007073 0.000000 0.000000 0.000000 0.000037 -0.000119 0.000341 0.004864 0.010220 -0.014804 -0.062633 -0.099458 -9.808296 
154.099729 -0.025458 0.000212 -1.713533 31.781716 0.939540 -0.295929 0.000000 0.000000 0.000000 -0.027589 -0.634717 -0.002358 0.000000 0.000000 0.000000 0.000166 -0.000067 0.000325 0.004497 0.010761 -0.014903 -0.062905 -0.099433 -9.808294 
154.199276 -0.022238 0.019243 -1.712389 31.777944 0.897473 -0.304305 0.000000 0.000000 0.000000 -0.011002 -0.465664 0.021068 0.000000 0.000000 0.000000 0.000305 -0.000240 0.000289 0.005612 0.011492 -0.013618 -0.062835 -0.098899 -9.808300 
154.300172 -0.011745 0.018274 -1.710411 31.779979 0.860309 -0.309118 0.000000 0.000000 0.000000 -0.004998 -0.431503 -0.052347 0.000000 0.000000 0.000000 0.000076 -0.000198 0.000223 0.006327 0.011398 -0.013001 -0.062612 -0.098700 -9.808304 
154.399665 -0.000814 0.013950 -1.709910 31.780868 0.828194 -0.319286 0.000000 0.000000 0.000000 -0.045814 -0.551642 -0.075998 0.000000 0.000000 0.000000 -0.000137 -0.000300 0.000204 0.007735 0.011407 -0.012637 -0.062242 -0.098255 -9.808310 
154.500561 0.013957 0.019854 -1.709659 31.768596 0.772584 -0.315564 0.000000 0.000000 0.000000 -0.035522 -0.422223 -0.035730 0.000000 0.000000 0.000000 -0.000236 -0.000321 0.000190 0.007191 0.012450 -0.013301 -0.062720 -0.098159 -9.808308 
154.600063 0.008780 0.016976 -1.711698 31.758604 0.738498 -0.306643 0.000000 0.000000 0.000000 -0.117738 -0.295709 0.002765 0.000000 0.000000 0.000000 0.000145 -0.000185 0.000244 0.007091 0.013426 -0.013911 -0.063059 -0.097942 -9.808308 
154.699636 -0.002025 0.030758 -1.709796 31.760484 0.709248 -0.324951 0.000000 0.000000 0.000000 -0.027288 -0.408246 -0.006225 0.000000 0.000000 0.000000 0.000016 -0.000256 0.000163 0.007718 0.012964 -0.012419 -0.062739 -0.097858 -9.808311 
154.799119 0.018326 0.014877 -1.709209 31.735768 0.652931 -0.325443 0.000000 0.000000 0.000000 -0.109176 -0.562180 -0.045580 0.000000 0.000000 0.000000 -0.000261 -0.000348 0.000211 0.006451 0.015554 -0.012892 -0.063889 -0.097602 -9.808306 
154.900009 0.004344 0.036252 -1.707955 31.725854 0.608386 -0.314223 0.000000 0.000000 0.000000 -0.038107 -0.382615 0.104296 0.000000 0.000000 0.000000 -0.000018 -0.000314 0.000213 0.006770 0.016081 -0.013543 -0.063979 -0.097374 -9.808308 
154.999519 0.019494 -0.010756 -1.707284 31.725924 0.563132 -0.315053 0.000000 0.000000 0.000000 -0.095282 -0.461623 0.038704 0.000000 0.000000 0.000000 -0.000723 0.000146 -0.000022 0.006597 0.014675 -0.012927 -0.063575 -0.097775 -9.808307 
155.100376 0.011439 0.030032 -1.711208 31.693232 0.515073 -0.306331 0.000000 0.000000 0.000000 -0.260538 -0.546529 0.015520 0.000000 0.000000 0.000000 -0.000416 -0.000172 0.000222 0.006208 0.016800 -0.013585 -0.064348 -0.097370 -9.808306 
155.199908 0.000845 0.035327 -1.711941 31.671358 0.461303 -0.311029 0.000000 0.000000 0.000000 -0.153611 -0.440516 0.063460 0.000000 0.000000 0.000000 -0.000283 -0.000078 0.000082 0.006311 0.016634 -0.012749 -0.064260 -0.097372 -9.808306 
155.300789 0.013338 0.012041 -1.728960 31.671419 0.431999 -0.308727 0.000000 0.000000 0.000000 0.008666 -0.311536 0.033337 0.000000 0.000000 0.000000 -0.000395 0.000062 -0.000073 0.007241 0.015794 -0.012445 -0.063759 -0.097292 -9.808310 
155.401628 0.030189 -0.004001 -1.769969 31.672478 0.427745 -0.309547 0.000000 0.000000 0.000000 0.150731 -0.250094 -0.016191 0.000000 0.000000 0.000000 -0.000473 0.000065 0.000041 0.008967 0.017432 -0.012314 -0.063827 -0.096352 -9.808319 
155.501157 0.034148 -0.010737 -1.844096 31.682757 0.392604 -0.301129 0.000000 0.000000 0.000000 0.217991 -0.389808 0.082056 0.000000 0.000000 0.000000 -0.000269 0.000084 0.000512 0.008307 0.018774 -0.013155 -0.064420 -0.096218 -9.808317 
155.601759 0.021859 0.016707 -1.922653 31.669738 0.340364 -0.280638 0.000000 0.000000 0.000000 0.075697 -0.351485 0.118507 0.000000 0.000000 0.000000 0.000586 0.000286 0.000841 0.005794 0.022069 -0.014268 -0.066091 -0.096105 -9.808307 
155.701591 0.029042 0.003495 -2.016330 31.650527 0.299534 -0.291654 0.000000 0.000000 0.000000 -0.108848 -0.243648 0.074345 0.000000 0.000000 0.000000 0.000502 0.000125 0.001024 0.003890 0.024920 -0.012918 -0.067421 -0.095852 -9.808300 
155.799766 0.047856 -0.021384 -2.063562 31.622978 0.248311 -0.302567 0.000000 0.000000 0.000000 -0.320078 -0.489074 -0.035492 0.000000 0.000000 0.000000 -0.000402 -0.000077 0.000700 0.002025 0.025553 -0.011733 -0.068108 -0.096181 -9.808292 
155.899294 0.008160 0.030254 -2.101513 31.570573 0.191414 -0.319746 0.000000 0.000000 0.000000 -0.558852 -0.608077 -0.077545 0.000000 0.000000 0.000000 0.000564 0.000293 0.000483 0.001359 0.026953 -0.010585 -0.068664 -0.095901 -9.808291 
155.997206 0.018948 0.028275 -2.126248 31.512898 0.148293 -0.335721 0.000000 0.000000 0.000000 -0.493912 -0.420702 -0.036176 0.000000 0.000000 0.000000 0.000521 0.000192 0.000474 0.001632 0.028364 -0.009558 -0.068915 -0.095347 -9.808294 
156.097068 0.023837 0.027634 -2.132042 31.477565 0.124947 -0.346562 0.000000 0.000000 0.000000 -0.413796 -0.278340 -0.081902 0.000000 0.000000 0.000000 0.000185 0.000224 0.000293 0.003330 0.027889 -0.008944 -0.068220 -0.095120 -9.808302 
156.197872 0.034023 0.022899 -2.128164 31.444187 0.095231 -0.360741 0.000000 0.000000 0.000000 -0.389811 -0.311341 -0.042975 0.000000 0.000000 0.000000 -0.000430 0.000064 0.000197 0.003909 0.026794 -0.008719 -0.067765 -0.095392 -9.808302 
156.297412 0.033562 0.007042 -2.121707 31.392898 0.050926 -0.362258 0.000000 0.000000 0.000000 -0.500183 -0.385958 -0.046585 0.000000 0.000000 0.000000 -0.000485 0.000232 0.000197 0.002989 0.026562 -0.009316 -0.068055 -0.095675 -9.808297 
156.399611 0.041470 0.033745 -2.128675 31.358767 0.005442 -0.354789 0.000000 0.000000 0.000000 -0.248526 -0.327259 0.125898 0.000000 0.000000 0.000000 -0.000205 0.000087 0.000325 0.002938 0.024933 -0.009431 -0.067733 -0.096289 -9.808294 
156.500461 0.062037 0.004174 -2.129435 31.349281 -0.021300 -0.354422 0.000000 0.000000 0.000000 -0.242802 -0.324086 -0.001720 0.000000 0.000000 0.000000 -0.000981 0.000283 0.000136 0.004659 0.023171 -0.009207 -0.066731 -0.096591 -9.808297 
156.601330 0.058569 -0.002672 -2.125264 31.320986 -0.064817 -0.354291 0.000000 0.000000 0.000000 -0.346896 -0.384914 -0.048175 0.000000 0.000000 0.000000 -0.000855 0.000314 0.000157 0.004222 0.022287 -0.009663 -0.066723 -0.097007 -9.808293 
156.702236 0.024207 0.068368 -2.138900 31.275832 -0.111747 -0.334241 0.000000 0.000000 0.000000 -0.332499 -0.344752 0.115172 0.000000 0.000000 0.000000 0.000140 0.000230 0.000407 0.002890 0.023187 -0.011449 -0.067441 -0.096965 -9.808289 
156.801760 0.031137 0.020192 -2.132464 31.245887 -0.141598 -0.321951 0.000000 0.000000 0.000000 -0.256922 -0.276449 0.076668 0.000000 0.000000 0.000000 -0.000349 0.000459 0.000207 0.002843 0.023230 -0.011503 -0.067469 -0.096959 -9.808289 
156.900940 0.029782 0.014578 -2.130417 31.224129 -0.173795 -0.325315 0.000000 0.000000 0.000000 -0.191426 -0.353971 0.016687 0.000000 0.000000 0.000000 -0.000244 0.000298 0.000255 0.002748 0.023015 -0.010663 -0.067442 -0.097044 -9.808288 
157.000958 0.019875 0.014187 -2.132332 31.209136 -0.219468 -0.326834 0.000000 0.000000 0.000000 -0.187767 -0.542283 0.018276 0.000000 0.000000 0.000000 -0.000279 0.000218 0.000227 0.002939 0.022451 -0.010486 -0.067255 -0.097207 -9.808288 
157.100312 0.015702 0.042283 -2.132441 31.180390 -0.268675 -0.318838 0.000000 0.000000 0.000000 -0.149883 -0.444560 0.056521 0.000000 0.000000 0.000000 0.000026 0.000162 0.000288 0.002124 0.023826 -0.010869 -0.067839 -0.096878 -9.808287 
157.199862 0.024097 0.024185 -2.130181 31.166895 -0.309812 -0.323458 0.000000 0.000000 0.000000 -0.108713 -0.393726 0.006682 0.000000 0.000000 0.000000 -0.000399 0.000104 0.000233 0.002081 0.023880 -0.010017 -0.067849 -0.096856 -9.808287 
157.300751 0.029086 0.014690 -2.131659 31.156647 -0.354414 -0.334511 0.000000 0.000000 0.000000 -0.177710 -0.507989 -0.060250 0.000000 0.000000 0.000000 -0.000696 0.000077 0.000228 0.002296 0.023509 -0.009427 -0.067685 -0.096940 -9.808287 
157.400265 0.016533 0.034660 -2.133955 31.121672 -0.424018 -0.341548 0.000000 0.000000 0.000000 -0.231439 -0.544339 0.001090 0.000000 0.000000 0.000000 -0.000416 0.000113 0.000284 0.000342 0.024092 -0.009681 -0.068521 -0.097118 -9.808280 
157.501142 0.020303 0.030191 -2.135000 31.097091 -0.478446 -0.336969 0.000000 0.000000 0.000000 -0.147096 -0.382297 0.081457 0.000000 0.000000 0.000000 -0.000715 0.000063 0.000216 -0.000647 0.024272 -0.010044 -0.068924 -0.097252 -9.808276 
157.600696 0.046586 -0.008232 -2.124741 31.072618 -0.514812 -0.334016 0.000000 0.000000 0.000000 -0.148910 -0.407323 -0.048141 0.000000 0.000000 0.000000 -0.001103 -0.000060 0.000190 -0.001357 0.024955 -0.010231 -0.069320 -0.097151 -9.808274 
157.699843 0.025294 0.024696 -2.136468 31.061853 -0.564051 -0.342106 0.000000 0.000000 0.000000 -0.198175 -0.531155 -0.045303 0.000000 0.000000 0.000000 -0.000546 0.000047 0.000299 -0.001045 0.024197 -0.009813 -0.069050 -0.097354 -9.808274 
157.801044 0.051756 -0.003270 -2.127448 31.037714 -0.620022 -0.348958 0.000000 0.000000 0.000000 -0.225888 -0.569265 0.043252 0.000000 0.000000 0.000000 -0.000865 -0.000087 0.000168 -0.001116 0.024470 -0.009727 -0.069128 -0.097271 -9.808274 
157.900574 0.034773 0.018890 -2.132843 31.023011 -0.664915 -0.360784 0.000000 0.000000 0.000000 -0.159560 -0.430793 0.006360 0.000000 0.000000 0.000000 -0.000591 0.000202 0.000232 -0.000503 0.024247 -0.008499 -0.068841 -0.097218 -9.808277 
158.000113 0.015225 0.044089 -2.131072 30.991100 -0.695600 -0.344103 0.000000 0.000000 0.000000 -0.271132 -0.367783 0.017420 0.000000 0.000000 0.000000 0.000021 0.000682 0.000211 -0.000813 0.026030 -0.010227 -0.069339 -0.096670 -9.808279 
158.099666 0.036452 0.036385 -2.128760 30.953079 -0.740056 -0.334264 0.000000 0.000000 0.000000 -0.431736 -0.520089 0.026827 0.000000 0.000000 0.000000 -0.000355 0.000241 0.000210 -0.001003 0.026340 -0.011134 -0.069486 -0.096607 -9.808278 
158.200503 0.038409 0.030481 -2.132551 30.907241 -0.786213 -0.332872 0.000000 0.000000 0.000000 -0.341405 -0.364709 0.086779 0.000000 0.000000 0.000000 -0.000276 0.000384 0.000289 -0.001328 0.026630 -0.010490 -0.069646 -0.096563 -9.808277 
158.300024 0.039532 0.030924 -2.128006 30.870236 -0.821559 -0.340682 0.000000 0.000000 0.000000 -0.329119 -0.271045 0.000685 0.000000 0.000000 0.000000 0.000095 0.000337 0.000162 -0.002014 0.026732 -0.009008 -0.069881 -0.096645 -9.808275 
158.399564 0.033154 0.034537 -2.134246 30.842523 -0.868477 -0.348058 0.000000 0.000000 0.000000 -0.267899 -0.427960 -0.053371 0.000000 0.000000 0.000000 -0.000052 0.000393 0.000321 -0.002747 0.025792 -0.008574 -0.069947 -0.097105 -9.808270 
158.500420 0.015373 0.040447 -2.132595 30.804335 -0.920696 -0.360476 0.000000 0.000000 0.000000 -0.375380 -0.567516 -0.067443 0.000000 0.000000 0.000000 0.000153 0.000487 0.000244 -0.003362 0.026093 -0.008236 -0.070216 -0.097116 -9.808268 
158.600007 0.008451 0.060739 -2.132252 30.766065 -0.973015 -0.347522 0.000000 0.000000 0.000000 -0.247618 -0.454617 0.051303 0.000000 0.000000 0.000000 0.000501 0.000616 0.000292 -0.003860 0.026878 -0.009620 -0.070569 -0.096961 -9.808267 
158.699522 0.015484 0.050005 -2.133365 30.742633 -1.019243 -0.352127 0.000000 0.000000 0.000000 -0.141616 -0.448725 0.003813 0.000000 0.000000 0.000000 0.000190 0.000347 0.000274 -0.004315 0.026957 -0.008936 -0.070732 -0.097011 -9.808265 
158.800344 0.031002 0.018329 -2.132592 30.733948 -1.060823 -0.370025 0.000000 0.000000 0.000000 -0.142413 -0.568495 -0.073777 0.000000 0.000000 0.000000 -0.000408 0.000341 0.000197 -0.003420 0.026731 -0.007697 -0.070358 -0.096899 -9.808269 
158.899899 0.004831 0.055595 -2.130807 30.705568 -1.114998 -0.369168 0.000000 0.000000 0.000000 -0.127799 -0.497337 0.056076 0.000000 0.000000 0.000000 -0.000112 0.000404 0.000242 -0.004166 0.028258 -0.008208 -0.070920 -0.096529 -9.808269 
159.000793 0.027603 0.024022 -2.128429 30.689694 -1.146151 -0.367230 0.000000 0.000000 0.000000 -0.068598 -0.333763 0.039313 0.000000 0.000000 0.000000 -0.000545 0.000337 0.000234 -0.003798 0.029289 -0.007906 -0.070988 -0.096105 -9.808272 
159.100272 0.013616 0.049373 -2.133226 30.677483 -1.170119 -0.368952 0.000000 0.000000 0.000000 -0.122207 -0.342363 -0.008251 0.000000 0.000000 0.000000 -0.000080 0.000345 0.000306 -0.003565 0.030326 -0.007737 -0.071105 -0.095707 -9.808275 
159.201079 0.024564 0.027997 -2.128505 30.662680 -1.213705 -0.360442 0.000000 0.000000 0.000000 -0.158551 -0.515527 -0.041102 0.000000 0.000000 0.000000 -0.000467 0.000336 0.000255 -0.003859 0.030497 -0.008789 -0.071254 -0.095720 -9.808274 
159.300699 0.026774 0.025647 -2.128885 30.638087 -1.268915 -0.360211 0.000000 0.000000 0.000000 -0.153043 -0.445525 0.062758 0.000000 0.000000 0.000000 -0.000455 0.000335 0.000213 -0.004729 0.030938 -0.008963 -0.071641 -0.095739 -9.808271 
159.400207 0.012062 0.049188 -2.132530 30.606634 -1.316370 -0.354070 0.000000 0.000000 0.000000 -0.192163 -0.371769 0.036256 0.000000 0.000000 0.000000 -0.000043 0.000376 0.000288 -0.006335 0.031908 -0.009060 -0.072379 -0.095718 -9.808266 
159.499607 0.010272 0.046440 -2.132762 30.576592 -1.357594 -0.345201 0.000000 0.000000 0.000000 -0.317781 -0.400108 -0.031111 0.000000 0.000000 0.000000 -0.000160 0.000414 0.000291 -0.007126 0.032416 -0.009680 -0.072756 -0.095705 -9.808263 
159.600674 0.020365 0.026330 -2.133138 30.542801 -1.402542 -0.348549 0.000000 0.000000 0.000000 -0.353211 -0.448451 0.069332 0.000000 0.000000 0.000000 -0.000685 0.000174 0.000305 -0.006974 0.032114 -0.009202 -0.072640 -0.095771 -9.808263 
159.700126 0.024394 0.013634 -2.130602 30.514024 -1.428185 -0.340589 0.000000 0.000000 0.000000 -0.235952 -0.311571 0.087161 0.000000 0.000000 0.000000 -0.000818 0.000346 0.000224 -0.006178 0.032718 -0.009033 -0.072483 -0.095419 -9.808268 
159.799712 0.022839 0.017129 -2.132490 30.491327 -1.450889 -0.335018 0.000000 0.000000 0.000000 -0.210718 -0.296929 0.017036 0.000000 0.000000 0.000000 -0.000658 0.000266 0.000275 -0.005771 0.033123 -0.009077 -0.072423 -0.095210 -9.808271 
159.900559 0.014839 0.015116 -2.133104 30.471343 -1.479658 -0.342647 0.000000 0.000000 0.000000 -0.237708 -0.420521 -0.042013 0.000000 0.000000 0.000000 -0.000650 0.000305 0.000274 -0.005319 0.033282 -0.008397 -0.072291 -0.095066 -9.808273 
160.000060 0.034456 -0.004941 -2.133923 30.447011 -1.515993 -0.360806 0.000000 0.000000 0.000000 -0.190097 -0.376477 0.024112 0.000000 0.000000 0.000000 -0.000973 0.000112 0.000234 -0.004991 0.033595 -0.007084 -0.072221 -0.094889 -9.808275 
160.099639 0.025176 0.017934 -2.130861 30.420488 -1.552409 -0.349846 0.000000 0.000000 0.000000 -0.182917 -0.288325 0.035573 0.000000 0.000000 0.000000 -0.000762 0.000160 0.000216 -0.005850 0.034160 -0.007891 -0.072628 -0.094869 -9.808272 
160.200455 0.009013 0.019938 -2.130295 30.391922 -1.586844 -0.346027 0.000000 0.000000 0.000000 -0.248413 -0.336457 -0.022908 0.000000 0.000000 0.000000 -0.000489 0.000433 0.000179 -0.006665 0.034568 -0.008186 -0.072983 -0.094889 -9.808270 
160.300025 -0.014467 0.052448 -2.133524 30.352942 -1.633948 -0.327390 0.000000 0.000000 0.000000 -0.334658 -0.431453 0.032047 0.000000 0.000000 0.000000 0.000187 0.000613 0.000205 -0.007731 0.035091 -0.009845 -0.073463 -0.094925 -9.808266 
160.399513 0.011080 0.032052 -2.132906 30.318819 -1.676249 -0.326048 0.000000 0.000000 0.000000 -0.207280 -0.339490 0.097710 0.000000 0.000000 0.000000 -0.000479 0.000236 0.000271 -0.008478 0.035476 -0.009111 -0.073772 -0.094933 -9.808263 
160.500362 0.002801 0.024036 -2.130381 30.298208 -1.709967 -0.329047 0.000000 0.000000 0.000000 -0.104304 -0.335603 0.009309 0.000000 0.000000 0.000000 -0.000298 0.000523 0.000238 -0.008853 0.035690 -0.008236 -0.073925 -0.094926 -9.808262 
160.599909 -0.007307 0.022815 -2.132037 30.286864 -1.748995 -0.331569 0.000000 0.000000 0.000000 -0.065608 -0.490122 -0.033702 0.000000 0.000000 0.000000 -0.000170 0.000407 0.000337 -0.009110 0.035878 -0.008154 -0.074044 -0.094912 -9.808261 
160.700809 0.007943 0.021226 -2.133810 30.279799 -1.801282 -0.340889 0.000000 0.000000 0.000000 -0.043739 -0.536751 -0.015053 0.000000 0.000000 0.000000 -0.000290 0.000245 0.000288 -0.008948 0.036360 -0.007419 -0.074074 -0.094722 -9.808263 
160.800302 -0.006676 0.022452 -2.129182 30.269819 -1.850903 -0.333758 0.000000 0.000000 0.000000 -0.040200 -0.438232 -0.041710 0.000000 0.000000 0.000000 -0.000205 0.000455 0.000179 -0.009627 0.037163 -0.008277 -0.074453 -0.094595 -9.808261 
160.899844 -0.007568 0.015966 -2.129785 30.261277 -1.891534 -0.343188 0.000000 0.000000 0.000000 -0.088166 -0.479451 -0.075268 0.000000 0.000000 0.000000 -0.000369 0.000358 0.000216 -0.009612 0.037660 -0.007843 -0.074537 -0.094431 -9.808262 
161.000753 -0.011968 0.022137 -2.131380 30.240659 -1.948089 -0.340793 0.000000 0.000000 0.000000 -0.249238 -0.644702 -0.016324 0.000000 0.000000 0.000000 -0.000224 0.000312 0.000215 -0.009951 0.038160 -0.008890 -0.074747 -0.094341 -9.808262 
161.100223 -0.011653 0.023905 -2.131421 30.203903 -2.004719 -0.328907 0.000000 0.000000 0.000000 -0.232411 -0.457014 0.072839 0.000000 0.000000 0.000000 -0.000071 0.000295 0.000311 -0.010821 0.039398 -0.009948 -0.075266 -0.094112 -9.808260 
161.199757 -0.013023 0.025924 -2.131756 30.176905 -2.045299 -0.323391 0.000000 0.000000 0.000000 -0.235703 -0.375692 0.029282 0.000000 0.000000 0.000000 -0.000049 0.000266 0.000276 -0.011092 0.039884 -0.009874 -0.075443 -0.094007 -9.808259 
161.300621 -0.014833 0.000712 -2.129991 30.148644 -2.083539 -0.319000 0.000000 0.000000 0.000000 -0.311473 -0.440894 -0.011374 0.000000 0.000000 0.000000 -0.000391 0.000493 0.000239 -0.011182 0.040171 -0.010200 -0.075527 -0.093934 -9.808259 
161.400165 -0.004880 0.009256 -2.132377 30.104105 -2.133509 -0.313200 0.000000 0.000000 0.000000 -0.368981 -0.504324 0.073214 0.000000 0.000000 0.000000 -0.000251 0.000304 0.000264 -0.011719 0.040974 -0.010567 -0.075849 -0.093781 -9.808258 
161.499683 -0.004560 0.012126 -2.129565 30.067273 -2.179588 -0.316073 0.000000 0.000000 0.000000 -0.264854 -0.377369 0.053093 0.000000 0.000000 0.000000 -0.000270 0.000328 0.000230 -0.012155 0.041154 -0.009549 -0.076017 -0.093800 -9.808257 
161.600583 -0.016448 0.020267 -2.130747 30.035878 -2.213045 -0.317396 0.000000 0.000000 0.000000 -0.229776 -0.334279 -0.036911 0.000000 0.000000 0.000000 0.000019 0.000534 0.000266 -0.012509 0.041908 -0.009450 -0.076268 -0.093627 -9.808257 
161.700094 -0.021334 0.013421 -2.130761 30.006819 -2.238367 -0.333521 0.000000 0.000000 0.000000 -0.297060 -0.383720 -0.093211 0.000000 0.000000 0.000000 -0.000008 0.000454 0.000244 -0.012231 0.042670 -0.008674 -0.076315 -0.093339 -9.808259 
161.799652 -0.019280 0.006630 -2.128567 29.966343 -2.279962 -0.332154 0.000000 0.000000 0.000000 -0.329064 -0.430796 0.031169 0.000000 0.000000 0.000000 -0.000065 0.000477 0.000238 -0.012636 0.043319 -0.009282 -0.076564 -0.093211 -9.808258 
161.900477 -0.027869 0.007658 -2.128811 29.945703 -2.311480 -0.319944 0.000000 0.000000 0.000000 -0.171021 -0.310295 0.034708 0.000000 0.000000 0.000000 0.000103 0.000663 0.000219 -0.012037 0.043290 -0.010101 -0.076374 -0.093114 -9.808261 
162.000051 -0.027519 0.001744 -2.130022 29.931699 -2.341367 -0.303389 0.000000 0.000000 0.000000 -0.116036 -0.352434 0.005522 0.000000 0.000000 0.000000 -0.000204 0.000504 0.000263 -0.011968 0.043542 -0.011635 -0.076403 -0.093024 -9.808261 
162.099541 -0.035900 0.008216 -2.131776 29.921545 -2.383326 -0.306287 0.000000 0.000000 0.000000 -0.073939 -0.527185 0.031340 0.000000 0.000000 0.000000 -0.000197 0.000404 0.000270 -0.011849 0.043479 -0.011333 -0.076353 -0.093023 -9.808262 
162.200401 -0.023917 0.016853 -2.130999 29.911115 -2.429802 -0.287910 0.000000 0.000000 0.000000 -0.001435 -0.430312 0.150659 0.000000 0.000000 0.000000 -0.000299 0.000357 0.000268 -0.012127 0.044377 -0.012155 -0.076604 -0.092796 -9.808262 
162.299931 -0.015388 0.001863 -2.131822 29.902642 -2.467154 -0.292097 0.000000 0.000000 0.000000 -0.021601 -0.398654 0.052985 0.000000 0.000000 0.000000 -0.000650 0.000272 0.000240 -0.012368 0.045331 -0.010686 -0.076851 -0.092550 -9.808262 
162.399461 -0.023171 0.012854 -2.131474 29.891854 -2.497548 -0.299986 0.000000 0.000000 0.000000 -0.110071 -0.466510 -0.046749 0.000000 0.000000 0.000000 -0.000300 0.000336 0.000231 -0.011972 0.046463 -0.009779 -0.076931 -0.092138 -9.808266 
162.500327 -0.022860 0.014306 -2.130560 29.863737 -2.557744 -0.315188 0.000000 0.000000 0.000000 -0.245086 -0.599568 0.019818 0.000000 0.000000 0.000000 -0.000194 0.000269 0.000218 -0.012974 0.047131 -0.008928 -0.077362 -0.092112 -9.808262 
162.599900 -0.022764 0.013562 -2.132448 29.839270 -2.613407 -0.310069 0.000000 0.000000 0.000000 -0.180099 -0.430696 0.032977 0.000000 0.000000 0.000000 -0.000208 0.000439 0.000236 -0.013492 0.047252 -0.009308 -0.077544 -0.092166 -9.808260 
162.700748 -0.020182 0.008620 -2.129151 29.813696 -2.654344 -0.302797 0.000000 0.000000 0.000000 -0.174824 -0.369963 0.027678 0.000000 0.000000 0.000000 -0.000398 0.000417 0.000187 -0.014126 0.047958 -0.009690 -0.077867 -0.092063 -9.808259 
162.800255 -0.023365 0.007482 -2.132666 29.781456 -2.698923 -0.307969 0.000000 0.000000 0.000000 -0.298250 -0.484991 -0.049314 0.000000 0.000000 0.000000 -0.000280 0.000439 0.000283 -0.014989 0.048639 -0.009322 -0.078253 -0.092009 -9.808256 
162.899782 -0.012959 -0.005453 -2.130151 29.747256 -2.751084 -0.314784 0.000000 0.000000 0.000000 -0.287976 -0.492052 0.033703 0.000000 0.000000 0.000000 -0.000475 0.000317 0.000195 -0.015143 0.048866 -0.008876 -0.078340 -0.091969 -9.808256 
163.000640 -0.009000 -0.005285 -2.129305 29.718621 -2.803259 -0.318480 0.000000 0.000000 0.000000 -0.208095 -0.391334 -0.025716 0.000000 0.000000 0.000000 -0.000680 0.000295 0.000236 -0.015867 0.048709 -0.008509 -0.078532 -0.092142 -9.808253 
163.100241 -0.006146 -0.012982 -2.128750 29.697960 -2.838599 -0.317931 0.000000 0.000000 0.000000 -0.183698 -0.359736 -0.032359 0.000000 0.000000 0.000000 -0.000750 0.000312 0.000218 -0.015891 0.048948 -0.009147 -0.078584 -0.092074 -9.808253 
163.201078 -0.012568 -0.008236 -2.131057 29.670851 -2.870018 -0.322506 0.000000 0.000000 0.000000 -0.308007 -0.431454 -0.079273 0.000000 0.000000 0.000000 -0.000707 0.000339 0.000240 -0.015723 0.049731 -0.009337 -0.078673 -0.091812 -9.808255 
163.300602 -0.016030 0.004127 -2.131112 29.629811 -2.907820 -0.322099 0.000000 0.000000 0.000000 -0.309993 -0.379301 0.108751 0.000000 0.000000 0.000000 -0.000649 0.000316 0.000241 -0.015857 0.051100 -0.009567 -0.078957 -0.091429 -9.808256 
163.400106 -0.012850 -0.002272 -2.129530 29.598442 -2.942844 -0.296060 0.000000 0.000000 0.000000 -0.232531 -0.328125 0.102776 0.000000 0.000000 0.000000 -0.000442 0.000373 0.000210 -0.016302 0.051664 -0.011247 -0.079201 -0.091333 -9.808255 
163.499677 -0.019229 0.006897 -2.131258 29.583019 -2.977470 -0.296671 0.000000 0.000000 0.000000 -0.170332 -0.416422 0.024030 0.000000 0.000000 0.000000 -0.000372 0.000244 0.000251 -0.015998 0.051362 -0.010517 -0.079051 -0.091373 -9.808256 
163.600273 -0.023373 -0.007026 -2.128875 29.560590 -3.021179 -0.291008 0.000000 0.000000 0.000000 -0.194805 -0.504130 -0.025664 0.000000 0.000000 0.000000 -0.000159 0.000566 0.000214 -0.016047 0.052143 -0.010961 -0.079206 -0.091151 -9.808257 
163.700067 -0.018736 0.011394 -2.129084 29.543223 -3.066227 -0.284650 0.000000 0.000000 0.000000 -0.136170 -0.385997 0.084188 0.000000 0.000000 0.000000 -0.000055 0.000195 0.000231 -0.016070 0.052270 -0.010895 -0.079234 -0.091118 -9.808257 
163.799590 -0.017702 0.009922 -2.128364 29.529272 -3.094599 -0.295904 0.000000 0.000000 0.000000 -0.163405 -0.297030 0.004105 0.000000 0.000000 0.000000 -0.000306 0.000296 0.000181 -0.015667 0.052547 -0.009330 -0.079154 -0.090975 -9.808259 
163.900456 -0.019254 0.008005 -2.126719 29.492768 -3.120857 -0.297755 0.000000 0.000000 0.000000 -0.376787 -0.308501 -0.031494 0.000000 0.000000 0.000000 -0.000290 0.000376 0.000145 -0.016191 0.053872 -0.009436 -0.079541 -0.090680 -9.808258 
163.999997 -0.019896 0.016639 -2.130196 29.445521 -3.148336 -0.304777 0.000000 0.000000 0.000000 -0.361834 -0.252890 0.053111 0.000000 0.000000 0.000000 -0.000073 0.000295 0.000222 -0.016449 0.054744 -0.008707 -0.079765 -0.090474 -9.808258 
164.099516 -0.026214 0.013763 -2.131429 29.409194 -3.175008 -0.297739 0.000000 0.000000 0.000000 -0.268992 -0.263468 0.013810 0.000000 0.000000 0.000000 0.000056 0.000424 0.000228 -0.016950 0.055212 -0.009165 -0.079995 -0.090423 -9.808257 
164.200347 -0.029121 0.009727 -2.129604 29.383761 -3.206956 -0.296246 0.000000 0.000000 0.000000 -0.219599 -0.396135 -0.022999 0.000000 0.000000 0.000000 0.000058 0.000401 0.000227 -0.017092 0.055391 -0.009440 -0.080069 -0.090395 -9.808257 
164.299926 -0.013006 0.000822 -2.131938 29.353456 -3.264393 -0.284391 0.000000 0.000000 0.000000 -0.188242 -0.520236 0.139883 0.000000 0.000000 0.000000 -0.000056 0.000407 0.000253 -0.018227 0.055709 -0.010562 -0.080458 -0.090494 -9.808253 
164.399415 -0.024258 0.024398 -2.130669 29.333221 -3.314236 -0.265286 0.000000 0.000000 0.000000 -0.099322 -0.414094 0.147631 0.000000 0.000000 0.000000 0.000268 0.000396 0.000196 -0.018850 0.056155 -0.010857 -0.080717 -0.090471 -9.808251 
164.500277 -0.019536 -0.000731 -2.130198 29.330732 -3.355420 -0.264833 0.000000 0.000000 0.000000 -0.033919 -0.410962 0.085614 0.000000 0.000000 0.000000 -0.000353 0.000513 0.000184 -0.018569 0.055711 -0.009722 -0.080557 -0.090552 -9.808251 
164.599803 -0.016702 0.004987 -2.131191 29.314855 -3.404935 -0.255918 0.000000 0.000000 0.000000 -0.143551 -0.569992 0.072212 0.000000 0.000000 0.000000 -0.000409 0.000309 0.000198 -0.019224 0.056316 -0.009922 -0.080851 -0.090489 -9.808249 
164.700709 -0.008802 -0.011137 -2.128725 29.278655 -3.475255 -0.252876 0.000000 0.000000 0.000000 -0.146620 -0.574413 0.178139 0.000000 0.000000 0.000000 -0.000882 0.000329 0.000235 -0.020852 0.057317 -0.009021 -0.081490 -0.090477 -9.808244 
164.800211 -0.023848 0.014142 -2.131709 29.257983 -3.525093 -0.252470 0.000000 0.000000 0.000000 -0.130519 -0.448965 0.088084 0.000000 0.000000 0.000000 -0.000151 0.000513 0.000216 -0.021160 0.057742 -0.007744 -0.081648 -0.090409 -9.808244 
164.899549 -0.025144 0.016086 -2.130203 29.233314 -3.567618 -0.257968 0.000000 0.000000 0.000000 -0.159696 -0.454799 -0.021533 0.000000 0.000000 0.000000 -0.000073 0.000496 0.000221 -0.021804 0.058727 -0.006862 -0.081998 -0.090240 -9.808242 
165.000630 -0.014339 0.007552 -2.132273 29.210060 -3.619849 -0.256825 0.000000 0.000000 0.000000 -0.185091 -0.551654 -0.043470 0.000000 0.000000 0.000000 -0.000153 0.000535 0.000270 -0.022082 0.059286 -0.007274 -0.082174 -0.090129 -9.808242 
165.100188 -0.009312 0.014209 -2.130359 29.188560 -3.673755 -0.260929 0.000000 0.000000 0.000000 -0.150897 -0.429874 -0.033627 0.000000 0.000000 0.000000 -0.000180 0.000396 0.000220 -0.022742 0.059471 -0.007041 -0.082392 -0.090186 -9.808239 
165.199700 -0.018756 0.012283 -2.131054 29.173138 -3.702364 -0.275465 0.000000 0.000000 0.000000 -0.168566 -0.377103 -0.103023 0.000000 0.000000 0.000000 -0.000154 0.000571 0.000204 -0.022098 0.060156 -0.006263 -0.082321 -0.089890 -9.808243 
165.300564 -0.022620 0.014398 -2.132301 29.153038 -3.724588 -0.281481 0.000000 0.000000 0.000000 -0.286473 -0.420363 -0.132788 0.000000 0.000000 0.000000 -0.000060 0.000619 0.000237 -0.021059 0.061101 -0.006812 -0.082189 -0.089458 -9.808248 
165.399798 -0.013473 0.022321 -2.131694 29.112283 -3.777899 -0.281745 0.000000 0.000000 0.000000 -0.313821 -0.470038 0.027953 0.000000 0.000000 0.000000 -0.000151 0.000436 0.000227 -0.021835 0.061540 -0.007603 -0.082485 -0.089463 -9.808245 
165.499622 -0.015958 0.024581 -2.130934 29.081653 -3.826285 -0.269038 0.000000 0.000000 0.000000 -0.249752 -0.382032 0.055140 0.000000 0.000000 0.000000 0.000126 0.000616 0.000199 -0.022390 0.061458 -0.008391 -0.082630 -0.089576 -9.808243 
165.600439 -0.016797 0.025637 -2.129687 29.052276 -3.869221 -0.251816 0.000000 0.000000 0.000000 -0.230396 -0.424189 0.025794 0.000000 0.000000 0.000000 0.000153 0.000658 0.000210 -0.022958 0.061883 -0.009741 -0.082865 -0.089553 -9.808241 
165.699977 -0.001933 0.009832 -2.130522 29.024430 -3.928836 -0.253278 0.000000 0.000000 0.000000 -0.324500 -0.609887 0.049506 0.000000 0.000000 0.000000 -0.000154 0.000502 0.000246 -0.023612 0.061508 -0.009454 -0.082984 -0.089762 -9.808238 
165.800976 -0.004847 0.012921 -2.131780 29.002823 -3.978939 -0.256501 0.000000 0.000000 0.000000 -0.251921 -0.477394 0.097994 0.000000 0.000000 0.000000 -0.000223 0.000635 0.000187 -0.022526 0.061134 -0.008528 -0.082617 -0.089686 -9.808242 
165.900370 0.011212 0.014846 -2.131077 28.979623 -4.008132 -0.246482 0.000000 0.000000 0.000000 -0.168248 -0.341208 0.052523 0.000000 0.000000 0.000000 -0.000479 0.000434 0.000212 -0.022002 0.062137 -0.008899 -0.082639 -0.089329 -9.808245 
165.999978 0.006440 0.012960 -2.132209 28.971752 -4.024119 -0.251756 0.000000 0.000000 0.000000 -0.132160 -0.313050 -0.013252 0.000000 0.000000 0.000000 -0.000373 0.000583 0.000188 -0.020597 0.062346 -0.008094 -0.082281 -0.089044 -9.808251 
166.100796 0.007572 0.004922 -2.130190 28.954922 -4.066772 -0.244389 0.000000 0.000000 0.000000 -0.257195 -0.461130 0.018277 0.000000 0.000000 0.000000 -0.000672 0.000584 0.000165 -0.020755 0.061852 -0.009000 -0.082249 -0.089206 -9.808250 
166.200292 0.007488 0.011915 -2.132445 28.924018 -4.108633 -0.252871 0.000000 0.000000 0.000000 -0.184535 -0.342790 0.080980 0.000000 0.000000 0.000000 -0.000308 0.000458 0.000236 -0.021418 0.062494 -0.007324 -0.082524 -0.089133 -9.808248 
166.299863 0.016754 0.003905 -2.131627 28.898841 -4.145997 -0.249187 0.000000 0.000000 0.000000 -0.174900 -0.354231 0.024674 0.000000 0.000000 0.000000 -0.000618 0.000451 0.000255 -0.022173 0.062993 -0.007083 -0.082811 -0.089119 -9.808246 
166.400621 0.006375 0.005320 -2.132027 28.874951 -4.193519 -0.252463 0.000000 0.000000 0.000000 -0.233565 -0.516367 -0.048040 0.000000 0.000000 0.000000 -0.000646 0.000533 0.000221 -0.022798 0.063048 -0.006897 -0.082989 -0.089203 -9.808243 
166.500254 0.010202 0.023093 -2.134029 28.842416 -4.250683 -0.246989 0.000000 0.000000 0.000000 -0.191856 -0.462471 0.073891 0.000000 0.000000 0.000000 -0.000356 0.000557 0.000245 -0.023803 0.063714 -0.007209 -0.083375 -0.089185 -9.808240 
166.599803 0.003914 0.021487 -2.130683 28.817300 -4.293405 -0.247776 0.000000 0.000000 0.000000 -0.196104 -0.394390 -0.003565 0.000000 0.000000 0.000000 -0.000318 0.000577 0.000199 -0.024215 0.064218 -0.006592 -0.083562 -0.089114 -9.808239 
166.700859 0.002430 0.011879 -2.130359 28.797892 -4.326589 -0.252893 0.000000 0.000000 0.000000 -0.257874 -0.415517 -0.054581 0.000000 0.000000 0.000000 -0.000449 0.000683 0.000205 -0.023643 0.064448 -0.006243 -0.083440 -0.088962 -9.808242 
166.800200 -0.006957 0.009529 -2.128562 28.761415 -4.381032 -0.257317 0.000000 0.000000 0.000000 -0.379627 -0.567023 -0.006190 0.000000 0.000000 0.000000 -0.000435 0.000623 0.000148 -0.024208 0.064577 -0.006240 -0.083614 -0.089017 -9.808240 
166.899729 -0.007418 0.007832 -2.130083 28.726709 -4.432022 -0.261943 0.000000 0.000000 0.000000 -0.298672 -0.424857 0.033626 0.000000 0.000000 0.000000 -0.000254 0.000626 0.000173 -0.024441 0.064622 -0.005288 -0.083673 -0.089038 -9.808239 
167.000544 -0.009752 0.009970 -2.129245 28.701869 -4.466765 -0.262412 0.000000 0.000000 0.000000 -0.267102 -0.377634 -0.012079 0.000000 0.000000 0.000000 -0.000205 0.000627 0.000201 -0.023953 0.064785 -0.005235 -0.083569 -0.088919 -9.808241 
167.100129 -0.019572 0.023118 -2.121239 28.674519 -4.509547 -0.243090 0.000000 0.000000 0.000000 -0.290701 -0.501989 0.021811 0.000000 0.000000 0.000000 0.000201 0.000752 0.000042 -0.023999 0.064966 -0.007371 -0.083629 -0.088883 -9.808241 
167.199234 -0.005950 0.019152 -2.097321 28.642400 -4.554980 -0.223368 0.000000 0.000000 0.000000 -0.262290 -0.392147 0.102636 0.000000 0.000000 0.000000 -0.000406 0.000635 -0.000077 -0.024184 0.065371 -0.008711 -0.083754 -0.088808 -9.808240 
167.299147 -0.017778 0.033888 -2.096643 28.616406 -4.592321 -0.216480 0.000000 0.000000 0.000000 -0.205934 -0.366891 0.048452 0.000000 0.000000 0.000000 -0.000012 0.000612 0.000174 -0.024309 0.065595 -0.008426 -0.083821 -0.088770 -9.808240 
167.400038 -0.016512 0.019086 -2.098350 28.599328 -4.632798 -0.230562 0.000000 0.000000 0.000000 -0.259816 -0.432378 -0.010851 0.000000 0.000000 0.000000 -0.000191 0.000664 0.000175 -0.024080 0.064869 -0.006915 -0.083634 -0.088916 -9.808240 
167.500893 -0.011195 0.007268 -2.096664 28.568127 -4.667926 -0.233543 0.000000 0.000000 0.000000 -0.328005 -0.432382 0.032343 0.000000 0.000000 0.000000 -0.000364 0.000618 0.000173 -0.023267 0.065503 -0.006807 -0.083528 -0.088626 -9.808244 
167.600401 -0.003308 -0.004207 -2.097441 28.545644 -4.706314 -0.234214 0.000000 0.000000 0.000000 -0.226363 -0.339513 0.048698 0.000000 0.000000 0.000000 -0.000525 0.000648 0.000144 -0.023020 0.064998 -0.006181 -0.083378 -0.088711 -9.808244 
167.699825 -0.007430 -0.013777 -2.097509 28.515235 -4.749770 -0.229486 0.000000 0.000000 0.000000 -0.258341 -0.425160 -0.027488 0.000000 0.000000 0.000000 -0.000600 0.000691 0.000170 -0.023955 0.065323 -0.006592 -0.083672 -0.088783 -9.808241 
167.800789 -0.019490 0.005196 -2.099782 28.478803 -4.796605 -0.239702 0.000000 0.000000 0.000000 -0.300255 -0.480995 -0.001183 0.000000 0.000000 0.000000 -0.000144 0.000617 0.000159 -0.024288 0.066098 -0.006077 -0.083884 -0.088645 -9.808241 
167.900318 -0.020066 -0.002589 -2.096326 28.450159 -4.834507 -0.243627 0.000000 0.000000 0.000000 -0.222594 -0.344079 -0.020069 0.000000 0.000000 0.000000 -0.000345 0.000725 0.000119 -0.024292 0.066563 -0.005615 -0.083961 -0.088532 -9.808241 
167.999862 -0.036687 0.012833 -2.096133 28.419044 -4.878385 -0.236586 0.000000 0.000000 0.000000 -0.237749 -0.369328 -0.007114 0.000000 0.000000 0.000000 0.000177 0.000795 0.000139 -0.025338 0.066961 -0.006544 -0.084292 -0.088603 -9.808238 
168.100744 -0.033710 -0.001339 -2.096523 28.387982 -4.932626 -0.245125 0.000000 0.000000 0.000000 -0.324600 -0.536230 -0.033789 0.000000 0.000000 0.000000 -0.000205 0.000743 0.000152 -0.026214 0.066751 -0.006010 -0.084471 -0.088797 -9.808234 
168.200257 -0.033262 -0.000107 -2.095265 28.352365 -4.977342 -0.236032 0.000000 0.000000 0.000000 -0.282671 -0.415932 0.063115 0.000000 0.000000 0.000000 -0.000175 0.000745 0.000177 -0.026126 0.067328 -0.006623 -0.084548 -0.088641 -9.808235 
168.299842 -0.038195 0.004992 -2.098789 28.323612 -5.021079 -0.227736 0.000000 0.000000 0.000000 -0.265419 -0.369193 0.034276 0.000000 0.000000 0.000000 0.000066 0.000723 0.000175 -0.026544 0.067162 -0.006795 -0.084623 -0.088748 -9.808233 
168.400683 -0.037836 0.000142 -2.096580 28.290124 -5.064828 -0.239037 0.000000 0.000000 0.000000 -0.311105 -0.492368 -0.039417 0.000000 0.000000 0.000000 -0.000065 0.000636 0.000145 -0.026959 0.067445 -0.005794 -0.084770 -0.088751 -9.808232 
168.500181 -0.042082 0.027988 -2.097821 28.266011 -5.106649 -0.223132 0.000000 0.000000 0.000000 -0.204263 -0.418916 0.103095 0.000000 0.000000 0.000000 0.000689 0.000675 0.000104 -0.026338 0.067612 -0.007035 -0.084647 -0.088605 -9.808235 
168.599741 -0.037564 0.012115 -2.096698 28.250307 -5.145391 -0.219088 0.000000 0.000000 0.000000 -0.122710 -0.372118 0.048142 0.000000 0.000000 0.000000 0.000124 0.000653 0.000121 -0.026306 0.067587 -0.006712 -0.084636 -0.088607 -9.808235 
168.700620 -0.042036 0.015025 -2.097458 28.229951 -5.180800 -0.232605 0.000000 0.000000 0.000000 -0.191129 -0.430440 -0.015255 0.000000 0.000000 0.000000 0.000374 0.000573 0.000153 -0.026370 0.068261 -0.005266 -0.084765 -0.088463 -9.808235 
168.800106 -0.044194 0.023124 -2.097723 28.202083 -5.227480 -0.224626 0.000000 0.000000 0.000000 -0.264952 -0.519674 0.027848 0.000000 0.000000 0.000000 0.000352 0.000597 0.000178 -0.026479 0.068952 -0.006175 -0.084902 -0.088312 -9.808235 
168.899669 -0.039355 0.017257 -2.098040 28.176860 -5.267697 -0.215858 0.000000 0.000000 0.000000 -0.146956 -0.412032 0.079717 0.000000 0.000000 0.000000 0.000219 0.000580 0.000159 -0.026366 0.069744 -0.006357 -0.085003 -0.088105 -9.808236 
169.000498 -0.039708 0.003795 -2.097247 28.158886 -5.312350 -0.210145 0.000000 0.000000 0.000000 -0.131922 -0.428978 0.011169 0.000000 0.000000 0.000000 -0.000033 0.000724 0.000182 -0.026849 0.069884 -0.006446 -0.085141 -0.088148 -9.808234 
169.100069 -0.043143 -0.000711 -2.097234 28.137688 -5.361649 -0.214871 0.000000 0.000000 0.000000 -0.182297 -0.556872 0.023435 0.000000 0.000000 0.000000 -0.000110 0.000714 0.000147 -0.027215 0.070480 -0.006064 -0.085328 -0.088065 -9.808234 
169.199610 -0.037822 0.015273 -2.098755 28.106013 -5.428160 -0.172742 0.000000 0.000000 0.000000 -0.148481 -0.482634 0.121408 0.000000 0.000000 0.000000 -0.000096 0.000791 0.000189 -0.029062 0.071475 -0.009197 -0.085912 -0.088111 -9.808228 
169.300426 -0.038117 0.020041 -2.098489 28.087225 -5.458617 -0.177724 0.000000 0.000000 0.000000 -0.153701 -0.379502 0.023091 0.000000 0.000000 0.000000 0.000073 0.000678 0.000143 -0.028428 0.072703 -0.007692 -0.085968 -0.087729 -9.808231 
169.400009 -0.035672 0.015995 -2.098492 28.063034 -5.483207 -0.184819 0.000000 0.000000 0.000000 -0.243348 -0.405371 -0.024308 0.000000 0.000000 0.000000 -0.000059 0.000700 0.000155 -0.027899 0.074123 -0.006836 -0.086075 -0.087316 -9.808234 
169.499480 -0.020339 0.007993 -2.095900 28.035815 -5.514332 -0.182050 0.000000 0.000000 0.000000 -0.334336 -0.431539 0.031120 0.000000 0.000000 0.000000 -0.000258 0.000705 0.000072 -0.026979 0.074827 -0.006970 -0.085971 -0.087009 -9.808237 
169.600351 -0.016924 0.014748 -2.098261 28.014025 -5.545558 -0.202985 0.000000 0.000000 0.000000 -0.215910 -0.297050 -0.016066 0.000000 0.000000 0.000000 -0.000215 0.000557 0.000166 -0.026186 0.074735 -0.004510 -0.085777 -0.086914 -9.808240 
169.699948 -0.025128 0.028047 -2.097568 27.988358 -5.569877 -0.233272 0.000000 0.000000 0.000000 -0.207397 -0.260746 -0.103435 0.000000 0.000000 0.000000 -0.000041 0.000633 0.000180 -0.026263 0.075391 -0.002188 -0.085905 -0.086779 -9.808240 
169.799232 -0.012041 0.027427 -2.097063 27.947933 -5.612786 -0.236667 0.000000 0.000000 0.000000 -0.317820 -0.410465 -0.073128 0.000000 0.000000 0.000000 0.000028 0.000761 0.000154 -0.027877 0.076367 -0.003141 -0.086438 -0.086801 -9.808235 
169.900279 0.003219 0.038010 -2.094501 27.921113 -5.658972 -0.223447 0.000000 0.000000 0.000000 -0.161090 -0.343884 0.012376 0.000000 0.000000 0.000000 -0.000161 0.000658 0.000065 -0.028350 0.075914 -0.004849 -0.086477 -0.086978 -9.808233 
169.999888 0.012806 0.020931 -2.097637 27.901003 -5.697580 -0.220533 0.000000 0.000000 0.000000 -0.138107 -0.307029 -0.018842 0.000000 0.000000 0.000000 -0.000718 0.000716 0.000157 -0.029024 0.075956 -0.005102 -0.086640 -0.087072 -9.808231 
170.100714 0.023284 0.013962 -2.095510 27.875745 -5.745134 -0.209898 0.000000 0.000000 0.000000 -0.251198 -0.467370 -0.014923 0.000000 0.000000 0.000000 -0.001096 0.000858 0.000058 -0.029969 0.075782 -0.006406 -0.086835 -0.087261 -9.808227 
170.200238 0.021801 0.004883 -2.096112 27.851943 -5.791684 -0.223645 0.000000 0.000000 0.000000 -0.296067 -0.499796 -0.011562 0.000000 0.000000 0.000000 -0.001470 0.000841 0.000096 -0.029512 0.075379 -0.005329 -0.086660 -0.087278 -9.808229 
170.301102 0.039464 0.002864 -2.098724 27.825284 -5.828268 -0.228267 0.000000 0.000000 0.000000 -0.185867 -0.362123 0.007768 0.000000 0.000000 0.000000 -0.001396 0.000764 0.000070 -0.029205 0.075924 -0.004513 -0.086670 -0.087104 -9.808230 
170.400615 0.034050 0.010204 -2.097238 27.802156 -5.863205 -0.222487 0.000000 0.000000 0.000000 -0.164671 -0.363787 -0.066843 0.000000 0.000000 0.000000 -0.001192 0.000785 0.000066 -0.029453 0.076297 -0.005223 -0.086792 -0.087061 -9.808230 
170.500175 0.020463 0.026390 -2.098108 27.782781 -5.910912 -0.229279 0.000000 0.000000 0.000000 -0.204884 -0.519818 -0.057133 0.000000 0.000000 0.000000 -0.000561 0.000849 0.000104 -0.029778 0.076323 -0.005220 -0.086870 -0.087104 -9.808229 
170.601034 0.022686 0.024470 -2.097774 27.765483 -5.959335 -0.187170 0.000000 0.000000 0.000000 -0.195030 -0.357139 0.078875 0.000000 0.000000 0.000000 -0.001297 0.001175 0.000071 -0.029768 0.076332 -0.008643 -0.086921 -0.087121 -9.808228 
170.700554 0.005062 0.031191 -2.100268 27.754880 -5.982747 -0.180656 0.000000 0.000000 0.000000 -0.181972 -0.290931 0.024974 0.000000 0.000000 0.000000 -0.000301 0.000988 0.000109 -0.028881 0.076357 -0.008248 -0.086718 -0.086980 -9.808231 
170.800068 0.011589 0.046461 -2.102385 27.730449 -6.013622 -0.194517 0.000000 0.000000 0.000000 -0.264611 -0.365529 -0.000924 0.000000 0.000000 0.000000 -0.000412 0.000870 0.000172 -0.028907 0.076866 -0.006452 -0.086773 -0.086858 -9.808232 
170.899623 0.000948 0.037835 -2.103933 27.690465 -6.057640 -0.200994 0.000000 0.000000 0.000000 -0.324930 -0.444312 0.097835 0.000000 0.000000 0.000000 -0.000569 0.001089 0.000119 -0.029451 0.077476 -0.005929 -0.086982 -0.086798 -9.808230 
171.000451 0.016862 0.032581 -2.099258 27.657029 -6.111748 -0.196972 0.000000 0.000000 0.000000 -0.242745 -0.375117 0.099070 0.000000 0.000000 0.000000 -0.000854 0.000818 0.000048 -0.030538 0.077018 -0.005324 -0.087147 -0.087057 -9.808227 
171.100023 0.005180 0.035649 -2.098881 27.628859 -6.159818 -0.205720 0.000000 0.000000 0.000000 -0.220921 -0.456137 -0.015587 0.000000 0.000000 0.000000 -0.000488 0.000849 0.000127 -0.031359 0.076894 -0.004177 -0.087298 -0.087195 -9.808224 
171.200900 0.001083 0.018136 -2.101172 27.611316 -6.219223 -0.208071 0.000000 0.000000 0.000000 -0.188767 -0.610013 -0.056787 0.000000 0.000000 0.000000 -0.000873 0.000984 0.000121 -0.031423 0.076259 -0.004279 -0.087216 -0.087346 -9.808223 
171.300371 0.014971 0.014245 -2.096953 27.592491 -6.275101 -0.202109 0.000000 0.000000 0.000000 -0.182623 -0.470422 0.018938 0.000000 0.000000 0.000000 -0.001352 0.000826 0.000047 -0.031481 0.076328 -0.004562 -0.087242 -0.087342 -9.808223 
171.399941 0.014773 0.017954 -2.098979 27.579879 -6.308788 -0.199936 0.000000 0.000000 0.000000 -0.174659 -0.379639 -0.008144 0.000000 0.000000 0.000000 -0.001083 0.000953 0.000076 -0.030698 0.076509 -0.004465 -0.087095 -0.087187 -9.808226 
171.499445 0.019222 0.000661 -2.096419 27.561028 -6.337833 -0.213366 0.000000 0.000000 0.000000 -0.276551 -0.451794 -0.072784 0.000000 0.000000 0.000000 -0.001433 0.000951 -0.000004 -0.029930 0.077028 -0.003566 -0.086996 -0.086953 -9.808229 
171.600297 0.025771 -0.001679 -2.090187 27.528278 -6.365672 -0.217989 0.000000 0.000000 0.000000 -0.279606 -0.355159 0.000283 0.000000 0.000000 0.000000 -0.001228 0.000764 -0.000001 -0.029025 0.077844 -0.003636 -0.086921 -0.086644 -9.808232 
171.699882 0.020640 0.006222 -2.095001 27.509860 -6.399122 -0.203183 0.000000 0.000000 0.000000 -0.224632 -0.262303 0.039107 0.000000 0.000000 0.000000 -0.000968 0.000878 0.000022 -0.028843 0.077108 -0.004426 -0.086778 -0.086782 -9.808232 
171.799356 0.021098 0.005039 -2.096783 27.481641 -6.434382 -0.209757 0.000000 0.000000 0.000000 -0.272994 -0.384588 -0.011959 0.000000 0.000000 0.000000 -0.001198 0.000701 0.000090 -0.029376 0.077332 -0.003859 -0.086921 -0.086809 -9.808231 
171.900222 0.021554 -0.007979 -2.097749 27.438531 -6.487868 -0.195341 0.000000 0.000000 0.000000 -0.369595 -0.452985 0.026929 0.000000 0.000000 0.000000 -0.001415 0.000914 0.000019 -0.030383 0.077697 -0.005116 -0.087211 -0.086883 -9.808227 
171.999803 0.011018 0.011886 -2.091971 27.401475 -6.532027 -0.184856 0.000000 0.000000 0.000000 -0.263143 -0.304186 0.101736 0.000000 0.000000 0.000000 -0.001258 0.000820 -0.000039 -0.030983 0.077961 -0.005190 -0.087382 -0.086913 -9.808226 
172.100629 0.013100 0.014828 -2.098310 27.376421 -6.560035 -0.183303 0.000000 0.000000 0.000000 -0.247223 -0.284174 0.060676 0.000000 0.000000 0.000000 -0.000884 0.000819 0.000066 -0.030901 0.078077 -0.004466 -0.087371 -0.086875 -9.808226 
172.200189 0.009105 0.009171 -2.094811 27.336564 -6.599833 -0.189662 0.000000 0.000000 0.000000 -0.372679 -0.388940 -0.002226 0.000000 0.000000 0.000000 -0.001051 0.000872 0.000014 -0.031890 0.078625 -0.003637 -0.087654 -0.086899 -9.808223 
172.299731 0.012193 -0.006197 -2.094665 27.297478 -6.642057 -0.195086 0.000000 0.000000 0.000000 -0.321218 -0.344329 0.106585 0.000000 0.000000 0.000000 -0.001322 0.000923 0.000086 -0.032239 0.078576 -0.002623 -0.087706 -0.086958 -9.808222 
172.400537 -0.013759 0.002467 -2.094814 27.273593 -6.671669 -0.178930 0.000000 0.000000 0.000000 -0.254973 -0.324613 0.045158 0.000000 0.000000 0.000000 -0.000632 0.001046 -0.000021 -0.031786 0.078198 -0.003218 -0.087561 -0.086974 -9.808224 
172.500114 -0.025932 0.000814 -2.096147 27.252219 -6.717179 -0.188639 0.000000 0.000000 0.000000 -0.236089 -0.483351 -0.038068 0.000000 0.000000 0.000000 -0.000737 0.000915 0.000054 -0.032151 0.077446 -0.002023 -0.087511 -0.087184 -9.808222 
172.600980 -0.014349 -0.017759 -2.095659 27.230492 -6.772906 -0.192666 0.000000 0.000000 0.000000 -0.253047 -0.526146 0.047144 0.000000 0.000000 0.000000 -0.001175 0.000820 0.000017 -0.032090 0.076852 -0.001363 -0.087402 -0.087300 -9.808222 
172.700475 -0.017212 -0.002634 -2.096205 27.210746 -6.815566 -0.188232 0.000000 0.000000 0.000000 -0.180935 -0.387409 0.067196 0.000000 0.000000 0.000000 -0.000970 0.000850 0.000038 -0.031768 0.076806 -0.001010 -0.087325 -0.087265 -9.808223 
172.800002 -0.018207 0.001068 -2.095858 27.190337 -6.851715 -0.187300 0.000000 0.000000 0.000000 -0.177826 -0.368396 0.019206 0.000000 0.000000 0.000000 -0.000973 0.000865 0.000015 -0.031864 0.077143 -0.000787 -0.087393 -0.087209 -9.808223 
172.900891 -0.014197 -0.021055 -2.094842 27.169494 -6.892870 -0.191476 0.000000 0.000000 0.000000 -0.274867 -0.461959 -0.009719 0.000000 0.000000 0.000000 -0.001414 0.000936 0.000018 -0.031854 0.076977 -0.000485 -0.087365 -0.087243 -9.808223 
173.000393 -0.023034 -0.009609 -2.093471 27.141532 -6.932387 -0.178899 0.000000 0.000000 0.000000 -0.239492 -0.342883 0.084258 0.000000 0.000000 0.000000 -0.001239 0.000892 0.000067 -0.031815 0.077174 -0.001269 -0.087390 -0.087193 -9.808223 
173.099673 -0.025658 -0.001290 -2.095988 27.129153 -6.958804 -0.176940 0.000000 0.000000 0.000000 -0.168246 -0.305737 0.034817 0.000000 0.000000 0.000000 -0.000873 0.000850 0.000056 -0.031033 0.076667 -0.000612 -0.087149 -0.087192 -9.808225 
173.200825 -0.028898 0.000522 -2.096171 27.117829 -6.997827 -0.186289 0.000000 0.000000 0.000000 -0.160714 -0.443383 -0.028268 0.000000 0.000000 0.000000 -0.000863 0.000903 0.000041 -0.030884 0.075953 0.000332 -0.087010 -0.087324 -9.808225 
173.300315 -0.027175 0.021135 -2.100393 27.096362 -7.052219 -0.189110 0.000000 0.000000 0.000000 -0.124667 -0.423566 0.102899 0.000000 0.000000 0.000000 -0.000462 0.000954 0.000040 -0.031665 0.075838 0.000986 -0.087152 -0.087462 -9.808223 
173.399904 -0.026964 0.010983 -2.096624 27.073768 -7.097754 -0.161511 0.000000 0.000000 0.000000 -0.150657 -0.374461 0.101223 0.000000 0.000000 0.000000 -0.000742 0.001010 -0.000007 -0.032635 0.076264 -0.000846 -0.087418 -0.087497 -9.808220 
173.500751 -0.032615 0.011687 -2.097539 27.051925 -7.138638 -0.154016 0.000000 0.000000 0.000000 -0.236502 -0.420248 0.035143 0.000000 0.000000 0.000000 -0.000671 0.001045 0.000043 -0.032966 0.076480 -0.000652 -0.087517 -0.087500 -9.808219 
173.600256 -0.040565 0.007903 -2.093531 27.014268 -7.195660 -0.155827 0.000000 0.000000 0.000000 -0.410491 -0.557691 0.031696 0.000000 0.000000 0.000000 -0.000469 0.001100 -0.000036 -0.033844 0.076623 -0.000166 -0.087718 -0.087595 -9.808217 
173.699792 -0.040525 0.009537 -2.099049 26.982310 -7.233682 -0.160760 0.000000 0.000000 0.000000 -0.274417 -0.387670 0.105424 0.000000 0.000000 0.000000 -0.000365 0.001027 0.000105 -0.033038 0.077083 0.000917 -0.087620 -0.087396 -9.808219 
173.799315 -0.036509 0.001520 -2.096230 26.952838 -7.266897 -0.160799 0.000000 0.000000 0.000000 -0.245719 -0.423071 -0.018249 0.000000 0.000000 0.000000 -0.000471 0.001100 0.000046 -0.032918 0.077743 0.001324 -0.087691 -0.087248 -9.808220 
173.900176 -0.043793 0.010150 -2.097383 26.928806 -7.309634 -0.165208 0.000000 0.000000 0.000000 -0.269421 -0.540931 -0.053138 0.000000 0.000000 0.000000 -0.000343 0.000965 0.000015 -0.032476 0.077861 0.001416 -0.087619 -0.087164 -9.808221 
173.999728 -0.033059 0.002541 -2.094886 26.913776 -7.366450 -0.145883 0.000000 0.000000 0.000000 -0.126254 -0.446467 0.117955 0.000000 0.000000 0.000000 -0.001000 0.001348 -0.000017 -0.032597 0.076738 0.000081 -0.087478 -0.087400 -9.808221 
174.100571 -0.042900 0.002343 -2.098490 26.892211 -7.410209 -0.138641 0.000000 0.000000 0.000000 -0.143367 -0.401051 0.069225 0.000000 0.000000 0.000000 -0.000772 0.001037 0.000124 -0.033187 0.077576 0.000300 -0.087718 -0.087313 -9.808219 
174.200104 -0.040147 -0.008218 -2.097363 26.867378 -7.455508 -0.142886 0.000000 0.000000 0.000000 -0.218453 -0.490323 0.038278 0.000000 0.000000 0.000000 -0.000916 0.000890 0.000088 -0.033753 0.078334 0.001445 -0.087944 -0.087246 -9.808218 
174.299678 -0.045168 0.000018 -2.095990 26.829745 -7.513401 -0.140527 0.000000 0.000000 0.000000 -0.373559 -0.631010 0.059377 0.000000 0.000000 0.000000 -0.000757 0.000847 0.000059 -0.034305 0.079237 0.001520 -0.088183 -0.087141 -9.808217 
174.400540 -0.033950 -0.021911 -2.096874 26.788242 -7.578645 -0.136121 0.000000 0.000000 0.000000 -0.288770 -0.527397 0.078301 0.000000 0.000000 0.000000 -0.001172 0.000809 0.000119 -0.035223 0.079686 0.002054 -0.088432 -0.087180 -9.808214 
174.500042 -0.043897 -0.004502 -2.096897 26.759341 -7.612179 -0.125092 0.000000 0.000000 0.000000 -0.280264 -0.432643 0.061844 0.000000 0.000000 0.000000 -0.000709 0.000769 0.000097 -0.034349 0.080632 0.001665 -0.088391 -0.086871 -9.808217 
174.599603 -0.046307 -0.007480 -2.097818 26.729994 -7.646712 -0.128650 0.000000 0.000000 0.000000 -0.331124 -0.501914 0.012536 0.000000 0.000000 0.000000 -0.000827 0.000787 0.000131 -0.033538 0.081259 0.002345 -0.088321 -0.086645 -9.808220 
174.700422 -0.043469 -0.003422 -2.097390 26.709478 -7.693900 -0.122156 0.000000 0.000000 0.000000 -0.235962 -0.417594 0.051930 0.000000 0.000000 0.000000 -0.000802 0.001078 0.000055 -0.032882 0.080098 0.002426 -0.088028 -0.086786 -9.808221 
174.799991 -0.048173 -0.006084 -2.098058 26.690793 -7.719540 -0.123046 0.000000 0.000000 0.000000 -0.213502 -0.323546 0.004849 0.000000 0.000000 0.000000 -0.000834 0.001005 0.000074 -0.031905 0.080380 0.002731 -0.087877 -0.086603 -9.808224 
174.900848 -0.043748 -0.016141 -2.096757 26.667251 -7.748978 -0.126291 0.000000 0.000000 0.000000 -0.284313 -0.353464 -0.064484 0.000000 0.000000 0.000000 -0.000956 0.000954 0.000082 -0.031675 0.080650 0.002926 -0.087870 -0.086522 -9.808225 
175.000346 -0.056046 0.008201 -2.095440 26.632965 -7.788393 -0.135233 0.000000 0.000000 0.000000 -0.401402 -0.483367 -0.012734 0.000000 0.000000 0.000000 -0.000502 0.000989 0.000051 -0.031502 0.080997 0.003343 -0.087886 -0.086436 -9.808225 
175.099925 -0.044186 -0.005655 -2.098344 26.602759 -7.830193 -0.143421 0.000000 0.000000 0.000000 -0.269171 -0.376653 0.000281 0.000000 0.000000 0.000000 -0.000601 0.001027 0.000107 -0.031178 0.080764 0.004220 -0.087793 -0.086448 -9.808226 
175.199409 -0.051909 0.006461 -2.095606 26.583056 -7.850732 -0.139354 0.000000 0.000000 0.000000 -0.189401 -0.311521 -0.036747 0.000000 0.000000 0.000000 -0.000262 0.001157 0.000041 -0.030199 0.081483 0.003607 -0.087701 -0.086173 -9.808229 
175.300269 -0.055324 0.020253 -2.095111 26.561300 -7.882801 -0.147128 0.000000 0.000000 0.000000 -0.228223 -0.447844 -0.028676 0.000000 0.000000 0.000000 0.000104 0.001010 0.000020 -0.030001 0.082076 0.003748 -0.087745 -0.086034 -9.808230 
175.399875 -0.044085 0.008858 -2.093333 26.530458 -7.927185 -0.171282 0.000000 0.000000 0.000000 -0.256736 -0.408521 -0.011588 0.000000 0.000000 0.000000 0.000212 0.000901 0.000044 -0.030122 0.082763 0.005819 -0.087874 -0.085936 -9.808230 
175.500713 -0.051619 0.003992 -2.095755 26.506263 -7.967639 -0.154424 0.000000 0.000000 0.000000 -0.201356 -0.297145 -0.095334 0.000000 0.000000 0.000000 -0.000081 0.001158 0.000059 -0.030823 0.083375 0.003695 -0.088080 -0.085895 -9.808228 
175.600193 -0.050179 0.022251 -2.100071 26.479233 -8.000602 -0.179953 0.000000 0.000000 0.000000 -0.211130 -0.359447 -0.147187 0.000000 0.000000 0.000000 0.000565 0.000798 0.000025 -0.031281 0.084015 0.005289 -0.088267 -0.085842 -9.808227 
175.699794 -0.054720 0.027739 -2.096245 26.442349 -8.044431 -0.178833 0.000000 0.000000 0.000000 -0.309656 -0.387418 -0.037465 0.000000 0.000000 0.000000 0.000417 0.001047 0.000004 -0.032256 0.084861 0.003634 -0.088556 -0.085801 -9.808225 
175.800646 -0.053630 0.023426 -2.099112 26.418549 -8.087075 -0.159558 0.000000 0.000000 0.000000 -0.228984 -0.326902 0.037070 0.000000 0.000000 0.000000 0.000287 0.001077 -0.000002 -0.032639 0.084323 0.001652 -0.088537 -0.085948 -9.808224 
175.900168 -0.053713 0.011769 -2.096249 26.395000 -8.118150 -0.144663 0.000000 0.000000 0.000000 -0.169376 -0.383071 0.046891 0.000000 0.000000 0.000000 0.000227 0.001005 0.000075 -0.032702 0.085007 0.000552 -0.088631 -0.085826 -9.808224 
175.999768 -0.057909 0.006835 -2.098269 26.375192 -8.166800 -0.132600 0.000000 0.000000 0.000000 -0.203306 -0.564886 0.064254 0.000000 0.000000 0.000000 0.000101 0.000903 0.000069 -0.033002 0.085107 -0.000427 -0.088691 -0.085844 -9.808223 
176.100514 -0.048886 0.025260 -2.100522 26.360314 -8.223709 -0.100549 0.000000 0.000000 0.000000 -0.092238 -0.478355 0.168748 0.000000 0.000000 0.000000 -0.000034 0.001020 0.000022 -0.033205 0.084953 -0.002257 -0.088688 -0.085897 -9.808223 
176.200064 -0.042346 0.005271 -2.096183 26.339149 -8.265370 -0.098636 0.000000 0.000000 0.000000 -0.113195 -0.425021 0.094441 0.000000 0.000000 0.000000 -0.000323 0.000856 0.000010 -0.033625 0.086128 -0.001411 -0.088934 -0.085732 -9.808222 
176.300946 -0.044567 0.005074 -2.097696 26.315807 -8.302573 -0.111073 0.000000 0.000000 0.000000 -0.223340 -0.484566 -0.024316 0.000000 0.000000 0.000000 -0.000315 0.000863 0.000059 -0.033630 0.087433 0.000265 -0.089127 -0.085493 -9.808222 
176.400444 -0.050516 0.022113 -2.097724 26.280234 -8.343796 -0.120348 0.000000 0.000000 0.000000 -0.276098 -0.489715 0.056089 0.000000 0.000000 0.000000 -0.000156 0.000769 0.000073 -0.033389 0.089171 0.001381 -0.089326 -0.085143 -9.808224 
176.500032 -0.035179 -0.004087 -2.092792 26.252816 -8.381213 -0.117605 0.000000 0.000000 0.000000 -0.193812 -0.368949 0.022215 0.000000 0.000000 0.000000 -0.000408 0.000988 -0.000045 -0.033333 0.089719 0.001792 -0.089392 -0.085035 -9.808224 
176.599572 -0.041079 0.007607 -2.095468 26.233906 -8.419886 -0.112159 0.000000 0.000000 0.000000 -0.147872 -0.450079 -0.037875 0.000000 0.000000 0.000000 -0.000204 0.000943 0.000039 -0.033405 0.089978 0.001197 -0.089436 -0.084994 -9.808224 
176.700380 -0.043707 0.007996 -2.095921 26.210774 -8.478569 -0.126586 0.000000 0.000000 0.000000 -0.218534 -0.580374 -0.025697 0.000000 0.000000 0.000000 -0.000396 0.000976 0.000029 -0.034021 0.090176 0.002113 -0.089581 -0.085039 -9.808222 
176.799954 -0.037982 0.008454 -2.095469 26.196507 -8.533094 -0.115999 0.000000 0.000000 0.000000 -0.122507 -0.449477 0.016309 0.000000 0.000000 0.000000 -0.000707 0.001147 -0.000002 -0.034120 0.090019 0.001312 -0.089574 -0.085077 -9.808222 
176.899433 -0.035098 0.004977 -2.094770 26.186046 -8.568335 -0.115497 0.000000 0.000000 0.000000 -0.111607 -0.388871 0.028177 0.000000 0.000000 0.000000 -0.000478 0.000978 -0.000003 -0.033684 0.090410 0.001576 -0.089548 -0.084952 -9.808223 
177.000295 -0.037718 0.012704 -2.094227 26.171161 -8.609229 -0.109694 0.000000 0.000000 0.000000 -0.179898 -0.508875 0.011415 0.000000 0.000000 0.000000 -0.000348 0.000992 -0.000001 -0.033525 0.090748 0.001104 -0.089562 -0.084868 -9.808224 
177.099863 -0.030616 0.007412 -2.095471 26.139716 -8.663653 -0.095723 0.000000 0.000000 0.000000 -0.211226 -0.451233 0.141956 0.000000 0.000000 0.000000 -0.000567 0.001054 0.000041 -0.034289 0.091647 0.000275 -0.089817 -0.084797 -9.808222 
177.199368 -0.034341 0.005015 -2.096620 26.118575 -8.700051 -0.087410 0.000000 0.000000 0.000000 -0.204086 -0.366543 0.101127 0.000000 0.000000 0.000000 -0.000487 0.000943 0.000029 -0.034056 0.091992 0.000658 -0.089822 -0.084707 -9.808223 
177.300221 -0.037266 0.005489 -2.095717 26.086913 -8.742573 -0.091309 0.000000 0.000000 0.000000 -0.254352 -0.465874 -0.006916 0.000000 0.000000 0.000000 -0.000422 0.000928 0.000048 -0.034713 0.092787 0.001590 -0.090047 -0.084649 -9.808221 
177.399793 -0.025109 -0.014295 -2.098190 26.051690 -8.797547 -0.083408 0.000000 0.000000 0.000000 -0.334270 -0.532975 0.017331 0.000000 0.000000 0.000000 -0.000683 0.000986 0.000051 -0.035113 0.093145 0.000829 -0.090164 -0.084632 -9.808220 
177.500649 -0.033802 0.003569 -2.094801 26.026515 -8.851749 -0.075082 0.000000 0.000000 0.000000 -0.244196 -0.392219 0.048706 0.000000 0.000000 0.000000 -0.000516 0.001159 -0.000080 -0.035326 0.092334 0.001035 -0.090096 -0.084804 -9.808220 
177.600152 -0.033403 -0.005977 -2.095744 26.004162 -8.891228 -0.058146 0.000000 0.000000 0.000000 -0.217162 -0.323752 -0.006358 0.000000 0.000000 0.000000 -0.000759 0.001234 0.000032 -0.035665 0.092600 0.000194 -0.090191 -0.084794 -9.808219 
177.699729 -0.031047 0.007932 -2.098174 25.981319 -8.924807 -0.082845 0.000000 0.000000 0.000000 -0.262324 -0.461706 -0.033261 0.000000 0.000000 0.000000 -0.000456 0.001055 0.000037 -0.035116 0.092876 0.003183 -0.090130 -0.084694 -9.808220 
177.800589 -0.038327 0.017905 -2.099293 25.955745 -8.960338 -0.109953 0.000000 0.000000 0.000000 -0.178915 -0.380716 -0.026435 0.000000 0.000000 0.000000 -0.000454 0.001045 0.000040 -0.034384 0.093545 0.005718 -0.090086 -0.084499 -9.808222 
177.900113 -0.025932 -0.007096 -2.094632 25.942342 -8.995364 -0.110729 0.000000 0.000000 0.000000 -0.108910 -0.305540 -0.051644 0.000000 0.000000 0.000000 -0.000826 0.001226 -0.000050 -0.034415 0.093279 0.005326 -0.090057 -0.084548 -9.808222 
177.999654 -0.035191 0.004764 -2.096230 25.930845 -9.030024 -0.115314 0.000000 0.000000 0.000000 -0.083086 -0.385241 -0.113045 0.000000 0.000000 0.000000 -0.000558 0.001114 0.000009 -0.034769 0.093451 0.004946 -0.090142 -0.084559 -9.808221 
178.100468 -0.033682 0.010259 -2.094581 25.912274 -9.080821 -0.129847 0.000000 0.000000 0.000000 -0.145481 -0.423240 -0.038783 0.000000 0.000000 0.000000 -0.000482 0.001138 -0.000041 -0.035696 0.093718 0.005291 -0.090338 -0.084626 -9.808219 
178.200114 -0.026267 -0.002585 -2.093809 25.894803 -9.126494 -0.119186 0.000000 0.000000 0.000000 -0.149763 -0.344459 -0.056518 0.000000 0.000000 0.000000 -0.000919 0.001258 -0.000016 -0.036543 0.093705 0.003457 -0.090484 -0.084723 -9.808217 
178.300889 -0.032781 0.006567 -2.095148 25.875040 -9.158652 -0.116584 0.000000 0.000000 0.000000 -0.215097 -0.337297 -0.057229 0.000000 0.000000 0.000000 -0.000585 0.001211 0.000002 -0.036584 0.094178 0.002448 -0.090551 -0.084641 -9.808217 
178.400401 -0.024201 -0.002623 -2.093348 25.845945 -9.197838 -0.116326 0.000000 0.000000 0.000000 -0.312079 -0.420388 0.144726 0.000000 0.000000 0.000000 -0.000583 0.001157 -0.000032 -0.036784 0.094324 0.001908 -0.090604 -0.084638 -9.808216 
178.500195 -0.031248 0.003079 -2.093976 25.817531 -9.240942 -0.097360 0.000000 0.000000 0.000000 -0.274798 -0.335496 0.163199 0.000000 0.000000 0.000000 -0.000541 0.001165 -0.000030 -0.037161 0.093887 0.001524 -0.090613 -0.084757 -9.808215 
178.600824 -0.036926 -0.004044 -2.089828 25.783393 -9.279253 -0.097043 0.000000 0.000000 0.000000 -0.265802 -0.373931 0.064817 0.000000 0.000000 0.000000 -0.000621 0.000993 -0.000012 -0.037961 0.094270 0.002973 -0.090799 -0.084793 -9.808213 
178.700324 -0.033027 -0.011179 -2.093177 25.755432 -9.328475 -0.091553 0.000000 0.000000 0.000000 -0.339051 -0.534960 0.028164 0.000000 0.000000 0.000000 -0.000712 0.000949 0.000007 -0.038236 0.093737 0.002810 -0.090778 -0.084917 -9.808212 
178.801185 -0.032063 -0.008643 -2.095309 25.725522 -9.381698 -0.093877 0.000000 0.000000 0.000000 -0.245305 -0.499900 0.115496 0.000000 0.000000 0.000000 -0.000451 0.000810 -0.000039 -0.038001 0.093527 0.003760 -0.090711 -0.084930 -9.808213 
178.900772 -0.030292 -0.002406 -2.093672 25.700893 -9.414730 -0.067137 0.000000 0.000000 0.000000 -0.175767 -0.355555 0.131377 0.000000 0.000000 0.000000 -0.000589 0.000799 -0.000051 -0.037585 0.094709 0.001884 -0.090792 -0.084667 -9.808214 
179.000085 -0.027806 -0.009169 -2.094970 25.687351 -9.441864 -0.053307 0.000000 0.000000 0.000000 -0.167632 -0.339480 0.057697 0.000000 0.000000 0.000000 -0.000755 0.000713 -0.000068 -0.037008 0.094941 0.001548 -0.090725 -0.084556 -9.808216 
179.099832 -0.026072 -0.013116 -2.092271 25.665366 -9.483773 -0.055101 0.000000 0.000000 0.000000 -0.259925 -0.452040 0.099043 0.000000 0.000000 0.000000 -0.000910 0.000753 -0.000109 -0.037250 0.094931 0.002439 -0.090763 -0.084593 -9.808215 
179.200678 -0.031540 -0.008920 -2.092038 25.637847 -9.526555 -0.050342 0.000000 0.000000 0.000000 -0.203546 -0.371156 0.089270 0.000000 0.000000 0.000000 -0.000666 0.000830 -0.000058 -0.037573 0.095244 0.003315 -0.090855 -0.084585 -9.808215 
179.300233 -0.024582 -0.016900 -2.089532 25.614567 -9.561710 -0.041157 0.000000 0.000000 0.000000 -0.181075 -0.354712 0.056712 0.000000 0.000000 0.000000 -0.000726 0.000806 -0.000105 -0.037781 0.095748 0.003337 -0.090953 -0.084525 -9.808214 
179.399742 -0.033063 -0.012844 -2.090875 25.596830 -9.601868 -0.051570 0.000000 0.000000 0.000000 -0.196831 -0.495590 -0.020125 0.000000 0.000000 0.000000 -0.000773 0.000665 -0.000062 -0.037709 0.095541 0.004775 -0.090912 -0.084562 -9.808214 
179.499260 -0.022003 -0.022114 -2.091912 25.579587 -9.661964 -0.072670 0.000000 0.000000 0.000000 -0.173542 -0.539959 -0.042346 0.000000 0.000000 0.000000 -0.000992 0.000660 -0.000076 -0.037849 0.094647 0.006869 -0.090819 -0.084744 -9.808213 
179.600116 -0.028948 -0.007589 -2.093527 25.556923 -9.711819 -0.067362 0.000000 0.000000 0.000000 -0.197674 -0.408679 -0.055708 0.000000 0.000000 0.000000 -0.000962 0.001034 -0.000027 -0.038367 0.095092 0.005606 -0.090963 -0.084720 -9.808212 
179.699639 -0.030100 -0.017350 -2.094057 25.535505 -9.745595 -0.068278 0.000000 0.000000 0.000000 -0.277159 -0.365019 -0.087885 0.000000 0.000000 0.000000 -0.000903 0.000932 -0.000061 -0.038149 0.095390 0.005115 -0.090966 -0.084641 -9.808213 
179.800235 -0.032680 -0.006707 -2.092880 25.499030 -9.786090 -0.069280 0.000000 0.000000 0.000000 -0.384179 -0.448234 -0.028608 0.000000 0.000000 0.000000 -0.000739 0.001071 -0.000111 -0.038372 0.095848 0.004318 -0.091062 -0.084585 -9.808213 
179.900039 -0.037296 -0.007699 -2.090473 25.462840 -9.830482 -0.056539 0.000000 0.000000 0.000000 -0.256921 -0.390891 0.017252 0.000000 0.000000 0.000000 -0.000698 0.001050 -0.000090 -0.038746 0.095990 0.002746 -0.091147 -0.084590 -9.808212 
179.999608 -0.024827 -0.029546 -2.091317 25.448005 -9.869140 -0.060857 0.000000 0.000000 0.000000 -0.174659 -0.372505 0.005912 0.000000 0.000000 0.000000 -0.001183 0.000679 -0.000039 -0.038398 0.094940 0.003770 -0.090958 -0.084732 -9.808212 
180.100428 -0.044813 -0.011528 -2.089290 25.434402 -9.910625 -0.084242 0.000000 0.000000 0.000000 -0.141451 -0.502452 -0.064273 0.000000 0.000000 0.000000 -0.000710 0.000734 -0.000079 -0.038064 0.094742 0.006018 -0.090873 -0.084747 -9.808213 
180.200008 -0.035060 -0.011637 -2.067212 25.415433 -9.966132 -0.073884 0.000000 0.000000 0.000000 -0.181142 -0.539479 0.073449 0.000000 0.000000 0.000000 -0.000895 0.000726 -0.000261 -0.038206 0.095166 0.004753 -0.090951 -0.084682 -9.808213 
180.299532 -0.052796 0.011811 -2.078633 25.404299 -10.018255 -0.078333 0.000000 0.000000 0.000000 -0.096154 -0.441471 -0.048045 0.000000 0.000000 0.000000 -0.000293 0.000710 -0.000018 -0.038334 0.094683 0.005582 -0.090911 -0.084782 -9.808212 
180.400344 -0.041442 -0.005875 -2.078399 25.401134 -10.056767 -0.084149 0.000000 0.000000 0.000000 -0.087245 -0.431898 -0.021172 0.000000 0.000000 0.000000 -0.000511 0.000691 -0.000100 -0.037624 0.094215 0.005638 -0.090741 -0.084774 -9.808214 
180.499923 -0.032323 -0.013151 -2.077238 25.384802 -10.105919 -0.078898 0.000000 0.000000 0.000000 -0.169482 -0.572196 -0.035902 0.000000 0.000000 0.000000 -0.000917 0.000797 -0.000120 -0.038032 0.094690 0.004505 -0.090863 -0.084739 -9.808213 
180.600738 -0.036344 0.001192 -2.076919 25.360188 -10.174978 -0.064195 0.000000 0.000000 0.000000 -0.206522 -0.553098 0.159542 0.000000 0.000000 0.000000 -0.000527 0.000743 -0.000058 -0.038975 0.094720 0.003442 -0.091011 -0.084836 -9.808211 
180.700377 -0.031893 -0.001918 -2.077861 25.349262 -10.215571 -0.030809 0.000000 0.000000 0.000000 -0.123061 -0.369806 0.204205 0.000000 0.000000 0.000000 -0.000620 0.000835 -0.000138 -0.038266 0.094527 0.001680 -0.090874 -0.084772 -9.808213 
180.799471 -0.026591 -0.010965 -2.076113 25.335901 -10.259709 -0.012808 0.000000 0.000000 0.000000 -0.155965 -0.400458 0.105078 0.000000 0.000000 0.000000 -0.000835 0.000812 -0.000112 -0.038861 0.093932 0.001658 -0.090891 -0.084933 -9.808211 
180.900718 -0.034610 -0.010221 -2.079947 25.313021 -10.310183 -0.020473 0.000000 0.000000 0.000000 -0.212529 -0.465564 0.061880 0.000000 0.000000 0.000000 -0.000531 0.000811 -0.000061 -0.039360 0.094023 0.003826 -0.090982 -0.084990 -9.808210 
181.000239 -0.025258 0.005044 -2.077441 25.289221 -10.348117 -0.008046 0.000000 0.000000 0.000000 -0.218833 -0.327313 0.142553 0.000000 0.000000 0.000000 -0.000522 0.000746 -0.000095 -0.039306 0.094573 0.004100 -0.091042 -0.084901 -9.808210 
181.099737 -0.014536 -0.007302 -2.077517 25.274077 -10.371429 -0.027063 0.000000 0.000000 0.000000 -0.247350 -0.277953 -0.010931 0.000000 0.000000 0.000000 -0.000460 0.000565 -0.000096 -0.038349 0.094135 0.007056 -0.090841 -0.084875 -9.808212 
181.199276 -0.024629 0.012624 -2.076973 25.242840 -10.392942 -0.039616 0.000000 0.000000 0.000000 -0.409098 -0.325132 -0.089340 0.000000 0.000000 0.000000 -0.000250 0.000743 -0.000099 -0.037746 0.094746 0.008007 -0.090823 -0.084717 -9.808214 
181.300164 -0.037537 0.032703 -2.080796 25.199060 -10.425377 -0.064172 0.000000 0.000000 0.000000 -0.372698 -0.310429 0.025825 0.000000 0.000000 0.000000 -0.000338 0.000576 -0.000028 -0.037585 0.095003 0.010056 -0.090825 -0.084668 -9.808214 
181.399691 0.001520 -0.031327 -2.078357 25.170101 -10.461148 -0.056616 0.000000 0.000000 0.000000 -0.273348 -0.286277 -0.010399 0.000000 0.000000 0.000000 -0.001165 0.000702 -0.000136 -0.038015 0.094131 0.009151 -0.090785 -0.084848 -9.808213 
181.500531 -0.022500 -0.014986 -2.078108 25.144614 -10.507150 -0.051324 0.000000 0.000000 0.000000 -0.238618 -0.441324 -0.062523 0.000000 0.000000 0.000000 -0.000520 0.000717 -0.000066 -0.038993 0.093514 0.008094 -0.090860 -0.085050 -9.808210 
181.600051 -0.015696 -0.040710 -2.077254 25.116021 -10.558693 -0.043275 0.000000 0.000000 0.000000 -0.320551 -0.492406 -0.029999 0.000000 0.000000 0.000000 -0.000796 0.000756 -0.000130 -0.039346 0.093646 0.006871 -0.090934 -0.085066 -9.808210 
181.699643 -0.023873 0.012552 -2.076847 25.079792 -10.606816 -0.032318 0.000000 0.000000 0.000000 -0.284196 -0.383548 0.031166 0.000000 0.000000 0.000000 -0.000165 0.000405 -0.000079 -0.040041 0.094179 0.006206 -0.091106 -0.085061 -9.808208 
181.800448 -0.028614 0.002761 -2.078700 25.054780 -10.642909 -0.050649 0.000000 0.000000 0.000000 -0.263581 -0.342421 -0.018357 0.000000 0.000000 0.000000 -0.000089 0.000502 -0.000101 -0.039960 0.093953 0.008358 -0.091053 -0.085097 -9.808208 
181.900026 -0.031492 0.010052 -2.077417 25.028198 -10.684860 -0.053377 0.000000 0.000000 0.000000 -0.345931 -0.443009 -0.053315 0.000000 0.000000 0.000000 -0.000134 0.000665 -0.000135 -0.040145 0.093518 0.008231 -0.091029 -0.085183 -9.808208 
181.999552 0.014629 -0.019391 -2.071717 24.995376 -10.722969 -0.030463 0.000000 0.000000 0.000000 -0.301358 -0.385015 0.133051 0.000000 0.000000 0.000000 -0.000711 0.000480 -0.000118 -0.039656 0.093767 0.006218 -0.090996 -0.085083 -9.808209 
182.100374 -0.016699 -0.013413 -2.080675 24.975307 -10.765615 -0.022672 0.000000 0.000000 0.000000 -0.225810 -0.353768 0.084584 0.000000 0.000000 0.000000 -0.000369 0.000746 -0.000044 -0.039716 0.092629 0.006627 -0.090867 -0.085260 -9.808209 
182.199939 -0.036277 -0.002531 -2.078780 24.946831 -10.799406 -0.023472 0.000000 0.000000 0.000000 -0.313007 -0.452487 0.022740 0.000000 0.000000 0.000000 -0.000129 0.000597 -0.000101 -0.039544 0.093292 0.007366 -0.090917 -0.085145 -9.808209 
182.299437 -0.033037 -0.012952 -2.081931 24.916629 -10.851564 -0.040208 0.000000 0.000000 0.000000 -0.303423 -0.453153 0.050941 0.000000 0.000000 0.000000 -0.000409 0.000504 -0.000100 -0.039670 0.092777 0.009547 -0.090863 -0.085244 -9.808209 
182.400306 -0.024971 0.004460 -2.077337 24.883719 -10.891048 -0.025629 0.000000 0.000000 0.000000 -0.272844 -0.348839 0.087129 0.000000 0.000000 0.000000 -0.000277 0.000575 -0.000136 -0.039901 0.093327 0.009180 -0.090963 -0.085186 -9.808208 
182.499876 -0.019495 0.001950 -2.078036 24.852983 -10.925881 -0.021966 0.000000 0.000000 0.000000 -0.339883 -0.387664 0.040637 0.000000 0.000000 0.000000 -0.000207 0.000454 -0.000077 -0.040035 0.093660 0.009519 -0.091020 -0.085154 -9.808208 
182.599147 -0.038124 0.025640 -2.083723 24.815012 -10.978596 -0.024991 0.000000 0.000000 0.000000 -0.313394 -0.518819 0.084857 0.000000 0.000000 0.000000 -0.000185 0.000596 -0.000053 -0.040599 0.093529 0.010421 -0.091084 -0.085239 -9.808207 
182.700233 -0.008616 -0.010796 -2.074994 24.790853 -11.029290 -0.012105 0.000000 0.000000 0.000000 -0.185566 -0.408305 0.125543 0.000000 0.000000 0.000000 -0.000764 0.000526 -0.000207 -0.040738 0.092693 0.010567 -0.091006 -0.085377 -9.808206 
182.799791 -0.016370 -0.004611 -2.076620 24.775697 -11.068445 -0.001522 0.000000 0.000000 0.000000 -0.089317 -0.391290 0.040798 0.000000 0.000000 0.000000 -0.000709 0.000575 -0.000054 -0.040775 0.092668 0.010530 -0.091008 -0.085385 -9.808206 
182.900667 -0.012897 -0.009469 -2.073680 24.771408 -11.120361 -0.000502 0.000000 0.000000 0.000000 -0.057761 -0.562986 0.069852 0.000000 0.000000 0.000000 -0.000541 0.000494 -0.000137 -0.040937 0.091997 0.010811 -0.090952 -0.085500 -9.808206 
183.000223 -0.007767 -0.005605 -2.062861 24.776841 -11.167682 0.011803 0.000000 0.000000 0.000000 0.010471 -0.420438 0.119847 0.000000 0.000000 0.000000 -0.000853 0.000489 -0.000255 -0.040029 0.091266 0.010388 -0.090740 -0.085506 -9.808208 
183.099727 -0.020673 0.001341 -2.037197 24.756144 -11.195914 0.008503 0.000000 0.000000 0.000000 -0.145433 -0.285260 0.027609 0.000000 0.000000 0.000000 -0.000743 0.000410 -0.000278 -0.040430 0.093361 0.011439 -0.091037 -0.085254 -9.808207 
183.199218 -0.037274 0.011709 -2.037017 24.730367 -11.212927 -0.017411 0.000000 0.000000 0.000000 -0.320871 -0.290446 -0.092655 0.000000 0.000000 0.000000 -0.000099 0.000352 -0.000123 -0.039963 0.094920 0.014091 -0.091145 -0.084993 -9.808208 
183.300112 -0.033877 0.018046 -2.035117 24.694994 -11.256320 -0.024685 0.000000 0.000000 0.000000 -0.325438 -0.391625 -0.018837 0.000000 0.000000 0.000000 -0.000078 0.000452 -0.000077 -0.040429 0.094518 0.014217 -0.091159 -0.085101 -9.808207 
183.400971 -0.016937 0.000469 -2.039932 24.676574 -11.302501 -0.021384 0.000000 0.000000 0.000000 -0.173461 -0.346479 0.007527 0.000000 0.000000 0.000000 -0.000533 0.000515 -0.000085 -0.040807 0.093226 0.013978 -0.091052 -0.085314 -9.808206 
183.500467 -0.019774 0.005050 -2.038303 24.657972 -11.344029 -0.023521 0.000000 0.000000 0.000000 -0.134659 -0.391656 -0.043716 0.000000 0.000000 0.000000 -0.000368 0.000507 -0.000072 -0.041488 0.093221 0.013925 -0.091140 -0.085393 -9.808205 
183.600003 -0.008187 -0.000865 -2.038698 24.644230 -11.396340 -0.002344 0.000000 0.000000 0.000000 -0.135306 -0.524904 0.101337 0.000000 0.000000 0.000000 -0.000404 0.000595 -0.000069 -0.041951 0.093098 0.011722 -0.091187 -0.085460 -9.808204 
183.699566 -0.011390 0.007106 -2.038552 24.627835 -11.446002 0.000993 0.000000 0.000000 0.000000 -0.105753 -0.432318 0.069011 0.000000 0.000000 0.000000 -0.000358 0.000484 -0.000076 -0.042329 0.093362 0.012431 -0.091266 -0.085471 -9.808203 
183.800391 -0.015654 0.007754 -2.039273 24.623070 -11.483839 -0.000550 0.000000 0.000000 0.000000 -0.099209 -0.395879 0.004550 0.000000 0.000000 0.000000 -0.000382 0.000646 -0.000092 -0.041800 0.092831 0.013002 -0.091134 -0.085477 -9.808204 
183.899853 -0.017647 0.008388 -2.040885 24.607382 -11.522709 0.006510 0.000000 0.000000 0.000000 -0.232013 -0.492137 -0.010440 0.000000 0.000000 0.000000 -0.000447 0.000607 -0.000063 -0.041494 0.093263 0.012206 -0.091151 -0.085387 -9.808205 
183.999461 -0.018090 0.006349 -2.039265 24.575199 -11.570759 0.015072 0.000000 0.000000 0.000000 -0.228311 -0.372762 0.086759 0.000000 0.000000 0.000000 -0.000400 0.000581 -0.000046 -0.042170 0.094160 0.011842 -0.091345 -0.085351 -9.808203 
184.100324 -0.018153 0.002316 -2.038975 24.555453 -11.601592 0.020669 0.000000 0.000000 0.000000 -0.178743 -0.308548 0.037255 0.000000 0.000000 0.000000 -0.000489 0.000544 -0.000066 -0.041900 0.094409 0.012023 -0.091342 -0.085288 -9.808204 
184.199869 -0.024730 -0.004510 -2.038651 24.532201 -11.637137 0.015680 0.000000 0.000000 0.000000 -0.197459 -0.399986 -0.021835 0.000000 0.000000 0.000000 -0.000570 0.000526 -0.000087 -0.042360 0.094922 0.012710 -0.091458 -0.085277 -9.808203 
184.300756 -0.016310 -0.016468 -2.039015 24.502986 -11.687678 0.012513 0.000000 0.000000 0.000000 -0.236270 -0.496018 -0.060424 0.000000 0.000000 0.000000 -0.000664 0.000507 -0.000077 -0.042888 0.095432 0.012862 -0.091583 -0.085272 -9.808202 
184.400250 -0.036971 0.012162 -2.038486 24.473887 -11.735214 0.001497 0.000000 0.000000 0.000000 -0.207923 -0.404248 -0.022858 0.000000 0.000000 0.000000 0.000157 0.000522 -0.000073 -0.043513 0.096185 0.013837 -0.091747 -0.085251 -9.808200 
184.499797 -0.029795 -0.004166 -2.039179 24.458420 -11.780804 -0.007934 0.000000 0.000000 0.000000 -0.160169 -0.414985 -0.052192 0.000000 0.000000 0.000000 -0.000388 0.000616 -0.000063 -0.043881 0.095636 0.014416 -0.091724 -0.085362 -9.808200 
184.600691 -0.034368 -0.001337 -2.038840 24.437803 -11.831707 -0.011678 0.000000 0.000000 0.000000 -0.262393 -0.548517 -0.064404 0.000000 0.000000 0.000000 -0.000307 0.000540 -0.000064 -0.044140 0.095434 0.013977 -0.091732 -0.085416 -9.808199 
184.700181 -0.026965 -0.015030 -2.038087 24.417840 -11.874704 0.014671 0.000000 0.000000 0.000000 -0.196595 -0.420432 0.033682 0.000000 0.000000 0.000000 -0.000685 0.000820 -0.000031 -0.043481 0.095604 0.011159 -0.091676 -0.085311 -9.808201 
184.799750 -0.035846 -0.021264 -2.037435 24.398568 -11.913559 0.022881 0.000000 0.000000 0.000000 -0.164594 -0.385165 0.017764 0.000000 0.000000 0.000000 -0.000592 0.000708 -0.000064 -0.043511 0.095751 0.010700 -0.091697 -0.085295 -9.808201 
184.900614 -0.039289 -0.018982 -2.038904 24.375076 -11.960642 0.020113 0.000000 0.000000 0.000000 -0.231923 -0.539819 -0.030591 0.000000 0.000000 0.000000 -0.000611 0.000541 -0.000039 -0.043891 0.096086 0.010967 -0.091783 -0.085297 -9.808200 
185.000145 -0.027845 -0.008320 -2.036587 24.353821 -12.015250 0.031652 0.000000 0.000000 0.000000 -0.185705 -0.440561 0.139883 0.000000 0.000000 0.000000 -0.000537 0.000459 -0.000123 -0.044121 0.095831 0.010573 -0.091780 -0.085351 -9.808199 
185.099669 -0.033847 -0.024878 -2.037601 24.336192 -12.055724 0.033719 0.000000 0.000000 0.000000 -0.171887 -0.396657 0.085239 0.000000 0.000000 0.000000 -0.000728 0.000493 -0.000044 -0.044148 0.095947 0.011505 -0.091796 -0.085348 -9.808199 
185.200543 -0.040870 -0.022669 -2.038133 24.313377 -12.103520 0.030332 0.000000 0.000000 0.000000 -0.291297 -0.490979 -0.014806 0.000000 0.000000 0.000000 -0.000770 0.000491 -0.000079 -0.044523 0.095867 0.012267 -0.091831 -0.085406 -9.808198 
185.300058 -0.037181 -0.009139 -2.040022 24.276823 -12.147492 0.044971 0.000000 0.000000 0.000000 -0.343928 -0.394929 0.079426 0.000000 0.000000 0.000000 -0.000485 0.000524 -0.000020 -0.044528 0.096497 0.011071 -0.091907 -0.085318 -9.808198 
185.399613 -0.054818 -0.002856 -2.038434 24.244472 -12.174712 0.040907 0.000000 0.000000 0.000000 -0.302511 -0.319640 -0.005407 0.000000 0.000000 0.000000 0.000051 0.000536 -0.000069 -0.043937 0.096828 0.012011 -0.091875 -0.085223 -9.808199 
185.500416 -0.060095 -0.004984 -2.037918 24.216824 -12.210181 0.030436 0.000000 0.000000 0.000000 -0.320149 -0.404763 -0.026114 0.000000 0.000000 0.000000 0.000118 0.000467 -0.000043 -0.043849 0.096448 0.012842 -0.091820 -0.085268 -9.808200 
185.600004 -0.038640 -0.025616 -2.039114 24.184503 -12.259701 0.051990 0.000000 0.000000 0.000000 -0.345278 -0.556991 0.082074 0.000000 0.000000 0.000000 -0.000264 0.000664 -0.000088 -0.043910 0.096205 0.010411 -0.091797 -0.085278 -9.808200 
185.700856 -0.043339 0.004419 -2.038547 24.149455 -12.311624 0.069573 0.000000 0.000000 0.000000 -0.251420 -0.415648 0.051120 0.000000 0.000000 0.000000 0.000121 0.000485 -0.000113 -0.044201 0.096323 0.009328 -0.091842 -0.085284 -9.808199 
185.800352 -0.042355 0.013640 -2.038176 24.129226 -12.347766 0.072290 0.000000 0.000000 0.000000 -0.187224 -0.350775 0.029766 0.000000 0.000000 0.000000 0.000222 0.000585 -0.000070 -0.043967 0.096149 0.009727 -0.091796 -0.085284 -9.808200 
185.899917 -0.024432 0.013563 -2.040835 24.115794 -12.380858 0.081101 0.000000 0.000000 0.000000 -0.211920 -0.438046 0.023123 0.000000 0.000000 0.000000 0.000045 0.000489 -0.000065 -0.043254 0.095780 0.009047 -0.091669 -0.085244 -9.808201 
186.000781 -0.026797 0.013079 -2.038510 24.092982 -12.415764 0.071344 0.000000 0.000000 0.000000 -0.138459 -0.355705 0.077156 0.000000 0.000000 0.000000 0.000050 0.000610 -0.000059 -0.042697 0.096346 0.010827 -0.091675 -0.085130 -9.808202 
186.100279 -0.021830 -0.006930 -2.037357 24.085195 -12.449110 0.077636 0.000000 0.000000 0.000000 -0.061515 -0.313441 0.044223 0.000000 0.000000 0.000000 -0.000386 0.000672 -0.000097 -0.042616 0.096035 0.010816 -0.091630 -0.085158 -9.808202 
186.200223 -0.040473 0.008231 -2.037137 24.069904 -12.483499 0.062218 0.000000 0.000000 0.000000 -0.071648 -0.397401 -0.046652 0.000000 0.000000 0.000000 0.000071 0.000528 -0.000064 -0.043087 0.096840 0.012711 -0.091780 -0.085120 -9.808201 
186.300665 -0.055752 0.019392 -2.040910 24.056345 -12.540906 0.044467 0.000000 0.000000 0.000000 -0.132850 -0.518681 -0.066348 0.000000 0.000000 0.000000 0.000039 0.000549 -0.000039 -0.043930 0.096717 0.014125 -0.091865 -0.085229 -9.808200 
186.400238 -0.047395 0.016339 -2.041898 24.038257 -12.588751 0.043551 0.000000 0.000000 0.000000 -0.097677 -0.405372 -0.049596 0.000000 0.000000 0.000000 0.000106 0.000543 -0.000054 -0.044361 0.097257 0.013787 -0.091974 -0.085210 -9.808199 
186.499763 -0.037731 -0.000003 -2.042334 24.028164 -12.630975 0.046553 0.000000 0.000000 0.000000 -0.077197 -0.444216 -0.074405 0.000000 0.000000 0.000000 -0.000223 0.000593 -0.000037 -0.044586 0.097553 0.012722 -0.092030 -0.085197 -9.808198 
186.600639 -0.042674 0.005648 -2.042045 24.008899 -12.681897 0.044479 0.000000 0.000000 0.000000 -0.152199 -0.622260 -0.036523 0.000000 0.000000 0.000000 0.000021 0.000503 -0.000029 -0.044945 0.098545 0.012106 -0.092180 -0.085118 -9.808198 
186.699829 -0.024795 -0.011387 -2.042415 23.997482 -12.734550 0.067977 0.000000 0.000000 0.000000 -0.107723 -0.463741 0.067783 0.000000 0.000000 0.000000 0.000037 0.000570 -0.000037 -0.044585 0.098360 0.009580 -0.092108 -0.085094 -9.808198 
186.799715 -0.025131 -0.004059 -2.037726 23.980008 -12.782552 0.086452 0.000000 0.000000 0.000000 -0.145235 -0.432868 0.087373 0.000000 0.000000 0.000000 -0.000082 0.000537 -0.000065 -0.045178 0.098728 0.008763 -0.092213 -0.085110 -9.808197 
186.900559 -0.033988 0.003859 -2.038996 23.961954 -12.821511 0.075509 0.000000 0.000000 0.000000 -0.217463 -0.482409 -0.036980 0.000000 0.000000 0.000000 -0.000011 0.000624 -0.000067 -0.044770 0.099060 0.010635 -0.092210 -0.085036 -9.808198 
187.000089 -0.021699 -0.009595 -2.038101 23.929098 -12.877356 0.063898 0.000000 0.000000 0.000000 -0.293843 -0.545425 -0.032467 0.000000 0.000000 0.000000 -0.000117 0.000539 -0.000108 -0.045165 0.099492 0.011769 -0.092305 -0.085032 -9.808197 
187.099596 -0.028375 -0.002017 -2.035288 23.896964 -12.924659 0.046031 0.000000 0.000000 0.000000 -0.204849 -0.406338 -0.107322 0.000000 0.000000 0.000000 -0.000024 0.000614 -0.000102 -0.045570 0.100282 0.013340 -0.092439 -0.084990 -9.808196 
187.200443 -0.018998 0.007040 -2.039240 23.887133 -12.953957 0.039873 0.000000 0.000000 0.000000 -0.139843 -0.347456 -0.095714 0.000000 0.000000 0.000000 0.000012 0.000513 -0.000100 -0.044605 0.099919 0.012848 -0.092292 -0.084929 -9.808198 
187.300020 -0.017450 0.014886 -2.039995 23.869753 -12.993782 0.040160 0.000000 0.000000 0.000000 -0.223275 -0.437301 -0.079796 0.000000 0.000000 0.000000 0.000144 0.000552 -0.000086 -0.044862 0.099840 0.011824 -0.092312 -0.084961 -9.808198 
187.400844 -0.008677 0.013272 -2.037610 23.842260 -13.022815 0.047913 0.000000 0.000000 0.000000 -0.191266 -0.328265 0.029336 0.000000 0.000000 0.000000 0.000090 0.000495 -0.000069 -0.044125 0.100982 0.010812 -0.092359 -0.084754 -9.808199 
187.500380 -0.014046 0.020434 -2.041014 23.826192 -13.053919 0.060065 0.000000 0.000000 0.000000 -0.144984 -0.275227 0.036129 0.000000 0.000000 0.000000 0.000483 0.000561 -0.000060 -0.044160 0.100989 0.009791 -0.092366 -0.084755 -9.808199 
187.599957 -0.008411 -0.006861 -2.038056 23.820856 -13.075095 0.065184 0.000000 0.000000 0.000000 -0.101232 -0.349957 -0.023387 0.000000 0.000000 0.000000 -0.000235 0.000549 -0.000088 -0.043290 0.100797 0.009402 -0.092251 -0.084688 -9.808201 
187.699437 -0.011205 -0.004904 -2.040780 23.804618 -13.122871 0.069085 0.000000 0.000000 0.000000 -0.150949 -0.473531 -0.028401 0.000000 0.000000 0.000000 0.000024 0.000540 -0.000076 -0.043777 0.100869 0.008860 -0.092313 -0.084730 -9.808200 
187.800301 -0.020913 0.024783 -2.043030 23.779395 -13.170854 0.074879 0.000000 0.000000 0.000000 -0.141200 -0.376092 -0.015591 0.000000 0.000000 0.000000 0.000363 0.000516 -0.000075 -0.044588 0.101748 0.008493 -0.092498 -0.084714 -9.808198 
187.899873 -0.025112 0.012512 -2.040806 23.762059 -13.215547 0.067998 0.000000 0.000000 0.000000 -0.147993 -0.355350 -0.076973 0.000000 0.000000 0.000000 0.000314 0.000620 -0.000100 -0.045425 0.101711 0.008816 -0.092584 -0.084803 -9.808196 
187.999624 -0.019142 0.009977 -2.041096 23.740592 -13.257980 0.066506 0.000000 0.000000 0.000000 -0.239161 -0.466617 -0.091652 0.000000 0.000000 0.000000 0.000064 0.000537 -0.000103 -0.045747 0.101937 0.008233 -0.092645 -0.084811 -9.808196 
188.100260 -0.014998 -0.017426 -2.038462 23.703839 -13.322159 0.046553 0.000000 0.000000 0.000000 -0.254741 -0.516076 -0.023241 0.000000 0.000000 0.000000 -0.000250 0.000605 -0.000133 -0.047085 0.102062 0.009530 -0.092800 -0.084929 -9.808193 
188.199806 -0.014434 -0.017639 -2.038316 23.682336 -13.375245 0.065948 0.000000 0.000000 0.000000 -0.200018 -0.418532 0.074946 0.000000 0.000000 0.000000 -0.000328 0.000591 -0.000152 -0.047532 0.101538 0.007824 -0.092796 -0.085034 -9.808192 
188.300630 -0.037747 0.002316 -2.039150 23.660452 -13.416504 0.068641 0.000000 0.000000 0.000000 -0.196132 -0.477648 0.006176 0.000000 0.000000 0.000000 0.000276 0.000557 -0.000091 -0.047491 0.101745 0.008030 -0.092813 -0.085007 -9.808193 
188.400229 -0.026578 -0.009447 -2.041837 23.633730 -13.467648 0.060709 0.000000 0.000000 0.000000 -0.271731 -0.537586 -0.001703 0.000000 0.000000 0.000000 0.000216 0.000446 -0.000091 -0.047446 0.102161 0.008847 -0.092850 -0.084959 -9.808193 
188.501061 -0.028421 0.003320 -2.037783 23.603152 -13.518134 0.065001 0.000000 0.000000 0.000000 -0.244995 -0.438866 0.070373 0.000000 0.000000 0.000000 0.000305 0.000535 -0.000119 -0.047815 0.102660 0.008938 -0.092942 -0.084941 -9.808192 
188.600578 -0.029129 -0.000013 -2.039277 23.584566 -13.555125 0.071615 0.000000 0.000000 0.000000 -0.226094 -0.425930 0.038254 0.000000 0.000000 0.000000 0.000377 0.000530 -0.000107 -0.047165 0.102601 0.008795 -0.092867 -0.084882 -9.808193 
188.700119 -0.036682 0.005984 -2.038838 23.552126 -13.603648 0.071941 0.000000 0.000000 0.000000 -0.348078 -0.557737 0.018352 0.000000 0.000000 0.000000 0.000530 0.000494 -0.000088 -0.047423 0.103044 0.009063 -0.092941 -0.084861 -9.808193 
188.799646 -0.021028 -0.015052 -2.038514 23.527347 -13.661146 0.106779 0.000000 0.000000 0.000000 -0.215074 -0.471492 0.129393 0.000000 0.000000 0.000000 -0.000225 0.000590 -0.000100 -0.047526 0.102225 0.006199 -0.092868 -0.084950 -9.808193 
188.900470 -0.034348 -0.012708 -2.038035 23.507043 -13.701391 0.119503 0.000000 0.000000 0.000000 -0.188472 -0.417462 0.102421 0.000000 0.000000 0.000000 0.000046 0.000462 -0.000092 -0.047200 0.102350 0.006338 -0.092847 -0.084905 -9.808193 
189.000063 -0.043114 -0.008367 -2.036370 23.482831 -13.735365 0.102316 0.000000 0.000000 0.000000 -0.229291 -0.505475 0.044671 0.000000 0.000000 0.000000 0.000413 0.000442 -0.000071 -0.046502 0.103356 0.008888 -0.092878 -0.084740 -9.808194 
189.100902 -0.052789 0.001704 -2.041592 23.458242 -13.778892 0.083020 0.000000 0.000000 0.000000 -0.240319 -0.454187 0.095919 0.000000 0.000000 0.000000 0.000915 0.000339 -0.000185 -0.045784 0.103674 0.011366 -0.092836 -0.084650 -9.808195 
189.200404 -0.034711 -0.004191 -2.038925 23.435371 -13.805469 0.090464 0.000000 0.000000 0.000000 -0.211850 -0.335140 0.084873 0.000000 0.000000 0.000000 0.000165 0.000354 -0.000197 -0.044834 0.104331 0.011268 -0.092806 -0.084487 -9.808197 
189.299974 -0.035595 -0.015692 -2.038168 23.416012 -13.836953 0.084704 0.000000 0.000000 0.000000 -0.300277 -0.352627 -0.004719 0.000000 0.000000 0.000000 0.000051 0.000430 -0.000214 -0.044610 0.103892 0.012051 -0.092738 -0.084517 -9.808197 
189.400849 -0.056440 0.009604 -2.039220 23.384687 -13.876587 0.082644 0.000000 0.000000 0.000000 -0.353079 -0.452009 -0.054332 0.000000 0.000000 0.000000 0.000189 0.000472 -0.000214 -0.044294 0.103567 0.012093 -0.092672 -0.084522 -9.808198 
189.500320 -0.042937 0.002528 -2.040094 23.358876 -13.913060 0.088612 0.000000 0.000000 0.000000 -0.213153 -0.374384 0.077706 0.000000 0.000000 0.000000 0.000274 0.000409 -0.000230 -0.043731 0.103566 0.011991 -0.092614 -0.084467 -9.808199 
189.599913 -0.033372 -0.001428 -2.038799 23.337873 -13.945442 0.095654 0.000000 0.000000 0.000000 -0.116890 -0.426122 0.043490 0.000000 0.000000 0.000000 0.000325 0.000498 -0.000159 -0.043381 0.104296 0.011979 -0.092653 -0.084356 -9.808200 
189.700758 -0.028248 -0.018031 -2.034321 23.327412 -14.001174 0.100182 0.000000 0.000000 0.000000 -0.127342 -0.576595 -0.075030 0.000000 0.000000 0.000000 -0.000217 0.000549 -0.000235 -0.043733 0.104230 0.011683 -0.092681 -0.084395 -9.808199 
189.800258 -0.016174 -0.007694 -2.035424 23.318657 -14.061857 0.113034 0.000000 0.000000 0.000000 -0.088790 -0.458122 0.037255 0.000000 0.000000 0.000000 -0.000727 0.000431 -0.000189 -0.044421 0.103738 0.010561 -0.092698 -0.084506 -9.808198 
189.899825 -0.031601 0.006110 -2.037556 23.302795 -14.105294 0.107458 0.000000 0.000000 0.000000 -0.182615 -0.409189 -0.019232 0.000000 0.000000 0.000000 -0.000041 0.000474 -0.000263 -0.044630 0.104060 0.011385 -0.092753 -0.084497 -9.808198 
189.999320 -0.022395 0.001592 -2.037127 23.276334 -14.153550 0.103892 0.000000 0.000000 0.000000 -0.333178 -0.536312 -0.040028 0.000000 0.000000 0.000000 -0.000127 0.000439 -0.000286 -0.044939 0.104129 0.011469 -0.092791 -0.084519 -9.808197 
190.100277 -0.006311 -0.005938 -2.038396 23.241389 -14.217096 0.117690 0.000000 0.000000 0.000000 -0.285956 -0.483501 0.058639 0.000000 0.000000 0.000000 -0.000447 0.000457 -0.000235 -0.045878 0.103652 0.010287 -0.092838 -0.084653 -9.808195 
190.199855 -0.020956 -0.014193 -2.037757 23.219522 -14.263814 0.122898 0.000000 0.000000 0.000000 -0.230781 -0.443934 0.013159 0.000000 0.000000 0.000000 -0.000340 0.000544 -0.000225 -0.045750 0.103052 0.010269 -0.092764 -0.084702 -9.808196 
190.299222 -0.035466 -0.007696 -2.037727 23.191728 -14.306951 0.108091 0.000000 0.000000 0.000000 -0.267385 -0.543965 -0.080890 0.000000 0.000000 0.000000 -0.000130 0.000416 -0.000204 -0.045532 0.103668 0.011646 -0.092799 -0.084623 -9.808196 
190.400144 -0.029789 -0.007302 -2.040577 23.167791 -14.356046 0.093191 0.000000 0.000000 0.000000 -0.244429 -0.510308 -0.045285 0.000000 0.000000 0.000000 0.000286 0.000287 -0.000225 -0.044653 0.103780 0.012311 -0.092721 -0.084532 -9.808198 
190.499676 -0.026181 -0.005032 -2.038465 23.155541 -14.385433 0.097251 0.000000 0.000000 0.000000 -0.141415 -0.347580 -0.006755 0.000000 0.000000 0.000000 -0.000288 0.000473 -0.000197 -0.043184 0.103826 0.011118 -0.092586 -0.084384 -9.808200 
190.600500 -0.026584 -0.017500 -2.038925 23.136207 -14.416225 0.096015 0.000000 0.000000 0.000000 -0.195184 -0.359530 -0.066506 0.000000 0.000000 0.000000 -0.000213 0.000369 -0.000224 -0.043102 0.104228 0.010329 -0.092621 -0.084332 -9.808200 
190.700093 -0.039113 -0.005564 -2.038180 23.111056 -14.447075 0.089901 0.000000 0.000000 0.000000 -0.304277 -0.436773 -0.054272 0.000000 0.000000 0.000000 -0.000064 0.000498 -0.000216 -0.042342 0.104681 0.009998 -0.092593 -0.084214 -9.808201 
190.800965 -0.040155 0.004858 -2.039908 23.100534 -14.489426 0.114423 0.000000 0.000000 0.000000 -0.177400 -0.355632 0.084293 0.000000 0.000000 0.000000 0.000058 0.000388 -0.000285 -0.041867 0.103067 0.007639 -0.092392 -0.084320 -9.808202 
190.900423 -0.037417 0.007301 -2.037136 23.086724 -14.517702 0.111952 0.000000 0.000000 0.000000 -0.118494 -0.329627 0.022115 0.000000 0.000000 0.000000 0.000183 0.000325 -0.000231 -0.041422 0.103199 0.008728 -0.092360 -0.084272 -9.808203 
191.000028 -0.033625 0.009094 -2.035554 23.076580 -14.564966 0.114953 0.000000 0.000000 0.000000 -0.085636 -0.531804 -0.018529 0.000000 0.000000 0.000000 0.000192 0.000395 -0.000293 -0.042035 0.102871 0.008365 -0.092388 -0.084360 -9.808202 
191.100860 -0.019898 0.011680 -2.038370 23.068582 -14.624316 0.135485 0.000000 0.000000 0.000000 -0.093862 -0.460205 0.091177 0.000000 0.000000 0.000000 0.000017 0.000341 -0.000248 -0.042420 0.102249 0.006393 -0.092362 -0.084449 -9.808202 
191.200344 -0.015034 0.015089 -2.040419 23.055579 -14.673046 0.147553 0.000000 0.000000 0.000000 -0.124295 -0.405329 0.102708 0.000000 0.000000 0.000000 -0.000323 0.000299 -0.000245 -0.043132 0.102144 0.006092 -0.092419 -0.084524 -9.808200 
191.299917 -0.010790 0.014243 -2.039479 23.034484 -14.717135 0.152150 0.000000 0.000000 0.000000 -0.242644 -0.434617 0.056201 0.000000 0.000000 0.000000 -0.000252 0.000337 -0.000234 -0.043633 0.102341 0.006517 -0.092487 -0.084551 -9.808200 
191.400776 -0.007886 0.016280 -2.039271 23.000097 -14.777150 0.151993 0.000000 0.000000 0.000000 -0.351498 -0.577837 0.005691 0.000000 0.000000 0.000000 -0.000383 0.000372 -0.000241 -0.044508 0.102228 0.007148 -0.092560 -0.084642 -9.808198 
191.500273 -0.003391 0.015153 -2.037632 22.968551 -14.827570 0.153422 0.000000 0.000000 0.000000 -0.268953 -0.455715 0.026395 0.000000 0.000000 0.000000 -0.000222 0.000461 -0.000255 -0.044427 0.102209 0.007596 -0.092550 -0.084636 -9.808198 
191.599976 -0.004538 0.008441 -2.038888 22.946784 -14.877419 0.140768 0.000000 0.000000 0.000000 -0.225274 -0.465165 -0.052140 0.000000 0.000000 0.000000 -0.000395 0.000481 -0.000176 -0.044711 0.101543 0.008906 -0.092509 -0.084724 -9.808198 
191.700710 0.005062 -0.007335 -2.039274 22.929101 -14.930109 0.133710 0.000000 0.000000 0.000000 -0.249290 -0.601588 -0.106783 0.000000 0.000000 0.000000 -0.000836 0.000450 -0.000175 -0.044497 0.100979 0.008734 -0.092435 -0.084761 -9.808198 
191.800233 0.015373 -0.006619 -2.040384 22.909789 -14.990359 0.140988 0.000000 0.000000 0.000000 -0.190270 -0.520426 -0.040408 0.000000 0.000000 0.000000 -0.000967 0.000476 -0.000204 -0.044366 0.100608 0.007313 -0.092394 -0.084790 -9.808198 
191.899781 0.008421 -0.006530 -2.040043 22.884916 -15.026330 0.148674 0.000000 0.000000 0.000000 -0.212447 -0.405660 -0.045036 0.000000 0.000000 0.000000 -0.000973 0.000438 -0.000214 -0.043780 0.101908 0.006081 -0.092474 -0.084615 -9.808199 
192.000627 0.008036 -0.001995 -2.040155 22.863423 -15.058468 0.143546 0.000000 0.000000 0.000000 -0.252831 -0.388545 -0.082430 0.000000 0.000000 0.000000 -0.000868 0.000393 -0.000198 -0.043058 0.102263 0.006101 -0.092439 -0.084516 -9.808200 
192.100192 0.004998 -0.000317 -2.036544 22.830079 -15.097828 0.132419 0.000000 0.000000 0.000000 -0.372326 -0.485823 -0.042782 0.000000 0.000000 0.000000 -0.000604 0.000435 -0.000254 -0.042810 0.102812 0.006307 -0.092466 -0.084440 -9.808201 
192.199663 0.014037 -0.000689 -2.038273 22.800519 -15.140326 0.140915 0.000000 0.000000 0.000000 -0.295538 -0.356494 -0.006520 0.000000 0.000000 0.000000 -0.000615 0.000422 -0.000244 -0.042536 0.102360 0.005144 -0.092412 -0.084462 -9.808201 
192.300570 -0.004388 0.019831 -2.039976 22.775329 -15.174480 0.141245 0.000000 0.000000 0.000000 -0.278960 -0.327902 -0.004251 0.000000 0.000000 0.000000 -0.000223 0.000419 -0.000220 -0.042392 0.101943 0.005282 -0.092357 -0.084489 -9.808201 
192.400054 0.003978 0.006321 -2.039783 22.760607 -15.214085 0.132744 0.000000 0.000000 0.000000 -0.280141 -0.450940 -0.085753 0.000000 0.000000 0.000000 -0.000620 0.000393 -0.000219 -0.042019 0.100459 0.005711 -0.092177 -0.084598 -9.808202 
192.499656 0.003989 0.011696 -2.042600 22.740271 -15.264481 0.127491 0.000000 0.000000 0.000000 -0.229192 -0.411643 0.013398 0.000000 0.000000 0.000000 -0.000306 0.000437 -0.000198 -0.041966 0.099490 0.005757 -0.092080 -0.084686 -9.808202 
192.600716 0.002006 0.010296 -2.039236 22.717963 -15.301564 0.140724 0.000000 0.000000 0.000000 -0.193853 -0.313527 -0.000766 0.000000 0.000000 0.000000 -0.000497 0.000452 -0.000240 -0.042144 0.099682 0.004543 -0.092127 -0.084688 -9.808202 
192.700026 0.004122 0.006899 -2.040074 22.699389 -15.336929 0.151211 0.000000 0.000000 0.000000 -0.224774 -0.327113 0.024245 0.000000 0.000000 0.000000 -0.000503 0.000373 -0.000222 -0.042434 0.099274 0.003593 -0.092124 -0.084756 -9.808201 
192.799516 -0.002422 0.001802 -2.038959 22.670856 -15.376540 0.152914 0.000000 0.000000 0.000000 -0.336753 -0.449411 0.082313 0.000000 0.000000 0.000000 -0.000412 0.000407 -0.000223 -0.042561 0.099194 0.003569 -0.092128 -0.084775 -9.808201 
192.900369 0.001615 0.002417 -2.037184 22.639651 -15.420207 0.176176 0.000000 0.000000 0.000000 -0.262196 -0.372192 0.138031 0.000000 0.000000 0.000000 -0.000315 0.000277 -0.000230 -0.042754 0.099046 0.002313 -0.092142 -0.084811 -9.808201 
192.999913 -0.003340 -0.000820 -2.036581 22.614758 -15.464860 0.169806 0.000000 0.000000 0.000000 -0.190071 -0.390891 0.070339 0.000000 0.000000 0.000000 -0.000351 0.000342 -0.000211 -0.043540 0.098569 0.004375 -0.092154 -0.084916 -9.808200 
193.099434 -0.006606 -0.001995 -2.036309 22.595235 -15.508336 0.159271 0.000000 0.000000 0.000000 -0.207024 -0.531797 -0.029974 0.000000 0.000000 0.000000 -0.000488 0.000362 -0.000215 -0.043483 0.098499 0.005728 -0.092132 -0.084913 -9.808200 
193.200303 0.003700 -0.014601 -2.035893 22.567654 -15.560826 0.145174 0.000000 0.000000 0.000000 -0.236806 -0.560607 0.034358 0.000000 0.000000 0.000000 -0.000470 0.000184 -0.000273 -0.043206 0.099266 0.006856 -0.092170 -0.084814 -9.808200 
193.299874 -0.008575 0.003426 -2.036710 22.539785 -15.609173 0.134066 0.000000 0.000000 0.000000 -0.223572 -0.414323 -0.038130 0.000000 0.000000 0.000000 -0.000052 0.000183 -0.000283 -0.043494 0.099937 0.007954 -0.092250 -0.084775 -9.808200 
193.400735 -0.008443 -0.000430 -2.036588 22.518317 -15.648618 0.131880 0.000000 0.000000 0.000000 -0.252188 -0.405721 -0.054295 0.000000 0.000000 0.000000 0.000002 0.000043 -0.000298 -0.043413 0.099989 0.007680 -0.092249 -0.084764 -9.808200 
193.500227 -0.004198 0.006161 -2.036916 22.499290 -15.695532 0.137372 0.000000 0.000000 0.000000 -0.298782 -0.526140 -0.046443 0.000000 0.000000 0.000000 -0.000214 0.000089 -0.000296 -0.043237 0.099077 0.006520 -0.092158 -0.084834 -9.808200 
193.600864 0.011142 0.001179 -2.037330 22.475595 -15.744636 0.152514 0.000000 0.000000 0.000000 -0.252960 -0.415524 0.057728 0.000000 0.000000 0.000000 -0.000534 0.000171 -0.000245 -0.042828 0.098351 0.004851 -0.092066 -0.084869 -9.808201 
193.700656 0.009276 0.001821 -2.038083 22.461824 -15.776481 0.166754 0.000000 0.000000 0.000000 -0.192755 -0.335333 0.045806 0.000000 0.000000 0.000000 -0.000318 0.000170 -0.000211 -0.041944 0.097706 0.004019 -0.091935 -0.084855 -9.808202 
193.800214 0.007219 0.009288 -2.037338 22.448132 -15.810043 0.173541 0.000000 0.000000 0.000000 -0.173212 -0.407724 0.009095 0.000000 0.000000 0.000000 -0.000166 0.000105 -0.000211 -0.041584 0.097324 0.003730 -0.091870 -0.084860 -9.808203 
193.899699 0.005976 0.002983 -2.039445 22.430056 -15.857914 0.173012 0.000000 0.000000 0.000000 -0.212861 -0.521676 0.039777 0.000000 0.000000 0.000000 -0.000262 0.000139 -0.000213 -0.041488 0.097186 0.003933 -0.091847 -0.084864 -9.808203 
194.000596 0.014445 0.006009 -2.040848 22.405362 -15.905080 0.173887 0.000000 0.000000 0.000000 -0.200474 -0.379100 0.086775 0.000000 0.000000 0.000000 -0.000475 0.000139 -0.000192 -0.041813 0.097562 0.004824 -0.091902 -0.084854 -9.808202 
194.100109 0.011822 -0.004445 -2.039004 22.389574 -15.942736 0.174706 0.000000 0.000000 0.000000 -0.208026 -0.360573 0.019286 0.000000 0.000000 0.000000 -0.000402 0.000245 -0.000264 -0.041844 0.097142 0.005346 -0.091863 -0.084892 -9.808202 
194.199637 0.010167 0.004722 -2.038267 22.370184 -15.978384 0.163806 0.000000 0.000000 0.000000 -0.286395 -0.452944 -0.049579 0.000000 0.000000 0.000000 -0.000280 0.000210 -0.000248 -0.041354 0.096897 0.006412 -0.091788 -0.084869 -9.808203 
194.300469 0.000497 0.011319 -2.038023 22.339618 -16.026419 0.153609 0.000000 0.000000 0.000000 -0.257893 -0.432756 0.021214 0.000000 0.000000 0.000000 -0.000291 0.000325 -0.000230 -0.041290 0.096860 0.007100 -0.091772 -0.084864 -9.808204 
194.399730 0.016528 -0.000703 -2.037719 22.319745 -16.060247 0.170025 0.000000 0.000000 0.000000 -0.218117 -0.314198 0.052281 0.000000 0.000000 0.000000 -0.000468 0.000230 -0.000268 -0.040857 0.096737 0.005874 -0.091736 -0.084845 -9.808204 
194.499541 0.010026 0.007017 -2.038219 22.300830 -16.090101 0.177850 0.000000 0.000000 0.000000 -0.164661 -0.330401 -0.012054 0.000000 0.000000 0.000000 -0.000152 0.000174 -0.000224 -0.040762 0.096847 0.005499 -0.091741 -0.084830 -9.808204 
194.600403 0.009064 0.005075 -2.038754 22.282314 -16.137414 0.173356 0.000000 0.000000 0.000000 -0.200017 -0.520545 -0.017578 0.000000 0.000000 0.000000 -0.000210 0.000275 -0.000247 -0.041199 0.096402 0.005748 -0.091736 -0.084904 -9.808204 
194.699969 0.018728 0.021807 -2.036935 22.266890 -16.195314 0.185354 0.000000 0.000000 0.000000 -0.124650 -0.464673 0.155589 0.000000 0.000000 0.000000 -0.000136 0.000067 -0.000269 -0.041637 0.095520 0.004859 -0.091705 -0.085023 -9.808203 
194.799466 -0.004058 0.019387 -2.035632 22.248406 -16.235988 0.181350 0.000000 0.000000 0.000000 -0.146353 -0.414490 0.057102 0.000000 0.000000 0.000000 0.000152 0.000268 -0.000294 -0.041790 0.095692 0.006150 -0.091720 -0.085014 -9.808203 
194.900070 0.001937 0.014744 -2.038233 22.235491 -16.274674 0.180203 0.000000 0.000000 0.000000 -0.213188 -0.469176 -0.017977 0.000000 0.000000 0.000000 -0.000211 0.000316 -0.000273 -0.041219 0.095326 0.006348 -0.091638 -0.084999 -9.808204 
194.999894 -0.015416 0.021950 -2.036680 22.208779 -16.323875 0.163438 0.000000 0.000000 0.000000 -0.268879 -0.484694 0.052344 0.000000 0.000000 0.000000 0.000129 0.000274 -0.000271 -0.041161 0.095521 0.008058 -0.091637 -0.084967 -9.808204 
195.100751 -0.005616 0.004537 -2.036891 22.182866 -16.368790 0.144682 0.000000 0.000000 0.000000 -0.202834 -0.349514 -0.015191 0.000000 0.000000 0.000000 -0.000313 0.000290 -0.000311 -0.041549 0.095613 0.010076 -0.091664 -0.084979 -9.808204 
195.200261 -0.006993 0.011885 -2.039864 22.162589 -16.395695 0.153645 0.000000 0.000000 0.000000 -0.233318 -0.318256 0.015420 0.000000 0.000000 0.000000 -0.000039 0.000233 -0.000227 -0.041072 0.096401 0.008595 -0.091701 -0.084880 -9.808204 
195.299842 -0.010025 0.002807 -2.037793 22.140515 -16.435344 0.171999 0.000000 0.000000 0.000000 -0.255905 -0.497384 0.002430 0.000000 0.000000 0.000000 -0.000070 0.000249 -0.000274 -0.041084 0.096493 0.006497 -0.091721 -0.084882 -9.808204 
195.399325 -0.006011 0.001832 -2.039729 22.119725 -16.495941 0.164667 0.000000 0.000000 0.000000 -0.209175 -0.550155 0.069410 0.000000 0.000000 0.000000 0.000053 -0.000066 -0.000255 -0.041318 0.095409 0.007397 -0.091642 -0.084992 -9.808204 
195.500211 -0.004344 0.015184 -2.038106 22.103782 -16.542799 0.173796 0.000000 0.000000 0.000000 -0.169899 -0.429812 0.048932 0.000000 0.000000 0.000000 -0.000034 0.000028 -0.000294 -0.041008 0.095096 0.007072 -0.091591 -0.084995 -9.808204 
195.599747 -0.003976 0.002339 -2.037926 22.084703 -16.587797 0.182690 0.000000 0.000000 0.000000 -0.232956 -0.434667 0.012898 0.000000 0.000000 0.000000 -0.000180 0.000050 -0.000276 -0.041273 0.094895 0.006558 -0.091598 -0.085035 -9.808204 
195.700619 -0.007645 0.007916 -2.039467 22.054088 -16.637828 0.171707 0.000000 0.000000 0.000000 -0.353177 -0.550868 0.004401 0.000000 0.000000 0.000000 -0.000051 0.000009 -0.000271 -0.041429 0.095054 0.007642 -0.091620 -0.085031 -9.808204 
195.800166 0.003385 0.000872 -2.036291 22.018535 -16.687446 0.185658 0.000000 0.000000 0.000000 -0.309470 -0.420296 0.057663 0.000000 0.000000 0.000000 -0.000276 0.000116 -0.000287 -0.041414 0.095378 0.006793 -0.091650 -0.085004 -9.808203 
195.901009 -0.008314 0.001206 -2.035725 21.989175 -16.724672 0.183230 0.000000 0.000000 0.000000 -0.274917 -0.346234 -0.008534 0.000000 0.000000 0.000000 0.000024 0.000092 -0.000275 -0.041384 0.095497 0.007317 -0.091655 -0.084990 -9.808204 
196.000501 -0.009476 -0.004140 -2.035902 21.966410 -16.755533 0.183802 0.000000 0.000000 0.000000 -0.250116 -0.374819 -0.016244 0.000000 0.000000 0.000000 -0.000010 0.000114 -0.000278 -0.040997 0.095536 0.007218 -0.091627 -0.084957 -9.808204 
196.100075 -0.011276 -0.007392 -2.037749 21.934313 -16.802219 0.182742 0.000000 0.000000 0.000000 -0.378475 -0.572751 0.027243 0.000000 0.000000 0.000000 -0.000067 0.000011 -0.000240 -0.041200 0.095810 0.007087 -0.091668 -0.084949 -9.808204 
196.200934 -0.010696 -0.011657 -2.039517 21.899022 -16.858567 0.163595 0.000000 0.000000 0.000000 -0.334012 -0.527751 0.122854 0.000000 0.000000 0.000000 0.000059 -0.000066 -0.000281 -0.040882 0.095483 0.009285 -0.091602 -0.084951 -9.808204 
196.300429 -0.010878 0.000327 -2.036612 21.870544 -16.904649 0.183819 0.000000 0.000000 0.000000 -0.218639 -0.425154 0.062056 0.000000 0.000000 0.000000 0.000016 0.000139 -0.000318 -0.040914 0.095771 0.008018 -0.091636 -0.084929 -9.808204 
196.399961 -0.013252 -0.004066 -2.036239 21.852530 -16.942630 0.178664 0.000000 0.000000 0.000000 -0.187605 -0.412066 -0.004842 0.000000 0.000000 0.000000 -0.000163 0.000100 -0.000339 -0.040667 0.095588 0.008972 -0.091595 -0.084926 -9.808205 
196.500824 -0.014074 0.001247 -2.034994 21.828389 -16.990539 0.171862 0.000000 0.000000 0.000000 -0.258575 -0.549634 -0.043479 0.000000 0.000000 0.000000 -0.000109 0.000023 -0.000334 -0.040701 0.095608 0.009365 -0.091598 -0.084928 -9.808205 
196.600348 -0.011947 -0.003173 -2.034411 21.816415 -17.039145 0.180071 0.000000 0.000000 0.000000 -0.176588 -0.417424 0.010381 0.000000 0.000000 0.000000 -0.000230 0.000009 -0.000333 -0.040247 0.094071 0.008591 -0.091436 -0.085019 -9.808205 
196.699928 -0.019886 0.000760 -2.037748 21.804447 -17.071833 0.182561 0.000000 0.000000 0.000000 -0.146669 -0.325183 0.044859 0.000000 0.000000 0.000000 -0.000243 0.000013 -0.000275 -0.039632 0.093974 0.008667 -0.091379 -0.084980 -9.808206 
196.800823 -0.015175 -0.010872 -2.033186 21.791913 -17.106926 0.182062 0.000000 0.000000 0.000000 -0.153477 -0.437006 -0.005337 0.000000 0.000000 0.000000 -0.000361 0.000038 -0.000324 -0.039362 0.093801 0.008795 -0.091343 -0.084973 -9.808207 
196.900275 -0.029547 -0.006630 -2.038722 21.774909 -17.156199 0.184658 0.000000 0.000000 0.000000 -0.192341 -0.561821 0.049636 0.000000 0.000000 0.000000 -0.000185 0.000042 -0.000234 -0.039171 0.094080 0.008461 -0.091352 -0.084935 -9.808207 
196.999723 -0.021406 0.006007 -2.039513 21.759783 -17.203145 0.196372 0.000000 0.000000 0.000000 -0.164303 -0.411031 0.097055 0.000000 0.000000 0.000000 -0.000334 -0.000070 -0.000278 -0.038907 0.094265 0.008357 -0.091348 -0.084899 -9.808207 
197.099341 -0.007633 -0.004264 -2.036743 21.747900 -17.241334 0.205143 0.000000 0.000000 0.000000 -0.179098 -0.425522 0.077663 0.000000 0.000000 0.000000 -0.000448 -0.000090 -0.000322 -0.038517 0.093848 0.008386 -0.091282 -0.084904 -9.808208 
197.200262 -0.011277 0.000268 -2.035878 21.722636 -17.288052 0.199795 0.000000 0.000000 0.000000 -0.294116 -0.558165 0.010031 0.000000 0.000000 0.000000 -0.000234 -0.000065 -0.000331 -0.038453 0.094249 0.009311 -0.091307 -0.084869 -9.808208 
197.299759 -0.008512 0.008129 -2.035079 21.690245 -17.338573 0.204665 0.000000 0.000000 0.000000 -0.286462 -0.457672 0.153375 0.000000 0.000000 0.000000 -0.000192 -0.000085 -0.000326 -0.038124 0.094646 0.009608 -0.091313 -0.084812 -9.808208 
197.399266 -0.014897 0.002798 -2.038842 21.668391 -17.373943 0.203202 0.000000 0.000000 0.000000 -0.228274 -0.314622 0.032887 0.000000 0.000000 0.000000 -0.000238 -0.000097 -0.000276 -0.037739 0.094385 0.010678 -0.091258 -0.084805 -9.808209 
197.500173 -0.016389 -0.002837 -2.035475 21.646790 -17.406077 0.194962 0.000000 0.000000 0.000000 -0.222064 -0.320671 -0.036978 0.000000 0.000000 0.000000 -0.000219 -0.000081 -0.000323 -0.037793 0.094214 0.011538 -0.091246 -0.084824 -9.808209 
197.599710 -0.019862 -0.007955 -2.035500 21.625097 -17.444562 0.187497 0.000000 0.000000 0.000000 -0.260920 -0.468850 -0.059565 0.000000 0.000000 0.000000 -0.000254 -0.000066 -0.000310 -0.037815 0.093962 0.011809 -0.091226 -0.084846 -9.808209 
197.700567 -0.019278 -0.001629 -2.035337 21.603544 -17.492048 0.174966 0.000000 0.000000 0.000000 -0.192824 -0.465707 0.020200 0.000000 0.000000 0.000000 -0.000127 -0.000205 -0.000360 -0.037409 0.093661 0.012741 -0.091167 -0.084841 -9.808209 
197.800104 -0.025840 0.003163 -2.040779 21.586102 -17.535594 0.175840 0.000000 0.000000 0.000000 -0.134448 -0.383640 0.017325 0.000000 0.000000 0.000000 0.000020 -0.000108 -0.000299 -0.037669 0.093512 0.012596 -0.091175 -0.084872 -9.808209 
197.900956 -0.012766 -0.002336 -2.065718 21.591307 -17.562757 0.182514 0.000000 0.000000 0.000000 -0.075264 -0.393288 -0.006788 0.000000 0.000000 0.000000 -0.000081 -0.000366 -0.000201 -0.036060 0.092332 0.011834 -0.090959 -0.084846 -9.808211 
198.001774 -0.013752 -0.016278 -2.108518 21.576422 -17.610576 0.180848 0.000000 0.000000 0.000000 -0.199203 -0.581936 -0.044567 0.000000 0.000000 0.000000 -0.000201 -0.000247 -0.000007 -0.036121 0.092548 0.011666 -0.090981 -0.084832 -9.808211 
198.101312 -0.003025 -0.031955 -2.171932 21.531814 -17.663425 0.186808 0.000000 0.000000 0.000000 -0.207789 -0.454723 0.019634 0.000000 0.000000 0.000000 -0.000157 -0.000217 0.000232 -0.036785 0.095445 0.011098 -0.091254 -0.084626 -9.808210 
198.202284 -0.000184 -0.045460 -2.253832 21.475838 -17.701251 0.183667 0.000000 0.000000 0.000000 -0.300722 -0.292295 -0.040384 0.000000 0.000000 0.000000 0.000029 -0.000123 0.000465 -0.038261 0.099376 0.011321 -0.091651 -0.084345 -9.808209 
198.301740 -0.007474 -0.048777 -2.350161 21.421355 -17.720064 0.179634 0.000000 0.000000 0.000000 -0.389118 -0.222329 -0.045302 0.000000 0.000000 0.000000 0.000144 -0.000046 0.000668 -0.038884 0.102754 0.011037 -0.091905 -0.084001 -9.808210 
198.401241 -0.011528 -0.063058 -2.453038 21.367300 -17.735805 0.167622 0.000000 0.000000 0.000000 -0.517172 -0.289315 -0.018340 0.000000 0.000000 0.000000 0.000143 -0.000033 0.000739 -0.038869 0.104736 0.011543 -0.091978 -0.083742 -9.808211 
198.500417 0.004164 -0.058623 -2.541255 21.308967 -17.760665 0.193783 0.000000 0.000000 0.000000 -0.489061 -0.238374 0.125439 0.000000 0.000000 0.000000 0.000294 -0.000163 0.000584 -0.039391 0.105526 0.009588 -0.092078 -0.083610 -9.808211 
198.600299 -0.020048 -0.066267 -2.654515 21.270127 -17.760456 0.199829 0.000000 0.000000 0.000000 -0.473673 -0.134880 0.034977 0.000000 0.000000 0.000000 0.000319 0.000103 0.000760 -0.037703 0.106625 0.009810 -0.091804 -0.083409 -9.808216 
198.699867 -0.024842 -0.076458 -2.748236 21.223330 -17.762410 0.198797 0.000000 0.000000 0.000000 -0.572432 -0.103114 -0.017524 0.000000 0.000000 0.000000 0.000270 0.000037 0.000653 -0.036915 0.107217 0.009971 -0.091645 -0.083316 -9.808218 
198.799368 -0.040881 -0.070732 -2.847642 21.163761 -17.769436 0.194724 0.000000 0.000000 0.000000 -0.811417 -0.161543 0.018722 0.000000 0.000000 0.000000 0.000333 0.000115 0.000665 -0.035906 0.107361 0.010066 -0.091450 -0.083349 -9.808220 
198.898938 -0.049856 -0.070649 -2.942295 21.098105 -17.779962 0.222336 0.000000 0.000000 0.000000 -0.642644 -0.067071 0.142891 0.000000 0.000000 0.000000 0.000333 -0.000079 0.000631 -0.035118 0.107070 0.007929 -0.091334 -0.083437 -9.808220 
198.998512 -0.062498 -0.079665 -3.040830 21.054610 -17.789162 0.235283 0.000000 0.000000 0.000000 -0.468784 -0.012647 0.109777 0.000000 0.000000 0.000000 0.000560 0.000123 0.000580 -0.033524 0.105838 0.008264 -0.091196 -0.083927 -9.808217 
199.099294 0.073411 0.082758 3.136596 21.016948 -17.780269 0.238195 0.000000 0.000000 0.000000 -0.446031 0.029443 0.099921 0.000000 0.000000 0.000000 0.000680 0.000117 0.000662 -0.032413 0.106475 0.008989 -0.090882 -0.083992 -9.808219 
199.198952 0.075398 0.072068 3.038992 20.978037 -17.771977 0.245794 0.000000 0.000000 0.000000 -0.555608 0.051789 0.159881 0.000000 0.000000 0.000000 0.000795 -0.000273 0.000632 -0.031097 0.106735 0.009517 -0.090592 -0.084214 -9.808220 
199.299743 0.072086 0.074376 2.939036 20.925810 -17.742850 0.257157 0.000000 0.000000 0.000000 -0.541191 0.177781 0.147315 0.000000 0.000000 0.000000 0.000639 -0.000127 0.000701 -0.030779 0.108779 0.010047 -0.090088 -0.083881 -9.808228 
199.399238 0.077720 0.073429 2.827567 20.883424 -17.721235 0.264373 0.000000 0.000000 0.000000 -0.463830 0.200741 0.026157 0.000000 0.000000 0.000000 0.000762 0.000016 0.000839 -0.029697 0.109251 0.010424 -0.089794 -0.084076 -9.808229 
199.500121 0.075714 0.077255 2.731980 20.846680 -17.689151 0.258369 0.000000 0.000000 0.000000 -0.468603 0.272808 -0.048740 0.000000 0.000000 0.000000 0.000868 -0.000157 0.000721 -0.028743 0.110402 0.010985 -0.089343 -0.084152 -9.808232 
199.599651 0.054806 0.066495 2.639781 20.813239 -17.659068 0.237537 0.000000 0.000000 0.000000 -0.588307 0.375084 -0.030604 0.000000 0.000000 0.000000 0.000938 -0.000420 0.000591 -0.025505 0.111047 0.012356 -0.088715 -0.085058 -9.808230 
199.699197 0.067897 0.029652 2.571915 20.756014 -17.605827 0.221379 0.000000 0.000000 0.000000 -0.539257 0.475596 0.036710 0.000000 0.000000 0.000000 0.000950 -0.000131 0.000479 -0.025727 0.112171 0.013307 -0.088413 -0.084834 -9.808235 
199.798728 0.050023 0.035236 2.505626 20.719435 -17.571238 0.231906 0.000000 0.000000 0.000000 -0.270538 0.395104 0.075188 0.000000 0.000000 0.000000 0.000900 -0.000005 0.000317 -0.024228 0.111581 0.012805 -0.088426 -0.085415 -9.808230 
199.898225 0.049979 0.026960 2.479897 20.699532 -17.538009 0.232070 0.000000 0.000000 0.000000 -0.154232 0.379211 0.011090 0.000000 0.000000 0.000000 0.000923 0.000044 0.000028 -0.023412 0.111035 0.013237 -0.088532 -0.085769 -9.808225 
199.999132 0.051728 0.019155 2.455807 20.674546 -17.511633 0.221363 0.000000 0.000000 0.000000 -0.259009 0.365883 -0.046430 0.000000 0.000000 0.000000 0.000857 0.000023 -0.000007 -0.023044 0.109604 0.014325 -0.089001 -0.086050 -9.808219 
200.098620 0.039190 0.011939 2.453589 20.635050 -17.472817 0.214390 0.000000 0.000000 0.000000 -0.309428 0.460903 0.012117 0.000000 0.000000 0.000000 0.000960 -0.000142 -0.000189 -0.023789 0.108574 0.014945 -0.089423 -0.085867 -9.808217 
200.199483 -0.005468 0.008595 2.453960 20.602903 -17.450399 0.216173 0.000000 0.000000 0.000000 -0.175310 0.318334 0.012654 0.000000 0.000000 0.000000 0.001079 -0.000579 -0.000286 -0.022775 0.106552 0.014727 -0.090060 -0.086396 -9.808206 
200.299036 -0.022025 0.000243 2.456285 20.568819 -17.443562 0.216254 0.000000 0.000000 0.000000 -0.173719 0.251491 -0.017057 0.000000 0.000000 0.000000 0.001001 -0.000371 -0.000273 -0.022143 0.103096 0.014439 -0.091247 -0.086867 -9.808191 
200.399913 -0.014552 0.022485 2.455992 20.528608 -17.433575 0.202423 0.000000 0.000000 0.000000 -0.286279 0.307203 -0.141582 0.000000 0.000000 0.000000 0.000699 -0.000346 -0.000269 -0.022223 0.099857 0.015380 -0.092417 -0.087042 -9.808178 
200.500770 -0.011386 0.013151 2.455737 20.475858 -17.401538 0.211000 0.000000 0.000000 0.000000 -0.433023 0.423586 -0.024253 0.000000 0.000000 0.000000 0.000755 0.000004 -0.000245 -0.023341 0.097791 0.013692 -0.093240 -0.086755 -9.808173 
200.601615 -0.012104 0.015591 2.456104 20.420796 -17.369085 0.213352 0.000000 0.000000 0.000000 -0.352602 0.309129 0.042805 0.000000 0.000000 0.000000 0.000866 -0.000075 -0.000274 -0.024608 0.095988 0.013567 -0.093978 -0.086395 -9.808169 
200.701159 -0.020828 0.028911 2.454991 20.396347 -17.356046 0.234783 0.000000 0.000000 0.000000 -0.220256 0.225857 0.096603 0.000000 0.000000 0.000000 0.000884 -0.000214 -0.000230 -0.022485 0.095491 0.012247 -0.094019 -0.087200 -9.808162 
200.800692 -0.033081 0.022412 2.453969 20.363279 -17.343203 0.253487 0.000000 0.000000 0.000000 -0.347441 0.218171 0.083976 0.000000 0.000000 0.000000 0.001117 -0.000221 -0.000199 -0.022319 0.094216 0.011151 -0.094474 -0.087334 -9.808156 
200.900217 -0.031079 0.043599 2.453710 20.315420 -17.317627 0.229304 0.000000 0.000000 0.000000 -0.399538 0.226884 0.024852 0.000000 0.000000 0.000000 0.000784 -0.000117 -0.000236 -0.023504 0.093683 0.014816 -0.094720 -0.086949 -9.808157 
201.001142 -0.055720 0.035276 2.457808 20.273291 -17.295492 0.222164 0.000000 0.000000 0.000000 -0.289873 0.158171 -0.010102 0.000000 0.000000 0.000000 0.000941 -0.000169 -0.000309 -0.024761 0.093145 0.015735 -0.094992 -0.086530 -9.808158 
201.100613 -0.057297 0.043490 2.454649 20.241538 -17.279170 0.216924 0.000000 0.000000 0.000000 -0.270590 0.184499 -0.090207 0.000000 0.000000 0.000000 0.000755 -0.000037 -0.000249 -0.025403 0.092709 0.015487 -0.095194 -0.086323 -9.808158 
201.200100 -0.062337 0.046588 2.459062 20.214037 -17.246854 0.199431 0.000000 0.000000 0.000000 -0.318843 0.404751 -0.130907 0.000000 0.000000 0.000000 0.000803 -0.000151 -0.000348 -0.026200 0.093262 0.016050 -0.095047 -0.086006 -9.808162 
201.300728 -0.083351 0.012992 2.474500 20.160818 -17.185845 0.202695 0.000000 0.000000 0.000000 -0.413716 0.462776 -0.074192 0.000000 0.000000 0.000000 0.001086 0.000068 -0.000307 -0.029996 0.092655 0.014746 -0.095540 -0.084662 -9.808169 
201.400535 -0.095838 0.057854 2.453168 20.132427 -17.159987 0.204022 0.000000 0.000000 0.000000 -0.279810 0.297667 0.082705 0.000000 0.000000 0.000000 0.000671 -0.000249 -0.000015 -0.027741 0.092554 0.014351 -0.095423 -0.085473 -9.808163 
201.500060 -0.094917 0.043501 2.460645 20.104728 -17.135847 0.199060 0.000000 0.000000 0.000000 -0.320970 0.229701 -0.009027 0.000000 0.000000 0.000000 0.000882 -0.000061 -0.000140 -0.027627 0.092376 0.015110 -0.095466 -0.085535 -9.808162 
201.600943 -0.069753 0.048342 2.462264 20.057793 -17.121977 0.191337 0.000000 0.000000 0.000000 -0.422586 0.220367 -0.163561 0.000000 0.000000 0.000000 0.000673 0.000429 -0.000157 -0.027675 0.091065 0.015403 -0.095924 -0.085608 -9.808157 
201.700422 -0.076235 0.020697 2.459046 20.020340 -17.101422 0.188753 0.000000 0.000000 0.000000 -0.305012 0.187910 -0.052113 0.000000 0.000000 0.000000 0.000913 0.000463 -0.000139 -0.027720 0.091266 0.014871 -0.095866 -0.085570 -9.808158 
201.799995 -0.093417 0.043821 2.461414 19.983530 -17.091159 0.175841 0.000000 0.000000 0.000000 -0.269339 0.159480 -0.068149 0.000000 0.000000 0.000000 0.000755 -0.000079 -0.000196 -0.027983 0.089980 0.015805 -0.096317 -0.085576 -9.808154 
201.899497 -0.090128 0.052498 2.463274 19.945107 -17.069574 0.169785 0.000000 0.000000 0.000000 -0.384996 0.303701 -0.145261 0.000000 0.000000 0.000000 0.000650 -0.000031 -0.000217 -0.028753 0.089154 0.015292 -0.096668 -0.085349 -9.808152 
202.000354 -0.048592 0.016286 2.461224 19.881707 -17.028488 0.153777 0.000000 0.000000 0.000000 -0.472384 0.383811 -0.153404 0.000000 0.000000 0.000000 0.000883 0.000505 -0.000175 -0.031280 0.087817 0.015203 -0.097310 -0.084542 -9.808153 
202.099603 -0.056100 0.037918 2.462829 19.838526 -16.991688 0.151414 0.000000 0.000000 0.000000 -0.361802 0.260827 0.028670 0.000000 0.000000 0.000000 0.000734 0.000182 -0.000177 -0.031971 0.088020 0.014698 -0.097297 -0.084277 -9.808155 
202.200818 -0.045549 0.030872 2.463219 19.801271 -16.967139 0.167526 0.000000 0.000000 0.000000 -0.359973 0.195995 0.024925 0.000000 0.000000 0.000000 0.000775 0.000223 -0.000201 -0.032409 0.087957 0.012874 -0.097378 -0.084101 -9.808156 
202.300277 -0.044099 0.018807 2.483840 19.759542 -16.944901 0.172905 0.000000 0.000000 0.000000 -0.500448 0.242699 0.006518 0.000000 0.000000 0.000000 0.000831 0.000079 -0.000362 -0.032566 0.087967 0.012287 -0.097394 -0.084038 -9.808156 
202.399920 -0.032426 0.000283 2.513594 19.704845 -16.915627 0.178708 0.000000 0.000000 0.000000 -0.475012 0.252396 0.144545 0.000000 0.000000 0.000000 0.001038 -0.000052 -0.000503 -0.033454 0.087997 0.011799 -0.097453 -0.083720 -9.808159 
202.499339 -0.051294 -0.021784 2.579671 19.662476 -16.886965 0.193480 0.000000 0.000000 0.000000 -0.351568 0.225240 0.120568 0.000000 0.000000 0.000000 0.001045 -0.000250 -0.000788 -0.034201 0.087956 0.011071 -0.097530 -0.083458 -9.808160 
202.598919 -0.032200 -0.012023 2.651935 19.623685 -16.879541 0.189634 0.000000 0.000000 0.000000 -0.310423 0.229642 0.016755 0.000000 0.000000 0.000000 0.000705 -0.000134 -0.000885 -0.033412 0.086373 0.012249 -0.097990 -0.083846 -9.808152 
202.698434 -0.037927 -0.066030 2.740331 19.572759 -16.863551 0.192208 0.000000 0.000000 0.000000 -0.452639 0.318357 0.022922 0.000000 0.000000 0.000000 0.001233 -0.000028 -0.001077 -0.034019 0.084366 0.012241 -0.098716 -0.083794 -9.808145 
202.799285 -0.047834 -0.086839 2.826701 19.525179 -16.852439 0.186775 0.000000 0.000000 0.000000 -0.352655 0.187017 0.128124 0.000000 0.000000 0.000000 0.001036 -0.000167 -0.001112 -0.032898 0.082754 0.013883 -0.099113 -0.084296 -9.808137 
202.899060 -0.038174 -0.055458 2.950161 19.476308 -16.850824 0.193438 0.000000 0.000000 0.000000 -0.391638 0.084009 0.066517 0.000000 0.000000 0.000000 0.000674 -0.000048 -0.001378 -0.033183 0.080623 0.014266 -0.099825 -0.084407 -9.808129 
202.999695 -0.025711 -0.067898 3.049397 19.421708 -16.856370 0.187046 0.000000 0.000000 0.000000 -0.585358 -0.081296 -0.064419 0.000000 0.000000 0.000000 0.000800 -0.000077 -0.001232 -0.033610 0.079619 0.015001 -0.100178 -0.084382 -9.808125 
203.100394 0.034467 0.060452 -3.139306 19.345434 -16.893739 0.158788 0.000000 0.000000 0.000000 -0.590493 -0.245560 -0.029978 0.000000 0.000000 0.000000 0.000522 -0.000207 -0.001288 -0.033408 0.076859 0.017353 -0.100924 -0.084750 -9.808115 
203.201378 0.010074 0.096217 -3.031423 19.291222 -16.926112 0.167599 0.000000 0.000000 0.000000 -0.484759 -0.248684 -0.070698 0.000000 0.000000 0.000000 0.000683 0.000206 -0.001306 -0.032821 0.076112 0.015760 -0.101063 -0.085024 -9.808111 
203.300949 0.013141 0.089926 -2.932620 19.254123 -16.950304 0.165484 0.000000 0.000000 0.000000 -0.537019 -0.278692 -0.061273 0.000000 0.000000 0.000000 0.000598 -0.000216 -0.001273 -0.031449 0.076467 0.015423 -0.100728 -0.085300 -9.808112 
203.401778 0.012147 0.086193 -2.842183 19.200256 -16.990606 0.168918 0.000000 0.000000 0.000000 -0.456879 -0.344713 0.087880 0.000000 0.000000 0.000000 0.000429 -0.000010 -0.001251 -0.031151 0.075605 0.015125 -0.100865 -0.085505 -9.808109 
203.501307 0.000801 0.069210 -2.728782 19.156961 -17.030026 0.186248 0.000000 0.000000 0.000000 -0.413110 -0.406470 0.066307 0.000000 0.000000 0.000000 0.000197 0.000191 -0.001467 -0.031102 0.075285 0.014083 -0.100929 -0.085586 -9.808107 
203.600876 0.006185 0.066781 -2.631595 19.123194 -17.078800 0.177884 0.000000 0.000000 0.000000 -0.434572 -0.604313 -0.022054 0.000000 0.000000 0.000000 -0.000008 -0.000241 -0.001440 -0.030299 0.075111 0.015133 -0.100771 -0.085716 -9.808108 
203.700370 0.015820 0.094453 -2.562055 19.092998 -17.127854 0.177129 0.000000 0.000000 0.000000 -0.294607 -0.566475 -0.000970 0.000000 0.000000 0.000000 0.000448 -0.000306 -0.001160 -0.029434 0.075933 0.015372 -0.100481 -0.085673 -9.808111 
203.801250 0.013027 0.067956 -2.510168 19.075016 -17.169726 0.174088 0.000000 0.000000 0.000000 -0.238414 -0.521673 -0.018725 0.000000 0.000000 0.000000 0.000178 -0.000406 -0.000845 -0.028583 0.076851 0.015599 -0.100221 -0.085589 -9.808115 
203.902094 0.002168 0.036537 -2.473341 19.040902 -17.223774 0.166638 0.000000 0.000000 0.000000 -0.348509 -0.559707 -0.060508 0.000000 0.000000 0.000000 -0.000191 0.000002 -0.000699 -0.029239 0.077228 0.016063 -0.100339 -0.085480 -9.808114 
204.001692 0.006622 0.024105 -2.450196 19.009318 -17.263460 0.152106 0.000000 0.000000 0.000000 -0.379230 -0.543424 0.067299 0.000000 0.000000 0.000000 -0.000364 0.000047 -0.000644 -0.028251 0.078584 0.017137 -0.100116 -0.085284 -9.808118 
204.101197 0.026344 -0.008631 -2.441582 18.984237 -17.291725 0.154332 0.000000 0.000000 0.000000 -0.285008 -0.432236 0.049438 0.000000 0.000000 0.000000 -0.000690 0.000081 -0.000456 -0.027068 0.080151 0.017223 -0.099905 -0.085070 -9.808122 
204.200736 0.016448 -0.005162 -2.449679 18.949038 -17.314382 0.178287 0.000000 0.000000 0.000000 -0.327027 -0.421101 0.022330 0.000000 0.000000 0.000000 -0.000355 0.000292 -0.000262 -0.026840 0.082753 0.014940 -0.099931 -0.084729 -9.808125 
204.300233 0.019078 -0.006250 -2.452365 18.909646 -17.340825 0.189110 0.000000 0.000000 0.000000 -0.357293 -0.379726 0.128805 0.000000 0.000000 0.000000 -0.000042 0.000142 -0.000214 -0.026401 0.084525 0.014118 -0.099920 -0.084484 -9.808127 
204.399785 0.016060 0.017297 -2.448879 18.878066 -17.356484 0.191700 0.000000 0.000000 0.000000 -0.267131 -0.246859 0.082901 0.000000 0.000000 0.000000 0.000150 0.000158 -0.000301 -0.025762 0.085969 0.014771 -0.099869 -0.084265 -9.808130 
204.499297 0.019418 0.015760 -2.457288 18.854556 -17.365084 0.188569 0.000000 0.000000 0.000000 -0.294139 -0.214453 0.018259 0.000000 0.000000 0.000000 0.000044 0.000021 -0.000245 -0.024877 0.086902 0.015502 -0.099769 -0.084110 -9.808132 
204.600171 0.008158 -0.007944 -2.489553 18.818255 -17.379322 0.178457 0.000000 0.000000 0.000000 -0.493882 -0.257640 -0.083989 0.000000 0.000000 0.000000 -0.000150 0.000194 -0.000076 -0.024428 0.087645 0.016230 -0.099725 -0.083990 -9.808133 
204.699725 0.026183 -0.043964 -2.532700 18.766122 -17.387913 0.196826 0.000000 0.000000 0.000000 -0.426146 -0.115135 0.108854 0.000000 0.000000 0.000000 -0.000639 0.000281 0.000015 -0.024115 0.089245 0.014421 -0.099753 -0.083755 -9.808135 
204.800589 0.019495 -0.049996 -2.604104 18.733961 -17.384108 0.197923 0.000000 0.000000 0.000000 -0.306233 -0.058196 0.041417 0.000000 0.000000 0.000000 -0.000196 0.000319 0.000319 -0.023316 0.090192 0.015280 -0.099657 -0.083595 -9.808138 
204.901676 0.028122 -0.067163 -2.688998 18.703289 -17.378725 0.194452 0.000000 0.000000 0.000000 -0.298342 -0.070940 -0.023871 0.000000 0.000000 0.000000 -0.000084 0.000216 0.000478 -0.023026 0.091293 0.015884 -0.099627 -0.083419 -9.808139 
205.000983 0.027131 0.034503 -2.765792 18.683439 -17.369408 0.172300 0.000000 0.000000 0.000000 -0.163762 0.103763 -0.099961 0.000000 0.000000 0.000000 0.000627 -0.000092 0.000619 -0.022170 0.092331 0.018038 -0.099474 -0.083256 -9.808142 
205.099214 0.018851 0.015681 -2.734898 18.662518 -17.339622 0.163946 0.000000 0.000000 0.000000 -0.152670 0.261598 -0.154679 0.000000 0.000000 0.000000 0.000077 0.000218 -0.000226 -0.022365 0.093564 0.017473 -0.099492 -0.083028 -9.808144 
205.197355 0.015975 0.011696 -2.729363 18.648248 -17.330237 0.162169 0.000000 0.000000 0.000000 -0.163810 0.177665 -0.123313 0.000000 0.000000 0.000000 0.000215 0.000217 -0.000367 -0.022702 0.092251 0.016087 -0.099609 -0.083251 -9.808141 
205.298226 0.019339 0.006495 -2.734463 18.630387 -17.330625 0.159752 0.000000 0.000000 0.000000 -0.202734 0.116506 -0.108388 0.000000 0.000000 0.000000 0.000176 0.000206 -0.000284 -0.022762 0.090624 0.015078 -0.099707 -0.083548 -9.808137 
205.397789 0.015558 -0.001303 -2.732817 18.612801 -17.343336 0.156676 0.000000 0.000000 0.000000 -0.193612 0.039442 -0.049086 0.000000 0.000000 0.000000 0.000110 0.000225 -0.000345 -0.022672 0.088390 0.014073 -0.099828 -0.083966 -9.808133 
205.498643 0.011912 0.011188 -2.736244 18.592035 -17.357471 0.162549 0.000000 0.000000 0.000000 -0.203941 -0.039337 -0.026649 0.000000 0.000000 0.000000 0.000208 0.000234 -0.000334 -0.022953 0.086975 0.013142 -0.099974 -0.084207 -9.808129 
205.599470 0.011462 0.006130 -2.736726 18.563321 -17.379334 0.169359 0.000000 0.000000 0.000000 -0.324000 -0.122402 -0.002579 0.000000 0.000000 0.000000 0.000139 0.000227 -0.000309 -0.023467 0.085697 0.012283 -0.100157 -0.084403 -9.808125 
205.699051 0.022537 -0.030757 -2.729875 18.526567 -17.388123 0.205989 0.000000 0.000000 0.000000 -0.315926 -0.101565 0.195678 0.000000 0.000000 0.000000 -0.000143 0.000418 -0.000316 -0.023892 0.086149 0.009119 -0.100231 -0.084300 -9.808126 
205.800020 0.024558 -0.024006 -2.726564 18.504131 -17.429274 0.208663 0.000000 0.000000 0.000000 -0.188540 -0.248952 0.163062 0.000000 0.000000 0.000000 -0.000071 0.000251 -0.000540 -0.023947 0.083771 0.010990 -0.100383 -0.084707 -9.808121 
205.900765 0.022320 0.011631 -2.736737 18.483664 -17.453705 0.204224 0.000000 0.000000 0.000000 -0.243148 -0.255739 0.021149 0.000000 0.000000 0.000000 0.000275 0.000136 -0.000305 -0.023920 0.083708 0.012551 -0.100368 -0.084717 -9.808121 
206.000251 0.015626 0.012201 -2.734809 18.452098 -17.486485 0.184056 0.000000 0.000000 0.000000 -0.380142 -0.421277 -0.081695 0.000000 0.000000 0.000000 0.000203 0.000044 -0.000384 -0.024090 0.083636 0.014386 -0.100387 -0.084715 -9.808120 
206.101170 0.024502 -0.018251 -2.747314 18.409955 -17.514315 0.189802 0.000000 0.000000 0.000000 -0.346848 -0.297147 -0.000763 0.000000 0.000000 0.000000 0.000020 0.000456 -0.000763 -0.024247 0.084830 0.013604 -0.100346 -0.084499 -9.808123 
206.202007 0.024542 -0.015142 -2.781286 18.372287 -17.535858 0.194803 0.000000 0.000000 0.000000 -0.333546 -0.212149 -0.022206 0.000000 0.000000 0.000000 0.000320 0.000221 -0.000872 -0.024550 0.085534 0.012881 -0.100363 -0.084357 -9.808124 
206.301513 0.017370 -0.036057 -2.829892 18.312234 -17.543702 0.190088 0.000000 0.000000 0.000000 -0.503697 -0.130072 -0.063677 0.000000 0.000000 0.000000 0.000409 0.000174 -0.001153 -0.026481 0.087607 0.012960 -0.100570 -0.083856 -9.808126 
206.401044 0.017847 -0.067532 -2.899859 18.213113 -17.548181 0.176110 0.000000 0.000000 0.000000 -0.841904 -0.057485 -0.028657 0.000000 0.000000 0.000000 0.000460 -0.000033 -0.001111 -0.029665 0.089848 0.013426 -0.100971 -0.083216 -9.808127 
206.500613 0.011224 -0.071471 -2.956095 18.132453 -17.538404 0.192228 0.000000 0.000000 0.000000 -0.731687 0.016189 0.045566 0.000000 0.000000 0.000000 0.000474 0.000109 -0.000974 -0.029526 0.091078 0.011972 -0.100864 -0.083005 -9.808130 
206.600139 0.004961 -0.047760 -2.992577 18.072088 -17.525825 0.200386 0.000000 0.000000 0.000000 -0.646687 0.050733 0.030096 0.000000 0.000000 0.000000 0.000727 -0.000051 -0.000946 -0.028631 0.091504 0.011941 -0.100668 -0.083014 -9.808132 
206.698310 0.003928 -0.024110 -3.012917 18.024055 -17.517519 0.196955 0.000000 0.000000 0.000000 -0.723675 0.064724 -0.060913 0.000000 0.000000 0.000000 0.000850 -0.000090 -0.000899 -0.026910 0.091179 0.012383 -0.100395 -0.083262 -9.808133 
206.797886 0.015737 -0.031437 -3.024561 17.968973 -17.509001 0.209751 0.000000 0.000000 0.000000 -0.885754 0.075977 0.044213 0.000000 0.000000 0.000000 0.000612 0.000063 -0.000782 -0.024487 0.090630 0.010885 -0.100049 -0.083638 -9.808133 
206.898703 0.020924 -0.002002 -3.031710 17.909126 -17.501559 0.214766 0.000000 0.000000 0.000000 -0.612164 0.056906 0.072622 0.000000 0.000000 0.000000 0.000751 0.000277 -0.000682 -0.022670 0.090358 0.010979 -0.099770 -0.083929 -9.808134 
206.998241 0.030211 0.007314 -3.031836 17.876492 -17.494862 0.216500 0.000000 0.000000 0.000000 -0.417361 0.055223 0.008730 0.000000 0.000000 0.000000 0.000794 0.000254 -0.000641 -0.020842 0.090199 0.011613 -0.099475 -0.084226 -9.808134 
207.099138 0.034404 -0.007889 -3.033455 17.843975 -17.493578 0.206769 0.000000 0.000000 0.000000 -0.422017 0.048421 -0.071007 0.000000 0.000000 0.000000 0.000471 0.000425 -0.000612 -0.019999 0.089813 0.012467 -0.099381 -0.084427 -9.808133 
207.199982 0.031006 0.014912 -3.026917 17.800370 -17.488580 0.197150 0.000000 0.000000 0.000000 -0.467944 0.075189 -0.109870 0.000000 0.000000 0.000000 0.000609 0.000434 -0.000763 -0.019531 0.089722 0.012619 -0.099315 -0.084518 -9.808133 
207.300859 0.037222 0.004973 -3.036303 17.762075 -17.483862 0.188428 0.000000 0.000000 0.000000 -0.310221 0.048156 -0.029626 0.000000 0.000000 0.000000 0.000550 0.000445 -0.000419 -0.019391 0.089568 0.012708 -0.099314 -0.084566 -9.808133 
207.400351 0.045772 -0.007918 -3.033980 17.733705 -17.485443 0.196500 0.000000 0.000000 0.000000 -0.240553 -0.034511 -0.060988 0.000000 0.000000 0.000000 0.000468 0.000472 -0.000562 -0.019374 0.089040 0.011272 -0.099410 -0.084656 -9.808131 
207.501235 0.037817 -0.006790 -3.035946 17.697729 -17.499543 0.184281 0.000000 0.000000 0.000000 -0.395526 -0.159365 -0.125388 0.000000 0.000000 0.000000 0.000594 0.000493 -0.000413 -0.019889 0.088402 0.011481 -0.099596 -0.084677 -9.808129 
207.600781 0.045891 -0.022684 -3.037403 17.638028 -17.522430 0.173704 0.000000 0.000000 0.000000 -0.507490 -0.196691 -0.023851 0.000000 0.000000 0.000000 0.000667 0.000349 -0.000424 -0.021061 0.088110 0.011467 -0.099842 -0.084532 -9.808128 
207.701645 0.053834 -0.024772 -3.036653 17.593894 -17.543254 0.174939 0.000000 0.000000 0.000000 -0.361757 -0.141115 -0.007698 0.000000 0.000000 0.000000 0.000189 0.000324 -0.000432 -0.021098 0.087762 0.011105 -0.099907 -0.084583 -9.808126 
207.801175 0.054624 -0.023426 -3.036850 17.550325 -17.558439 0.175158 0.000000 0.000000 0.000000 -0.414142 -0.104265 -0.058679 0.000000 0.000000 0.000000 0.000119 0.000312 -0.000405 -0.021683 0.087328 0.010589 -0.100081 -0.084558 -9.808125 
207.900721 0.041376 -0.012899 -3.034517 17.488225 -17.558383 0.173784 0.000000 0.000000 0.000000 -0.619027 -0.026184 -0.115568 0.000000 0.000000 0.000000 0.000432 0.000435 -0.000483 -0.022972 0.087872 0.009750 -0.100227 -0.084258 -9.808126 
208.000069 0.039185 -0.011562 -3.033100 17.416121 -17.555299 0.183929 0.000000 0.000000 0.000000 -0.543694 0.025793 0.033328 0.000000 0.000000 0.000000 0.000276 0.000395 -0.000521 -0.024077 0.088275 0.008061 -0.100376 -0.084011 -9.808127 
208.099766 0.031898 -0.015477 -3.028671 17.360321 -17.554782 0.193636 0.000000 0.000000 0.000000 -0.442406 0.029675 0.020308 0.000000 0.000000 0.000000 0.000494 0.000413 -0.000671 -0.024715 0.088036 0.007513 -0.100528 -0.083946 -9.808126 
208.200639 0.014182 -0.015984 -3.032649 17.323887 -17.554830 0.188977 0.000000 0.000000 0.000000 -0.469442 -0.003816 -0.053701 0.000000 0.000000 0.000000 0.000456 0.000450 -0.000558 -0.023919 0.087744 0.008046 -0.100431 -0.084122 -9.808125 
208.300198 0.009012 -0.017797 -3.029332 17.268051 -17.562416 0.175851 0.000000 0.000000 0.000000 -0.619459 -0.030252 -0.028859 0.000000 0.000000 0.000000 0.000495 0.000392 -0.000622 -0.024063 0.087134 0.008844 -0.100538 -0.084200 -9.808123 
208.399674 0.019861 -0.016619 -3.032947 17.206615 -17.570004 0.196680 0.000000 0.000000 0.000000 -0.497207 -0.053691 0.051795 0.000000 0.000000 0.000000 0.000395 0.000387 -0.000589 -0.024257 0.086804 0.007077 -0.100639 -0.084217 -9.808122 
208.500193 0.012040 -0.001604 -3.033423 17.162045 -17.580467 0.208398 0.000000 0.000000 0.000000 -0.400681 -0.091233 0.054952 0.000000 0.000000 0.000000 0.000566 0.000352 -0.000578 -0.024089 0.086351 0.006680 -0.100683 -0.084316 -9.808121 
208.600112 0.007464 -0.000969 -3.034604 17.120067 -17.585565 0.200778 0.000000 0.000000 0.000000 -0.462552 -0.073722 0.004137 0.000000 0.000000 0.000000 0.000765 0.000334 -0.000599 -0.024272 0.086767 0.007842 -0.100642 -0.084224 -9.808122 
208.699634 0.001334 -0.009336 -3.031176 17.068374 -17.590685 0.188560 0.000000 0.000000 0.000000 -0.525985 -0.030641 -0.023092 0.000000 0.000000 0.000000 0.000478 0.000229 -0.000592 -0.024432 0.087058 0.008923 -0.100617 -0.084155 -9.808123 
208.800487 -0.003304 -0.010465 -3.034580 17.028159 -17.594099 0.188171 0.000000 0.000000 0.000000 -0.361794 -0.011890 0.051369 0.000000 0.000000 0.000000 0.000531 0.000270 -0.000502 -0.024019 0.086890 0.009189 -0.100572 -0.084247 -9.808123 
208.900040 -0.017439 -0.010160 -3.034586 17.006985 -17.594301 0.193199 0.000000 0.000000 0.000000 -0.295211 0.002300 0.021456 0.000000 0.000000 0.000000 0.000507 0.000346 -0.000471 -0.022991 0.086770 0.008950 -0.100421 -0.084424 -9.808123 
209.000787 -0.029503 -0.021388 -3.036739 16.974831 -17.600457 0.197223 0.000000 0.000000 0.000000 -0.408335 -0.026456 0.002476 0.000000 0.000000 0.000000 0.000299 0.000304 -0.000405 -0.022883 0.086211 0.008548 -0.100487 -0.084530 -9.808121 
209.100374 -0.024490 -0.021802 -3.036361 16.914269 -17.614028 0.208320 0.000000 0.000000 0.000000 -0.577663 -0.086443 0.149715 0.000000 0.000000 0.000000 0.000433 0.000210 -0.000392 -0.023784 0.085337 0.007566 -0.100766 -0.084529 -9.808118 
209.201240 -0.019494 -0.029071 -3.034544 16.848018 -17.633345 0.232863 0.000000 0.000000 0.000000 -0.479647 -0.125027 0.101491 0.000000 0.000000 0.000000 0.000283 0.000266 -0.000435 -0.024867 0.084420 0.006476 -0.101079 -0.084507 -9.808115 
209.300802 -0.024394 -0.012907 -3.037093 16.796060 -17.653740 0.230595 0.000000 0.000000 0.000000 -0.416608 -0.140701 0.022657 0.000000 0.000000 0.000000 0.000487 0.000083 -0.000416 -0.025500 0.083785 0.007304 -0.101274 -0.084513 -9.808113 
209.400306 -0.025087 -0.017210 -3.037160 16.748738 -17.672858 0.230734 0.000000 0.000000 0.000000 -0.519295 -0.140673 -0.017975 0.000000 0.000000 0.000000 0.000268 0.000123 -0.000444 -0.025624 0.083297 0.007379 -0.101366 -0.084571 -9.808112 
209.499884 -0.027017 -0.018536 -3.034169 16.689481 -17.682772 0.229652 0.000000 0.000000 0.000000 -0.535579 -0.075752 0.069951 0.000000 0.000000 0.000000 0.000223 0.000014 -0.000389 -0.025949 0.083529 0.007740 -0.101385 -0.084486 -9.808112 
209.600735 -0.044181 -0.009921 -3.037777 16.639661 -17.686228 0.232680 0.000000 0.000000 0.000000 -0.404787 -0.030711 0.047094 0.000000 0.000000 0.000000 0.000472 0.000163 -0.000395 -0.026250 0.083905 0.007995 -0.101380 -0.084382 -9.808113 
209.700254 -0.054018 -0.018900 -3.034763 16.602810 -17.671770 0.234543 0.000000 0.000000 0.000000 -0.390253 0.025375 0.008932 0.000000 0.000000 0.000000 0.000381 0.000065 -0.000438 -0.026284 0.085471 0.008088 -0.101159 -0.084131 -9.808118 
209.800012 -0.075165 0.001440 -3.035377 16.555573 -17.656053 0.230998 0.000000 0.000000 0.000000 -0.534195 0.039013 -0.027925 0.000000 0.000000 0.000000 0.000877 0.000192 -0.000406 -0.026782 0.086793 0.008404 -0.101050 -0.083850 -9.808121 
209.899293 -0.060946 -0.009817 -3.038182 16.495114 -17.645771 0.233187 0.000000 0.000000 0.000000 -0.596402 0.009133 0.038071 0.000000 0.000000 0.000000 0.000855 -0.000038 -0.000397 -0.026985 0.087678 0.008246 -0.100955 -0.083681 -9.808123 
210.000214 -0.067198 0.015191 -3.037865 16.442521 -17.644333 0.223833 0.000000 0.000000 0.000000 -0.459571 0.011376 0.014045 0.000000 0.000000 0.000000 0.001079 0.000098 -0.000397 -0.026872 0.087650 0.009220 -0.100947 -0.083704 -9.808123 
210.099686 -0.069928 0.002329 -3.036392 16.394558 -17.657510 0.242564 0.000000 0.000000 0.000000 -0.464215 -0.038275 0.020961 0.000000 0.000000 0.000000 0.000797 0.000189 -0.000467 -0.027151 0.086208 0.007409 -0.101183 -0.083886 -9.808119 
210.200565 -0.064686 0.014640 -3.033293 16.344322 -17.657416 0.256464 0.000000 0.000000 0.000000 -0.591875 -0.039900 0.078200 0.000000 0.000000 0.000000 0.000993 0.000098 -0.000543 -0.027034 0.086412 0.006184 -0.101125 -0.083873 -9.808120 
210.299813 -0.066175 0.002205 -3.034826 16.306923 -17.661805 0.274149 0.000000 0.000000 0.000000 -0.400353 -0.076156 0.094983 0.000000 0.000000 0.000000 0.000861 0.000156 -0.000490 -0.025814 0.086403 0.005394 -0.100924 -0.084057 -9.808121 
210.401010 -0.068288 0.022830 -3.032947 16.272558 -17.662796 0.282847 0.000000 0.000000 0.000000 -0.334744 -0.095054 0.084989 0.000000 0.000000 0.000000 0.001132 0.000068 -0.000525 -0.025666 0.087082 0.005612 -0.100807 -0.083974 -9.808123 
210.500478 -0.068799 0.011604 -3.034047 16.230181 -17.675800 0.279125 0.000000 0.000000 0.000000 -0.459046 -0.181693 0.015023 0.000000 0.000000 0.000000 0.000824 0.000078 -0.000504 -0.026097 0.087105 0.006559 -0.100882 -0.083903 -9.808122 
210.600180 -0.070802 0.020224 -3.025941 16.182101 -17.694168 0.282256 0.000000 0.000000 0.000000 -0.613130 -0.227380 0.051597 0.000000 0.000000 0.000000 0.000978 0.000120 -0.000628 -0.025542 0.087419 0.006533 -0.100751 -0.083937 -9.808123 
210.699577 -0.061511 0.038700 -2.991763 16.129907 -17.702925 0.282457 0.000000 0.000000 0.000000 -0.454751 -0.104648 0.086964 0.000000 0.000000 0.000000 0.000966 0.000025 -0.000894 -0.025444 0.088230 0.007573 -0.100634 -0.083822 -9.808126 
210.800405 -0.065349 0.028859 -2.985769 16.080215 -17.720640 0.286179 0.000000 0.000000 0.000000 -0.427629 -0.162462 0.023967 0.000000 0.000000 0.000000 0.000809 0.000170 -0.000636 -0.025980 0.087925 0.008020 -0.100765 -0.083789 -9.808125 
210.899957 -0.060677 0.017356 -2.988351 16.028232 -17.742893 0.287844 0.000000 0.000000 0.000000 -0.613999 -0.188339 -0.018474 0.000000 0.000000 0.000000 0.000767 0.000092 -0.000548 -0.026127 0.087325 0.007888 -0.100866 -0.083861 -9.808123 
211.000833 -0.051207 0.014452 -2.988146 15.976802 -17.752448 0.272624 0.000000 0.000000 0.000000 -0.551987 -0.149813 0.046082 0.000000 0.000000 0.000000 0.000897 -0.000114 -0.000428 -0.024892 0.088128 0.009420 -0.100584 -0.083896 -9.808125 
211.100219 -0.051736 0.023589 -2.991029 15.940971 -17.764711 0.281978 0.000000 0.000000 0.000000 -0.352598 -0.108934 0.053159 0.000000 0.000000 0.000000 0.001116 0.000108 -0.000460 -0.024003 0.088079 0.009116 -0.100446 -0.084024 -9.808126 
211.201241 -0.054542 0.014487 -2.990107 15.907453 -17.768472 0.283872 0.000000 0.000000 0.000000 -0.312341 -0.066845 -0.010737 0.000000 0.000000 0.000000 0.000927 0.000128 -0.000466 -0.024136 0.088653 0.009114 -0.100396 -0.083920 -9.808127 
211.300773 -0.048359 0.007425 -2.990384 15.874985 -17.773367 0.275757 0.000000 0.000000 0.000000 -0.423083 -0.087381 -0.042833 0.000000 0.000000 0.000000 0.000833 -0.000048 -0.000439 -0.023947 0.088959 0.009622 -0.100333 -0.083894 -9.808128 
211.400264 -0.036059 -0.002879 -2.994051 15.820752 -17.784757 0.267184 0.000000 0.000000 0.000000 -0.490276 -0.080876 0.063627 0.000000 0.000000 0.000000 0.000921 -0.000256 -0.000438 -0.024486 0.088786 0.010375 -0.100445 -0.083847 -9.808127 
211.499827 -0.035500 0.010759 -2.990979 15.766729 -17.788747 0.265536 0.000000 0.000000 0.000000 -0.378253 -0.043235 0.003102 0.000000 0.000000 0.000000 0.000871 0.000013 -0.000460 -0.025603 0.089220 0.010794 -0.100570 -0.083636 -9.808128 
211.600648 -0.030846 -0.009119 -2.990542 15.729875 -17.791004 0.268975 0.000000 0.000000 0.000000 -0.366798 -0.023221 -0.034986 0.000000 0.000000 0.000000 0.000673 -0.000087 -0.000467 -0.025697 0.089408 0.010278 -0.100559 -0.083599 -9.808128 
211.700219 -0.034329 -0.000638 -2.992853 15.684385 -17.790185 0.248656 0.000000 0.000000 0.000000 -0.522235 0.012427 -0.070188 0.000000 0.000000 0.000000 0.000685 -0.000106 -0.000415 -0.026103 0.089714 0.011730 -0.100592 -0.083496 -9.808129 
211.799757 -0.020462 -0.015112 -2.993960 15.617711 -17.788311 0.255748 0.000000 0.000000 0.000000 -0.610684 0.024334 0.025203 0.000000 0.000000 0.000000 0.000263 -0.000004 -0.000469 -0.026819 0.089917 0.011018 -0.100675 -0.083377 -9.808129 
211.900610 -0.016247 -0.016591 -2.990785 15.558971 -17.782166 0.271616 0.000000 0.000000 0.000000 -0.467826 0.051123 0.026603 0.000000 0.000000 0.000000 0.000437 0.000072 -0.000500 -0.027285 0.090238 0.009653 -0.100705 -0.083273 -9.808130 
212.000150 -0.019507 -0.010963 -2.990760 15.515610 -17.776789 0.278267 0.000000 0.000000 0.000000 -0.435679 0.022413 -0.007378 0.000000 0.000000 0.000000 0.000667 0.000069 -0.000462 -0.027243 0.090332 0.009009 -0.100686 -0.083265 -9.808130 
212.099686 -0.021686 -0.005078 -2.990837 15.469584 -17.776038 0.277621 0.000000 0.000000 0.000000 -0.555320 -0.023797 -0.038525 0.000000 0.000000 0.000000 0.000697 0.000030 -0.000452 -0.027156 0.090329 0.008784 -0.100673 -0.083277 -9.808130 
212.200559 -0.007864 -0.005265 -2.988543 15.410085 -17.782174 0.280327 0.000000 0.000000 0.000000 -0.478559 -0.078892 0.132010 0.000000 0.000000 0.000000 0.000926 0.000022 -0.000536 -0.027396 0.090253 0.008791 -0.100719 -0.083258 -9.808130 
212.300075 -0.010446 -0.012518 -2.988762 15.370230 -17.791950 0.288487 0.000000 0.000000 0.000000 -0.363721 -0.090284 0.024529 0.000000 0.000000 0.000000 0.000461 0.000098 -0.000479 -0.027301 0.090036 0.008667 -0.100730 -0.083302 -9.808129 
212.399603 -0.011789 -0.005261 -2.993059 15.331793 -17.808956 0.288168 0.000000 0.000000 0.000000 -0.430244 -0.110651 -0.031179 0.000000 0.000000 0.000000 0.000291 0.000139 -0.000465 -0.027270 0.089473 0.008680 -0.100791 -0.083389 -9.808128 
212.500430 -0.016648 -0.007194 -2.988638 15.279873 -17.808603 0.288108 0.000000 0.000000 0.000000 -0.585543 -0.084967 -0.009668 0.000000 0.000000 0.000000 0.000599 0.000101 -0.000485 -0.027431 0.090661 0.008303 -0.100677 -0.083194 -9.808130 
212.600132 -0.027399 -0.003703 -2.988206 15.223280 -17.819275 0.289328 0.000000 0.000000 0.000000 -0.463566 -0.072510 0.078282 0.000000 0.000000 0.000000 0.000517 0.000086 -0.000496 -0.027623 0.090465 0.008440 -0.100729 -0.083199 -9.808130 
212.699486 -0.025470 -0.008699 -2.989097 15.186911 -17.828127 0.292679 0.000000 0.000000 0.000000 -0.357912 -0.065100 0.039955 0.000000 0.000000 0.000000 0.000537 0.000022 -0.000493 -0.027210 0.090179 0.008920 -0.100699 -0.083292 -9.808129 
212.800354 -0.044464 0.000453 -2.988377 15.160473 -17.829465 0.295076 0.000000 0.000000 0.000000 -0.377961 -0.071808 0.002562 0.000000 0.000000 0.000000 0.000693 -0.000027 -0.000507 -0.026318 0.090632 0.008873 -0.100513 -0.083334 -9.808131 
212.899920 -0.055075 0.003257 -2.990675 15.131387 -17.830697 0.298884 0.000000 0.000000 0.000000 -0.529681 -0.117129 0.048279 0.000000 0.000000 0.000000 0.000790 -0.000162 -0.000454 -0.024847 0.091307 0.008417 -0.100214 -0.083414 -9.808133 
212.999434 -0.056904 0.009145 -2.986174 15.081579 -17.841687 0.325198 0.000000 0.000000 0.000000 -0.366625 -0.111395 0.019227 0.000000 0.000000 0.000000 0.000935 0.000162 -0.000533 -0.025210 0.091453 0.006248 -0.100248 -0.083349 -9.808134 
213.100275 -0.068161 0.003970 -2.985428 15.047451 -17.854585 0.337281 0.000000 0.000000 0.000000 -0.283430 -0.115915 -0.015453 0.000000 0.000000 0.000000 0.000802 0.000035 -0.000570 -0.025440 0.091441 0.005218 -0.100280 -0.083324 -9.808133 
213.199852 -0.062146 0.007071 -2.986927 15.008737 -17.864678 0.335546 0.000000 0.000000 0.000000 -0.347201 -0.125298 -0.023605 0.000000 0.000000 0.000000 0.000868 -0.000203 -0.000544 -0.026279 0.091812 0.005325 -0.100363 -0.083170 -9.808134 
213.300705 -0.064242 0.014555 -2.987742 14.956618 -17.868689 0.328805 0.000000 0.000000 0.000000 -0.452113 -0.143732 -0.015163 0.000000 0.000000 0.000000 0.001066 -0.000143 -0.000523 -0.027286 0.093014 0.005589 -0.100379 -0.082876 -9.808136 
213.400228 -0.067246 0.020203 -2.987167 14.919128 -17.882648 0.330227 0.000000 0.000000 0.000000 -0.282080 -0.145136 -0.020008 0.000000 0.000000 0.000000 0.000792 0.000067 -0.000481 -0.027351 0.093033 0.005350 -0.100384 -0.082866 -9.808136 
213.499769 -0.072272 0.016323 -2.983675 14.891859 -17.900075 0.328016 0.000000 0.000000 0.000000 -0.246957 -0.183344 -0.039673 0.000000 0.000000 0.000000 0.000785 -0.000009 -0.000520 -0.027470 0.092884 0.005315 -0.100418 -0.082873 -9.808136 
213.600649 -0.080103 0.022125 -2.983505 14.867156 -17.920223 0.328159 0.000000 0.000000 0.000000 -0.298980 -0.288794 -0.057189 0.000000 0.000000 0.000000 0.001011 0.000010 -0.000534 -0.027375 0.093178 0.004742 -0.100366 -0.082844 -9.808137 
213.700201 -0.076855 0.028948 -2.984877 14.833230 -17.948227 0.332831 0.000000 0.000000 0.000000 -0.291333 -0.268309 0.025949 0.000000 0.000000 0.000000 0.001182 -0.000145 -0.000576 -0.027728 0.093323 0.004064 -0.100394 -0.082785 -9.808137 
213.799669 -0.081476 0.028735 -2.983651 14.806432 -17.962687 0.337619 0.000000 0.000000 0.000000 -0.270220 -0.187343 0.003047 0.000000 0.000000 0.000000 0.000939 -0.000076 -0.000551 -0.027688 0.094285 0.003821 -0.100280 -0.082654 -9.808139 
213.900795 -0.079590 0.025141 -2.984518 14.781089 -17.978328 0.343478 0.000000 0.000000 0.000000 -0.318480 -0.148639 0.015296 0.000000 0.000000 0.000000 0.000857 -0.000150 -0.000557 -0.027318 0.094400 0.003385 -0.100208 -0.082683 -9.808140 
214.000089 -0.081322 0.024474 -2.985552 14.732742 -17.982142 0.357091 0.000000 0.000000 0.000000 -0.564018 -0.097140 0.057386 0.000000 0.000000 0.000000 0.000963 -0.000228 -0.000490 -0.027973 0.095555 0.002392 -0.100164 -0.082450 -9.808142 
214.100973 -0.077781 0.013052 -3.002519 14.686660 -17.988784 0.371909 0.000000 0.000000 0.000000 -0.428141 -0.094840 0.087920 0.000000 0.000000 0.000000 0.000926 -0.000215 -0.000325 -0.027519 0.095977 0.001841 -0.100045 -0.082446 -9.808143 
214.200452 -0.087419 0.012623 -3.023575 14.645006 -17.991839 0.374214 0.000000 0.000000 0.000000 -0.384879 -0.096345 0.049408 0.000000 0.000000 0.000000 0.001283 -0.000018 -0.000263 -0.027729 0.096751 0.002300 -0.099997 -0.082310 -9.808145 
214.301311 -0.090542 0.007099 -3.064249 14.596769 -17.991433 0.374683 0.000000 0.000000 0.000000 -0.502117 -0.167608 0.003819 0.000000 0.000000 0.000000 0.001369 -0.000171 -0.000100 -0.028401 0.098316 0.002656 -0.099923 -0.082009 -9.808148 
214.400849 -0.073987 0.010056 -3.107098 14.537128 -17.983921 0.376146 0.000000 0.000000 0.000000 -0.500850 -0.121764 0.135674 0.000000 0.000000 0.000000 0.001663 -0.000366 -0.000067 -0.029270 0.100728 0.003313 -0.099776 -0.081563 -9.808153 
214.501734 0.109185 -0.031655 3.110496 14.487181 -17.993626 0.380410 0.000000 0.000000 0.000000 -0.424665 -0.144283 0.001906 0.000000 0.000000 0.000000 0.001537 0.000182 -0.000056 -0.029460 0.101233 0.003559 -0.099744 -0.081467 -9.808155 
214.599955 0.102221 0.019257 3.080125 14.454783 -18.011335 0.373257 0.000000 0.000000 0.000000 -0.178081 -0.235186 -0.063951 0.000000 0.000000 0.000000 0.001084 -0.000036 -0.000297 -0.029572 0.101064 0.004188 -0.099790 -0.081472 -9.808154 
214.699446 0.089439 -0.074764 3.038710 14.415349 -18.028705 0.347836 0.000000 0.000000 0.000000 -0.487144 -0.252247 -0.048112 0.000000 0.000000 0.000000 0.001781 -0.000211 -0.000253 -0.030716 0.102040 0.006096 -0.099829 -0.081162 -9.808156 
214.799031 0.089439 -0.014075 3.035701 14.370150 -18.028215 0.333232 0.000000 0.000000 0.000000 -0.450820 -0.068353 -0.081719 0.000000 0.000000 0.000000 0.000957 -0.000310 -0.000551 -0.030577 0.103889 0.006688 -0.099526 -0.080934 -9.808161 
214.898542 0.099527 -0.016012 3.034168 14.338303 -18.025655 0.340177 0.000000 0.000000 0.000000 -0.355620 0.036933 -0.074028 0.000000 0.000000 0.000000 0.000548 -0.000122 -0.000596 -0.030010 0.104726 0.005085 -0.099289 -0.080931 -9.808164 
214.998084 0.092447 -0.010037 3.039114 14.300995 -18.009764 0.324787 0.000000 0.000000 0.000000 -0.411136 0.117918 -0.133572 0.000000 0.000000 0.000000 0.000586 -0.000222 -0.000683 -0.030424 0.105707 0.005634 -0.099174 -0.080731 -9.808166 
215.098904 0.085013 -0.008832 3.039607 14.243844 -18.004973 0.317615 0.000000 0.000000 0.000000 -0.555206 0.033664 -0.099160 0.000000 0.000000 0.000000 0.000764 -0.000107 -0.000733 -0.030778 0.104776 0.005225 -0.099381 -0.080783 -9.808164 
215.198435 0.090672 0.006818 3.039353 14.201586 -17.994588 0.335019 0.000000 0.000000 0.000000 -0.442443 0.126021 0.026185 0.000000 0.000000 0.000000 0.000591 0.000031 -0.000634 -0.030075 0.104978 0.003435 -0.099234 -0.080905 -9.808164 
215.299303 0.075953 0.010147 3.034797 14.173393 -17.982734 0.340094 0.000000 0.000000 0.000000 -0.383231 0.144641 0.002729 0.000000 0.000000 0.000000 0.000615 -0.000138 -0.000641 -0.028690 0.105227 0.002922 -0.099016 -0.081142 -9.808165 
215.400228 0.080422 -0.010636 3.035114 14.130858 -17.955464 0.337787 0.000000 0.000000 0.000000 -0.521442 0.280419 -0.060218 0.000000 0.000000 0.000000 0.000831 0.000059 -0.000614 -0.028817 0.106156 0.002706 -0.098856 -0.081012 -9.808167 
215.501063 0.079098 0.001468 3.031156 14.079841 -17.929607 0.365199 0.000000 0.000000 0.000000 -0.453542 0.188009 0.078392 0.000000 0.000000 0.000000 0.000769 0.000274 -0.000578 -0.029172 0.106436 0.000369 -0.098817 -0.080928 -9.808168 
215.600582 0.069705 0.005500 3.038193 14.042221 -17.910337 0.377826 0.000000 0.000000 0.000000 -0.443694 0.085204 0.036417 0.000000 0.000000 0.000000 0.001046 0.000135 -0.000656 -0.028895 0.107208 -0.000075 -0.098637 -0.080895 -9.808170 
215.700278 0.060935 0.001378 3.033119 13.985510 -17.906507 0.376919 0.000000 0.000000 0.000000 -0.613428 0.019078 0.058253 0.000000 0.000000 0.000000 0.000716 0.000017 -0.000498 -0.029328 0.107167 0.000185 -0.098700 -0.080816 -9.808170 
215.800987 0.030332 -0.003278 3.035094 13.937472 -17.906933 0.389883 0.000000 0.000000 0.000000 -0.439150 -0.006397 0.116984 0.000000 0.000000 0.000000 0.000716 0.000001 -0.000486 -0.028565 0.106926 0.000120 -0.098652 -0.080987 -9.808170 
215.900476 0.056047 0.013272 3.028506 13.918935 -17.903062 0.428328 0.000000 0.000000 0.000000 -0.279095 -0.004670 0.087989 0.000000 0.000000 0.000000 0.000158 0.000746 -0.000359 -0.027277 0.108126 -0.002272 -0.098259 -0.081099 -9.808173 
216.000015 0.017573 -0.006594 3.023945 13.875171 -17.889874 0.406861 0.000000 0.000000 0.000000 -0.424809 0.060985 0.025872 0.000000 0.000000 0.000000 0.000473 0.000326 -0.000185 -0.028685 0.109258 0.000722 -0.098245 -0.080698 -9.808176 
216.100869 -0.008046 -0.001834 3.014670 13.808780 -17.878731 0.412923 0.000000 0.000000 0.000000 -0.409408 0.039416 0.107222 0.000000 0.000000 0.000000 0.000205 0.000456 -0.000131 -0.031243 0.109594 0.001136 -0.098489 -0.080184 -9.808178 
216.200234 -0.006857 0.012879 3.026826 13.760580 -17.864523 0.428261 0.000000 0.000000 0.000000 -0.332636 0.099199 0.070558 0.000000 0.000000 0.000000 0.000104 0.000642 -0.000274 -0.033001 0.110280 0.000671 -0.098571 -0.079781 -9.808180 
216.299971 -0.011726 0.007240 3.023593 13.710786 -17.861821 0.420386 0.000000 0.000000 0.000000 -0.411591 0.007059 -0.033667 0.000000 0.000000 0.000000 0.000060 0.000313 -0.000192 -0.034555 0.109645 0.001756 -0.098867 -0.079562 -9.808179 
216.400823 -0.031541 0.011636 3.039365 13.658869 -17.875040 0.403097 0.000000 0.000000 0.000000 -0.466863 0.023502 -0.054074 0.000000 0.000000 0.000000 0.000273 0.000199 -0.000488 -0.034501 0.107888 0.003583 -0.099174 -0.079769 -9.808174 
216.500331 -0.038418 0.020469 3.028087 13.594939 -17.871441 0.387951 0.000000 0.000000 0.000000 -0.431708 0.010801 -0.041004 0.000000 0.000000 0.000000 -0.000048 0.000250 -0.000181 -0.036698 0.107832 0.004950 -0.099434 -0.079370 -9.808175 
216.601203 -0.037618 0.018464 3.022519 13.535539 -17.875944 0.378019 0.000000 0.000000 0.000000 -0.487693 0.102983 -0.151496 0.000000 0.000000 0.000000 -0.000162 0.000612 -0.000248 -0.037922 0.106509 0.005080 -0.099812 -0.079294 -9.808172 
216.700757 -0.060680 0.032073 3.023719 13.466260 -17.862891 0.368392 0.000000 0.000000 0.000000 -0.651578 0.221032 -0.150985 0.000000 0.000000 0.000000 -0.000301 0.000274 -0.000272 -0.039052 0.105921 0.004388 -0.100055 -0.079151 -9.808170 
216.800263 -0.076468 0.042647 3.019111 13.410994 -17.857069 0.361744 0.000000 0.000000 0.000000 -0.495033 0.154102 -0.089771 0.000000 0.000000 0.000000 -0.000201 0.000306 -0.000319 -0.038176 0.104386 0.003954 -0.100232 -0.079481 -9.808166 
216.899839 -0.070781 0.029605 3.021452 13.362453 -17.847018 0.345052 0.000000 0.000000 0.000000 -0.471761 0.100308 -0.156572 0.000000 0.000000 0.000000 -0.000029 0.000367 -0.000292 -0.038180 0.103919 0.004504 -0.100308 -0.079536 -9.808165 
216.999324 -0.067044 0.044527 3.027859 13.325255 -17.838552 0.342639 0.000000 0.000000 0.000000 -0.505418 0.091594 -0.032357 0.000000 0.000000 0.000000 -0.000143 0.000486 -0.000409 -0.036668 0.104000 0.003195 -0.100141 -0.079793 -9.808164 
217.100240 -0.084800 0.043191 3.020430 13.267110 -17.830124 0.365913 0.000000 0.000000 0.000000 -0.430178 0.077428 -0.031317 0.000000 0.000000 0.000000 -0.000159 0.000269 -0.000224 -0.037663 0.103734 0.000723 -0.100344 -0.079622 -9.808164 
217.199749 -0.059505 0.044517 2.985824 13.223503 -17.824197 0.353443 0.000000 0.000000 0.000000 -0.396739 0.105463 -0.145860 0.000000 0.000000 0.000000 -0.000033 0.000500 -0.000054 -0.037962 0.103683 0.001402 -0.100375 -0.079580 -9.808164 
217.300616 -0.062337 0.033827 2.951585 13.162141 -17.802481 0.331164 0.000000 0.000000 0.000000 -0.624148 0.208055 -0.214727 0.000000 0.000000 0.000000 0.000340 0.000393 0.000031 -0.039589 0.104319 0.002059 -0.100432 -0.079221 -9.808166 
217.401427 -0.045301 0.055712 2.890462 13.103857 -17.775805 0.320683 0.000000 0.000000 0.000000 -0.593621 0.223921 -0.045512 0.000000 0.000000 0.000000 0.000434 0.000460 0.000271 -0.038847 0.104897 0.001536 -0.100255 -0.079289 -9.808167 
217.502301 -0.027398 0.044483 2.807595 13.071625 -17.752165 0.305634 0.000000 0.000000 0.000000 -0.317177 0.193246 -0.043268 0.000000 0.000000 0.000000 0.000696 0.000593 0.000444 -0.037537 0.105775 0.002341 -0.099937 -0.079455 -9.808169 
217.601837 -0.013702 0.055371 2.718387 13.029014 -17.715736 0.309439 0.000000 0.000000 0.000000 -0.368928 0.244731 -0.096076 0.000000 0.000000 0.000000 0.001125 0.000452 0.000589 -0.039496 0.107216 0.000805 -0.099868 -0.078897 -9.808174 
217.701360 0.021963 0.041191 2.617367 13.002884 -17.675788 0.303779 0.000000 0.000000 0.000000 -0.304897 0.364488 0.019731 0.000000 0.000000 0.000000 0.001356 0.000553 0.000636 -0.038991 0.108965 0.000460 -0.099452 -0.078834 -9.808179 
217.800935 0.049478 0.055450 2.521470 12.970684 -17.631964 0.315152 0.000000 0.000000 0.000000 -0.271619 0.297588 -0.030507 0.000000 0.000000 0.000000 0.001150 0.000691 0.000701 -0.040295 0.110219 -0.000639 -0.099268 -0.078414 -9.808184 
217.900425 0.057246 0.044467 2.408751 12.917128 -17.600130 0.307887 0.000000 0.000000 0.000000 -0.357777 0.314159 -0.111434 0.000000 0.000000 0.000000 0.001273 0.000091 0.000807 -0.043258 0.109233 -0.000145 -0.099692 -0.077753 -9.808185 
217.999998 0.048469 0.037736 2.316664 12.878103 -17.552383 0.284354 0.000000 0.000000 0.000000 -0.478827 0.493477 -0.207808 0.000000 0.000000 0.000000 0.001572 -0.000575 0.000720 -0.044073 0.110092 0.000945 -0.099498 -0.077502 -9.808189 
218.099533 0.053430 0.049381 2.228503 12.835305 -17.499854 0.280517 0.000000 0.000000 0.000000 -0.376270 0.608434 -0.131327 0.000000 0.000000 0.000000 0.001344 -0.001059 0.000707 -0.043129 0.110161 -0.000395 -0.099452 -0.077756 -9.808188 
218.199072 0.039731 0.032649 2.156933 12.843966 -17.441168 0.255076 0.000000 0.000000 0.000000 -0.133041 0.524525 -0.179783 0.000000 0.000000 0.000000 0.001379 -0.001516 0.000743 -0.040290 0.113954 0.000552 -0.098360 -0.078567 -9.808192 
218.298242 0.044999 0.016364 2.106514 12.833856 -17.374267 0.221142 0.000000 0.000000 0.000000 -0.090945 0.610534 -0.239329 0.000000 0.000000 0.000000 0.000999 -0.001713 0.000669 -0.041786 0.114851 0.001892 -0.098065 -0.078129 -9.808199 
218.398095 0.054722 0.008381 2.077956 12.817963 -17.314864 0.176547 0.000000 0.000000 0.000000 -0.154619 0.814482 -0.191195 0.000000 0.000000 0.000000 0.000918 -0.001520 0.000388 -0.040974 0.113860 0.003714 -0.098425 -0.078346 -9.808193 
218.497625 0.051746 0.015076 2.059802 12.781539 -17.255804 0.211527 0.000000 0.000000 0.000000 -0.195374 0.682049 -0.042275 0.000000 0.000000 0.000000 0.000466 -0.001499 0.000327 -0.039729 0.110096 -0.001350 -0.099616 -0.078549 -9.808180 
218.598490 0.043913 -0.000743 2.058006 12.748117 -17.223270 0.207669 0.000000 0.000000 0.000000 -0.177757 0.548816 -0.075415 0.000000 0.000000 0.000000 0.000698 -0.001631 0.000102 -0.036302 0.106617 -0.001510 -0.100935 -0.079399 -9.808159 
218.698067 0.042919 -0.005282 2.062959 12.712077 -17.185706 0.204363 0.000000 0.000000 0.000000 -0.264621 0.605386 -0.114282 0.000000 0.000000 0.000000 0.000686 -0.001676 0.000024 -0.034461 0.103688 -0.001977 -0.101987 -0.079763 -9.808145 
218.798767 0.034439 -0.014205 2.060607 12.673517 -17.138550 0.196633 0.000000 0.000000 0.000000 -0.290392 0.549549 -0.002257 0.000000 0.000000 0.000000 0.000682 -0.001697 0.000005 -0.032625 0.101722 -0.002058 -0.102747 -0.080184 -9.808134 
218.899783 0.046117 0.014528 2.066445 12.643356 -17.095951 0.209293 0.000000 0.000000 0.000000 -0.298774 0.500660 -0.023959 0.000000 0.000000 0.000000 0.000580 -0.001769 -0.000003 -0.031432 0.100687 -0.003242 -0.103163 -0.080484 -9.808127 
219.000635 0.028996 -0.025885 2.060403 12.590710 -17.072641 0.194576 0.000000 0.000000 0.000000 -0.482833 0.499007 -0.072222 0.000000 0.000000 0.000000 0.000901 -0.001774 -0.000003 -0.028253 0.098009 -0.002234 -0.104261 -0.081251 -9.808109 
219.101456 0.042462 -0.000265 2.064933 12.552035 -17.029435 0.190387 0.000000 0.000000 0.000000 -0.441380 0.446272 -0.009658 0.000000 0.000000 0.000000 0.000556 -0.001586 -0.000022 -0.027034 0.098735 -0.002099 -0.104134 -0.081692 -9.808107 
219.201047 0.041590 -0.003501 2.064183 12.519386 -16.999265 0.199295 0.000000 0.000000 0.000000 -0.399666 0.441177 -0.041432 0.000000 0.000000 0.000000 0.000472 -0.001613 -0.000034 -0.024802 0.099392 -0.003227 -0.104106 -0.082451 -9.808101 
219.301863 0.040249 -0.005450 2.062586 12.488237 -16.949028 0.204100 0.000000 0.000000 0.000000 -0.433587 0.611044 0.054478 0.000000 0.000000 0.000000 0.000529 -0.001694 0.000005 -0.023839 0.100663 -0.004223 -0.103785 -0.082860 -9.808101 
219.401386 0.038328 -0.002432 2.062869 12.451622 -16.897376 0.231603 0.000000 0.000000 0.000000 -0.357673 0.492391 0.087026 0.000000 0.000000 0.000000 0.000584 -0.001632 0.000031 -0.023167 0.100703 -0.006363 -0.103822 -0.083089 -9.808099 
219.500965 0.034324 -0.019757 2.065686 12.428331 -16.862521 0.218954 0.000000 0.000000 0.000000 -0.328451 0.463283 -0.008449 0.000000 0.000000 0.000000 0.000898 -0.001768 -0.000012 -0.021141 0.101389 -0.004087 -0.103769 -0.083754 -9.808094 
219.600453 0.047287 0.018169 2.062785 12.397401 -16.814265 0.223311 0.000000 0.000000 0.000000 -0.345659 0.551305 -0.073544 0.000000 0.000000 0.000000 0.000312 -0.001813 0.000064 -0.020470 0.101908 -0.004709 -0.103660 -0.084006 -9.808093 
219.700025 0.044196 -0.004779 2.063348 12.364234 -16.763683 0.239993 0.000000 0.000000 0.000000 -0.297156 0.502111 0.001618 0.000000 0.000000 0.000000 0.000694 -0.001694 0.000004 -0.020454 0.101866 -0.006580 -0.103671 -0.084021 -9.808092 
219.799555 0.044308 0.002612 2.064547 12.335352 -16.729201 0.236939 0.000000 0.000000 0.000000 -0.278014 0.520180 -0.036061 0.000000 0.000000 0.000000 0.000691 -0.001963 -0.000057 -0.018506 0.101283 -0.006387 -0.103997 -0.084575 -9.808084 
219.900433 0.049839 0.008819 2.061263 12.305496 -16.672388 0.245101 0.000000 0.000000 0.000000 -0.316632 0.719925 -0.003559 0.000000 0.000000 0.000000 0.000324 -0.001810 0.000046 -0.017736 0.101107 -0.007863 -0.104106 -0.084809 -9.808081 
219.999942 0.041329 0.006795 2.060986 12.278445 -16.609081 0.276302 0.000000 0.000000 0.000000 -0.234379 0.599163 0.123010 0.000000 0.000000 0.000000 0.000348 -0.001677 0.000068 -0.016987 0.100926 -0.010838 -0.104211 -0.085044 -9.808078 
220.099446 0.036165 -0.012052 2.063120 12.255228 -16.565918 0.264096 0.000000 0.000000 0.000000 -0.236930 0.536309 0.006405 0.000000 0.000000 0.000000 0.000794 -0.001864 0.000013 -0.015278 0.100146 -0.008630 -0.104581 -0.085494 -9.808070 
220.200309 0.045921 0.011680 2.062509 12.229162 -16.524429 0.265545 0.000000 0.000000 0.000000 -0.316455 0.593691 0.058555 0.000000 0.000000 0.000000 0.000458 -0.001936 0.000032 -0.013137 0.099614 -0.009004 -0.104900 -0.086110 -9.808061 
220.299887 0.038078 -0.004524 2.064264 12.189620 -16.474226 0.294180 0.000000 0.000000 0.000000 -0.313343 0.502281 0.076223 0.000000 0.000000 0.000000 0.000706 -0.001726 -0.000003 -0.012876 0.098636 -0.011120 -0.105210 -0.086131 -9.808058 
220.399373 0.039279 -0.006133 2.063674 12.158164 -16.448132 0.297425 0.000000 0.000000 0.000000 -0.303289 0.428537 0.050146 0.000000 0.000000 0.000000 0.000774 -0.001817 0.000049 -0.010386 0.097911 -0.010601 -0.105614 -0.086830 -9.808047 
220.500234 0.043818 0.002379 2.063150 12.132014 -16.405042 0.294391 0.000000 0.000000 0.000000 -0.359035 0.590553 0.019309 0.000000 0.000000 0.000000 0.000584 -0.001842 0.000044 -0.009384 0.098721 -0.009704 -0.105447 -0.087187 -9.808046 
220.599796 0.040450 0.002920 2.063068 12.110831 -16.343181 0.310728 0.000000 0.000000 0.000000 -0.294330 0.570852 0.147539 0.000000 0.000000 0.000000 0.000301 -0.001604 0.000087 -0.008664 0.100428 -0.010669 -0.104984 -0.087535 -9.808048 
220.700659 0.046917 0.009714 2.060351 12.100726 -16.284585 0.308268 0.000000 0.000000 0.000000 -0.192733 0.543850 0.039084 0.000000 0.000000 0.000000 0.000423 -0.001619 0.000159 -0.008424 0.102300 -0.009221 -0.104444 -0.087735 -9.808052 
220.800201 0.044170 0.002115 2.059708 12.076806 -16.243958 0.294870 0.000000 0.000000 0.000000 -0.269411 0.574650 -0.060200 0.000000 0.000000 0.000000 0.000505 -0.001707 0.000131 -0.006798 0.101510 -0.007741 -0.104802 -0.088158 -9.808044 
220.901064 0.032778 -0.006265 2.056971 12.047156 -16.196849 0.297268 0.000000 0.000000 0.000000 -0.309892 0.518894 0.067720 0.000000 0.000000 0.000000 0.000941 -0.001636 0.000173 -0.005216 0.100991 -0.008493 -0.105069 -0.088599 -9.808037 
221.000597 0.036923 -0.000231 2.063834 12.017760 -16.168267 0.314680 0.000000 0.000000 0.000000 -0.262941 0.388651 0.083647 0.000000 0.000000 0.000000 0.000551 -0.001407 0.000049 -0.003154 0.099961 -0.010126 -0.105520 -0.089151 -9.808027 
221.101410 0.040729 -0.004807 2.063104 11.991734 -16.131740 0.325316 0.000000 0.000000 0.000000 -0.256302 0.490631 0.035267 0.000000 0.000000 0.000000 0.000648 -0.001470 0.000086 -0.002469 0.099704 -0.010640 -0.105644 -0.089340 -9.808024 
221.200962 0.040768 0.003519 2.065448 11.971751 -16.078587 0.319564 0.000000 0.000000 0.000000 -0.231645 0.608348 0.144507 0.000000 0.000000 0.000000 0.000653 -0.001526 0.000085 -0.001821 0.100311 -0.009498 -0.105514 -0.089569 -9.808024 
221.300481 0.038696 0.002976 2.059258 11.945994 -16.021957 0.335363 0.000000 0.000000 0.000000 -0.247084 0.501550 0.148167 0.000000 0.000000 0.000000 0.000731 -0.001344 0.000199 -0.002178 0.100155 -0.009506 -0.105534 -0.089452 -9.808024 
221.400048 0.033047 -0.008594 2.060245 11.931760 -15.972348 0.357102 0.000000 0.000000 0.000000 -0.282050 0.545830 0.088519 0.000000 0.000000 0.000000 0.000985 -0.001326 0.000177 -0.001418 0.101287 -0.010458 -0.105253 -0.089762 -9.808025 
221.500914 0.039855 0.005662 2.056823 11.901714 -15.921558 0.359258 0.000000 0.000000 0.000000 -0.328737 0.511267 0.128361 0.000000 0.000000 0.000000 0.000791 -0.001345 0.000237 -0.000492 0.101200 -0.009649 -0.105345 -0.090025 -9.808021 
221.600407 0.039488 0.001884 2.060384 11.864819 -15.883645 0.359790 0.000000 0.000000 0.000000 -0.292953 0.417591 0.057653 0.000000 0.000000 0.000000 0.000762 -0.001277 0.000154 0.000206 0.100134 -0.008864 -0.105708 -0.090151 -9.808016 
221.699983 0.037088 -0.001805 2.060168 11.837971 -15.855459 0.363815 0.000000 0.000000 0.000000 -0.297049 0.446843 0.034384 0.000000 0.000000 0.000000 0.000749 -0.001358 0.000138 0.002084 0.099919 -0.008906 -0.105903 -0.090688 -9.808009 
221.799496 0.037872 0.001521 2.060697 11.821635 -15.816329 0.364919 0.000000 0.000000 0.000000 -0.285280 0.611182 0.065320 0.000000 0.000000 0.000000 0.000699 -0.001460 0.000146 0.004391 0.101010 -0.008943 -0.105747 -0.091441 -9.808004 
221.900340 0.038665 0.000071 2.057496 11.790556 -15.769725 0.366027 0.000000 0.000000 0.000000 -0.259613 0.468992 0.074104 0.000000 0.000000 0.000000 0.000802 -0.001301 0.000212 0.005244 0.100344 -0.008152 -0.106001 -0.091639 -9.807999 
221.999894 0.037930 -0.003416 2.061314 11.775620 -15.730307 0.376201 0.000000 0.000000 0.000000 -0.232526 0.451729 0.051135 0.000000 0.000000 0.000000 0.000935 -0.001359 0.000150 0.006387 0.101270 -0.008518 -0.105812 -0.092039 -9.807997 
222.099396 0.037475 0.004762 2.058346 11.750955 -15.685398 0.402589 0.000000 0.000000 0.000000 -0.315390 0.532062 0.167025 0.000000 0.000000 0.000000 0.000830 -0.001471 0.000194 0.007106 0.101468 -0.010643 -0.105800 -0.092274 -9.807995 
222.200254 0.036547 -0.002544 2.060735 11.717524 -15.641036 0.421058 0.000000 0.000000 0.000000 -0.281789 0.420155 0.122686 0.000000 0.000000 0.000000 0.000835 -0.001313 0.000113 0.007492 0.101121 -0.010856 -0.105927 -0.092363 -9.807993 
222.299829 0.037033 -0.004166 2.060194 11.700195 -15.604053 0.413018 0.000000 0.000000 0.000000 -0.237628 0.376404 0.059854 0.000000 0.000000 0.000000 0.000969 -0.001385 0.000156 0.008086 0.102054 -0.009161 -0.105702 -0.092589 -9.807993 
222.399584 0.036118 -0.003133 2.059611 11.684606 -15.566118 0.419830 0.000000 0.000000 0.000000 -0.245354 0.505288 0.009999 0.000000 0.000000 0.000000 0.000867 -0.001349 0.000156 0.008989 0.102841 -0.009535 -0.105537 -0.092905 -9.807992 
222.500249 0.033893 -0.005137 2.061463 11.660635 -15.508509 0.426320 0.000000 0.000000 0.000000 -0.210721 0.545240 0.177130 0.000000 0.000000 0.000000 0.000885 -0.001290 0.000143 0.008940 0.102910 -0.009404 -0.105514 -0.092895 -9.807993 
222.599752 0.034107 -0.005218 2.059538 11.644652 -15.464676 0.429343 0.000000 0.000000 0.000000 -0.163308 0.460754 0.112083 0.000000 0.000000 0.000000 0.000941 -0.001329 0.000115 0.009783 0.103032 -0.008347 -0.105538 -0.093139 -9.807990 
222.700632 0.036636 -0.004423 2.060586 11.628734 -15.406567 0.432807 0.000000 0.000000 0.000000 -0.232990 0.550836 0.032340 0.000000 0.000000 0.000000 0.001068 -0.001392 0.000151 0.008724 0.103635 -0.007836 -0.105295 -0.092873 -9.807995 
222.800184 0.035946 0.000702 2.058746 11.600975 -15.352291 0.438044 0.000000 0.000000 0.000000 -0.268773 0.641271 0.052608 0.000000 0.000000 0.000000 0.000952 -0.001467 0.000092 0.009533 0.103552 -0.008109 -0.105373 -0.093100 -9.807992 
222.899673 0.038808 -0.002401 2.061553 11.572050 -15.300357 0.438165 0.000000 0.000000 0.000000 -0.212542 0.527351 0.057344 0.000000 0.000000 0.000000 0.000910 -0.001313 0.000078 0.009976 0.102721 -0.007331 -0.105639 -0.093166 -9.807989 
223.000546 0.037156 -0.002940 2.060521 11.548413 -15.255303 0.456640 0.000000 0.000000 0.000000 -0.204145 0.498982 0.085739 0.000000 0.000000 0.000000 0.001021 -0.001379 0.000096 0.010615 0.102154 -0.008699 -0.105840 -0.093318 -9.807985 
223.100076 0.031122 -0.010560 2.060677 11.533621 -15.206614 0.474709 0.000000 0.000000 0.000000 -0.223890 0.636100 0.100549 0.000000 0.000000 0.000000 0.001212 -0.001408 0.000072 0.011751 0.102578 -0.009822 -0.105795 -0.093675 -9.807982 
223.200902 0.035191 -0.005602 2.057951 11.510287 -15.139650 0.477635 0.000000 0.000000 0.000000 -0.240653 0.770008 0.141527 0.000000 0.000000 0.000000 0.001022 -0.001399 0.000112 0.012589 0.102465 -0.008872 -0.105882 -0.093898 -9.807979 
223.300431 0.036079 0.002280 2.058704 11.499832 -15.095331 0.497907 0.000000 0.000000 0.000000 -0.111307 0.565757 0.101471 0.000000 0.000000 0.000000 0.001038 -0.001333 0.000101 0.015795 0.102739 -0.009578 -0.106015 -0.094823 -9.807969 
223.399784 0.034177 0.003073 2.062097 11.479299 -15.055484 0.521124 0.000000 0.000000 0.000000 -0.157459 0.489534 0.064192 0.000000 0.000000 0.000000 0.001218 -0.001216 0.000103 0.016827 0.101361 -0.010984 -0.106467 -0.095032 -9.807962 
223.499537 0.032512 -0.001398 2.058816 11.456086 -15.010086 0.521300 0.000000 0.000000 0.000000 -0.238018 0.611141 0.062961 0.000000 0.000000 0.000000 0.001278 -0.001157 0.000143 0.017624 0.100600 -0.010554 -0.106731 -0.095204 -9.807957 
223.600355 0.021421 -0.009546 2.057889 11.430231 -14.955822 0.526578 0.000000 0.000000 0.000000 -0.201434 0.475516 0.034906 0.000000 0.000000 0.000000 0.001390 -0.000970 0.000128 0.017664 0.100077 -0.010586 -0.106879 -0.095182 -9.807956 
223.699885 0.034809 -0.002547 2.060629 11.406536 -14.918436 0.519065 0.000000 0.000000 0.000000 -0.210713 0.376792 -0.032497 0.000000 0.000000 0.000000 0.001140 -0.000850 0.000138 0.018119 0.099487 -0.009448 -0.107072 -0.095265 -9.807953 
223.799419 0.031725 -0.003795 2.059113 11.385576 -14.880384 0.503571 0.000000 0.000000 0.000000 -0.241528 0.400551 -0.044995 0.000000 0.000000 0.000000 0.001241 -0.000852 0.000096 0.018100 0.099624 -0.008227 -0.107033 -0.095262 -9.807953 
223.900283 0.025796 -0.006113 2.059640 11.358388 -14.838209 0.505255 0.000000 0.000000 0.000000 -0.359538 0.587846 -0.016683 0.000000 0.000000 0.000000 0.001227 -0.000833 0.000092 0.018888 0.099464 -0.009191 -0.107128 -0.095475 -9.807950 
223.999860 0.021319 -0.005765 2.062136 11.324253 -14.769476 0.504921 0.000000 0.000000 0.000000 -0.326630 0.528988 0.075629 0.000000 0.000000 0.000000 0.001139 -0.000542 0.000089 0.017887 0.099915 -0.008962 -0.106940 -0.095225 -9.807955 
224.100732 0.017700 -0.012653 2.059488 11.296293 -14.730100 0.503742 0.000000 0.000000 0.000000 -0.262790 0.416057 -0.000778 0.000000 0.000000 0.000000 0.001265 -0.000274 0.000141 0.018938 0.099662 -0.008563 -0.107075 -0.095497 -9.807951 
224.200451 0.024400 -0.000741 2.064702 11.294946 -14.691771 0.481575 0.000000 0.000000 0.000000 -0.198903 0.420670 -0.139199 0.000000 0.000000 0.000000 0.001205 -0.000121 0.000033 0.020172 0.102190 -0.006886 -0.106459 -0.095989 -9.807953 
224.301111 0.019237 0.011559 2.063541 11.288616 -14.658823 0.541452 0.000000 0.000000 0.000000 -0.223608 0.522044 0.185262 0.000000 0.000000 0.000000 0.001223 0.000008 -0.000010 0.022611 0.103842 -0.014367 -0.106171 -0.096788 -9.807948 
224.400605 0.017290 0.003607 2.059417 11.280685 -14.599752 0.527684 0.000000 0.000000 0.000000 -0.119123 0.485051 0.245311 0.000000 0.000000 0.000000 0.001096 0.000345 0.000129 0.022471 0.105525 -0.011053 -0.105699 -0.096843 -9.807952 
224.500133 -0.009632 0.005227 2.060818 11.270830 -14.547484 0.555992 0.000000 0.000000 0.000000 -0.075603 0.346900 0.231295 0.000000 0.000000 0.000000 0.001228 0.000420 0.000101 0.021053 0.105912 -0.011716 -0.105508 -0.096482 -9.807958 
224.599720 -0.053207 0.016378 2.066473 11.258728 -14.535937 0.549628 0.000000 0.000000 0.000000 -0.094037 0.218563 0.096472 0.000000 0.000000 0.000000 0.001716 -0.000275 -0.000048 0.022959 0.104784 -0.009132 -0.105925 -0.096927 -9.807949 
224.700532 -0.050620 0.020316 2.062790 11.250671 -14.525627 0.522281 0.000000 0.000000 0.000000 -0.141300 0.275473 -0.022956 0.000000 0.000000 0.000000 0.001644 -0.000042 0.000038 0.024671 0.104752 -0.005793 -0.106028 -0.097389 -9.807943 
224.800110 -0.061689 0.027797 2.060686 11.223737 -14.500681 0.526226 0.000000 0.000000 0.000000 -0.187024 0.186815 0.065767 0.000000 0.000000 0.000000 0.001548 -0.000045 0.000067 0.024425 0.103634 -0.005983 -0.106315 -0.097255 -9.807942 
224.899588 -0.086990 0.025397 2.058383 11.198660 -14.474545 0.537851 0.000000 0.000000 0.000000 -0.180579 0.155785 0.042845 0.000000 0.000000 0.000000 0.001944 -0.000347 0.000092 0.022904 0.102965 -0.006571 -0.106407 -0.096801 -9.807945 
225.000459 -0.066973 0.022587 2.063409 11.171248 -14.433516 0.515569 0.000000 0.000000 0.000000 -0.274108 0.248042 -0.088320 0.000000 0.000000 0.000000 0.001744 0.000201 0.000011 0.019836 0.102991 -0.004658 -0.106199 -0.095991 -9.807955 
225.100043 -0.102394 0.054588 2.059194 11.130797 -14.412041 0.501373 0.000000 0.000000 0.000000 -0.392852 0.328687 -0.011680 0.000000 0.000000 0.000000 0.001951 -0.000322 0.000065 0.020449 0.101748 -0.003863 -0.106560 -0.096090 -9.807950 
225.199282 -0.100441 0.028951 2.063038 11.099418 -14.364867 0.522790 0.000000 0.000000 0.000000 -0.304098 0.268934 0.021690 0.000000 0.000000 0.000000 0.002138 -0.000096 -0.000069 0.019001 0.102777 -0.005502 -0.106218 -0.095742 -9.807958 
225.300380 -0.098643 0.027311 2.062550 11.076266 -14.331293 0.517688 0.000000 0.000000 0.000000 -0.257895 0.180585 -0.069747 0.000000 0.000000 0.000000 0.002025 -0.000017 -0.000047 0.018101 0.103764 -0.004859 -0.105894 -0.095570 -9.807963 
225.399911 -0.094591 0.034609 2.059542 11.057108 -14.301378 0.497171 0.000000 0.000000 0.000000 -0.297442 0.269412 -0.105455 0.000000 0.000000 0.000000 0.002077 -0.000076 -0.000003 0.017380 0.104895 -0.003752 -0.105536 -0.095463 -9.807968 
225.499494 -0.091077 0.029082 2.062950 11.027197 -14.253856 0.483648 0.000000 0.000000 0.000000 -0.308537 0.350074 -0.062192 0.000000 0.000000 0.000000 0.001717 0.000150 -0.000031 0.015867 0.105523 -0.003720 -0.105280 -0.095098 -9.807974 
225.600308 -0.101299 0.044379 2.059214 11.008206 -14.214755 0.496707 0.000000 0.000000 0.000000 -0.226153 0.251673 -0.013448 0.000000 0.000000 0.000000 0.001758 -0.000016 0.000023 0.015323 0.106729 -0.005234 -0.104955 -0.094996 -9.807978 
225.699891 -0.105296 0.042822 2.060119 10.990264 -14.169699 0.510685 0.000000 0.000000 0.000000 -0.256023 0.285859 -0.030603 0.000000 0.000000 0.000000 0.001804 -0.000044 0.000020 0.013651 0.108052 -0.006781 -0.104535 -0.094601 -9.807987 
225.799372 -0.096173 0.041646 2.059721 10.951614 -14.117004 0.502614 0.000000 0.000000 0.000000 -0.433405 0.478101 -0.089229 0.000000 0.000000 0.000000 0.001768 0.000119 0.000021 0.011718 0.108053 -0.006769 -0.104421 -0.094094 -9.807993 
225.900253 -0.115412 0.031385 2.061277 10.909636 -14.052396 0.476047 0.000000 0.000000 0.000000 -0.403300 0.392199 -0.067374 0.000000 0.000000 0.000000 0.002023 0.000027 -0.000026 0.009327 0.108810 -0.005147 -0.104055 -0.093544 -9.808002 
225.999808 -0.101268 0.042457 2.062072 10.885401 -14.011658 0.453352 0.000000 0.000000 0.000000 -0.329389 0.357462 -0.114224 0.000000 0.000000 0.000000 0.001799 0.000052 -0.000040 0.009269 0.110213 -0.004027 -0.103667 -0.093632 -9.808005 
226.100669 -0.102831 0.039380 2.060153 10.860908 -13.980760 0.440910 0.000000 0.000000 0.000000 -0.333822 0.402862 -0.177846 0.000000 0.000000 0.000000 0.001753 -0.000006 -0.000012 0.010320 0.110989 -0.004204 -0.103529 -0.093946 -9.808004 
226.200212 -0.097056 0.040489 2.060928 10.823156 -13.931496 0.422181 0.000000 0.000000 0.000000 -0.353451 0.500190 -0.141974 0.000000 0.000000 0.000000 0.001698 0.000027 0.000015 0.009885 0.110916 -0.004127 -0.103522 -0.093831 -9.808005 
226.299691 -0.100319 0.043099 2.056360 10.795495 -13.882943 0.426417 0.000000 0.000000 0.000000 -0.266598 0.383358 -0.022868 0.000000 0.000000 0.000000 0.001682 -0.000079 0.000046 0.009531 0.111540 -0.005348 -0.103362 -0.093748 -9.808007 
226.400564 -0.102156 0.041897 2.062501 10.779788 -13.842638 0.421606 0.000000 0.000000 0.000000 -0.214748 0.394767 -0.104694 0.000000 0.000000 0.000000 0.001812 -0.000150 -0.000047 0.009506 0.112478 -0.005461 -0.103121 -0.093791 -9.808009 
226.500112 -0.094727 0.039121 2.058591 10.749927 -13.800265 0.422451 0.000000 0.000000 0.000000 -0.317724 0.519349 -0.077594 0.000000 0.000000 0.000000 0.001829 -0.000067 0.000014 0.009583 0.112052 -0.006605 -0.103255 -0.093763 -9.808008 
226.600945 -0.136839 0.028210 2.058725 10.725908 -13.741151 0.386159 0.000000 0.000000 0.000000 -0.311445 0.380944 -0.153985 0.000000 0.000000 0.000000 0.002488 -0.000589 0.000019 0.008445 0.113291 -0.004660 -0.102840 -0.093580 -9.808014 
226.700484 -0.099387 0.040071 2.061908 10.690213 -13.698387 0.376495 0.000000 0.000000 0.000000 -0.300963 0.335781 -0.164605 0.000000 0.000000 0.000000 0.001781 -0.000164 -0.000034 0.007366 0.112877 -0.005319 -0.102895 -0.093267 -9.808017 
226.800060 -0.099419 0.043208 2.060531 10.666887 -13.651511 0.354506 0.000000 0.000000 0.000000 -0.336246 0.447038 -0.218829 0.000000 0.000000 0.000000 0.001973 -0.000304 -0.000012 0.006628 0.114037 -0.005104 -0.102555 -0.093147 -9.808022 
226.899584 -0.105549 0.045866 2.063635 10.643565 -13.589631 0.348835 0.000000 0.000000 0.000000 -0.314633 0.536288 -0.162842 0.000000 0.000000 0.000000 0.001906 -0.000297 -0.000061 0.006179 0.115661 -0.006387 -0.102139 -0.093094 -9.808026 
227.000400 -0.090214 0.040758 2.057952 10.613245 -13.535026 0.344133 0.000000 0.000000 0.000000 -0.195950 0.419450 -0.049510 0.000000 0.000000 0.000000 0.001579 -0.000090 -0.000025 0.005234 0.115950 -0.007093 -0.102025 -0.092855 -9.808030 
227.099981 -0.105232 0.021037 2.062906 10.595822 -13.489720 0.331347 0.000000 0.000000 0.000000 -0.289365 0.437227 -0.159517 0.000000 0.000000 0.000000 0.002226 -0.000139 -0.000013 0.005063 0.116652 -0.007195 -0.101840 -0.092847 -9.808032 
227.199512 -0.112757 0.059692 2.061288 10.576152 -13.448434 0.332108 0.000000 0.000000 0.000000 -0.292481 0.468603 -0.066073 0.000000 0.000000 0.000000 0.002021 -0.000570 -0.000061 0.006260 0.117361 -0.008269 -0.101744 -0.093166 -9.808030 
227.300331 -0.110642 0.042686 2.061597 10.570120 -13.393281 0.332656 0.000000 0.000000 0.000000 -0.243935 0.361618 -0.002345 0.000000 0.000000 0.000000 0.002250 -0.000414 -0.000004 0.005837 0.120122 -0.008451 -0.101030 -0.093203 -9.808037 
227.399924 -0.102497 0.038615 2.059969 10.556264 -13.348960 0.335913 0.000000 0.000000 0.000000 -0.214064 0.344208 -0.036367 0.000000 0.000000 0.000000 0.002129 -0.000227 -0.000001 0.005088 0.121317 -0.009020 -0.100699 -0.093066 -9.808042 
227.501026 -0.109496 0.043453 2.060142 10.553628 -13.298535 0.331379 0.000000 0.000000 0.000000 -0.202737 0.489241 -0.053899 0.000000 0.000000 0.000000 0.002116 -0.000422 0.000000 0.004894 0.123491 -0.009142 -0.100147 -0.093130 -9.808047 
227.600274 -0.098811 0.050136 2.061212 10.530663 -13.235647 0.324619 0.000000 0.000000 0.000000 -0.212905 0.517842 -0.006949 0.000000 0.000000 0.000000 0.001872 -0.000312 -0.000002 0.003791 0.123630 -0.009157 -0.100053 -0.092861 -9.808050 
227.699790 -0.114111 0.059407 2.060044 10.509547 -13.195049 0.327462 0.000000 0.000000 0.000000 -0.171994 0.402006 0.015442 0.000000 0.000000 0.000000 0.002016 -0.000561 0.000001 0.004231 0.123277 -0.009115 -0.100164 -0.092953 -9.808048 
227.800692 -0.121525 0.046013 2.059289 10.496130 -13.146240 0.324670 0.000000 0.000000 0.000000 -0.240633 0.416754 -0.055597 0.000000 0.000000 0.000000 0.002269 -0.000637 0.000050 0.003548 0.124121 -0.008994 -0.099916 -0.092830 -9.808052 
227.900232 -0.106796 0.051883 2.059011 10.475064 -13.085554 0.302803 0.000000 0.000000 0.000000 -0.299617 0.621584 -0.052092 0.000000 0.000000 0.000000 0.002033 -0.000436 0.000026 0.002611 0.124971 -0.007690 -0.099634 -0.092671 -9.808056 
227.999712 -0.128215 0.045743 2.058736 10.447881 -13.042685 0.304557 0.000000 0.000000 0.000000 -0.242462 0.421193 -0.036493 0.000000 0.000000 0.000000 0.002123 -0.000525 -0.000011 0.003939 0.124804 -0.007937 -0.099750 -0.092985 -9.808052 
228.100585 -0.104012 0.045634 2.060475 10.422669 -13.010441 0.301649 0.000000 0.000000 0.000000 -0.262536 0.280275 -0.046787 0.000000 0.000000 0.000000 0.001942 -0.000201 -0.000016 0.004363 0.124725 -0.007871 -0.099791 -0.093087 -9.808051 
228.200166 -0.112446 0.048339 2.059240 10.399953 -12.984714 0.281983 0.000000 0.000000 0.000000 -0.320955 0.321569 -0.091270 0.000000 0.000000 0.000000 0.002116 -0.000396 -0.000000 0.004811 0.125136 -0.006772 -0.099695 -0.093242 -9.808050 
228.299607 -0.109407 0.046339 2.061861 10.369586 -12.948660 0.285846 0.000000 0.000000 0.000000 -0.366015 0.453614 -0.024978 0.000000 0.000000 0.000000 0.001842 -0.000224 -0.000038 0.005423 0.125741 -0.007701 -0.099595 -0.093402 -9.808050 
228.400575 -0.100180 0.054295 2.058623 10.332236 -12.892549 0.285985 0.000000 0.000000 0.000000 -0.304819 0.367617 0.064253 0.000000 0.000000 0.000000 0.001727 -0.000191 0.000038 0.003617 0.126008 -0.007609 -0.099434 -0.092977 -9.808055 
228.500071 -0.107812 0.048424 2.060835 10.308840 -12.859910 0.295496 0.000000 0.000000 0.000000 -0.249925 0.282557 0.021729 0.000000 0.000000 0.000000 0.001867 -0.000197 -0.000009 0.003753 0.126535 -0.008012 -0.099320 -0.093028 -9.808056 
228.600929 -0.105879 0.042143 2.059719 10.288006 -12.824482 0.297118 0.000000 0.000000 0.000000 -0.304537 0.392128 -0.049339 0.000000 0.000000 0.000000 0.001950 -0.000225 0.000017 0.003704 0.127363 -0.008327 -0.099122 -0.093051 -9.808058 
228.700425 -0.109815 0.041880 2.059104 10.259654 -12.777410 0.286153 0.000000 0.000000 0.000000 -0.302696 0.360153 0.016106 0.000000 0.000000 0.000000 0.002034 -0.000220 0.000020 0.003142 0.127959 -0.007549 -0.098936 -0.092962 -9.808060 
228.800008 -0.122628 0.044070 2.061236 10.241027 -12.735893 0.279010 0.000000 0.000000 0.000000 -0.259669 0.306549 -0.049246 0.000000 0.000000 0.000000 0.002043 -0.000378 0.000004 0.002569 0.129200 -0.007043 -0.098600 -0.092896 -9.808065 
228.900870 -0.102800 0.043527 2.059278 10.217068 -12.703294 0.264638 0.000000 0.000000 0.000000 -0.291162 0.351222 -0.112878 0.000000 0.000000 0.000000 0.002111 -0.000334 0.000074 0.002566 0.129499 -0.006439 -0.098518 -0.092923 -9.808065 
229.000357 -0.099269 0.031739 2.060295 10.188033 -12.658366 0.263522 0.000000 0.000000 0.000000 -0.361465 0.427720 -0.132642 0.000000 0.000000 0.000000 0.001920 -0.000271 0.000047 0.002346 0.130051 -0.007237 -0.098388 -0.092881 -9.808067 
229.099927 -0.060787 0.036551 2.057481 10.150431 -12.615400 0.284430 0.000000 0.000000 0.000000 -0.274394 0.348269 0.064509 0.000000 0.000000 0.000000 0.001151 0.000245 0.000044 0.001926 0.129797 -0.009642 -0.098466 -0.092718 -9.808068 
229.199424 -0.054786 0.035311 2.066133 10.130399 -12.574077 0.283243 0.000000 0.000000 0.000000 -0.257771 0.308220 0.018911 0.000000 0.000000 0.000000 0.001258 0.000134 -0.000078 0.001189 0.130685 -0.009196 -0.098210 -0.092594 -9.808071 
229.300283 -0.062695 0.038767 2.063574 10.101616 -12.531078 0.280224 0.000000 0.000000 0.000000 -0.377642 0.442530 -0.034474 0.000000 0.000000 0.000000 0.001302 -0.000299 -0.000040 0.000584 0.131107 -0.009101 -0.098078 -0.092472 -9.808074 
229.399820 -0.069987 0.042715 2.062507 10.068190 -12.479085 0.278897 0.000000 0.000000 0.000000 -0.312259 0.399507 -0.017734 0.000000 0.000000 0.000000 0.001347 -0.000211 -0.000012 -0.000022 0.131582 -0.009016 -0.097934 -0.092353 -9.808076 
229.499348 -0.070920 0.035630 2.062124 10.040919 -12.426355 0.253108 0.000000 0.000000 0.000000 -0.284275 0.387832 -0.089057 0.000000 0.000000 0.000000 0.001465 -0.000325 0.000041 -0.001508 0.132253 -0.007339 -0.097682 -0.092060 -9.808082 
229.600246 -0.068447 0.039521 2.060738 10.015458 -12.376521 0.228489 0.000000 0.000000 0.000000 -0.291590 0.490458 -0.157480 0.000000 0.000000 0.000000 0.001410 -0.000386 0.000030 -0.002239 0.132820 -0.006427 -0.097503 -0.091928 -9.808085 
229.699738 -0.075742 0.036938 2.059992 9.990781 -12.332211 0.209727 0.000000 0.000000 0.000000 -0.327098 0.546467 -0.164253 0.000000 0.000000 0.000000 0.001457 -0.000451 0.000060 -0.001046 0.133095 -0.006127 -0.097493 -0.092226 -9.808082 
229.800643 -0.064360 0.029553 2.058683 9.967317 -12.289220 0.169529 0.000000 0.000000 0.000000 -0.218265 0.450355 -0.136767 0.000000 0.000000 0.000000 0.001384 -0.000287 0.000053 -0.000243 0.133266 -0.003918 -0.097470 -0.092453 -9.808080 
229.900208 -0.053626 0.030018 2.065956 9.964435 -12.241145 0.157647 0.000000 0.000000 0.000000 -0.177342 0.457359 -0.200054 0.000000 0.000000 0.000000 0.001368 -0.000198 -0.000039 0.000098 0.135177 -0.004291 -0.097043 -0.092619 -9.808083 
230.001083 -0.065879 0.042121 2.060461 9.945290 -12.186191 0.144013 0.000000 0.000000 0.000000 -0.265758 0.607292 -0.176644 0.000000 0.000000 0.000000 0.001534 -0.000642 0.000057 0.000088 0.135567 -0.004849 -0.096957 -0.092628 -9.808083 
230.100534 -0.088663 0.030892 2.059883 9.936398 -12.132720 0.138405 0.000000 0.000000 0.000000 -0.171901 0.461638 -0.131028 0.000000 0.000000 0.000000 0.001703 -0.000904 0.000065 0.000914 0.136935 -0.005572 -0.096684 -0.092875 -9.808084 
230.200100 -0.080484 0.034112 2.058510 9.920480 -12.083286 0.106704 0.000000 0.000000 0.000000 -0.155832 0.424907 -0.195782 0.000000 0.000000 0.000000 0.001612 -0.000826 0.000111 0.000185 0.137057 -0.003975 -0.096608 -0.092731 -9.808086 
230.299636 -0.074168 0.033340 2.061434 9.901826 -12.039240 0.092890 0.000000 0.000000 0.000000 -0.213974 0.532718 -0.240743 0.000000 0.000000 0.000000 0.001567 -0.000735 0.000034 0.000373 0.136988 -0.004759 -0.096640 -0.092762 -9.808085 
230.400456 -0.067095 0.019891 2.063802 9.871074 -11.963403 0.087013 0.000000 0.000000 0.000000 -0.285273 0.543585 -0.047888 0.000000 0.000000 0.000000 0.001463 -0.000604 0.000065 -0.001663 0.137187 -0.006360 -0.096513 -0.092280 -9.808091 
230.500045 -0.077503 0.031317 2.058426 9.858971 -11.909361 0.083158 0.000000 0.000000 0.000000 -0.222384 0.481122 -0.081961 0.000000 0.000000 0.000000 0.001518 -0.000991 0.000187 -0.001367 0.138611 -0.006506 -0.096201 -0.092412 -9.808093 
230.600886 -0.074524 0.026132 2.058334 9.834169 -11.858696 0.066396 0.000000 0.000000 0.000000 -0.313137 0.525413 -0.179444 0.000000 0.000000 0.000000 0.001575 -0.001045 0.000209 -0.001500 0.138698 -0.006044 -0.096170 -0.092391 -9.808093 
230.700398 -0.062282 0.043641 2.058347 9.800610 -11.803615 0.060060 0.000000 0.000000 0.000000 -0.334038 0.624186 -0.222766 0.000000 0.000000 0.000000 0.001399 -0.001109 0.000170 -0.000949 0.138892 -0.007101 -0.096163 -0.092513 -9.808092 
230.799957 -0.069923 0.024378 2.057852 9.759041 -11.744458 0.051976 0.000000 0.000000 0.000000 -0.299549 0.529308 -0.056335 0.000000 0.000000 0.000000 0.001541 -0.001006 0.000167 -0.001549 0.138027 -0.007441 -0.096336 -0.092332 -9.808092 
230.899443 -0.077562 0.030047 2.059637 9.727397 -11.718845 0.047589 0.000000 0.000000 0.000000 -0.287903 0.442711 -0.089829 0.000000 0.000000 0.000000 0.001644 -0.001237 0.000136 0.000682 0.137174 -0.007530 -0.096634 -0.092801 -9.808085 
231.000335 -0.072191 0.024601 2.059830 9.705905 -11.669744 0.037618 0.000000 0.000000 0.000000 -0.336998 0.618336 -0.126959 0.000000 0.000000 0.000000 0.001731 -0.001339 0.000166 0.001493 0.138117 -0.007684 -0.096460 -0.093026 -9.808085 
231.099786 -0.061206 0.040079 2.061318 9.677261 -11.607377 0.066286 0.000000 0.000000 0.000000 -0.294719 0.539165 0.077016 0.000000 0.000000 0.000000 0.001171 -0.001232 0.000133 0.001865 0.138661 -0.010955 -0.096391 -0.093096 -9.808085 
231.199375 -0.048872 0.033459 2.058784 9.655270 -11.557805 0.083514 0.000000 0.000000 0.000000 -0.285603 0.484714 0.074761 0.000000 0.000000 0.000000 0.001218 -0.001321 0.000224 0.002383 0.139240 -0.011791 -0.096293 -0.093229 -9.808084 
231.300257 -0.048518 0.027759 2.057071 9.623438 -11.504959 0.097860 0.000000 0.000000 0.000000 -0.369364 0.572567 0.049064 0.000000 0.000000 0.000000 0.001299 -0.001566 0.000284 0.002275 0.139171 -0.012513 -0.096311 -0.093194 -9.808084 
231.399763 -0.045328 0.048885 2.056311 9.585038 -11.446143 0.129371 0.000000 0.000000 0.000000 -0.454014 0.689346 0.152221 0.000000 0.000000 0.000000 0.001157 -0.001668 0.000231 0.003126 0.139334 -0.014611 -0.096333 -0.093369 -9.808083 
231.500674 -0.049121 0.027924 2.054660 9.543824 -11.396438 0.131508 0.000000 0.000000 0.000000 -0.386236 0.544242 0.144216 0.000000 0.000000 0.000000 0.001243 -0.001522 0.000249 0.004445 0.139031 -0.013182 -0.096449 -0.093666 -9.808079 
231.600224 -0.059616 0.022983 2.058457 9.516649 -11.365462 0.134112 0.000000 0.000000 0.000000 -0.361502 0.453303 0.145908 0.000000 0.000000 0.000000 0.001477 -0.001550 0.000165 0.006706 0.139370 -0.012166 -0.096467 -0.094197 -9.808073 
231.699688 -0.051609 0.037876 2.058573 9.490237 -11.316248 0.169339 0.000000 0.000000 0.000000 -0.395684 0.583640 0.114193 0.000000 0.000000 0.000000 0.001107 -0.001450 0.000165 0.007410 0.140411 -0.014459 -0.096284 -0.094379 -9.808073 
231.800614 -0.051736 0.038433 2.057581 9.457091 -11.254221 0.172906 0.000000 0.000000 0.000000 -0.370774 0.678990 0.243751 0.000000 0.000000 0.000000 0.001057 -0.001247 0.000207 0.008079 0.141138 -0.013023 -0.096143 -0.094573 -9.808073 
231.900091 -0.054759 0.029170 2.056681 9.446918 -11.202401 0.180829 0.000000 0.000000 0.000000 -0.244134 0.539593 0.228920 0.000000 0.000000 0.000000 0.001449 -0.001169 0.000201 0.009767 0.143036 -0.011439 -0.095788 -0.095046 -9.808072 
231.999680 -0.060763 0.034456 2.060766 9.444971 -11.148898 0.194449 0.000000 0.000000 0.000000 -0.199600 0.561569 0.121680 0.000000 0.000000 0.000000 0.001429 -0.001204 0.000131 0.010768 0.145007 -0.011028 -0.095396 -0.095357 -9.808073 
232.100502 -0.066139 0.034785 2.056548 9.432077 -11.101742 0.184095 0.000000 0.000000 0.000000 -0.213125 0.660509 0.050582 0.000000 0.000000 0.000000 0.001590 -0.001177 0.000210 0.012533 0.145560 -0.009059 -0.095339 -0.095789 -9.808069 
232.200052 -0.068485 0.030282 2.056123 9.411787 -11.047345 0.156935 0.000000 0.000000 0.000000 -0.175118 0.550339 0.020320 0.000000 0.000000 0.000000 0.001588 -0.000950 0.000115 0.012976 0.145382 -0.005937 -0.095377 -0.095910 -9.808067 
232.299595 -0.083772 0.022610 2.058489 9.400336 -11.007016 0.138388 0.000000 0.000000 0.000000 -0.123208 0.510708 -0.062564 0.000000 0.000000 0.000000 0.001921 -0.000980 0.000126 0.014172 0.145350 -0.004100 -0.095423 -0.096189 -9.808064 
232.400412 -0.084808 0.017342 2.059603 9.399306 -10.958379 0.114165 0.000000 0.000000 0.000000 -0.099903 0.626200 -0.140195 0.000000 0.000000 0.000000 0.001815 -0.000789 0.000058 0.015281 0.146249 -0.002674 -0.095265 -0.096486 -9.808063 
232.499986 -0.074288 0.026257 2.062027 9.399822 -10.900001 0.091367 0.000000 0.000000 0.000000 -0.077694 0.549617 -0.046988 0.000000 0.000000 0.000000 0.001582 -0.000851 0.000058 0.015955 0.147110 -0.001646 -0.095098 -0.096680 -9.808063 
232.599475 -0.073667 0.041518 2.058469 9.404915 -10.855070 0.082062 0.000000 0.000000 0.000000 -0.083556 0.459315 -0.103419 0.000000 0.000000 0.000000 0.001582 -0.000937 0.000136 0.016957 0.148160 -0.001263 -0.094910 -0.096947 -9.808062 
232.700333 -0.071474 0.028019 2.056821 9.387906 -10.813146 0.053731 0.000000 0.000000 0.000000 -0.233163 0.523784 -0.219845 0.000000 0.000000 0.000000 0.001668 -0.000952 0.000198 0.017281 0.147721 -0.000148 -0.095007 -0.097012 -9.808060 
232.799875 -0.069223 0.026051 2.053615 9.360092 -10.760563 0.030299 0.000000 0.000000 0.000000 -0.280380 0.525457 -0.134511 0.000000 0.000000 0.000000 0.001860 -0.001011 0.000215 0.017390 0.147496 -0.000055 -0.095059 -0.097027 -9.808059 
232.900770 -0.077501 0.023854 2.058695 9.337700 -10.722885 0.029348 0.000000 0.000000 0.000000 -0.235225 0.399796 -0.118679 0.000000 0.000000 0.000000 0.001684 -0.001135 0.000104 0.018405 0.147572 -0.001123 -0.095097 -0.097236 -9.808057 
233.000281 -0.059661 0.027292 2.058441 9.319552 -10.704143 0.010784 0.000000 0.000000 0.000000 -0.231435 0.428717 -0.149599 0.000000 0.000000 0.000000 0.001620 -0.001210 0.000150 0.020432 0.147330 -0.000941 -0.095233 -0.097663 -9.808051 
233.099833 -0.049368 0.019766 2.057311 9.279563 -10.664390 0.031268 0.000000 0.000000 0.000000 -0.304071 0.505970 -0.009157 0.000000 0.000000 0.000000 0.001515 -0.001235 0.000163 0.020988 0.145943 -0.003699 -0.095584 -0.097694 -9.808048 
233.200701 -0.052388 -0.011526 2.059994 9.256134 -10.627377 0.008444 0.000000 0.000000 0.000000 -0.293994 0.373226 0.059722 0.000000 0.000000 0.000000 0.002187 -0.001361 0.000157 0.021780 0.146275 -0.001445 -0.095522 -0.097899 -9.808046 
233.300210 -0.012966 -0.009611 2.058629 9.219922 -10.596117 0.014054 0.000000 0.000000 0.000000 -0.368139 0.324741 0.036954 0.000000 0.000000 0.000000 0.001743 -0.000741 0.000183 0.021820 0.145811 -0.001609 -0.095623 -0.097888 -9.808045 
233.399718 -0.011656 -0.017497 2.061404 9.181985 -10.563382 0.040549 0.000000 0.000000 0.000000 -0.519586 0.419910 0.096602 0.000000 0.000000 0.000000 0.001892 -0.001021 0.000111 0.022471 0.146308 -0.003711 -0.095567 -0.098032 -9.808045 
233.500617 -0.020082 -0.013794 2.063023 9.128182 -10.511784 0.044099 0.000000 0.000000 0.000000 -0.487060 0.383206 0.151328 0.000000 0.000000 0.000000 0.001771 -0.000940 0.000062 0.021551 0.146090 -0.003008 -0.095569 -0.097831 -9.808047 
233.600153 -0.008564 -0.019439 2.055738 9.084159 -10.456162 0.064573 0.000000 0.000000 0.000000 -0.389442 0.424746 0.075066 0.000000 0.000000 0.000000 0.001764 -0.000989 0.000236 0.020034 0.146594 -0.003801 -0.095408 -0.097530 -9.808051 
233.699674 -0.012577 -0.020687 2.061673 9.048488 -10.411227 0.064809 0.000000 0.000000 0.000000 -0.397415 0.538372 0.039532 0.000000 0.000000 0.000000 0.001978 -0.001168 0.000081 0.020331 0.146841 -0.003130 -0.095363 -0.097602 -9.808051 
233.799233 -0.021258 -0.048171 2.057669 9.005997 -10.349744 0.059526 0.000000 0.000000 0.000000 -0.453662 0.623177 0.117324 0.000000 0.000000 0.000000 0.002022 -0.001397 0.000200 0.020141 0.146939 -0.002294 -0.095330 -0.097564 -9.808052 
233.900055 -0.011310 -0.009475 2.057952 8.982540 -10.303618 0.071502 0.000000 0.000000 0.000000 -0.367156 0.471607 0.159760 0.000000 0.000000 0.000000 0.001349 -0.001644 0.000212 0.021624 0.148321 -0.002178 -0.095099 -0.097929 -9.808050 
233.999607 -0.005489 0.001450 2.064216 8.957772 -10.272787 0.091232 0.000000 0.000000 0.000000 -0.407827 0.460818 0.054663 0.000000 0.000000 0.000000 0.001424 -0.001474 0.000087 0.023377 0.149176 -0.002886 -0.094995 -0.098333 -9.808047 
234.100435 -0.008044 0.006528 2.062676 8.922619 -10.233130 0.114476 0.000000 0.000000 0.000000 -0.513039 0.570763 0.126635 0.000000 0.000000 0.000000 0.001626 -0.001320 0.000123 0.024870 0.150061 -0.004137 -0.094877 -0.098686 -9.808045 
234.199967 -0.018870 -0.008419 2.062209 8.890291 -10.176920 0.128843 0.000000 0.000000 0.000000 -0.417068 0.490562 0.140512 0.000000 0.000000 0.000000 0.001825 -0.001164 0.000114 0.025460 0.151531 -0.004535 -0.094598 -0.098868 -9.808046 
234.299509 -0.013623 -0.011878 2.058641 8.865651 -10.139218 0.141004 0.000000 0.000000 0.000000 -0.323416 0.406528 0.097277 0.000000 0.000000 0.000000 0.001435 -0.000951 0.000184 0.026575 0.152506 -0.004545 -0.094440 -0.099136 -9.808044 
234.400356 -0.017438 -0.002741 2.059387 8.828612 -10.096182 0.146521 0.000000 0.000000 0.000000 -0.358497 0.477269 0.096389 0.000000 0.000000 0.000000 0.001444 -0.000938 0.000133 0.026491 0.152074 -0.004016 -0.094523 -0.099099 -9.808044 
234.499885 -0.017058 -0.012959 2.059962 8.803284 -10.052949 0.137619 0.000000 0.000000 0.000000 -0.328589 0.570246 0.040320 0.000000 0.000000 0.000000 0.001608 -0.000731 0.000138 0.027802 0.152538 -0.002490 -0.094473 -0.099379 -9.808042 
234.599425 -0.013015 -0.004601 2.061468 8.782453 -10.010715 0.124057 0.000000 0.000000 0.000000 -0.272403 0.450392 0.068338 0.000000 0.000000 0.000000 0.001443 -0.000786 0.000159 0.028968 0.153100 -0.000831 -0.094397 -0.099632 -9.808040 
234.700286 -0.012694 0.003783 2.062725 8.767515 -9.970724 0.115142 0.000000 0.000000 0.000000 -0.289964 0.412167 0.009550 0.000000 0.000000 0.000000 0.001504 -0.000878 0.000160 0.029689 0.154105 0.000406 -0.094215 -0.099813 -9.808040 
234.799851 -0.012417 -0.004230 2.061842 8.749458 -9.937891 0.108629 0.000000 0.000000 0.000000 -0.417886 0.463294 -0.005307 0.000000 0.000000 0.000000 0.001478 -0.000910 0.000119 0.031313 0.155207 0.000706 -0.094051 -0.100184 -9.808037 
234.900683 -0.014952 -0.010029 2.062030 8.726747 -9.921669 0.128108 0.000000 0.000000 0.000000 -0.288660 0.324816 0.057602 0.000000 0.000000 0.000000 0.001191 -0.000515 0.000013 0.034093 0.155662 -0.000673 -0.094069 -0.100771 -9.808031 
235.000227 -0.007515 0.002416 2.064170 8.725789 -9.897931 0.094657 0.000000 0.000000 0.000000 -0.164191 0.291351 -0.084150 0.000000 0.000000 0.000000 0.001159 -0.000677 -0.000003 0.035483 0.157323 0.002064 -0.093775 -0.101104 -9.808031 
235.101117 -0.010700 -0.009196 2.063192 8.711314 -9.862365 0.067307 0.000000 0.000000 0.000000 -0.162241 0.441022 -0.168866 0.000000 0.000000 0.000000 0.001417 -0.000553 0.000029 0.035438 0.157515 0.003350 -0.093730 -0.101098 -9.808031 
235.200578 -0.009683 -0.000663 2.066486 8.707263 -9.802187 0.045864 0.000000 0.000000 0.000000 -0.109137 0.532464 -0.129215 0.000000 0.000000 0.000000 0.001235 -0.000471 -0.000053 0.035198 0.158667 0.003935 -0.093488 -0.101090 -9.808034 
235.300175 -0.007544 -0.005073 2.057131 8.708773 -9.747633 0.021675 0.000000 0.000000 0.000000 -0.035425 0.443760 -0.145934 0.000000 0.000000 0.000000 0.001466 -0.000489 0.000209 0.034969 0.159603 0.004969 -0.093289 -0.101074 -9.808036 
235.401037 -0.006712 -0.002483 2.060410 8.725032 -9.693434 0.020022 0.000000 0.000000 0.000000 -0.027805 0.464417 -0.158478 0.000000 0.000000 0.000000 0.001483 -0.000848 0.000193 0.034906 0.161544 0.003847 -0.092903 -0.101136 -9.808039 
235.500576 -0.005303 0.001169 2.060738 8.715566 -9.641451 0.017325 0.000000 0.000000 0.000000 -0.105387 0.616967 -0.144906 0.000000 0.000000 0.000000 0.001466 -0.000893 0.000147 0.034995 0.161406 0.002505 -0.092938 -0.101153 -9.808038 
235.600087 -0.006804 -0.011864 2.062530 8.698692 -9.592539 0.025926 0.000000 0.000000 0.000000 -0.052029 0.464591 -0.080748 0.000000 0.000000 0.000000 0.001392 -0.000652 0.000104 0.035179 0.160690 0.001195 -0.093090 -0.101168 -9.808037 
235.699649 -0.012918 -0.028196 2.058831 8.694168 -9.535371 0.047508 0.000000 0.000000 0.000000 -0.053938 0.457355 -0.126828 0.000000 0.000000 0.000000 0.001399 -0.000566 0.000175 0.034205 0.161404 -0.000958 -0.092920 -0.101008 -9.808040 
235.799194 -0.010855 -0.015353 2.058680 8.671396 -9.478194 0.062776 0.000000 0.000000 0.000000 -0.165546 0.598322 -0.077781 0.000000 0.000000 0.000000 0.001259 -0.000851 0.000173 0.033119 0.160573 -0.002844 -0.093049 -0.100771 -9.808041 
235.900032 -0.013343 -0.007415 2.058898 8.647546 -9.424839 0.091047 0.000000 0.000000 0.000000 -0.178277 0.521267 0.136986 0.000000 0.000000 0.000000 0.000797 -0.000839 0.000152 0.033618 0.160106 -0.005116 -0.093166 -0.100863 -9.808039 
235.999517 -0.009987 0.000433 2.062202 8.628921 -9.390124 0.112224 0.000000 0.000000 0.000000 -0.197369 0.428626 0.158727 0.000000 0.000000 0.000000 0.000796 -0.000993 0.000089 0.034611 0.159838 -0.005697 -0.093257 -0.101051 -9.808036 
236.100380 -0.013090 -0.006021 2.057325 8.597954 -9.350045 0.138378 0.000000 0.000000 0.000000 -0.383898 0.496300 0.117586 0.000000 0.000000 0.000000 0.000709 -0.001074 0.000175 0.034915 0.159574 -0.006905 -0.093324 -0.101107 -9.808035 
236.199913 -0.009386 0.011218 2.064976 8.571494 -9.303674 0.123788 0.000000 0.000000 0.000000 -0.298473 0.514767 0.174831 0.000000 0.000000 0.000000 0.000757 -0.001156 0.000119 0.035883 0.160117 -0.004580 -0.093244 -0.101304 -9.808034 
236.299459 -0.012494 0.001638 2.060255 8.552428 -9.259771 0.139151 0.000000 0.000000 0.000000 -0.196330 0.434530 0.130387 0.000000 0.000000 0.000000 0.000584 -0.000888 0.000175 0.036487 0.160621 -0.004667 -0.093168 -0.101440 -9.808033 
236.400305 -0.007935 0.006998 2.066022 8.548295 -9.220159 0.127766 0.000000 0.000000 0.000000 -0.138639 0.626832 0.039844 0.000000 0.000000 0.000000 0.000669 -0.001262 0.000113 0.038003 0.161208 -0.002853 -0.093101 -0.101748 -9.808030 
236.499887 -0.008897 -0.015068 2.056566 8.529083 -9.169365 0.125409 0.000000 0.000000 0.000000 -0.179498 0.647895 0.032960 0.000000 0.000000 0.000000 0.000786 -0.001341 0.000200 0.039115 0.160380 -0.002402 -0.093299 -0.101933 -9.808027 
236.600787 -0.007578 0.010016 2.058945 8.508685 -9.126574 0.121889 0.000000 0.000000 0.000000 -0.163764 0.484976 0.085117 0.000000 0.000000 0.000000 0.000708 -0.001481 0.000081 0.040302 0.159680 -0.001383 -0.093472 -0.102134 -9.808023 
236.700254 0.009251 0.024413 2.063417 8.490523 -9.085324 0.133798 0.000000 0.000000 0.000000 -0.293120 0.458850 0.020361 0.000000 0.000000 0.000000 0.000204 -0.001293 0.000057 0.040872 0.159733 -0.001799 -0.093482 -0.102247 -9.808022 
236.799811 0.009620 0.019691 2.057688 8.444010 -9.042932 0.152304 0.000000 0.000000 0.000000 -0.470841 0.545913 0.108495 0.000000 0.000000 0.000000 0.000286 -0.001351 0.000198 0.041322 0.158728 -0.003098 -0.093693 -0.102303 -9.808019 
236.900670 -0.014317 0.011090 2.058631 8.408871 -8.995035 0.185881 0.000000 0.000000 0.000000 -0.342566 0.470592 0.157659 0.000000 0.000000 0.000000 0.000356 -0.001224 0.000155 0.042075 0.159188 -0.004524 -0.093632 -0.102466 -9.808018 
237.000226 -0.011343 0.005805 2.061310 8.381199 -8.952489 0.196025 0.000000 0.000000 0.000000 -0.294904 0.472658 0.080378 0.000000 0.000000 0.000000 0.000458 -0.001267 0.000085 0.042518 0.159507 -0.004090 -0.093586 -0.102561 -9.808017 
237.099700 -0.012935 -0.000411 2.060374 8.362222 -8.906408 0.179652 0.000000 0.000000 0.000000 -0.292373 0.594300 -0.018020 0.000000 0.000000 0.000000 0.000721 -0.001341 0.000080 0.043331 0.160373 -0.002313 -0.093450 -0.102741 -9.808017 
237.200603 -0.015247 0.000449 2.054552 8.329005 -8.841835 0.189399 0.000000 0.000000 0.000000 -0.337397 0.625621 0.147031 0.000000 0.000000 0.000000 0.000639 -0.001301 0.000313 0.043421 0.160457 -0.003017 -0.093438 -0.102762 -9.808017 
237.300140 0.008902 0.040466 2.052628 8.295775 -8.791677 0.255204 0.000000 0.000000 0.000000 -0.314312 0.541593 0.283214 0.000000 0.000000 0.000000 -0.000281 -0.001411 0.000340 0.044169 0.159993 -0.007075 -0.093551 -0.102895 -9.808014 
